object={
	name="reeds_01_generator_1_0"
	render_pass=Map
	clamp_to_water_level=no
	generated_content=yes
	layer="grass_layer"
	pdxmesh="reeds_06_grass_mesh"
	count=431
	transform="3124.171143 0.000000 4322.156738 0.000000 0.070985 0.000000 0.997477 0.955070 0.955070 0.955070
3122.354980 0.000000 4323.243652 0.000000 0.583907 0.000000 0.811821 0.921959 0.921959 0.921959
3133.531494 0.000000 4316.031738 0.000000 0.030569 0.000000 0.999533 0.780821 0.780821 0.780821
3121.652588 0.000000 4322.091309 0.000000 0.012316 0.000000 0.999924 0.766551 0.766551 0.766551
3117.607910 0.000000 4320.054199 0.000000 0.194173 0.000000 0.980967 0.615425 0.615425 0.615425
3142.214600 0.000000 4302.754395 0.000000 0.378384 0.000000 0.925649 0.887794 0.887794 0.887794
3199.962891 0.000000 4302.480957 0.000000 0.490387 0.000000 0.871505 0.801850 0.801850 0.801850
3159.473877 0.000000 4310.665039 0.000000 0.732614 0.000000 0.680645 0.981310 0.981310 0.981310
3183.128906 0.000000 4311.550781 0.000000 0.303846 0.000000 0.952721 0.955889 0.955889 0.955889
3169.802002 0.000000 4315.323242 0.000000 0.125683 0.000000 0.992070 0.913433 0.913433 0.913433
3153.461670 0.000000 4309.191406 0.000000 0.622092 0.000000 0.782944 0.878751 0.878751 0.878751
3181.199951 0.000000 4322.374023 0.000000 0.614437 0.000000 0.788966 0.795730 0.795730 0.795730
3160.442383 0.000000 4303.076660 0.000000 0.485467 0.000000 0.874255 0.901725 0.901725 0.901725
3138.429443 0.000000 4323.144531 0.000000 0.101060 0.000000 0.994880 0.889935 0.889935 0.889935
3144.616699 0.000000 4303.666992 0.000000 0.552761 0.000000 0.833340 0.771275 0.771275 0.771275
3172.020264 0.000000 4322.619629 0.000000 0.336644 0.000000 0.941632 0.923391 0.923391 0.923391
3143.375488 0.000000 4323.964844 0.000000 0.508495 0.000000 0.861065 0.764326 0.764326 0.764326
3161.237793 0.000000 4312.433594 0.000000 0.516969 0.000000 0.856004 0.848654 0.848654 0.848654
3149.658447 0.000000 4312.333984 0.000000 0.350383 0.000000 0.936607 0.887969 0.887969 0.887969
3185.385498 0.000000 4305.592285 0.000000 0.675743 0.000000 0.737137 0.890333 0.890333 0.890333
3139.820312 0.000000 4321.343262 0.000000 0.179326 0.000000 0.983790 0.788242 0.788242 0.788242
3138.705566 0.000000 4314.749512 0.000000 0.427403 0.000000 0.904061 0.805486 0.805486 0.805486
3164.255371 0.000000 4309.519043 0.000000 0.545696 0.000000 0.837983 0.928065 0.928065 0.928065
3173.816895 0.000000 4323.116699 0.000000 0.663164 0.000000 0.748474 0.947213 0.947213 0.947213
3149.793457 0.000000 4317.592773 0.000000 0.591736 0.000000 0.806131 0.892327 0.892327 0.892327
3189.747314 0.000000 4318.719238 0.000000 0.131951 0.000000 0.991256 0.773755 0.773755 0.773755
3165.047607 0.000000 4321.228516 0.000000 0.061587 0.000000 0.998102 0.864362 0.864362 0.864362
3159.555664 0.000000 4312.827148 0.000000 0.002047 0.000000 0.999998 0.796344 0.796344 0.796344
3151.107178 0.000000 4311.412109 0.000000 0.689464 0.000000 0.724320 0.805857 0.805857 0.805857
3154.339355 0.000000 4310.681152 0.000000 0.106380 0.000000 0.994326 0.857436 0.857436 0.857436
3192.770264 0.000000 4314.539062 0.000000 0.330901 0.000000 0.943665 0.719758 0.719758 0.719758
3189.535400 0.000000 4323.489746 0.000000 0.674316 0.000000 0.738443 0.863114 0.863114 0.863114
3152.208740 0.000000 4323.387695 0.000000 0.141726 0.000000 0.989906 0.807406 0.807406 0.807406
3190.875977 0.000000 4309.168945 0.000000 0.504069 0.000000 0.863663 0.867266 0.867266 0.867266
3177.988770 0.000000 4316.939453 0.000000 0.343498 0.000000 0.939153 0.698428 0.698428 0.698428
3167.571289 0.000000 4301.632812 0.000000 0.212090 0.000000 0.977250 0.844151 0.844151 0.844151
3150.172119 0.000000 4313.771973 0.000000 0.429994 0.000000 0.902832 0.856594 0.856594 0.856594
3165.042725 0.000000 4311.381348 0.000000 0.047447 0.000000 0.998874 0.847877 0.847877 0.847877
3161.048340 0.000000 4316.399414 0.000000 0.366357 0.000000 0.930474 0.734323 0.734323 0.734323
3142.629150 0.000000 4313.642578 0.000000 0.087057 0.000000 0.996203 0.655532 0.655532 0.655532
3148.038086 0.000000 4312.604492 0.000000 0.342224 0.000000 0.939618 0.887166 0.887166 0.887166
3142.169678 0.000000 4323.173340 0.000000 0.298757 0.000000 0.954329 0.712063 0.712063 0.712063
3175.205322 0.000000 4317.798828 0.000000 0.698271 0.000000 0.715833 0.902402 0.902402 0.902402
3190.836426 0.000000 4307.735840 0.000000 0.054742 0.000000 0.998501 0.769125 0.769125 0.769125
3182.625977 0.000000 4322.628906 0.000000 0.376161 0.000000 0.926554 0.712999 0.712999 0.712999
3182.587891 0.000000 4315.862305 0.000000 0.668503 0.000000 0.743710 0.824137 0.824137 0.824137
3151.950928 0.000000 4310.339355 0.000000 0.638382 0.000000 0.769720 0.789475 0.789475 0.789475
3161.875977 0.000000 4313.623047 0.000000 0.504751 0.000000 0.863265 0.846561 0.846561 0.846561
3139.966309 0.000000 4314.345703 0.000000 0.301869 0.000000 0.953350 0.782236 0.782236 0.782236
3176.867432 0.000000 4319.547363 0.000000 0.122868 0.000000 0.992423 0.678350 0.678350 0.678350
3198.768066 0.000000 4310.979980 0.000000 0.067802 0.000000 0.997699 0.696074 0.696074 0.696074
3150.517822 0.000000 4316.550293 0.000000 0.625302 0.000000 0.780383 0.825662 0.825662 0.825662
3143.201904 0.000000 4316.833984 0.000000 0.221004 0.000000 0.975273 0.670208 0.670208 0.670208
3189.426758 0.000000 4312.889160 0.000000 0.047178 0.000000 0.998887 0.265877 0.265877 0.265877
3176.711426 0.000000 4312.423828 0.000000 0.102248 0.000000 0.994759 0.688402 0.688402 0.688402
3174.971191 0.000000 4323.483887 0.000000 0.490243 0.000000 0.871586 0.822958 0.822958 0.822958
3143.186035 0.000000 4312.603027 0.000000 0.324232 0.000000 0.945978 0.711960 0.711960 0.711960
3199.665527 0.000000 4303.588379 0.000000 0.321336 0.000000 0.946965 0.767136 0.767136 0.767136
3151.511963 0.000000 4316.011719 0.000000 0.687157 0.000000 0.726509 0.841640 0.841640 0.841640
3187.190918 0.000000 4317.613281 0.000000 0.547334 0.000000 0.836914 0.821755 0.821755 0.821755
3145.765381 0.000000 4303.531250 0.000000 0.259701 0.000000 0.965689 0.696290 0.696290 0.696290
3171.695801 0.000000 4323.691406 0.000000 0.534424 0.000000 0.845217 0.766203 0.766203 0.766203
3189.065674 0.000000 4313.892090 0.000000 0.398808 0.000000 0.917034 0.440794 0.440794 0.440794
3144.940186 0.000000 4302.067871 0.000000 0.135875 0.000000 0.990726 0.666939 0.666939 0.666939
3180.753174 0.000000 4323.677246 0.000000 0.528307 0.000000 0.849053 0.772122 0.772122 0.772122
3187.333496 0.000000 4318.572754 0.000000 0.309867 0.000000 0.950780 0.673958 0.673958 0.673958
3188.628662 0.000000 4312.544434 0.000000 0.620906 0.000000 0.783885 0.565917 0.565917 0.565917
3245.271973 0.000000 4269.504883 0.000000 0.449349 0.000000 0.893356 0.966903 0.966903 0.966903
3253.979492 0.000000 4270.852539 0.000000 0.166896 0.000000 0.985975 0.775811 0.775811 0.775811
3247.078613 0.000000 4277.945312 0.000000 0.673715 0.000000 0.738992 0.877512 0.877512 0.877512
3255.835693 0.000000 4271.805176 0.000000 0.078027 0.000000 0.996951 0.709327 0.709327 0.709327
3247.895996 0.000000 4264.267578 0.000000 0.000031 0.000000 1.000000 0.615694 0.615694 0.615694
3253.897217 0.000000 4268.418945 0.000000 0.702516 0.000000 0.711668 0.824052 0.824052 0.824052
3253.449707 0.000000 4269.666504 0.000000 0.597804 0.000000 0.801643 0.793352 0.793352 0.793352
3220.968506 0.000000 4320.449707 0.000000 0.006154 0.000000 0.999981 0.964844 0.964844 0.964844
3251.950684 0.000000 4292.386230 0.000000 0.156482 0.000000 0.987681 0.703539 0.703539 0.703539
3247.091309 0.000000 4289.206543 0.000000 0.552493 0.000000 0.833518 0.773661 0.773661 0.773661
3204.531006 0.000000 4315.556641 0.000000 0.647979 0.000000 0.761658 0.922179 0.922179 0.922179
3211.609619 0.000000 4301.602051 0.000000 0.650969 0.000000 0.759105 0.939748 0.939748 0.939748
3226.297607 0.000000 4300.674805 0.000000 0.232015 0.000000 0.972712 0.686321 0.686321 0.686321
3256.936523 0.000000 4292.959473 0.000000 0.440066 0.000000 0.897965 0.832962 0.832962 0.832962
3238.783691 0.000000 4304.575684 0.000000 0.199295 0.000000 0.979940 0.917904 0.917904 0.917904
3254.130371 0.000000 4296.425293 0.000000 0.474640 0.000000 0.880180 0.924767 0.924767 0.924767
3241.832031 0.000000 4312.935059 0.000000 0.442932 0.000000 0.896555 0.911168 0.911168 0.911168
3256.631104 0.000000 4288.169434 0.000000 0.178646 0.000000 0.983913 0.777718 0.777718 0.777718
3234.974365 0.000000 4300.645508 0.000000 0.185438 0.000000 0.982656 0.557642 0.557642 0.557642
3230.212158 0.000000 4302.437500 0.000000 0.470531 0.000000 0.882384 0.730147 0.730147 0.730147
3252.171143 0.000000 4322.156738 0.000000 0.064197 0.000000 0.997937 0.732956 0.732956 0.732956
3243.962158 0.000000 4291.971680 0.000000 0.615496 0.000000 0.788140 0.859488 0.859488 0.859488
3246.092773 0.000000 4319.087891 0.000000 0.518979 0.000000 0.854787 0.639137 0.639137 0.639137
3215.669189 0.000000 4313.452148 0.000000 0.727554 0.000000 0.686050 0.850887 0.850887 0.850887
3206.603516 0.000000 4306.525391 0.000000 0.602400 0.000000 0.798194 0.942312 0.942312 0.942312
3256.990967 0.000000 4323.005371 0.000000 0.572090 0.000000 0.820191 0.781505 0.781505 0.781505
3251.064209 0.000000 4303.990723 0.000000 0.617672 0.000000 0.786436 0.923180 0.923180 0.923180
3212.905273 0.000000 4319.321777 0.000000 0.027986 0.000000 0.999608 0.876746 0.876746 0.876746
3239.607910 0.000000 4322.420410 0.000000 0.074031 0.000000 0.997256 0.943951 0.943951 0.943951
3235.201660 0.000000 4312.185547 0.000000 0.608216 0.000000 0.793771 0.809988 0.809988 0.809988
3245.366699 0.000000 4281.250000 0.000000 0.419790 0.000000 0.907621 0.897759 0.897759 0.897759
3248.129395 0.000000 4314.499023 0.000000 0.224259 0.000000 0.974530 0.758304 0.758304 0.758304
3208.581299 0.000000 4301.126465 0.000000 0.422365 0.000000 0.906426 0.864019 0.864019 0.864019
3249.610840 0.000000 4301.691895 0.000000 0.575644 0.000000 0.817701 0.930684 0.930684 0.930684
3259.625977 0.000000 4291.968262 0.000000 0.136382 0.000000 0.990656 0.806679 0.806679 0.806679
3223.886475 0.000000 4317.354980 0.000000 0.464023 0.000000 0.885823 0.606048 0.606048 0.606048
3242.440430 0.000000 4315.395508 0.000000 0.536452 0.000000 0.843931 0.791840 0.791840 0.791840
3239.829102 0.000000 4314.462402 0.000000 0.154804 0.000000 0.987945 0.932863 0.932863 0.932863
3251.782471 0.000000 4306.383789 0.000000 0.341113 0.000000 0.940022 0.945055 0.945055 0.945055
3200.041016 0.000000 4322.817871 0.000000 0.469115 0.000000 0.883137 0.916221 0.916221 0.916221
3227.281494 0.000000 4313.622070 0.000000 0.149886 0.000000 0.988703 0.829794 0.829794 0.829794
3233.502197 0.000000 4319.860352 0.000000 0.063052 0.000000 0.998010 0.702640 0.702640 0.702640
3234.322021 0.000000 4289.661621 0.000000 0.554762 0.000000 0.832009 0.884690 0.884690 0.884690
3252.858398 0.000000 4311.731934 0.000000 0.656360 0.000000 0.754448 0.944514 0.944514 0.944514
3223.180176 0.000000 4315.006836 0.000000 0.727633 0.000000 0.685966 0.822602 0.822602 0.822602
3252.125488 0.000000 4295.462891 0.000000 0.050550 0.000000 0.998722 0.855778 0.855778 0.855778
3258.369873 0.000000 4303.903320 0.000000 0.522142 0.000000 0.852859 0.635341 0.635341 0.635341
3228.054199 0.000000 4301.864258 0.000000 0.143575 0.000000 0.989639 0.878896 0.878896 0.878896
3245.283203 0.000000 4288.012207 0.000000 0.245441 0.000000 0.969411 0.742406 0.742406 0.742406
3255.433105 0.000000 4282.066895 0.000000 0.026058 0.000000 0.999660 0.695336 0.695336 0.695336
3240.721191 0.000000 4320.909668 0.000000 0.292994 0.000000 0.956114 0.910982 0.910982 0.910982
3256.770264 0.000000 4314.539062 0.000000 0.121022 0.000000 0.992650 0.775641 0.775641 0.775641
3233.240723 0.000000 4288.234863 0.000000 0.239512 0.000000 0.970893 0.890514 0.890514 0.890514
3255.325195 0.000000 4279.748047 0.000000 0.029586 0.000000 0.999562 0.826854 0.826854 0.826854
3257.165771 0.000000 4306.873047 0.000000 0.726031 0.000000 0.687662 0.935637 0.935637 0.935637
3240.220215 0.000000 4293.642090 0.000000 0.020573 0.000000 0.999788 0.667162 0.667162 0.667162
3247.897217 0.000000 4278.001953 0.000000 0.334417 0.000000 0.942425 0.892540 0.892540 0.892540
3241.988770 0.000000 4316.939453 0.000000 0.019560 0.000000 0.999809 0.608854 0.608854 0.608854
3251.837646 0.000000 4308.147461 0.000000 0.391443 0.000000 0.920202 0.746181 0.746181 0.746181
3226.073975 0.000000 4307.011230 0.000000 0.633285 0.000000 0.773919 0.847547 0.847547 0.847547
3230.818848 0.000000 4313.526367 0.000000 0.109494 0.000000 0.993987 0.642529 0.642529 0.642529
3251.743164 0.000000 4293.972168 0.000000 0.412850 0.000000 0.910799 0.759837 0.759837 0.759837
3222.394531 0.000000 4317.287109 0.000000 0.595813 0.000000 0.803123 0.662428 0.662428 0.662428
3221.245361 0.000000 4308.279297 0.000000 0.390139 0.000000 0.920756 0.877318 0.877318 0.877318
3208.369141 0.000000 4318.252441 0.000000 0.144811 0.000000 0.989459 0.750886 0.750886 0.750886
3240.916748 0.000000 4315.559570 0.000000 0.713951 0.000000 0.700195 0.848953 0.848953 0.848953
3229.042725 0.000000 4311.381348 0.000000 0.593996 0.000000 0.804468 0.848308 0.848308 0.848308
3232.857178 0.000000 4293.139648 0.000000 0.611828 0.000000 0.790991 0.883826 0.883826 0.883826
3224.513428 0.000000 4313.922363 0.000000 0.257802 0.000000 0.966198 0.702375 0.702375 0.702375
3235.341797 0.000000 4299.310547 0.000000 0.342980 0.000000 0.939343 0.622103 0.622103 0.622103
3250.853027 0.000000 4301.157227 0.000000 0.652792 0.000000 0.757537 0.894853 0.894853 0.894853
3233.253418 0.000000 4318.512695 0.000000 0.009807 0.000000 0.999952 0.692130 0.692130 0.692130
3246.587891 0.000000 4315.862305 0.000000 0.468950 0.000000 0.883225 0.859444 0.859444 0.859444
3255.802490 0.000000 4313.603516 0.000000 0.623702 0.000000 0.781662 0.764777 0.764777 0.764777
3245.934570 0.000000 4289.812988 0.000000 0.613256 0.000000 0.789884 0.822674 0.822674 0.822674
3224.674072 0.000000 4311.223145 0.000000 0.343958 0.000000 0.938985 0.515852 0.515852 0.515852
3225.849609 0.000000 4320.986328 0.000000 0.617174 0.000000 0.786827 0.812337 0.812337 0.812337
3258.451416 0.000000 4308.087402 0.000000 0.414094 0.000000 0.910234 0.808670 0.808670 0.808670
3253.449707 0.000000 4315.666504 0.000000 0.257267 0.000000 0.966340 0.453578 0.453578 0.453578
3238.050049 0.000000 4294.661621 0.000000 0.687641 0.000000 0.726051 0.801197 0.801197 0.801197
3246.579590 0.000000 4310.394531 0.000000 0.095335 0.000000 0.995445 0.716394 0.716394 0.716394
3250.969238 0.000000 4294.916504 0.000000 0.067859 0.000000 0.997695 0.621045 0.621045 0.621045
3244.375488 0.000000 4288.874023 0.000000 0.319181 0.000000 0.947694 0.757379 0.757379 0.757379
3258.798340 0.000000 4309.946777 0.000000 0.652152 0.000000 0.758088 0.856086 0.856086 0.856086
3250.304688 0.000000 4309.224609 0.000000 0.716521 0.000000 0.697566 0.832323 0.832323 0.832323
3241.375000 0.000000 4291.272949 0.000000 0.329782 0.000000 0.944057 0.787304 0.787304 0.787304
3236.434082 0.000000 4291.905762 0.000000 0.252019 0.000000 0.967722 0.750300 0.750300 0.750300
3243.645996 0.000000 4290.838867 0.000000 0.569700 0.000000 0.821853 0.850685 0.850685 0.850685
3224.139648 0.000000 4320.159668 0.000000 0.502132 0.000000 0.864791 0.783517 0.783517 0.783517
3209.518555 0.000000 4298.325684 0.000000 0.735362 0.000000 0.677674 0.808532 0.808532 0.808532
3246.688965 0.000000 4317.908203 0.000000 0.322695 0.000000 0.946503 0.813924 0.813924 0.813924
3235.424561 0.000000 4311.043945 0.000000 0.382432 0.000000 0.923984 0.773477 0.773477 0.773477
3234.727783 0.000000 4321.937988 0.000000 0.447293 0.000000 0.894388 0.524621 0.524621 0.524621
3233.876465 0.000000 4309.587891 0.000000 0.615299 0.000000 0.788294 0.555679 0.555679 0.555679
3239.243652 0.000000 4294.208008 0.000000 0.268223 0.000000 0.963357 0.682124 0.682124 0.682124
3263.465088 0.000000 4322.363281 0.000000 0.607939 0.000000 0.793984 0.647314 0.647314 0.647314
3243.599854 0.000000 4289.736816 0.000000 0.704747 0.000000 0.709459 0.854286 0.854286 0.854286
3212.987305 0.000000 4320.358398 0.000000 0.383822 0.000000 0.923407 0.770828 0.770828 0.770828
3250.964600 0.000000 4287.873047 0.000000 0.482395 0.000000 0.875954 0.613598 0.613598 0.613598
3238.835449 0.000000 4301.674316 0.000000 0.557939 0.000000 0.829882 0.760502 0.760502 0.760502
3250.422607 0.000000 4287.037598 0.000000 0.330772 0.000000 0.943711 0.553410 0.553410 0.553410
3255.732910 0.000000 4312.583496 0.000000 0.645900 0.000000 0.763422 0.772309 0.772309 0.772309
3246.571289 0.000000 4319.985840 0.000000 0.615351 0.000000 0.788253 0.680384 0.680384 0.680384
3231.041992 0.000000 4302.921875 0.000000 0.482092 0.000000 0.876120 0.733430 0.733430 0.733430
3231.039307 0.000000 4312.604492 0.000000 0.504667 0.000000 0.863314 0.745111 0.745111 0.745111
3244.716064 0.000000 4307.024902 0.000000 0.415019 0.000000 0.909813 0.706127 0.706127 0.706127
3241.188232 0.000000 4316.462891 0.000000 0.707340 0.000000 0.706873 0.802044 0.802044 0.802044
3231.072510 0.000000 4304.384277 0.000000 0.010680 0.000000 0.999943 0.376815 0.376815 0.376815
3231.511475 0.000000 4305.900391 0.000000 0.064234 0.000000 0.997935 0.398225 0.398225 0.398225
3235.586914 0.000000 4321.816406 0.000000 0.496282 0.000000 0.868161 0.548486 0.548486 0.548486
3247.193359 0.000000 4309.866699 0.000000 0.588683 0.000000 0.808364 0.703879 0.703879 0.703879
3232.812988 0.000000 4309.193848 0.000000 0.031949 0.000000 0.999489 0.247009 0.247009 0.247009
3121.218994 0.000000 4325.048828 0.000000 0.580724 0.000000 0.814100 0.876518 0.876518 0.876518
3118.802734 0.000000 4325.205078 0.000000 0.592381 0.000000 0.805658 0.955564 0.955564 0.955564
3133.686035 0.000000 4331.628418 0.000000 0.733665 0.000000 0.679512 0.889955 0.889955 0.889955
3122.150146 0.000000 4325.964355 0.000000 0.720405 0.000000 0.693553 0.902418 0.902418 0.902418
3124.573486 0.000000 4329.362793 0.000000 0.459447 0.000000 0.888205 0.803455 0.803455 0.803455
3183.855713 0.000000 4329.161621 0.000000 0.190751 0.000000 0.981638 0.913940 0.913940 0.913940
3180.701660 0.000000 4324.086914 0.000000 0.671685 0.000000 0.740837 0.912518 0.912518 0.912518
3150.741455 0.000000 4326.138184 0.000000 0.229983 0.000000 0.973195 0.923129 0.923129 0.923129
3191.926758 0.000000 4324.062012 0.000000 0.191162 0.000000 0.981558 0.831373 0.831373 0.831373
3138.354736 0.000000 4329.626465 0.000000 0.224003 0.000000 0.974589 0.825407 0.825407 0.825407
3143.021729 0.000000 4324.549316 0.000000 0.400421 0.000000 0.916331 0.522647 0.522647 0.522647
3195.391846 0.000000 4329.819824 0.000000 0.379557 0.000000 0.925168 0.902663 0.902663 0.902663
3195.815918 0.000000 4326.233887 0.000000 0.559946 0.000000 0.828529 0.917114 0.917114 0.917114
3140.238037 0.000000 4326.119629 0.000000 0.181626 0.000000 0.983368 0.830186 0.830186 0.830186
3196.903809 0.000000 4328.153320 0.000000 0.264537 0.000000 0.964376 0.879632 0.879632 0.879632
3194.324219 0.000000 4326.722656 0.000000 0.372512 0.000000 0.928027 0.899068 0.899068 0.899068
3143.721436 0.000000 4327.367188 0.000000 0.734371 0.000000 0.678749 0.823056 0.823056 0.823056
3148.605957 0.000000 4327.555664 0.000000 0.227224 0.000000 0.973843 0.765549 0.765549 0.765549
3143.270996 0.000000 4326.292480 0.000000 0.421373 0.000000 0.906888 0.730611 0.730611 0.730611
3143.811035 0.000000 4325.218750 0.000000 0.420732 0.000000 0.907185 0.531823 0.531823 0.531823
3142.199219 0.000000 4324.001465 0.000000 0.723269 0.000000 0.690566 0.685997 0.685997 0.685997
3238.931152 0.000000 4324.683105 0.000000 0.066483 0.000000 0.997788 0.759650 0.759650 0.759650
3204.912598 0.000000 4324.229492 0.000000 0.175103 0.000000 0.984550 0.662231 0.662231 0.662231
3220.941895 0.000000 4324.791016 0.000000 0.300789 0.000000 0.953691 0.759929 0.759929 0.759929
3202.591797 0.000000 4325.448730 0.000000 0.364401 0.000000 0.931242 0.913279 0.913279 0.913279
3259.391846 0.000000 4329.819824 0.000000 0.443411 0.000000 0.896319 0.875141 0.875141 0.875141
3261.686035 0.000000 4331.628418 0.000000 0.454265 0.000000 0.890867 0.890227 0.890227 0.890227
3254.626709 0.000000 4324.417969 0.000000 0.505489 0.000000 0.862833 0.864877 0.864877 0.864877
3231.445312 0.000000 4327.002930 0.000000 0.529411 0.000000 0.848366 0.699081 0.699081 0.699081
3233.182129 0.000000 4326.429688 0.000000 0.354951 0.000000 0.934885 0.728590 0.728590 0.728590
3212.221191 0.000000 4325.192871 0.000000 0.274358 0.000000 0.961627 0.577168 0.577168 0.577168
3231.212158 0.000000 4326.089844 0.000000 0.088596 0.000000 0.996068 0.559689 0.559689 0.559689
3223.121582 0.000000 4324.405762 0.000000 0.083369 0.000000 0.996519 0.450447 0.450447 0.450447
3264.138184 0.000000 4329.328125 0.000000 0.342603 0.000000 0.939480 0.810989 0.810989 0.810989
3274.179932 0.000000 4341.430176 0.000000 0.392436 0.000000 0.919779 0.825114 0.825114 0.825114
3266.354736 0.000000 4329.626465 0.000000 0.716683 0.000000 0.697399 0.922930 0.922930 0.922930
3278.297607 0.000000 4338.293457 0.000000 0.621129 0.000000 0.783709 0.781903 0.781903 0.781903
3265.991943 0.000000 4338.263672 0.000000 0.601949 0.000000 0.798535 0.782959 0.782959 0.782959
3269.135010 0.000000 4327.433105 0.000000 0.393854 0.000000 0.919173 0.621581 0.621581 0.621581
3267.713867 0.000000 4332.962891 0.000000 0.572045 0.000000 0.820222 0.896749 0.896749 0.896749
3271.695557 0.000000 4342.947754 0.000000 0.271488 0.000000 0.962442 0.854417 0.854417 0.854417
3265.892822 0.000000 4339.489258 0.000000 0.079317 0.000000 0.996849 0.650006 0.650006 0.650006
3264.000000 0.000000 4330.422852 0.000000 0.569335 0.000000 0.822106 0.795200 0.795200 0.795200
3516.676758 0.000000 4549.996582 0.000000 0.500246 0.000000 0.865883 0.900681 0.900681 0.900681
3517.531494 0.000000 4546.031738 0.000000 0.599543 0.000000 0.800342 0.840164 0.840164 0.840164
3514.934814 0.000000 4549.327148 0.000000 0.304587 0.000000 0.952485 0.691410 0.691410 0.691410
3524.560059 0.000000 4539.642578 0.000000 0.685884 0.000000 0.727711 0.945065 0.945065 0.945065
3520.607910 0.000000 4546.598633 0.000000 0.277587 0.000000 0.960701 0.877665 0.877665 0.877665
3528.030518 0.000000 4544.123535 0.000000 0.169199 0.000000 0.985582 0.737716 0.737716 0.737716
3535.530518 0.000000 4549.699219 0.000000 0.089123 0.000000 0.996021 0.918627 0.918627 0.918627
3530.068604 0.000000 4543.014648 0.000000 0.652616 0.000000 0.757688 0.862628 0.862628 0.862628
3522.721191 0.000000 4540.707031 0.000000 0.698555 0.000000 0.715556 0.808883 0.808883 0.808883
3522.705566 0.000000 4544.749512 0.000000 0.669032 0.000000 0.743234 0.841020 0.841020 0.841020
3525.586914 0.000000 4538.112793 0.000000 0.201025 0.000000 0.979586 0.907761 0.907761 0.907761
3524.444580 0.000000 4541.346680 0.000000 0.181142 0.000000 0.983457 0.857860 0.857860 0.857860
3529.735107 0.000000 4541.574219 0.000000 0.215576 0.000000 0.976487 0.841182 0.841182 0.841182
3532.677246 0.000000 4545.507812 0.000000 0.641845 0.000000 0.766834 0.882187 0.882187 0.882187
3525.683350 0.000000 4540.542969 0.000000 0.275391 0.000000 0.961332 0.867773 0.867773 0.867773
3530.739258 0.000000 4544.281250 0.000000 0.417342 0.000000 0.908749 0.601454 0.601454 0.601454
3536.918701 0.000000 4537.916992 0.000000 0.409497 0.000000 0.912311 0.842245 0.842245 0.842245
3529.363281 0.000000 4544.279785 0.000000 0.421797 0.000000 0.906690 0.787412 0.787412 0.787412
3528.016113 0.000000 4545.443848 0.000000 0.594036 0.000000 0.804439 0.824980 0.824980 0.824980
3532.643799 0.000000 4548.110352 0.000000 0.398392 0.000000 0.917215 0.785505 0.785505 0.785505
3539.187500 0.000000 4537.520020 0.000000 0.043972 0.000000 0.999033 0.653130 0.653130 0.653130
3530.033691 0.000000 4544.707520 0.000000 0.351228 0.000000 0.936290 0.576416 0.576416 0.576416
3501.271973 0.000000 4591.504883 0.000000 0.253917 0.000000 0.967226 0.639130 0.639130 0.639130
3516.353516 0.000000 4554.510742 0.000000 0.003020 0.000000 0.999995 0.753416 0.753416 0.753416
3514.855713 0.000000 4582.786621 0.000000 0.619145 0.000000 0.785276 0.934613 0.934613 0.934613
3498.453613 0.000000 4596.277832 0.000000 0.638255 0.000000 0.769825 0.903491 0.903491 0.903491
3512.900879 0.000000 4578.257812 0.000000 0.648152 0.000000 0.761511 0.917878 0.917878 0.917878
3490.803955 0.000000 4584.936035 0.000000 0.687764 0.000000 0.725934 0.851943 0.851943 0.851943
3518.040771 0.000000 4569.734863 0.000000 0.046951 0.000000 0.998897 0.775546 0.775546 0.775546
3506.044678 0.000000 4571.801758 0.000000 0.434021 0.000000 0.900903 0.764738 0.764738 0.764738
3509.367188 0.000000 4585.584961 0.000000 0.437224 0.000000 0.899352 0.787819 0.787819 0.787819
3471.669189 0.000000 4589.452148 0.000000 0.692797 0.000000 0.721133 0.829081 0.829081 0.829081
3476.470459 0.000000 4599.930176 0.000000 0.642505 0.000000 0.766281 0.806018 0.806018 0.806018
3484.714355 0.000000 4595.500000 0.000000 0.633518 0.000000 0.773728 0.657650 0.657650 0.657650
3518.164062 0.000000 4557.022461 0.000000 0.164547 0.000000 0.986369 0.887715 0.887715 0.887715
3492.380859 0.000000 4582.322754 0.000000 0.620208 0.000000 0.784438 0.858164 0.858164 0.858164
3508.030518 0.000000 4595.210938 0.000000 0.650415 0.000000 0.759579 0.946158 0.946158 0.946158
3515.224609 0.000000 4557.993164 0.000000 0.052984 0.000000 0.998595 0.632445 0.632445 0.632445
3458.429443 0.000000 4599.144531 0.000000 0.009332 0.000000 0.999956 0.937628 0.937628 0.937628
3515.625977 0.000000 4567.968262 0.000000 0.168514 0.000000 0.985699 0.856547 0.856547 0.856547
3510.609619 0.000000 4567.732422 0.000000 0.699067 0.000000 0.715056 0.970165 0.970165 0.970165
3507.763916 0.000000 4573.772949 0.000000 0.695082 0.000000 0.718931 0.869812 0.869812 0.869812
3508.441650 0.000000 4590.829590 0.000000 0.723491 0.000000 0.690334 0.908692 0.908692 0.908692
3463.375488 0.000000 4599.964844 0.000000 0.336165 0.000000 0.941803 0.883505 0.883505 0.883505
3498.440430 0.000000 4591.395508 0.000000 0.242688 0.000000 0.970104 0.927189 0.927189 0.927189
3470.239014 0.000000 4591.321777 0.000000 0.305416 0.000000 0.952219 0.930773 0.930773 0.930773
3501.516602 0.000000 4589.270020 0.000000 0.010938 0.000000 0.999940 0.602785 0.602785 0.602785
3517.040771 0.000000 4583.262207 0.000000 0.289572 0.000000 0.957156 0.939425 0.939425 0.939425
3459.820312 0.000000 4597.343262 0.000000 0.149205 0.000000 0.988806 0.897117 0.897117 0.897117
3492.431641 0.000000 4586.417480 0.000000 0.647415 0.000000 0.762137 0.917786 0.917786 0.917786
3511.214844 0.000000 4591.137207 0.000000 0.731834 0.000000 0.681483 0.846506 0.846506 0.846506
3485.501465 0.000000 4593.526855 0.000000 0.411686 0.000000 0.911326 0.879784 0.879784 0.879784
3481.473389 0.000000 4586.140137 0.000000 0.687085 0.000000 0.726577 0.843651 0.843651 0.843651
3475.957764 0.000000 4590.159668 0.000000 0.675427 0.000000 0.737427 0.755708 0.755708 0.755708
3500.546875 0.000000 4596.454102 0.000000 0.285390 0.000000 0.958411 0.865641 0.865641 0.865641
3506.372070 0.000000 4590.675293 0.000000 0.490668 0.000000 0.871347 0.841528 0.841528 0.841528
3516.391357 0.000000 4581.447266 0.000000 0.377606 0.000000 0.925967 0.917263 0.917263 0.917263
3514.904053 0.000000 4578.039551 0.000000 0.339812 0.000000 0.940494 0.908321 0.908321 0.908321
3515.391846 0.000000 4559.819824 0.000000 0.526987 0.000000 0.849874 0.786988 0.786988 0.786988
3487.098389 0.000000 4592.651855 0.000000 0.458730 0.000000 0.888575 0.784188 0.784188 0.784188
3517.413574 0.000000 4568.112305 0.000000 0.731368 0.000000 0.681983 0.865102 0.865102 0.865102
3485.047607 0.000000 4597.228516 0.000000 0.656794 0.000000 0.754070 0.756878 0.756878 0.756878
3458.535156 0.000000 4596.068848 0.000000 0.556048 0.000000 0.831150 0.928963 0.928963 0.928963
3502.464844 0.000000 4575.653320 0.000000 0.385820 0.000000 0.922574 0.853365 0.853365 0.853365
3499.454102 0.000000 4597.668945 0.000000 0.617894 0.000000 0.786261 0.900617 0.900617 0.900617
3509.535400 0.000000 4599.489746 0.000000 0.707174 0.000000 0.707040 0.864722 0.864722 0.864722
3514.324219 0.000000 4556.722656 0.000000 0.343022 0.000000 0.939327 0.704398 0.704398 0.704398
3478.614014 0.000000 4597.066406 0.000000 0.436298 0.000000 0.899802 0.849101 0.849101 0.849101
3519.619141 0.000000 4569.424805 0.000000 0.622059 0.000000 0.782970 0.867518 0.867518 0.867518
3504.989502 0.000000 4570.449219 0.000000 0.629333 0.000000 0.777135 0.880002 0.880002 0.880002
3514.194092 0.000000 4567.801270 0.000000 0.192781 0.000000 0.981242 0.859073 0.859073 0.859073
3494.143066 0.000000 4589.389648 0.000000 0.386229 0.000000 0.922403 0.862215 0.862215 0.862215
3484.456299 0.000000 4592.499023 0.000000 0.613430 0.000000 0.789749 0.904540 0.904540 0.904540
3511.565674 0.000000 4592.450684 0.000000 0.257049 0.000000 0.966398 0.571296 0.571296 0.571296
3502.587891 0.000000 4591.862305 0.000000 0.530834 0.000000 0.847476 0.853577 0.853577 0.853577
3504.350586 0.000000 4571.628418 0.000000 0.624692 0.000000 0.780871 0.879199 0.879199 0.879199
3500.444092 0.000000 4588.549316 0.000000 0.630137 0.000000 0.776484 0.773601 0.773601 0.773601
3486.694824 0.000000 4593.880859 0.000000 0.679718 0.000000 0.733474 0.837599 0.837599 0.837599
3485.666992 0.000000 4594.735352 0.000000 0.562041 0.000000 0.827109 0.623117 0.623117 0.623117
3460.021729 0.000000 4592.625977 0.000000 0.193155 0.000000 0.981168 0.666679 0.666679 0.666679
3509.318115 0.000000 4597.807129 0.000000 0.596989 0.000000 0.802249 0.862859 0.862859 0.862859
3474.759277 0.000000 4590.048340 0.000000 0.156640 0.000000 0.987656 0.583591 0.583591 0.583591
3505.112793 0.000000 4572.501953 0.000000 0.673316 0.000000 0.739354 0.842117 0.842117 0.842117
3472.631836 0.000000 4590.059570 0.000000 0.420948 0.000000 0.907085 0.739011 0.739011 0.739011
3473.167969 0.000000 4586.300781 0.000000 0.055133 0.000000 0.998479 0.576208 0.576208 0.576208
3500.585205 0.000000 4592.951660 0.000000 0.122021 0.000000 0.992528 0.652847 0.652847 0.652847
3509.875244 0.000000 4584.612305 0.000000 0.450565 0.000000 0.892744 0.790644 0.790644 0.790644
3510.747559 0.000000 4593.652832 0.000000 0.506789 0.000000 0.862070 0.660086 0.660086 0.660086
3515.535156 0.000000 4565.104492 0.000000 0.502096 0.000000 0.864812 0.783508 0.783508 0.783508
3501.362061 0.000000 4590.323242 0.000000 0.053570 0.000000 0.998564 0.583346 0.583346 0.583346
3477.396729 0.000000 4599.277832 0.000000 0.546375 0.000000 0.837541 0.779414 0.779414 0.779414
3510.473389 0.000000 4591.929688 0.000000 0.300521 0.000000 0.953775 0.740919 0.740919 0.740919
3513.175293 0.000000 4567.878906 0.000000 0.019756 0.000000 0.999805 0.670859 0.670859 0.670859
3472.676270 0.000000 4593.479980 0.000000 0.288024 0.000000 0.957623 0.527559 0.527559 0.527559
3500.473389 0.000000 4593.965332 0.000000 0.464157 0.000000 0.885753 0.739213 0.739213 0.739213
3475.199707 0.000000 4591.970703 0.000000 0.464662 0.000000 0.885488 0.679618 0.679618 0.679618
3510.767578 0.000000 4592.699219 0.000000 0.116372 0.000000 0.993206 0.524420 0.524420 0.524420
3531.529541 0.000000 4563.854980 0.000000 0.722013 0.000000 0.691880 0.876007 0.876007 0.876007
3527.664062 0.000000 4565.259277 0.000000 0.110362 0.000000 0.993891 0.602642 0.602642 0.602642
3524.837646 0.000000 4564.047852 0.000000 0.379263 0.000000 0.925289 0.825926 0.825926 0.825926
3520.224121 0.000000 4573.509766 0.000000 0.239014 0.000000 0.971016 0.900429 0.900429 0.900429
3525.982422 0.000000 4567.264160 0.000000 0.440950 0.000000 0.897532 0.699598 0.699598 0.699598
3528.762695 0.000000 4567.734863 0.000000 0.639399 0.000000 0.768875 0.824826 0.824826 0.824826
3529.085938 0.000000 4558.182129 0.000000 0.259539 0.000000 0.965733 0.670122 0.670122 0.670122
3523.421875 0.000000 4574.330566 0.000000 0.430967 0.000000 0.902368 0.915724 0.915724 0.915724
3527.021729 0.000000 4554.549316 0.000000 0.383658 0.000000 0.923475 0.838380 0.838380 0.838380
3529.866211 0.000000 4556.735840 0.000000 0.294562 0.000000 0.955632 0.812669 0.812669 0.812669
3528.641113 0.000000 4554.627930 0.000000 0.734688 0.000000 0.678405 0.899484 0.899484 0.899484
3528.075195 0.000000 4563.983887 0.000000 0.197044 0.000000 0.980395 0.643655 0.643655 0.643655
3529.687500 0.000000 4555.421387 0.000000 0.636627 0.000000 0.771172 0.881272 0.881272 0.881272
3524.042480 0.000000 4561.751465 0.000000 0.033810 0.000000 0.999428 0.762097 0.762097 0.762097
3525.914062 0.000000 4561.223633 0.000000 0.710925 0.000000 0.703268 0.879269 0.879269 0.879269
3526.673096 0.000000 4562.114746 0.000000 0.315968 0.000000 0.948770 0.482248 0.482248 0.482248
3527.155762 0.000000 4564.408691 0.000000 0.575149 0.000000 0.818049 0.739303 0.739303 0.739303
3526.915283 0.000000 4560.141602 0.000000 0.261959 0.000000 0.965079 0.709873 0.709873 0.709873
3525.466797 0.000000 4566.473145 0.000000 0.422193 0.000000 0.906506 0.693991 0.693991 0.693991
3524.169678 0.000000 4566.543457 0.000000 0.529178 0.000000 0.848511 0.726823 0.726823 0.726823
3527.900879 0.000000 4567.585938 0.000000 0.325587 0.000000 0.945512 0.647326 0.647326 0.647326
3455.603760 0.000000 4632.024902 0.000000 0.652340 0.000000 0.757926 0.793854 0.793854 0.793854
3494.931152 0.000000 4600.683105 0.000000 0.617872 0.000000 0.786278 0.952566 0.952566 0.952566
3456.377197 0.000000 4616.761719 0.000000 0.553525 0.000000 0.832833 0.975429 0.975429 0.975429
3472.917480 0.000000 4600.235352 0.000000 0.516244 0.000000 0.856441 0.969193 0.969193 0.969193
3469.132080 0.000000 4618.447266 0.000000 0.325030 0.000000 0.945704 0.730726 0.730726 0.730726
3488.116455 0.000000 4611.508301 0.000000 0.347429 0.000000 0.937706 0.644820 0.644820 0.644820
3501.633057 0.000000 4617.389160 0.000000 0.238994 0.000000 0.971021 0.717878 0.717878 0.717878
3509.290039 0.000000 4600.017090 0.000000 0.189123 0.000000 0.981953 0.848352 0.848352 0.848352
3479.946777 0.000000 4600.442871 0.000000 0.401141 0.000000 0.916016 0.893030 0.893030 0.893030
3467.609619 0.000000 4623.602051 0.000000 0.730743 0.000000 0.682653 0.986869 0.986869 0.986869
3491.661377 0.000000 4615.116699 0.000000 0.255347 0.000000 0.966850 0.980338 0.980338 0.980338
3468.547119 0.000000 4600.236328 0.000000 0.437353 0.000000 0.899290 0.740391 0.740391 0.740391
3460.560059 0.000000 4631.642578 0.000000 0.509505 0.000000 0.860468 0.943088 0.943088 0.943088
3484.179932 0.000000 4610.298828 0.000000 0.372800 0.000000 0.927912 0.756638 0.756638 0.756638
3462.603516 0.000000 4628.525391 0.000000 0.695322 0.000000 0.718698 0.847844 0.847844 0.847844
3485.791260 0.000000 4604.291016 0.000000 0.004130 0.000000 0.999991 0.765325 0.765325 0.765325
3489.599609 0.000000 4605.588379 0.000000 0.152558 0.000000 0.988295 0.900902 0.900902 0.900902
3494.630615 0.000000 4615.173828 0.000000 0.615624 0.000000 0.788040 0.934289 0.934289 0.934289
3462.729492 0.000000 4639.938477 0.000000 0.457149 0.000000 0.889390 0.950748 0.950748 0.950748
3474.193359 0.000000 4615.255859 0.000000 0.421894 0.000000 0.906645 0.889465 0.889465 0.889465
3467.465576 0.000000 4633.256348 0.000000 0.716462 0.000000 0.697626 0.942174 0.942174 0.942174
3457.790771 0.000000 4630.985840 0.000000 0.661555 0.000000 0.749897 0.853938 0.853938 0.853938
3482.097900 0.000000 4608.424805 0.000000 0.567457 0.000000 0.823403 0.963773 0.963773 0.963773
3460.419922 0.000000 4606.562500 0.000000 0.087982 0.000000 0.996122 0.652047 0.652047 0.652047
3467.687012 0.000000 4620.744141 0.000000 0.081936 0.000000 0.996638 0.654339 0.654339 0.654339
3464.991699 0.000000 4608.983398 0.000000 0.171734 0.000000 0.985143 0.902261 0.902261 0.902261
3461.982422 0.000000 4613.264160 0.000000 0.563716 0.000000 0.825969 0.839855 0.839855 0.839855
3510.276367 0.000000 4608.680176 0.000000 0.471852 0.000000 0.881678 0.819449 0.819449 0.819449
3508.717041 0.000000 4606.567871 0.000000 0.376931 0.000000 0.926241 0.840338 0.840338 0.840338
3486.311768 0.000000 4617.882812 0.000000 0.045297 0.000000 0.998974 0.756260 0.756260 0.756260
3465.085938 0.000000 4604.182129 0.000000 0.365006 0.000000 0.931005 0.919303 0.919303 0.919303
3497.780762 0.000000 4605.428711 0.000000 0.079995 0.000000 0.996795 0.821361 0.821361 0.821361
3493.349854 0.000000 4609.130371 0.000000 0.006975 0.000000 0.999976 0.644722 0.644722 0.644722
3501.283203 0.000000 4610.012207 0.000000 0.365759 0.000000 0.930710 0.874557 0.874557 0.874557
3491.760742 0.000000 4605.398926 0.000000 0.593920 0.000000 0.804524 0.925313 0.925313 0.925313
3511.433105 0.000000 4604.066895 0.000000 0.146568 0.000000 0.989201 0.687219 0.687219 0.687219
3471.309082 0.000000 4611.284180 0.000000 0.485523 0.000000 0.874224 0.795495 0.795495 0.795495
3500.656250 0.000000 4612.093262 0.000000 0.279236 0.000000 0.960222 0.791022 0.791022 0.791022
3463.186768 0.000000 4621.873535 0.000000 0.053008 0.000000 0.998594 0.511197 0.511197 0.511197
3488.283691 0.000000 4608.457031 0.000000 0.529691 0.000000 0.848191 0.868549 0.868549 0.868549
3490.962158 0.000000 4607.118164 0.000000 0.132926 0.000000 0.991126 0.755967 0.755967 0.755967
3503.721680 0.000000 4607.125000 0.000000 0.503161 0.000000 0.864192 0.833264 0.833264 0.833264
3490.778809 0.000000 4601.774902 0.000000 0.355183 0.000000 0.934797 0.837187 0.837187 0.837187
3480.778809 0.000000 4612.170410 0.000000 0.414383 0.000000 0.910103 0.731641 0.731641 0.731641
3493.194824 0.000000 4604.321777 0.000000 0.489346 0.000000 0.872090 0.756661 0.756661 0.756661
3484.347656 0.000000 4603.484863 0.000000 0.149757 0.000000 0.988723 0.840417 0.840417 0.840417
3479.832764 0.000000 4604.937012 0.000000 0.272797 0.000000 0.962072 0.877193 0.877193 0.877193
3468.766602 0.000000 4622.509277 0.000000 0.676530 0.000000 0.736415 0.892540 0.892540 0.892540
3478.362549 0.000000 4600.073730 0.000000 0.415892 0.000000 0.909414 0.894523 0.894523 0.894523
3461.135010 0.000000 4603.433105 0.000000 0.613261 0.000000 0.789880 0.829496 0.829496 0.829496
3512.694092 0.000000 4606.534180 0.000000 0.331788 0.000000 0.943354 0.864601 0.864601 0.864601
3468.670410 0.000000 4624.685547 0.000000 0.650612 0.000000 0.759410 0.812686 0.812686 0.812686
3485.151855 0.000000 4608.947754 0.000000 0.549866 0.000000 0.835253 0.758129 0.758129 0.758129
3508.860352 0.000000 4608.075195 0.000000 0.637057 0.000000 0.770817 0.806640 0.806640 0.806640
3459.275146 0.000000 4630.717773 0.000000 0.511056 0.000000 0.859547 0.852804 0.852804 0.852804
3488.857178 0.000000 4615.139648 0.000000 0.717605 0.000000 0.696450 0.882670 0.882670 0.882670
3475.809570 0.000000 4601.979492 0.000000 0.274410 0.000000 0.961613 0.822483 0.822483 0.822483
3480.828613 0.000000 4609.253418 0.000000 0.640871 0.000000 0.767648 0.818654 0.818654 0.818654
3497.863037 0.000000 4611.347656 0.000000 0.706292 0.000000 0.707920 0.919490 0.919490 0.919490
3456.100098 0.000000 4618.115723 0.000000 0.193492 0.000000 0.981102 0.742342 0.742342 0.742342
3460.587891 0.000000 4613.331543 0.000000 0.143248 0.000000 0.989687 0.764861 0.764861 0.764861
3493.096680 0.000000 4602.819336 0.000000 0.028743 0.000000 0.999587 0.749763 0.749763 0.749763
3469.291260 0.000000 4627.511719 0.000000 0.426922 0.000000 0.904289 0.630531 0.630531 0.630531
3460.556885 0.000000 4642.219727 0.000000 0.467854 0.000000 0.883806 0.721272 0.721272 0.721272
3496.187012 0.000000 4600.893066 0.000000 0.687907 0.000000 0.725799 0.793176 0.793176 0.793176
3511.251953 0.000000 4607.478516 0.000000 0.309589 0.000000 0.950871 0.636253 0.636253 0.636253
3511.903076 0.000000 4605.237793 0.000000 0.173157 0.000000 0.984894 0.693137 0.693137 0.693137
3479.440186 0.000000 4613.045410 0.000000 0.070596 0.000000 0.997505 0.647954 0.647954 0.647954
3501.175049 0.000000 4614.233887 0.000000 0.372220 0.000000 0.928144 0.625857 0.625857 0.625857
3463.812012 0.000000 4629.000000 0.000000 0.145094 0.000000 0.989418 0.729588 0.729588 0.729588
3487.141602 0.000000 4614.651367 0.000000 0.603688 0.000000 0.797220 0.834147 0.834147 0.834147
3489.858154 0.000000 4607.581055 0.000000 0.666943 0.000000 0.745109 0.859377 0.859377 0.859377
3468.613037 0.000000 4610.373535 0.000000 0.481650 0.000000 0.876363 0.805312 0.805312 0.805312
3464.135742 0.000000 4626.746094 0.000000 0.436176 0.000000 0.899861 0.717729 0.717729 0.717729
3466.705078 0.000000 4626.942383 0.000000 0.036501 0.000000 0.999334 0.295202 0.295202 0.295202
3470.994873 0.000000 4610.200195 0.000000 0.054224 0.000000 0.998529 0.708468 0.708468 0.708468
3470.164062 0.000000 4611.100586 0.000000 0.222425 0.000000 0.974950 0.741157 0.741157 0.741157
3493.949219 0.000000 4601.206543 0.000000 0.498064 0.000000 0.867140 0.774684 0.774684 0.774684
3466.573975 0.000000 4620.656738 0.000000 0.716139 0.000000 0.697958 0.820632 0.820632 0.820632
3489.209961 0.000000 4611.891113 0.000000 0.378911 0.000000 0.925433 0.654691 0.654691 0.654691
3462.146484 0.000000 4621.081055 0.000000 0.597237 0.000000 0.802065 0.700249 0.700249 0.700249
3505.527344 0.000000 4612.799316 0.000000 0.057803 0.000000 0.998328 0.712934 0.712934 0.712934
3493.557617 0.000000 4608.061523 0.000000 0.049590 0.000000 0.998770 0.654408 0.654408 0.654408
3490.767578 0.000000 4603.081055 0.000000 0.524338 0.000000 0.851510 0.811771 0.811771 0.811771
3497.065918 0.000000 4601.537598 0.000000 0.316855 0.000000 0.948474 0.682101 0.682101 0.682101
3492.050537 0.000000 4604.275879 0.000000 0.047020 0.000000 0.998894 0.650019 0.650019 0.650019
3471.999512 0.000000 4612.058594 0.000000 0.291474 0.000000 0.956579 0.675316 0.675316 0.675316
3467.982422 0.000000 4630.864258 0.000000 0.584387 0.000000 0.811475 0.678576 0.678576 0.678576
3468.604980 0.000000 4626.886719 0.000000 0.713833 0.000000 0.700316 0.746263 0.746263 0.746263
3460.490723 0.000000 4604.056152 0.000000 0.258095 0.000000 0.966120 0.499714 0.499714 0.499714
3461.589600 0.000000 4604.124023 0.000000 0.419368 0.000000 0.907816 0.565298 0.565298 0.565298
"}
object={
	name="reeds_01_generator_1_1"
	render_pass=Map
	clamp_to_water_level=no
	generated_content=yes
	layer="grass_layer"
	pdxmesh="reeds_07_grass_mesh"
	count=368
	transform="3114.453613 0.000000 4320.277832 0.000000 0.967547 0.000000 0.252690 0.987245 0.987245 0.987245
3130.096191 0.000000 4318.922363 0.000000 0.788173 0.000000 0.615453 0.849385 0.849385 0.849385
3119.078613 0.000000 4323.945312 0.000000 0.763636 0.000000 0.645647 0.943928 0.943928 0.943928
3134.875977 0.000000 4319.578613 0.000000 0.990982 0.000000 0.133993 0.987921 0.987921 0.987921
3116.546875 0.000000 4320.454102 0.000000 0.758631 0.000000 0.651521 0.801590 0.801590 0.801590
3118.644775 0.000000 4321.063965 0.000000 0.757686 0.000000 0.652620 0.831362 0.831362 0.831362
3133.070312 0.000000 4318.343750 0.000000 0.917093 0.000000 0.398674 0.940622 0.940622 0.940622
3117.473145 0.000000 4321.154785 0.000000 0.986538 0.000000 0.163531 0.954068 0.954068 0.954068
3118.114990 0.000000 4321.851074 0.000000 0.936108 0.000000 0.351713 0.914760 0.914760 0.914760
3136.933838 0.000000 4320.710449 0.000000 0.845481 0.000000 0.534006 0.936713 0.936713 0.936713
3155.028809 0.000000 4312.224609 0.000000 0.863972 0.000000 0.503540 0.917003 0.917003 0.917003
3164.608154 0.000000 4322.936035 0.000000 0.897204 0.000000 0.441616 0.971452 0.971452 0.971452
3151.644775 0.000000 4317.188477 0.000000 0.777854 0.000000 0.628445 0.867670 0.867670 0.867670
3150.149902 0.000000 4310.001953 0.000000 0.785186 0.000000 0.619260 0.839949 0.839949 0.839949
3186.515137 0.000000 4316.681641 0.000000 0.895791 0.000000 0.444476 0.917208 0.917208 0.917208
3196.676758 0.000000 4319.996582 0.000000 0.825225 0.000000 0.564804 0.911593 0.911593 0.911593
3183.663574 0.000000 4303.591797 0.000000 0.781934 0.000000 0.623361 0.983197 0.983197 0.983197
3157.367432 0.000000 4316.181152 0.000000 0.763498 0.000000 0.645811 0.942158 0.942158 0.942158
3166.212158 0.000000 4302.437500 0.000000 0.942850 0.000000 0.333218 0.957594 0.957594 0.957594
3139.906982 0.000000 4318.958984 0.000000 0.943436 0.000000 0.331553 0.946846 0.946846 0.946846
3198.537598 0.000000 4317.369629 0.000000 0.940038 0.000000 0.341070 0.983490 0.983490 0.983490
3171.201660 0.000000 4312.185547 0.000000 0.992905 0.000000 0.118912 0.989883 0.989883 0.989883
3198.286865 0.000000 4322.678711 0.000000 0.892270 0.000000 0.451502 0.984796 0.984796 0.984796
3142.729492 0.000000 4317.938477 0.000000 0.751756 0.000000 0.659442 0.823825 0.823825 0.823825
3180.232422 0.000000 4311.243164 0.000000 0.986439 0.000000 0.164127 0.990121 0.990121 0.990121
3188.030518 0.000000 4319.210938 0.000000 0.971522 0.000000 0.236949 0.962374 0.962374 0.962374
3175.567627 0.000000 4319.455566 0.000000 0.894676 0.000000 0.446716 0.947974 0.947974 0.947974
3148.106934 0.000000 4316.884766 0.000000 0.738058 0.000000 0.674737 0.914948 0.914948 0.914948
3196.030762 0.000000 4316.962402 0.000000 0.886351 0.000000 0.463015 0.971156 0.971156 0.971156
3185.432129 0.000000 4310.350098 0.000000 0.990484 0.000000 0.137626 0.991383 0.991383 0.991383
3183.078613 0.000000 4323.945312 0.000000 0.982314 0.000000 0.187242 0.954387 0.954387 0.954387
3136.041016 0.000000 4322.817871 0.000000 0.861178 0.000000 0.508304 0.953408 0.953408 0.953408
3173.170166 0.000000 4308.434570 0.000000 0.950293 0.000000 0.311356 0.967591 0.967591 0.967591
3198.875977 0.000000 4319.578613 0.000000 0.946063 0.000000 0.323984 0.940693 0.940693 0.940693
3155.144043 0.000000 4321.850098 0.000000 0.783421 0.000000 0.621491 0.872753 0.872753 0.872753
3191.214844 0.000000 4315.137207 0.000000 0.994151 0.000000 0.107995 0.985953 0.985953 0.985953
3180.546875 0.000000 4320.454102 0.000000 0.819189 0.000000 0.573523 0.969502 0.969502 0.969502
3167.683350 0.000000 4323.136230 0.000000 0.971179 0.000000 0.238350 0.952534 0.952534 0.952534
3153.684082 0.000000 4313.570801 0.000000 0.886292 0.000000 0.463126 0.938691 0.938691 0.938691
3171.420654 0.000000 4314.100586 0.000000 0.957988 0.000000 0.286809 0.954974 0.954974 0.954974
3199.306641 0.000000 4300.460938 0.000000 0.824376 0.000000 0.566043 0.957939 0.957939 0.957939
3148.894043 0.000000 4308.687500 0.000000 0.963425 0.000000 0.267978 0.972231 0.972231 0.972231
3178.203613 0.000000 4311.215332 0.000000 0.969863 0.000000 0.243651 0.928721 0.928721 0.928721
3138.535156 0.000000 4320.068848 0.000000 0.899433 0.000000 0.437058 0.931116 0.931116 0.931116
3174.615234 0.000000 4321.065918 0.000000 0.917984 0.000000 0.396618 0.969455 0.969455 0.969455
3197.591064 0.000000 4300.144531 0.000000 0.749594 0.000000 0.661898 0.884424 0.884424 0.884424
3182.517578 0.000000 4314.497559 0.000000 0.988388 0.000000 0.151952 0.968010 0.968010 0.968010
3191.627930 0.000000 4306.566895 0.000000 0.807114 0.000000 0.590396 0.903822 0.903822 0.903822
3191.594238 0.000000 4323.252930 0.000000 0.887259 0.000000 0.461272 0.930579 0.930579 0.930579
3166.290283 0.000000 4303.988770 0.000000 0.914389 0.000000 0.404837 0.947972 0.947972 0.947972
3199.543213 0.000000 4304.957031 0.000000 0.854356 0.000000 0.519688 0.875846 0.875846 0.875846
3186.842041 0.000000 4319.720703 0.000000 0.959808 0.000000 0.280659 0.926137 0.926137 0.926137
3196.367432 0.000000 4301.714844 0.000000 0.885960 0.000000 0.463761 0.922949 0.922949 0.922949
3183.727295 0.000000 4315.684570 0.000000 0.776950 0.000000 0.629562 0.857190 0.857190 0.857190
3181.722168 0.000000 4323.584961 0.000000 0.870575 0.000000 0.492035 0.884414 0.884414 0.884414
3171.437500 0.000000 4309.939453 0.000000 0.958066 0.000000 0.286549 0.936151 0.936151 0.936151
3160.594238 0.000000 4304.339355 0.000000 0.754062 0.000000 0.656803 0.846150 0.846150 0.846150
3165.232422 0.000000 4302.317383 0.000000 0.992239 0.000000 0.124341 0.973857 0.973857 0.973857
3177.871826 0.000000 4319.403320 0.000000 0.866470 0.000000 0.499230 0.883858 0.883858 0.883858
3178.356201 0.000000 4310.286621 0.000000 0.816702 0.000000 0.577060 0.821860 0.821860 0.821860
3177.188232 0.000000 4316.462891 0.000000 0.996127 0.000000 0.087923 0.978241 0.978241 0.978241
3189.893311 0.000000 4313.580078 0.000000 0.829111 0.000000 0.559084 0.714137 0.714137 0.714137
3247.528809 0.000000 4270.967773 0.000000 0.964396 0.000000 0.264462 0.967259 0.967259 0.967259
3252.441650 0.000000 4268.829590 0.000000 0.941813 0.000000 0.336137 0.923830 0.923830 0.923830
3250.372070 0.000000 4268.675293 0.000000 0.996267 0.000000 0.086331 0.988563 0.988563 0.988563
3259.159668 0.000000 4274.266113 0.000000 0.907191 0.000000 0.420718 0.959889 0.959889 0.959889
3249.336670 0.000000 4267.683594 0.000000 0.941388 0.000000 0.337326 0.944165 0.944165 0.944165
3255.565674 0.000000 4270.450684 0.000000 0.865462 0.000000 0.500975 0.897820 0.897820 0.897820
3238.931152 0.000000 4278.683105 0.000000 0.747899 0.000000 0.663812 0.867705 0.867705 0.867705
3248.385742 0.000000 4321.922363 0.000000 0.927921 0.000000 0.372778 0.977112 0.977112 0.977112
3254.613281 0.000000 4313.079590 0.000000 0.994449 0.000000 0.105218 0.972367 0.972367 0.972367
3260.474609 0.000000 4303.510742 0.000000 0.986115 0.000000 0.166062 0.972094 0.972094 0.972094
3233.802002 0.000000 4315.323242 0.000000 0.961897 0.000000 0.273412 0.975801 0.975801 0.975801
3245.890869 0.000000 4286.017090 0.000000 0.778062 0.000000 0.628187 0.916910 0.916910 0.916910
3218.257324 0.000000 4315.361816 0.000000 0.914256 0.000000 0.405137 0.964593 0.964593 0.964593
3244.232422 0.000000 4311.243164 0.000000 0.993860 0.000000 0.110644 0.993357 0.993357 0.993357
3211.465576 0.000000 4311.256348 0.000000 0.749615 0.000000 0.661874 0.880818 0.880818 0.880818
3230.900635 0.000000 4305.251953 0.000000 0.938382 0.000000 0.345601 0.859043 0.859043 0.859043
3258.209229 0.000000 4313.627441 0.000000 0.991924 0.000000 0.126836 0.985712 0.985712 0.985712
3220.443848 0.000000 4309.940430 0.000000 0.940275 0.000000 0.340415 0.963578 0.963578 0.963578
3218.362549 0.000000 4305.380371 0.000000 0.888106 0.000000 0.459639 0.940384 0.940384 0.940384
3247.528809 0.000000 4316.967773 0.000000 0.983627 0.000000 0.180216 0.972857 0.972857 0.972857
3212.106934 0.000000 4316.884766 0.000000 0.883373 0.000000 0.468671 0.978080 0.978080 0.978080
3255.926758 0.000000 4278.062012 0.000000 0.904888 0.000000 0.425650 0.950604 0.950604 0.950604
3247.696289 0.000000 4296.727539 0.000000 0.994293 0.000000 0.106683 0.976784 0.976784 0.976784
3229.410889 0.000000 4312.876953 0.000000 0.911234 0.000000 0.411889 0.962905 0.962905 0.962905
3253.882568 0.000000 4294.049316 0.000000 0.842220 0.000000 0.539134 0.945981 0.945981 0.945981
3259.579346 0.000000 4308.968750 0.000000 0.763678 0.000000 0.645597 0.882610 0.882610 0.882610
3242.488770 0.000000 4322.972168 0.000000 0.967943 0.000000 0.251172 0.978449 0.978449 0.978449
3241.601318 0.000000 4292.541504 0.000000 0.787470 0.000000 0.616352 0.857415 0.857415 0.857415
3261.859863 0.000000 4301.742676 0.000000 0.840923 0.000000 0.541154 0.968594 0.968594 0.968594
3250.327637 0.000000 4320.904297 0.000000 0.996502 0.000000 0.083565 0.978487 0.978487 0.978487
3255.214844 0.000000 4315.137207 0.000000 0.960447 0.000000 0.278461 0.958434 0.958434 0.958434
3225.473389 0.000000 4310.140137 0.000000 0.995166 0.000000 0.098209 0.960953 0.960953 0.960953
3235.895752 0.000000 4298.008789 0.000000 0.989005 0.000000 0.147884 0.954051 0.954051 0.954051
3209.858643 0.000000 4299.518555 0.000000 0.933486 0.000000 0.358613 0.905684 0.905684 0.905684
3253.590088 0.000000 4282.854004 0.000000 0.880777 0.000000 0.473531 0.685958 0.685958 0.685958
3248.875488 0.000000 4312.327637 0.000000 0.782146 0.000000 0.623095 0.867326 0.867326 0.867326
3238.824463 0.000000 4316.018555 0.000000 0.976404 0.000000 0.215950 0.986958 0.986958 0.986958
3255.625977 0.000000 4294.470215 0.000000 0.980259 0.000000 0.197719 0.987578 0.987578 0.987578
3224.650879 0.000000 4301.231445 0.000000 0.917490 0.000000 0.397759 0.939745 0.939745 0.939745
3259.136719 0.000000 4290.160156 0.000000 0.981281 0.000000 0.192583 0.973874 0.973874 0.973874
3224.597168 0.000000 4321.249512 0.000000 0.915242 0.000000 0.402905 0.914071 0.914071 0.914071
3222.117920 0.000000 4309.540527 0.000000 0.930295 0.000000 0.366813 0.911860 0.911860 0.911860
3236.716797 0.000000 4312.982910 0.000000 0.948212 0.000000 0.317640 0.945125 0.945125 0.945125
3222.391113 0.000000 4323.861328 0.000000 0.938114 0.000000 0.346326 0.960269 0.960269 0.960269
3253.535400 0.000000 4323.489746 0.000000 0.974918 0.000000 0.222564 0.960216 0.960216 0.960216
3245.203857 0.000000 4279.628418 0.000000 0.958108 0.000000 0.286409 0.963015 0.963015 0.963015
3245.618164 0.000000 4306.757812 0.000000 0.982241 0.000000 0.187622 0.951466 0.951466 0.951466
3210.377197 0.000000 4310.120117 0.000000 0.893895 0.000000 0.448277 0.923408 0.923408 0.923408
3252.259521 0.000000 4313.276367 0.000000 0.788940 0.000000 0.614470 0.872796 0.872796 0.872796
3214.172119 0.000000 4313.771973 0.000000 0.857652 0.000000 0.514231 0.893475 0.893475 0.893475
3257.680420 0.000000 4294.518555 0.000000 0.985921 0.000000 0.167210 0.982384 0.982384 0.982384
3210.723145 0.000000 4321.773438 0.000000 0.877878 0.000000 0.478884 0.900261 0.900261 0.900261
3243.785645 0.000000 4316.136230 0.000000 0.877457 0.000000 0.479654 0.948794 0.948794 0.948794
3247.895996 0.000000 4310.267578 0.000000 0.924788 0.000000 0.380483 0.924967 0.924967 0.924967
3251.792969 0.000000 4320.644043 0.000000 0.983462 0.000000 0.181117 0.953168 0.953168 0.953168
3209.010254 0.000000 4296.622070 0.000000 0.897115 0.000000 0.441796 0.952018 0.952018 0.952018
3246.159180 0.000000 4296.765625 0.000000 0.991950 0.000000 0.126630 0.972422 0.972422 0.972422
3234.723877 0.000000 4323.216309 0.000000 0.743176 0.000000 0.669096 0.657799 0.657799 0.657799
3240.202148 0.000000 4292.168945 0.000000 0.777238 0.000000 0.629206 0.853888 0.853888 0.853888
3209.535645 0.000000 4319.531738 0.000000 0.941043 0.000000 0.338287 0.939692 0.939692 0.939692
3256.894775 0.000000 4279.161621 0.000000 0.986466 0.000000 0.163967 0.976972 0.976972 0.976972
3236.288818 0.000000 4290.349121 0.000000 0.823688 0.000000 0.567043 0.885605 0.885605 0.885605
3259.819336 0.000000 4307.576660 0.000000 0.935644 0.000000 0.352945 0.878426 0.878426 0.878426
3223.039551 0.000000 4318.329102 0.000000 0.958358 0.000000 0.285571 0.955897 0.955897 0.955897
3261.518555 0.000000 4302.924805 0.000000 0.901628 0.000000 0.432512 0.925184 0.925184 0.925184
3248.124023 0.000000 4287.853516 0.000000 0.935039 0.000000 0.354544 0.939377 0.939377 0.939377
3241.886475 0.000000 4293.683105 0.000000 0.935060 0.000000 0.354489 0.922198 0.922198 0.922198
3256.586914 0.000000 4289.438477 0.000000 0.945066 0.000000 0.326878 0.946794 0.946794 0.946794
3252.573486 0.000000 4283.362793 0.000000 0.854090 0.000000 0.520125 0.651770 0.651770 0.651770
3254.742432 0.000000 4283.042480 0.000000 0.874166 0.000000 0.485627 0.899990 0.899990 0.899990
3262.380127 0.000000 4318.513184 0.000000 0.755725 0.000000 0.654889 0.837781 0.837781 0.837781
3232.474121 0.000000 4319.344238 0.000000 0.981343 0.000000 0.192264 0.961843 0.961843 0.961843
3246.284180 0.000000 4288.425293 0.000000 0.991763 0.000000 0.128087 0.970500 0.970500 0.970500
3249.151123 0.000000 4314.868164 0.000000 0.963226 0.000000 0.268691 0.951102 0.951102 0.951102
3213.670654 0.000000 4303.098145 0.000000 0.770434 0.000000 0.637519 0.844678 0.844678 0.844678
3232.306641 0.000000 4308.352539 0.000000 0.909957 0.000000 0.414702 0.790758 0.790758 0.790758
3235.695801 0.000000 4323.691406 0.000000 0.948654 0.000000 0.316316 0.849746 0.849746 0.849746
3219.187500 0.000000 4307.520020 0.000000 0.969364 0.000000 0.245629 0.945478 0.945478 0.945478
3235.739746 0.000000 4313.001465 0.000000 0.835992 0.000000 0.548742 0.879638 0.879638 0.879638
3201.834229 0.000000 4305.228516 0.000000 0.759062 0.000000 0.651019 0.794695 0.794695 0.794695
3241.249512 0.000000 4317.556152 0.000000 0.782630 0.000000 0.622487 0.830575 0.830575 0.830575
3259.010498 0.000000 4314.135742 0.000000 0.980937 0.000000 0.194325 0.932622 0.932622 0.932622
3258.023193 0.000000 4307.268066 0.000000 0.930840 0.000000 0.365428 0.873918 0.873918 0.873918
3235.535889 0.000000 4301.427734 0.000000 0.981724 0.000000 0.190309 0.938812 0.938812 0.938812
3258.833252 0.000000 4292.410645 0.000000 0.865492 0.000000 0.500922 0.853297 0.853297 0.853297
3250.925537 0.000000 4286.235352 0.000000 0.991808 0.000000 0.127734 0.953634 0.953634 0.953634
3234.006836 0.000000 4322.770996 0.000000 0.978820 0.000000 0.204724 0.903743 0.903743 0.903743
3133.391113 0.000000 4329.980469 0.000000 0.947420 0.000000 0.319993 0.988615 0.988615 0.988615
3135.310791 0.000000 4332.432129 0.000000 0.738491 0.000000 0.674263 0.931648 0.931648 0.931648
3129.197754 0.000000 4329.085938 0.000000 0.969696 0.000000 0.244316 0.945776 0.945776 0.945776
3124.020264 0.000000 4324.437500 0.000000 0.880087 0.000000 0.474813 0.925890 0.925890 0.925890
3124.783936 0.000000 4328.096680 0.000000 0.972474 0.000000 0.233012 0.957727 0.957727 0.957727
3189.290039 0.000000 4324.017090 0.000000 0.959339 0.000000 0.282256 0.964281 0.964281 0.964281
3148.547119 0.000000 4324.236328 0.000000 0.845855 0.000000 0.533413 0.915722 0.915722 0.915722
3185.218994 0.000000 4325.048828 0.000000 0.972732 0.000000 0.231931 0.992988 0.992988 0.992988
3160.574219 0.000000 4327.470703 0.000000 0.934069 0.000000 0.357092 0.965358 0.965358 0.965358
3158.449463 0.000000 4326.561523 0.000000 0.945897 0.000000 0.324468 0.982675 0.982675 0.982675
3162.187256 0.000000 4324.004883 0.000000 0.826324 0.000000 0.563194 0.971623 0.971623 0.971623
3142.096924 0.000000 4326.142090 0.000000 0.992828 0.000000 0.119549 0.971578 0.971578 0.971578
3162.637939 0.000000 4327.528809 0.000000 0.925447 0.000000 0.378878 0.883586 0.883586 0.883586
3136.721680 0.000000 4331.152832 0.000000 0.971640 0.000000 0.236465 0.969604 0.969604 0.969604
3191.325195 0.000000 4325.748047 0.000000 0.913755 0.000000 0.406267 0.948821 0.948821 0.948821
3183.897217 0.000000 4324.001953 0.000000 0.800152 0.000000 0.599798 0.868316 0.868316 0.868316
3188.999023 0.000000 4325.486328 0.000000 0.981298 0.000000 0.192494 0.975820 0.975820 0.975820
3145.687500 0.000000 4325.421387 0.000000 0.983092 0.000000 0.183111 0.961842 0.961842 0.961842
3188.020264 0.000000 4324.437500 0.000000 0.995532 0.000000 0.094424 0.988196 0.988196 0.988196
3182.375244 0.000000 4326.512695 0.000000 0.913892 0.000000 0.405958 0.913379 0.913379 0.913379
3156.016602 0.000000 4324.083984 0.000000 0.988776 0.000000 0.149405 0.971171 0.971171 0.971171
3162.955811 0.000000 4326.466797 0.000000 0.983466 0.000000 0.181093 0.945446 0.945446 0.945446
3232.150635 0.000000 4326.068848 0.000000 0.990269 0.000000 0.139164 0.968630 0.968630 0.968630
3253.290039 0.000000 4324.017090 0.000000 0.947150 0.000000 0.320792 0.966573 0.966573 0.966573
3261.391113 0.000000 4329.980469 0.000000 0.988460 0.000000 0.151481 0.970008 0.970008 0.970008
3259.625977 0.000000 4337.968262 0.000000 0.870984 0.000000 0.491312 0.980767 0.980767 0.980767
3230.381836 0.000000 4326.560547 0.000000 0.934634 0.000000 0.355610 0.891988 0.891988 0.891988
3222.811035 0.000000 4325.332520 0.000000 0.878320 0.000000 0.478073 0.815825 0.815825 0.815825
3205.864990 0.000000 4324.954590 0.000000 0.830633 0.000000 0.556820 0.856989 0.856989 0.856989
3232.555176 0.000000 4327.311523 0.000000 0.975634 0.000000 0.219405 0.950298 0.950298 0.950298
3230.816162 0.000000 4327.924805 0.000000 0.937717 0.000000 0.347400 0.894594 0.894594 0.894594
3241.065918 0.000000 4325.537598 0.000000 0.736334 0.000000 0.676618 0.736543 0.736543 0.736543
3213.436035 0.000000 4324.057617 0.000000 0.812374 0.000000 0.583136 0.796385 0.796385 0.796385
3214.543945 0.000000 4325.310059 0.000000 0.839421 0.000000 0.543482 0.701631 0.701631 0.701631
3267.616943 0.000000 4327.821289 0.000000 0.983571 0.000000 0.180521 0.946980 0.946980 0.946980
3264.721680 0.000000 4331.152832 0.000000 0.849077 0.000000 0.528270 0.881894 0.881894 0.881894
3268.238037 0.000000 4326.119629 0.000000 0.764371 0.000000 0.644777 0.772577 0.772577 0.772577
3264.812988 0.000000 4339.310547 0.000000 0.994753 0.000000 0.102310 0.975948 0.975948 0.975948
3266.987549 0.000000 4330.995605 0.000000 0.788144 0.000000 0.615491 0.927170 0.927170 0.927170
3267.583008 0.000000 4338.235352 0.000000 0.983202 0.000000 0.182522 0.975713 0.975713 0.975713
3265.195557 0.000000 4332.474609 0.000000 0.975326 0.000000 0.220768 0.954430 0.954430 0.954430
3273.189453 0.000000 4340.809082 0.000000 0.939996 0.000000 0.341186 0.909599 0.909599 0.909599
3267.560303 0.000000 4326.840820 0.000000 0.918557 0.000000 0.395288 0.881297 0.881297 0.881297
3273.293457 0.000000 4341.746094 0.000000 0.995206 0.000000 0.097801 0.974566 0.974566 0.974566
3518.537598 0.000000 4547.369629 0.000000 0.893838 0.000000 0.448390 0.961694 0.961694 0.961694
3519.603760 0.000000 4540.024902 0.000000 0.967670 0.000000 0.252221 0.977084 0.977084 0.977084
3534.149902 0.000000 4540.001953 0.000000 0.878515 0.000000 0.477714 0.953994 0.953994 0.953994
3526.194824 0.000000 4541.937012 0.000000 0.789454 0.000000 0.613809 0.953803 0.953803 0.953803
3538.362549 0.000000 4535.380371 0.000000 0.974943 0.000000 0.222454 0.977598 0.977598 0.977598
3532.106934 0.000000 4546.884766 0.000000 0.941561 0.000000 0.336844 0.967407 0.967407 0.967407
3530.046387 0.000000 4545.516602 0.000000 0.836527 0.000000 0.547925 0.797322 0.797322 0.797322
3528.160156 0.000000 4549.802734 0.000000 0.954626 0.000000 0.297806 0.969047 0.969047 0.969047
3533.793457 0.000000 4547.592773 0.000000 0.900955 0.000000 0.433912 0.957420 0.957420 0.957420
3536.786865 0.000000 4536.052734 0.000000 0.862734 0.000000 0.505657 0.927206 0.927206 0.927206
3530.464844 0.000000 4546.833008 0.000000 0.971065 0.000000 0.238815 0.974113 0.974113 0.974113
3529.707275 0.000000 4538.888672 0.000000 0.807652 0.000000 0.589660 0.911833 0.911833 0.911833
3528.128662 0.000000 4539.143066 0.000000 0.956630 0.000000 0.291307 0.958674 0.958674 0.958674
3523.966309 0.000000 4544.345703 0.000000 0.951654 0.000000 0.307172 0.940760 0.940760 0.940760
3521.418213 0.000000 4540.708984 0.000000 0.785925 0.000000 0.618322 0.896819 0.896819 0.896819
3511.304199 0.000000 4595.863281 0.000000 0.874904 0.000000 0.484297 0.844755 0.844755 0.844755
3505.976562 0.000000 4583.901367 0.000000 0.984968 0.000000 0.172736 0.968794 0.968794 0.968794
3475.028809 0.000000 4588.224609 0.000000 0.970677 0.000000 0.240387 0.968484 0.968484 0.968484
3487.914307 0.000000 4594.268555 0.000000 0.906202 0.000000 0.422845 0.898635 0.898635 0.898635
3500.517578 0.000000 4584.009766 0.000000 0.955996 0.000000 0.293378 0.985133 0.985133 0.985133
3503.128906 0.000000 4587.550781 0.000000 0.968660 0.000000 0.248392 0.969292 0.969292 0.969292
3472.799805 0.000000 4597.845215 0.000000 0.937575 0.000000 0.347782 0.960095 0.960095 0.960095
3483.550537 0.000000 4587.264648 0.000000 0.972273 0.000000 0.233849 0.955215 0.955215 0.955215
3485.282959 0.000000 4591.324707 0.000000 0.937791 0.000000 0.347200 0.994689 0.994689 0.994689
3489.802002 0.000000 4591.323242 0.000000 0.868027 0.000000 0.496516 0.926062 0.926062 0.926062
3518.910645 0.000000 4582.108398 0.000000 0.797102 0.000000 0.603845 0.940114 0.940114 0.940114
3474.257324 0.000000 4591.361816 0.000000 0.923703 0.000000 0.383110 0.884178 0.884178 0.884178
3501.199951 0.000000 4598.374023 0.000000 0.933608 0.000000 0.358297 0.953343 0.953343 0.953343
3482.755859 0.000000 4584.402832 0.000000 0.848807 0.000000 0.528702 0.974966 0.974966 0.974966
3476.443848 0.000000 4585.940430 0.000000 0.742364 0.000000 0.669997 0.910184 0.910184 0.910184
3516.576172 0.000000 4562.841797 0.000000 0.989037 0.000000 0.147667 0.985570 0.985570 0.985570
3507.782471 0.000000 4582.383789 0.000000 0.772216 0.000000 0.635360 0.872808 0.872808 0.872808
3469.658447 0.000000 4588.333984 0.000000 0.990313 0.000000 0.138851 0.992697 0.992697 0.992697
3487.523682 0.000000 4590.880371 0.000000 0.956732 0.000000 0.290972 0.967568 0.967568 0.967568
3508.858398 0.000000 4587.731934 0.000000 0.995122 0.000000 0.098654 0.986432 0.986432 0.986432
3514.803711 0.000000 4564.193848 0.000000 0.910449 0.000000 0.413621 0.911638 0.911638 0.911638
3509.357910 0.000000 4596.613770 0.000000 0.994264 0.000000 0.106956 0.984216 0.984216 0.984216
3497.333984 0.000000 4583.602539 0.000000 0.756938 0.000000 0.653487 0.953772 0.953772 0.953772
3477.566650 0.000000 4598.224121 0.000000 0.973224 0.000000 0.229858 0.948466 0.948466 0.948466
3491.420654 0.000000 4590.100586 0.000000 0.951697 0.000000 0.307040 0.978185 0.978185 0.978185
3515.136719 0.000000 4566.160156 0.000000 0.984876 0.000000 0.173263 0.982175 0.982175 0.982175
3504.262695 0.000000 4583.924805 0.000000 0.989904 0.000000 0.141737 0.974436 0.974436 0.974436
3492.716797 0.000000 4588.982910 0.000000 0.956206 0.000000 0.292694 0.945865 0.945865 0.945865
3516.384033 0.000000 4569.480469 0.000000 0.840393 0.000000 0.541978 0.897040 0.897040 0.897040
3517.720703 0.000000 4555.441406 0.000000 0.985500 0.000000 0.169673 0.973184 0.973184 0.973184
3470.172119 0.000000 4589.771973 0.000000 0.994695 0.000000 0.102870 0.978132 0.978132 0.978132
3494.588623 0.000000 4583.990234 0.000000 0.790749 0.000000 0.612141 0.927636 0.927636 0.927636
3483.535645 0.000000 4597.875488 0.000000 0.979229 0.000000 0.202759 0.979611 0.979611 0.979611
3466.739258 0.000000 4590.281250 0.000000 0.776680 0.000000 0.629895 0.931952 0.931952 0.931952
3519.705811 0.000000 4558.003906 0.000000 0.948594 0.000000 0.316496 0.930858 0.930858 0.930858
3476.055176 0.000000 4591.633301 0.000000 0.920137 0.000000 0.391597 0.922651 0.922651 0.922651
3494.990723 0.000000 4586.869141 0.000000 0.981328 0.000000 0.192340 0.970525 0.970525 0.970525
3489.253418 0.000000 4594.512695 0.000000 0.927829 0.000000 0.373005 0.900753 0.900753 0.900753
3513.192627 0.000000 4593.741211 0.000000 0.750857 0.000000 0.660464 0.882928 0.882928 0.882928
3476.301270 0.000000 4598.556152 0.000000 0.749113 0.000000 0.662443 0.839116 0.839116 0.839116
3518.672852 0.000000 4568.434082 0.000000 0.994438 0.000000 0.105327 0.984457 0.984457 0.984457
3515.576904 0.000000 4580.383789 0.000000 0.861384 0.000000 0.507954 0.886935 0.886935 0.886935
3493.322266 0.000000 4583.190918 0.000000 0.984043 0.000000 0.177931 0.971865 0.971865 0.971865
3498.781738 0.000000 4582.822266 0.000000 0.956696 0.000000 0.291090 0.957968 0.957968 0.957968
3479.399902 0.000000 4592.220703 0.000000 0.845310 0.000000 0.534277 0.891647 0.891647 0.891647
3461.398193 0.000000 4594.485840 0.000000 0.896357 0.000000 0.443332 0.896797 0.896797 0.896797
3482.137695 0.000000 4587.214844 0.000000 0.994582 0.000000 0.103954 0.980240 0.980240 0.980240
3475.248535 0.000000 4585.937500 0.000000 0.987690 0.000000 0.156425 0.967845 0.967845 0.967845
3473.471680 0.000000 4595.370117 0.000000 0.970970 0.000000 0.239202 0.963215 0.963215 0.963215
3470.851807 0.000000 4588.584473 0.000000 0.882516 0.000000 0.470283 0.896101 0.896101 0.896101
3470.435059 0.000000 4596.169434 0.000000 0.860664 0.000000 0.509173 0.914642 0.914642 0.914642
3471.511963 0.000000 4592.011719 0.000000 0.764203 0.000000 0.644976 0.868746 0.868746 0.868746
3510.162354 0.000000 4595.778809 0.000000 0.919774 0.000000 0.392449 0.876159 0.876159 0.876159
3519.425049 0.000000 4559.590820 0.000000 0.918825 0.000000 0.394665 0.912894 0.912894 0.912894
3484.171143 0.000000 4596.472656 0.000000 0.989369 0.000000 0.145425 0.958464 0.958464 0.958464
3515.319092 0.000000 4581.778809 0.000000 0.964817 0.000000 0.262921 0.943543 0.943543 0.943543
3491.437500 0.000000 4585.939453 0.000000 0.896242 0.000000 0.443566 0.916244 0.916244 0.916244
3488.744385 0.000000 4599.005371 0.000000 0.845321 0.000000 0.534258 0.846623 0.846623 0.846623
3518.394531 0.000000 4559.789551 0.000000 0.990777 0.000000 0.135505 0.970817 0.970817 0.970817
3475.190186 0.000000 4591.007812 0.000000 0.895442 0.000000 0.445179 0.864083 0.864083 0.864083
3512.357422 0.000000 4566.467285 0.000000 0.993517 0.000000 0.113686 0.975823 0.975823 0.975823
3473.539062 0.000000 4592.042969 0.000000 0.979495 0.000000 0.201470 0.925046 0.925046 0.925046
3500.590332 0.000000 4589.694824 0.000000 0.995861 0.000000 0.090885 0.976824 0.976824 0.976824
3461.594971 0.000000 4598.462402 0.000000 0.954532 0.000000 0.298108 0.918381 0.918381 0.918381
3485.685059 0.000000 4595.586426 0.000000 0.742502 0.000000 0.669844 0.715968 0.715968 0.715968
3528.395020 0.000000 4556.013672 0.000000 0.764734 0.000000 0.644346 0.896868 0.896868 0.896868
3527.156738 0.000000 4561.084961 0.000000 0.945657 0.000000 0.325167 0.926412 0.926412 0.926412
3520.640137 0.000000 4580.259766 0.000000 0.914044 0.000000 0.405615 0.958293 0.958293 0.958293
3523.577148 0.000000 4577.090820 0.000000 0.802226 0.000000 0.597020 0.881804 0.881804 0.881804
3522.014160 0.000000 4570.660645 0.000000 0.755056 0.000000 0.655660 0.887534 0.887534 0.887534
3530.338379 0.000000 4563.097656 0.000000 0.992229 0.000000 0.124427 0.979756 0.979756 0.979756
3524.587891 0.000000 4567.331543 0.000000 0.750085 0.000000 0.661342 0.805166 0.805166 0.805166
3529.574463 0.000000 4561.859375 0.000000 0.992208 0.000000 0.124593 0.977234 0.977234 0.977234
3526.119385 0.000000 4568.852539 0.000000 0.778764 0.000000 0.627317 0.825630 0.825630 0.825630
3525.378418 0.000000 4567.964355 0.000000 0.866777 0.000000 0.498696 0.859229 0.859229 0.859229
3529.914551 0.000000 4558.612305 0.000000 0.957951 0.000000 0.286933 0.926618 0.926618 0.926618
3527.980957 0.000000 4566.079590 0.000000 0.919054 0.000000 0.394131 0.884700 0.884700 0.884700
3450.855713 0.000000 4628.786621 0.000000 0.783420 0.000000 0.621492 0.933028 0.933028 0.933028
3455.140381 0.000000 4619.549805 0.000000 0.882356 0.000000 0.470582 0.931502 0.931502 0.931502
3453.137695 0.000000 4630.730469 0.000000 0.887431 0.000000 0.460940 0.925849 0.925849 0.925849
3454.768066 0.000000 4632.979980 0.000000 0.986433 0.000000 0.164166 0.960476 0.960476 0.960476
3464.825439 0.000000 4632.309082 0.000000 0.857200 0.000000 0.514984 0.940573 0.940573 0.940573
3493.025635 0.000000 4607.003418 0.000000 0.932381 0.000000 0.361478 0.889198 0.889198 0.889198
3500.701660 0.000000 4600.086914 0.000000 0.993728 0.000000 0.111826 0.987411 0.987411 0.987411
3463.664062 0.000000 4611.259277 0.000000 0.755284 0.000000 0.655398 0.975020 0.975020 0.975020
3491.822021 0.000000 4603.237305 0.000000 0.763755 0.000000 0.645506 0.870367 0.870367 0.870367
3478.870850 0.000000 4606.240723 0.000000 0.911933 0.000000 0.410338 0.950387 0.950387 0.950387
3495.482178 0.000000 4609.336426 0.000000 0.940115 0.000000 0.340858 0.983501 0.983501 0.983501
3461.199463 0.000000 4621.652832 0.000000 0.841296 0.000000 0.540575 0.865972 0.865972 0.865972
3491.048828 0.000000 4600.003906 0.000000 0.904436 0.000000 0.426610 0.940582 0.940582 0.940582
3494.924072 0.000000 4604.246582 0.000000 0.813922 0.000000 0.580974 0.916426 0.916426 0.916426
3473.635498 0.000000 4605.049316 0.000000 0.891106 0.000000 0.453796 0.882407 0.882407 0.882407
3460.837646 0.000000 4610.047852 0.000000 0.821071 0.000000 0.570827 0.945399 0.945399 0.945399
3506.114258 0.000000 4611.856934 0.000000 0.974949 0.000000 0.222429 0.992160 0.992160 0.992160
3469.416504 0.000000 4612.134766 0.000000 0.879648 0.000000 0.475625 0.985150 0.985150 0.985150
3467.533447 0.000000 4602.888184 0.000000 0.984658 0.000000 0.174497 0.992994 0.992994 0.992994
3462.194824 0.000000 4633.937012 0.000000 0.748045 0.000000 0.663648 0.943837 0.943837 0.943837
3472.897461 0.000000 4607.259277 0.000000 0.992920 0.000000 0.118788 0.992271 0.992271 0.992271
3469.856445 0.000000 4621.354492 0.000000 0.930863 0.000000 0.365367 0.948642 0.948642 0.948642
3466.871338 0.000000 4625.828613 0.000000 0.981381 0.000000 0.192071 0.991797 0.991797 0.991797
3462.758545 0.000000 4631.538574 0.000000 0.924420 0.000000 0.381375 0.930643 0.930643 0.930643
3492.830566 0.000000 4601.335449 0.000000 0.847708 0.000000 0.530464 0.879949 0.879949 0.879949
3472.005371 0.000000 4603.773438 0.000000 0.878570 0.000000 0.477614 0.874445 0.874445 0.874445
3494.550781 0.000000 4611.270508 0.000000 0.818558 0.000000 0.574423 0.922091 0.922091 0.922091
3482.637939 0.000000 4603.528809 0.000000 0.799278 0.000000 0.600961 0.937228 0.937228 0.937228
3465.068115 0.000000 4606.696777 0.000000 0.928228 0.000000 0.372011 0.966693 0.966693 0.966693
3480.821045 0.000000 4606.510254 0.000000 0.844397 0.000000 0.535718 0.930839 0.930839 0.930839
3502.125000 0.000000 4606.086914 0.000000 0.915913 0.000000 0.401377 0.934008 0.934008 0.934008
3506.155518 0.000000 4613.737305 0.000000 0.993462 0.000000 0.114165 0.982862 0.982862 0.982862
3471.020996 0.000000 4607.144531 0.000000 0.928238 0.000000 0.371987 0.971453 0.971453 0.971453
3507.976562 0.000000 4612.500488 0.000000 0.980477 0.000000 0.196632 0.970353 0.970353 0.970353
3479.387451 0.000000 4615.712402 0.000000 0.929281 0.000000 0.369374 0.890434 0.890434 0.890434
3467.849854 0.000000 4627.516113 0.000000 0.974172 0.000000 0.225807 0.895370 0.895370 0.895370
3484.628906 0.000000 4605.631348 0.000000 0.991421 0.000000 0.130708 0.980365 0.980365 0.980365
3485.730957 0.000000 4611.115723 0.000000 0.839356 0.000000 0.543583 0.882349 0.882349 0.882349
3499.686768 0.000000 4603.833984 0.000000 0.949626 0.000000 0.313386 0.977718 0.977718 0.977718
3502.945068 0.000000 4609.503906 0.000000 0.993875 0.000000 0.110513 0.982030 0.982030 0.982030
3469.760498 0.000000 4603.555176 0.000000 0.947426 0.000000 0.319974 0.945520 0.945520 0.945520
3472.048584 0.000000 4605.790039 0.000000 0.946178 0.000000 0.323647 0.917719 0.917719 0.917719
3510.950928 0.000000 4610.153320 0.000000 0.993838 0.000000 0.110838 0.986690 0.986690 0.986690
3501.203857 0.000000 4601.628418 0.000000 0.970969 0.000000 0.239204 0.972864 0.972864 0.972864
3456.378174 0.000000 4631.851562 0.000000 0.894942 0.000000 0.446183 0.920330 0.920330 0.920330
3467.391113 0.000000 4629.055176 0.000000 0.861882 0.000000 0.507109 0.783579 0.783579 0.783579
3509.174316 0.000000 4613.547363 0.000000 0.847064 0.000000 0.531491 0.900673 0.900673 0.900673
3486.039307 0.000000 4614.279297 0.000000 0.911529 0.000000 0.411237 0.923819 0.923819 0.923819
3470.668213 0.000000 4612.893066 0.000000 0.985834 0.000000 0.167723 0.957087 0.957087 0.957087
3470.296875 0.000000 4608.621094 0.000000 0.828747 0.000000 0.559624 0.927344 0.927344 0.927344
3492.092041 0.000000 4608.174805 0.000000 0.980270 0.000000 0.197665 0.954796 0.954796 0.954796
3461.683350 0.000000 4632.542969 0.000000 0.935984 0.000000 0.352042 0.956889 0.956889 0.956889
3489.411377 0.000000 4601.366699 0.000000 0.968977 0.000000 0.247151 0.971943 0.971943 0.971943
3486.763672 0.000000 4612.157715 0.000000 0.956283 0.000000 0.292442 0.894048 0.894048 0.894048
3495.798584 0.000000 4605.361816 0.000000 0.752737 0.000000 0.658321 0.903125 0.903125 0.903125
3464.128662 0.000000 4631.143066 0.000000 0.915238 0.000000 0.402914 0.933740 0.933740 0.933740
3500.217041 0.000000 4617.468262 0.000000 0.981390 0.000000 0.192026 0.958996 0.958996 0.958996
3493.464844 0.000000 4614.518555 0.000000 0.940289 0.000000 0.340377 0.957512 0.957512 0.957512
3479.250488 0.000000 4603.644043 0.000000 0.926493 0.000000 0.376311 0.934503 0.934503 0.934503
3465.570312 0.000000 4626.621094 0.000000 0.804051 0.000000 0.594561 0.839450 0.839450 0.839450
3498.138184 0.000000 4601.732422 0.000000 0.933650 0.000000 0.358188 0.924092 0.924092 0.924092
3486.383789 0.000000 4616.547852 0.000000 0.820004 0.000000 0.572357 0.902634 0.902634 0.902634
3464.445312 0.000000 4621.466797 0.000000 0.971467 0.000000 0.237173 0.937230 0.937230 0.937230
3511.759033 0.000000 4609.197754 0.000000 0.849922 0.000000 0.526909 0.907173 0.907173 0.907173
3492.319092 0.000000 4600.135742 0.000000 0.982163 0.000000 0.188033 0.959387 0.959387 0.959387
3473.354736 0.000000 4603.817383 0.000000 0.953149 0.000000 0.302500 0.922510 0.922510 0.922510
3493.223389 0.000000 4605.767578 0.000000 0.993445 0.000000 0.114308 0.973688 0.973688 0.973688
3461.398193 0.000000 4640.485840 0.000000 0.892293 0.000000 0.451456 0.914636 0.914636 0.914636
3495.451904 0.000000 4603.166992 0.000000 0.992275 0.000000 0.124054 0.982301 0.982301 0.982301
3460.832031 0.000000 4643.901855 0.000000 0.963818 0.000000 0.266562 0.930616 0.930616 0.930616
3457.130859 0.000000 4618.790527 0.000000 0.910775 0.000000 0.412903 0.920303 0.920303 0.920303
3510.742432 0.000000 4605.042480 0.000000 0.982766 0.000000 0.184854 0.959153 0.959153 0.959153
3473.149902 0.000000 4612.759766 0.000000 0.837860 0.000000 0.545885 0.858721 0.858721 0.858721
3491.997314 0.000000 4606.470215 0.000000 0.939463 0.000000 0.342651 0.940627 0.940627 0.940627
3469.670654 0.000000 4625.098145 0.000000 0.996083 0.000000 0.088418 0.980770 0.980770 0.980770
3485.192871 0.000000 4611.976562 0.000000 0.964056 0.000000 0.265698 0.944946 0.944946 0.944946
3461.347412 0.000000 4620.547363 0.000000 0.947560 0.000000 0.319577 0.923664 0.923664 0.923664
3468.221191 0.000000 4601.192871 0.000000 0.916013 0.000000 0.401148 0.904163 0.904163 0.904163
3479.571533 0.000000 4614.722168 0.000000 0.787101 0.000000 0.616824 0.807503 0.807503 0.807503
3461.680908 0.000000 4604.967285 0.000000 0.879992 0.000000 0.474988 0.810943 0.810943 0.810943
3460.889160 0.000000 4607.383789 0.000000 0.812941 0.000000 0.582346 0.854123 0.854123 0.854123
3497.510498 0.000000 4602.408203 0.000000 0.993902 0.000000 0.110269 0.959726 0.959726 0.959726
3481.095215 0.000000 4614.021973 0.000000 0.909174 0.000000 0.416417 0.847738 0.847738 0.847738
"}
object={
	name="reeds_01_generator_1_2"
	render_pass=Map
	clamp_to_water_level=no
	generated_content=yes
	layer="grass_layer"
	pdxmesh="reeds_01_tall_grass_mesh"
	count=839
	transform="3120.385742 0.000000 4321.922363 0.000000 0.562936 0.000000 -0.826501 1.136013 1.136013 1.136013
3132.676758 0.000000 4319.996582 0.000000 0.942276 0.000000 -0.334837 1.049439 1.049439 1.049439
3134.537598 0.000000 4317.369629 0.000000 0.953359 0.000000 -0.301838 1.058943 1.058943 1.058943
3132.030762 0.000000 4316.962402 0.000000 0.608667 0.000000 -0.793426 1.130409 1.130409 1.130409
3120.653809 0.000000 4323.501953 0.000000 0.125136 0.000000 -0.992140 1.216500 1.216500 1.216500
3131.572510 0.000000 4318.576172 0.000000 0.153811 0.000000 -0.988100 1.321780 1.321780 1.321780
3120.708252 0.000000 4320.521484 0.000000 0.425195 0.000000 -0.905102 1.158208 1.158208 1.158208
3135.304932 0.000000 4316.354980 0.000000 0.996222 0.000000 -0.086845 1.016716 1.016716 1.016716
3119.756348 0.000000 4320.968750 0.000000 0.882774 0.000000 -0.469797 1.115992 1.115992 1.115992
3116.499023 0.000000 4321.603516 0.000000 0.795291 0.000000 -0.606227 1.182114 1.182114 1.182114
3119.298828 0.000000 4321.896484 0.000000 0.968856 0.000000 -0.247625 1.059347 1.059347 1.059347
3156.968506 0.000000 4320.449707 0.000000 0.286639 0.000000 -0.958039 1.118244 1.118244 1.118244
3181.271973 0.000000 4315.504883 0.000000 0.985406 0.000000 -0.170221 1.011957 1.011957 1.011957
3160.938232 0.000000 4305.962402 0.000000 0.887195 0.000000 -0.461395 1.102965 1.102965 1.102965
3167.914307 0.000000 4318.268555 0.000000 0.068108 0.000000 -0.997678 1.266349 1.266349 1.266349
3148.014404 0.000000 4322.589355 0.000000 0.903318 0.000000 -0.428972 1.023244 1.023244 1.023244
3170.803955 0.000000 4308.936035 0.000000 0.569910 0.000000 -0.821707 1.211875 1.211875 1.211875
3177.832031 0.000000 4312.935059 0.000000 0.999704 0.000000 0.024328 0.994837 0.994837 0.994837
3163.550537 0.000000 4311.264648 0.000000 0.368120 0.000000 -0.929778 1.277178 1.277178 1.277178
3193.414551 0.000000 4316.232422 0.000000 0.974199 0.000000 -0.225690 1.006820 1.006820 1.006820
3186.772705 0.000000 4312.739746 0.000000 0.971451 0.000000 -0.237241 1.066376 1.066376 1.066376
3176.390625 0.000000 4317.006836 0.000000 0.388927 0.000000 -0.921269 1.289504 1.289504 1.289504
3188.171143 0.000000 4322.156738 0.000000 0.280098 0.000000 -0.959971 1.212045 1.212045 1.212045
3144.030518 0.000000 4314.123535 0.000000 0.461948 0.000000 -0.886907 1.111633 1.111633 1.111633
3196.474609 0.000000 4303.510742 0.000000 0.993485 0.000000 -0.113964 1.008839 1.008839 1.008839
3151.669189 0.000000 4313.452148 0.000000 0.975097 0.000000 -0.221777 1.028474 1.028474 1.028474
3164.714355 0.000000 4319.500000 0.000000 0.633222 0.000000 -0.773971 1.066290 1.066290 1.066290
3189.979492 0.000000 4316.852539 0.000000 0.384659 0.000000 -0.923059 1.132113 1.132113 1.132113
3175.607910 0.000000 4322.420410 0.000000 0.999443 0.000000 -0.033377 1.005584 1.005584 1.005584
3149.170654 0.000000 4306.847656 0.000000 0.970747 0.000000 -0.240103 1.016344 1.016344 1.016344
3154.421387 0.000000 4318.666504 0.000000 0.726484 0.000000 -0.687183 1.030262 1.030262 1.030262
3162.755859 0.000000 4308.402832 0.000000 0.537736 0.000000 -0.843114 1.040066 1.040066 1.040066
3144.581299 0.000000 4301.126465 0.000000 0.916419 0.000000 -0.400221 1.010280 1.010280 1.010280
3137.790771 0.000000 4308.985840 0.000000 0.325404 0.000000 -0.945575 1.284658 1.284658 1.284658
3147.102783 0.000000 4308.572266 0.000000 0.974907 0.000000 -0.222612 1.032506 1.032506 1.032506
3166.872070 0.000000 4321.376465 0.000000 0.685183 0.000000 -0.728371 1.077407 1.077407 1.077407
3183.528809 0.000000 4316.967773 0.000000 0.209084 0.000000 -0.977898 1.101871 1.101871 1.101871
3151.662109 0.000000 4307.269531 0.000000 0.601236 0.000000 -0.799072 1.071647 1.071647 1.071647
3199.800049 0.000000 4308.330566 0.000000 0.402633 0.000000 -0.915362 1.077950 1.077950 1.077950
3190.613770 0.000000 4322.097168 0.000000 0.788951 0.000000 -0.614456 1.095814 1.095814 1.095814
3176.339844 0.000000 4311.251953 0.000000 0.249906 0.000000 -0.968270 1.401500 1.401500 1.401500
3197.859863 0.000000 4301.742676 0.000000 0.477589 0.000000 -0.878583 1.171425 1.171425 1.171425
3164.054199 0.000000 4301.864258 0.000000 0.935966 0.000000 -0.352092 1.070065 1.070065 1.070065
3157.130127 0.000000 4318.294434 0.000000 0.547484 0.000000 -0.836816 1.198015 1.198015 1.198015
3161.473389 0.000000 4310.140137 0.000000 0.377694 0.000000 -0.925931 1.062047 1.062047 1.062047
3142.671387 0.000000 4315.740723 0.000000 0.442539 0.000000 -0.896749 1.069427 1.069427 1.069427
3198.508789 0.000000 4303.957520 0.000000 0.704906 0.000000 -0.709300 1.147641 1.147641 1.147641
3140.765381 0.000000 4323.079590 0.000000 0.529624 0.000000 -0.848233 1.169383 1.169383 1.169383
3184.875488 0.000000 4312.327637 0.000000 0.144931 0.000000 -0.989442 1.181482 1.181482 1.181482
3144.292969 0.000000 4312.200195 0.000000 0.990631 0.000000 -0.136568 1.012313 1.012313 1.012313
3179.589844 0.000000 4313.619629 0.000000 0.897347 0.000000 -0.441326 1.043362 1.043362 1.043362
3166.403809 0.000000 4300.498047 0.000000 0.999711 0.000000 0.024060 0.997237 0.997237 0.997237
3177.606201 0.000000 4318.462402 0.000000 0.949409 0.000000 -0.314043 1.070979 1.070979 1.070979
3188.851074 0.000000 4304.567871 0.000000 0.229405 0.000000 -0.973331 1.143779 1.143779 1.143779
3174.824463 0.000000 4316.018555 0.000000 0.370955 0.000000 -0.928651 1.145667 1.145667 1.145667
3167.315674 0.000000 4308.689453 0.000000 0.882496 0.000000 -0.470320 1.112465 1.112465 1.112465
3151.706787 0.000000 4309.030762 0.000000 0.989142 0.000000 -0.146964 1.018412 1.018412 1.018412
3145.850342 0.000000 4302.367188 0.000000 0.418726 0.000000 -0.908112 1.264395 1.264395 1.264395
3154.065674 0.000000 4323.312012 0.000000 0.788332 0.000000 -0.615250 1.134012 1.134012 1.134012
3176.721191 0.000000 4320.909668 0.000000 0.872938 0.000000 -0.487831 1.034351 1.034351 1.034351
3167.695312 0.000000 4303.673340 0.000000 0.999413 0.000000 -0.034260 1.004277 1.004277 1.004277
3166.611572 0.000000 4319.496582 0.000000 0.967657 0.000000 -0.252268 1.045204 1.045204 1.045204
3188.351807 0.000000 4317.515137 0.000000 1.000000 0.000000 0.000594 0.999933 0.999933 0.999933
3182.557129 0.000000 4304.869141 0.000000 0.453438 0.000000 -0.891288 1.098879 1.098879 1.098879
3161.692871 0.000000 4304.453125 0.000000 0.979329 0.000000 -0.202273 1.043730 1.043730 1.043730
3197.070312 0.000000 4318.343750 0.000000 0.973049 0.000000 -0.230598 1.034275 1.034275 1.034275
3161.528076 0.000000 4317.854492 0.000000 0.999360 0.000000 -0.035760 1.007947 1.007947 1.007947
3199.603760 0.000000 4310.024902 0.000000 0.999080 0.000000 -0.042878 1.008674 1.008674 1.008674
3186.397461 0.000000 4318.442383 0.000000 0.931168 0.000000 -0.364590 1.096896 1.096896 1.096896
3136.378174 0.000000 4309.851562 0.000000 0.953919 0.000000 -0.300064 1.069998 1.069998 1.069998
3150.323242 0.000000 4308.065430 0.000000 0.997170 0.000000 0.075180 0.990607 0.990607 0.990607
3176.263184 0.000000 4323.876953 0.000000 0.874488 0.000000 -0.485047 1.042986 1.042986 1.042986
3188.259521 0.000000 4313.276367 0.000000 0.846383 0.000000 -0.532575 1.270617 1.270617 1.270617
3167.156250 0.000000 4306.814941 0.000000 0.999372 0.000000 -0.035426 1.005750 1.005750 1.005750
3138.204590 0.000000 4321.599609 0.000000 0.525737 0.000000 -0.850647 1.154911 1.154911 1.154911
3164.789062 0.000000 4303.216309 0.000000 0.998545 0.000000 -0.053931 1.011315 1.011315 1.011315
3174.185791 0.000000 4318.847168 0.000000 0.755793 0.000000 -0.654810 1.080206 1.080206 1.080206
3169.370850 0.000000 4311.747070 0.000000 0.874993 0.000000 -0.484135 1.100935 1.100935 1.100935
3160.513428 0.000000 4313.922363 0.000000 0.362151 0.000000 -0.932119 1.176788 1.176788 1.176788
3166.267090 0.000000 4322.810547 0.000000 0.969528 0.000000 -0.244981 1.048814 1.048814 1.048814
3187.857422 0.000000 4316.142578 0.000000 0.622012 0.000000 -0.783008 1.161684 1.161684 1.161684
3170.723877 0.000000 4323.216309 0.000000 0.693897 0.000000 -0.720074 1.186651 1.186651 1.186651
3185.336670 0.000000 4313.683594 0.000000 0.476481 0.000000 -0.879185 1.136765 1.136765 1.136765
3144.912354 0.000000 4323.294434 0.000000 0.600298 0.000000 -0.799777 1.115705 1.115705 1.115705
3199.481689 0.000000 4318.349609 0.000000 0.991400 0.000000 -0.130866 1.023591 1.023591 1.023591
3165.392090 0.000000 4301.353027 0.000000 0.976143 0.000000 -0.217131 1.042622 1.042622 1.042622
3144.043457 0.000000 4302.427246 0.000000 0.971439 0.000000 -0.237287 1.055624 1.055624 1.055624
3143.429932 0.000000 4322.637207 0.000000 0.988726 0.000000 -0.149733 1.034146 1.034146 1.034146
3186.694580 0.000000 4305.260254 0.000000 0.065977 0.000000 -0.997821 1.195350 1.195350 1.195350
3155.263916 0.000000 4320.576172 0.000000 0.871493 0.000000 -0.490407 1.097251 1.097251 1.097251
3157.751221 0.000000 4319.398926 0.000000 0.701661 0.000000 -0.712511 1.158395 1.158395 1.158395
3176.358154 0.000000 4318.367188 0.000000 0.896024 0.000000 -0.444005 1.102223 1.102223 1.102223
3148.847656 0.000000 4311.339844 0.000000 0.331728 0.000000 -0.943375 1.215418 1.215418 1.215418
3138.885742 0.000000 4318.091797 0.000000 0.819152 0.000000 -0.573576 1.096078 1.096078 1.096078
3155.194824 0.000000 4323.866211 0.000000 0.870730 0.000000 -0.491761 1.103964 1.103964 1.103964
3198.722412 0.000000 4302.739258 0.000000 0.929267 0.000000 -0.369409 1.070847 1.070847 1.070847
3162.137695 0.000000 4311.214844 0.000000 0.979125 0.000000 -0.203259 1.047524 1.047524 1.047524
3179.224609 0.000000 4310.654785 0.000000 0.999929 0.000000 -0.011934 1.003456 1.003456 1.003456
3167.270264 0.000000 4309.941895 0.000000 0.929229 0.000000 -0.369504 1.086929 1.086929 1.086929
3139.346680 0.000000 4315.677246 0.000000 0.674453 0.000000 -0.738317 1.143076 1.143076 1.143076
3198.380127 0.000000 4318.513184 0.000000 0.999895 0.000000 0.014482 0.997397 0.997397 0.997397
3192.414307 0.000000 4315.740234 0.000000 0.113850 0.000000 -0.993498 1.330941 1.330941 1.330941
3183.675537 0.000000 4323.021484 0.000000 0.050777 0.000000 -0.998710 1.368090 1.368090 1.368090
3149.937500 0.000000 4311.267578 0.000000 0.995819 0.000000 -0.091345 1.015985 1.015985 1.015985
3136.650146 0.000000 4308.812988 0.000000 0.540749 0.000000 -0.841184 1.229560 1.229560 1.229560
3176.382568 0.000000 4313.463867 0.000000 0.978581 0.000000 -0.205861 1.044000 1.044000 1.044000
3177.246338 0.000000 4310.700195 0.000000 0.920874 0.000000 -0.389860 1.121978 1.121978 1.121978
3166.458008 0.000000 4309.214355 0.000000 0.890508 0.000000 -0.454968 1.108487 1.108487 1.108487
3186.554688 0.000000 4313.700195 0.000000 0.999998 0.000000 0.001929 0.999465 0.999465 0.999465
3137.480469 0.000000 4308.058105 0.000000 0.671618 0.000000 -0.740898 1.191648 1.191648 1.191648
3177.527344 0.000000 4311.897461 0.000000 0.598571 0.000000 -0.801070 1.282978 1.282978 1.282978
3177.249512 0.000000 4317.556152 0.000000 0.999942 0.000000 -0.010729 1.002652 1.002652 1.002652
3143.926025 0.000000 4313.193848 0.000000 0.709550 0.000000 -0.704655 1.181549 1.181549 1.181549
3143.622070 0.000000 4317.657715 0.000000 0.403178 0.000000 -0.915122 1.282782 1.282782 1.282782
3151.330322 0.000000 4323.596191 0.000000 0.533916 0.000000 -0.845538 1.309400 1.309400 1.309400
3255.304199 0.000000 4273.863281 0.000000 0.390716 0.000000 -0.920511 1.160569 1.160569 1.160569
3247.128906 0.000000 4265.550781 0.000000 0.997475 0.000000 -0.071012 1.017389 1.017389 1.017389
3256.990967 0.000000 4277.005371 0.000000 0.999999 0.000000 -0.001073 1.000088 1.000088 1.000088
3245.199951 0.000000 4276.374023 0.000000 0.864827 0.000000 -0.502070 1.040708 1.040708 1.040708
3244.232422 0.000000 4265.243164 0.000000 0.860718 0.000000 -0.509082 1.032003 1.032003 1.032003
3259.569092 0.000000 4276.354004 0.000000 0.737712 0.000000 -0.675116 1.096213 1.096213 1.096213
3249.432129 0.000000 4264.350098 0.000000 0.969598 0.000000 -0.244704 1.035179 1.035179 1.035179
3257.848389 0.000000 4275.043945 0.000000 0.999479 0.000000 0.032271 0.998147 0.998147 0.998147
3248.875488 0.000000 4266.327637 0.000000 0.120275 0.000000 -0.992741 1.235337 1.235337 1.235337
3245.629395 0.000000 4271.320312 0.000000 0.659505 0.000000 -0.751700 1.082822 1.082822 1.082822
3252.351807 0.000000 4271.515137 0.000000 0.243664 0.000000 -0.969860 1.211652 1.211652 1.211652
3258.521484 0.000000 4277.367188 0.000000 0.974157 0.000000 -0.225871 1.029578 1.029578 1.029578
3246.625977 0.000000 4276.628906 0.000000 0.211900 0.000000 -0.977291 1.199922 1.199922 1.199922
3246.579590 0.000000 4264.394531 0.000000 0.991859 0.000000 -0.127342 1.031240 1.031240 1.031240
3254.747559 0.000000 4271.652832 0.000000 0.581238 0.000000 -0.813734 1.185101 1.185101 1.185101
3215.821289 0.000000 4304.711426 0.000000 0.839168 0.000000 -0.543872 1.018663 1.018663 1.018663
3258.855713 0.000000 4306.786621 0.000000 0.922394 0.000000 -0.386249 1.133655 1.133655 1.133655
3231.975098 0.000000 4312.368652 0.000000 0.980545 0.000000 -0.196294 1.048339 1.048339 1.048339
3240.356689 0.000000 4290.604492 0.000000 0.294023 0.000000 -0.955798 1.219180 1.219180 1.219180
3200.933838 0.000000 4320.710449 0.000000 0.988886 0.000000 -0.148673 1.018627 1.018627 1.018627
3219.028809 0.000000 4312.224609 0.000000 0.982525 0.000000 -0.186129 1.033653 1.033653 1.033653
3208.825439 0.000000 4310.309082 0.000000 0.937675 0.000000 -0.347512 1.018607 1.018607 1.018607
3232.116455 0.000000 4289.508301 0.000000 0.139375 0.000000 -0.990240 1.117892 1.117892 1.117892
3245.633057 0.000000 4295.389160 0.000000 0.997612 0.000000 -0.069069 1.000518 1.000518 1.000518
3215.644775 0.000000 4317.188477 0.000000 0.786808 0.000000 -0.617198 1.048159 1.048159 1.048159
3242.642334 0.000000 4285.503906 0.000000 0.120763 0.000000 -0.992681 1.119438 1.119438 1.119438
3214.149902 0.000000 4310.001953 0.000000 0.266573 0.000000 -0.963815 1.035727 1.035727 1.035727
3244.517578 0.000000 4308.009766 0.000000 0.978661 0.000000 -0.205483 1.019634 1.019634 1.019634
3260.676758 0.000000 4319.996582 0.000000 0.743608 0.000000 -0.668616 1.027425 1.027425 1.027425
3212.014404 0.000000 4322.589355 0.000000 0.700055 0.000000 -0.714089 1.027798 1.027798 1.027798
3208.358154 0.000000 4298.146484 0.000000 0.999493 0.000000 0.031846 0.991810 0.991810 0.991810
3251.413818 0.000000 4286.959961 0.000000 0.998644 0.000000 -0.052053 1.018852 1.018852 1.018852
3254.166016 0.000000 4305.894531 0.000000 0.381311 0.000000 -0.924447 1.055953 1.055953 1.055953
3247.128906 0.000000 4311.550781 0.000000 0.998621 0.000000 -0.052498 1.010096 1.010096 1.010096
3221.367432 0.000000 4316.181152 0.000000 0.516993 0.000000 -0.855989 1.030781 1.030781 1.030781
3225.220947 0.000000 4319.629395 0.000000 0.947251 0.000000 -0.320492 1.019548 1.019548 1.019548
3204.560059 0.000000 4309.642578 0.000000 0.235413 0.000000 -0.971895 1.106505 1.106505 1.106505
3261.913086 0.000000 4309.802734 0.000000 0.143695 0.000000 -0.989622 1.081916 1.081916 1.081916
3227.550537 0.000000 4311.264648 0.000000 0.999982 0.000000 -0.006039 1.001266 1.001266 1.001266
3257.414551 0.000000 4316.232422 0.000000 0.278383 0.000000 -0.960470 1.331379 1.331379 1.331379
3236.490479 0.000000 4289.104004 0.000000 0.920874 0.000000 -0.389860 1.021996 1.021996 1.021996
3251.690186 0.000000 4282.349609 0.000000 0.546596 0.000000 -0.837396 1.019823 1.019823 1.019823
3250.772705 0.000000 4312.739746 0.000000 0.997659 0.000000 -0.068380 1.003246 1.003246 1.003246
3240.390625 0.000000 4317.006836 0.000000 0.998328 0.000000 0.057804 0.985416 0.985416 0.985416
3253.367188 0.000000 4309.584961 0.000000 0.982251 0.000000 -0.187570 1.016958 1.016958 1.016958
3220.470459 0.000000 4323.930176 0.000000 0.416939 0.000000 -0.908934 1.065501 1.065501 1.065501
3239.334229 0.000000 4300.726562 0.000000 0.999133 0.000000 0.041625 0.989813 0.989813 0.989813
3217.461670 0.000000 4309.191406 0.000000 0.282811 0.000000 -0.959176 1.269283 1.269283 1.269283
3234.142334 0.000000 4286.778809 0.000000 0.722405 0.000000 -0.691470 1.089590 1.089590 1.089590
3242.042969 0.000000 4305.821289 0.000000 0.871455 0.000000 -0.490475 1.124142 1.124142 1.124142
3243.152588 0.000000 4288.775879 0.000000 0.220199 0.000000 -0.975455 1.249179 1.249179 1.249179
3223.409912 0.000000 4322.584961 0.000000 0.938604 0.000000 -0.344998 1.039572 1.039572 1.039572
3262.286865 0.000000 4322.678711 0.000000 0.999178 0.000000 -0.040537 1.015589 1.015589 1.015589
3259.951172 0.000000 4300.495605 0.000000 0.555938 0.000000 -0.831223 1.100445 1.100445 1.100445
3226.755859 0.000000 4308.402832 0.000000 0.092912 0.000000 -0.995674 1.177085 1.177085 1.177085
3244.871338 0.000000 4304.608887 0.000000 0.153179 0.000000 -0.988199 1.053065 1.053065 1.053065
3248.611328 0.000000 4286.737305 0.000000 0.832620 0.000000 -0.553845 1.098183 1.098183 1.098183
3243.498291 0.000000 4317.680664 0.000000 0.874157 0.000000 -0.485644 1.051906 1.051906 1.051906
3236.463867 0.000000 4303.091309 0.000000 0.586070 0.000000 -0.810260 1.198091 1.198091 1.198091
3211.102783 0.000000 4308.572266 0.000000 0.987921 0.000000 -0.154956 1.010876 1.010876 1.010876
3232.625732 0.000000 4307.354980 0.000000 0.943443 0.000000 -0.331536 1.012655 1.012655 1.012655
3256.812500 0.000000 4295.821777 0.000000 0.643651 0.000000 -0.765319 1.091385 1.091385 1.091385
3211.687012 0.000000 4298.744141 0.000000 0.984251 0.000000 -0.176776 1.015528 1.015528 1.015528
3222.769043 0.000000 4308.002930 0.000000 0.401601 0.000000 -0.915815 1.271644 1.271644 1.271644
3213.061768 0.000000 4304.147949 0.000000 0.999998 0.000000 -0.002213 1.000111 1.000111 1.000111
3253.971924 0.000000 4280.648438 0.000000 0.960468 0.000000 -0.278391 1.013382 1.013382 1.013382
3233.426758 0.000000 4291.757812 0.000000 0.585805 0.000000 -0.810452 1.127388 1.127388 1.127388
3256.684570 0.000000 4305.223633 0.000000 0.999700 0.000000 0.024511 0.996879 0.996879 0.996879
3252.441650 0.000000 4314.829590 0.000000 0.321167 0.000000 -0.947022 1.518584 1.518584 1.518584
3246.884766 0.000000 4309.085449 0.000000 0.208339 0.000000 -0.978057 1.428098 1.428098 1.428098
3215.530518 0.000000 4319.699219 0.000000 0.880884 0.000000 -0.473332 1.051701 1.051701 1.051701
3225.237793 0.000000 4312.433594 0.000000 0.967035 0.000000 -0.254642 1.058495 1.058495 1.058495
3257.441650 0.000000 4290.577148 0.000000 0.361070 0.000000 -0.932539 1.185957 1.185957 1.185957
3232.605713 0.000000 4309.960449 0.000000 0.889253 0.000000 -0.457415 1.232471 1.232471 1.232471
3210.743164 0.000000 4320.239258 0.000000 0.372930 0.000000 -0.927859 1.237398 1.237398 1.237398
3246.802734 0.000000 4279.205078 0.000000 0.982632 0.000000 -0.185567 1.016309 1.016309 1.016309
3239.580078 0.000000 4306.878906 0.000000 0.987101 0.000000 -0.160100 1.034121 1.034121 1.034121
3213.658447 0.000000 4312.333984 0.000000 0.997654 0.000000 0.068458 0.995724 0.995724 0.995724
3254.613770 0.000000 4322.097168 0.000000 0.883837 0.000000 -0.467796 1.110593 1.110593 1.110593
3231.523682 0.000000 4314.880371 0.000000 0.908120 0.000000 -0.418709 1.084128 1.084128 1.084128
3237.391113 0.000000 4291.181152 0.000000 0.970327 0.000000 -0.241798 1.046337 1.046337 1.046337
3262.875977 0.000000 4319.578613 0.000000 0.079895 0.000000 -0.996803 1.338692 1.338692 1.338692
3261.040771 0.000000 4307.262207 0.000000 0.562903 0.000000 -0.826523 1.099585 1.099585 1.099585
3227.783691 0.000000 4306.196289 0.000000 0.509969 0.000000 -0.860193 1.178403 1.178403 1.178403
3223.027588 0.000000 4319.527344 0.000000 0.983277 0.000000 -0.182118 1.027890 1.027890 1.027890
3206.758545 0.000000 4309.538574 0.000000 0.775768 0.000000 -0.631018 1.146613 1.146613 1.146613
3239.187012 0.000000 4295.341797 0.000000 0.471693 0.000000 -0.881763 1.264134 1.264134 1.264134
3200.640137 0.000000 4304.259766 0.000000 0.602713 0.000000 -0.797958 1.267561 1.267561 1.267561
3206.671387 0.000000 4315.740723 0.000000 0.864062 0.000000 -0.503385 1.042143 1.042143 1.042143
3219.957764 0.000000 4314.159668 0.000000 0.712056 0.000000 -0.702122 1.066070 1.066070 1.066070
3238.417725 0.000000 4302.558594 0.000000 0.996031 0.000000 -0.089003 1.009345 1.009345 1.009345
3250.271484 0.000000 4293.711914 0.000000 0.974940 0.000000 -0.222467 1.047047 1.047047 1.047047
3205.092773 0.000000 4313.588867 0.000000 0.150754 0.000000 -0.988571 1.088594 1.088594 1.088594
3242.421143 0.000000 4290.670410 0.000000 0.978047 0.000000 -0.208386 1.032493 1.032493 1.032493
3213.743408 0.000000 4321.147461 0.000000 0.985170 0.000000 -0.171581 1.033578 1.033578 1.033578
3224.680176 0.000000 4308.350098 0.000000 0.220238 0.000000 -0.975446 1.087547 1.087547 1.087547
3251.425293 0.000000 4309.656738 0.000000 0.468377 0.000000 -0.883529 1.235302 1.235302 1.235302
3256.703613 0.000000 4312.453125 0.000000 0.544146 0.000000 -0.838991 1.136682 1.136682 1.136682
3218.180908 0.000000 4307.354492 0.000000 0.999980 0.000000 0.006387 0.998597 0.998597 0.998597
3233.626953 0.000000 4313.375488 0.000000 0.475039 0.000000 -0.879965 1.118173 1.118173 1.118173
3235.174316 0.000000 4320.870605 0.000000 0.300215 0.000000 -0.953872 1.543576 1.543576 1.543576
3242.840088 0.000000 4304.043945 0.000000 0.021534 0.000000 -0.999768 1.375177 1.375177 1.375177
3257.292236 0.000000 4297.644043 0.000000 0.863774 0.000000 -0.503880 1.073830 1.073830 1.073830
3251.903076 0.000000 4302.297852 0.000000 0.966184 0.000000 -0.257854 1.022137 1.022137 1.022137
3230.403809 0.000000 4300.498047 0.000000 0.997540 0.000000 0.070101 0.992819 0.992819 0.992819
3258.904053 0.000000 4302.039551 0.000000 0.946925 0.000000 -0.321455 1.116836 1.116836 1.116836
3259.464355 0.000000 4314.975098 0.000000 0.525257 0.000000 -0.850944 1.350649 1.350649 1.350649
3205.586914 0.000000 4308.112793 0.000000 0.186118 0.000000 -0.982527 1.110534 1.110534 1.110534
3243.764893 0.000000 4286.948242 0.000000 0.709511 0.000000 -0.704695 1.048807 1.048807 1.048807
3244.056641 0.000000 4306.219727 0.000000 0.664311 0.000000 -0.747457 1.217088 1.217088 1.217088
3249.899658 0.000000 4287.996094 0.000000 0.999996 0.000000 0.002926 0.999511 0.999511 0.999511
3231.315674 0.000000 4308.689453 0.000000 0.379141 0.000000 -0.925339 1.138685 1.138685 1.138685
3210.271973 0.000000 4323.216309 0.000000 0.861743 0.000000 -0.507346 1.047823 1.047823 1.047823
3231.695312 0.000000 4303.673340 0.000000 0.839229 0.000000 -0.543779 1.143535 1.143535 1.143535
3234.306396 0.000000 4310.651855 0.000000 0.155154 0.000000 -0.987890 1.272014 1.272014 1.272014
3235.676758 0.000000 4287.564453 0.000000 0.129405 0.000000 -0.991592 1.169087 1.169087 1.169087
3263.280518 0.000000 4321.253418 0.000000 0.676463 0.000000 -0.736476 1.190142 1.190142 1.190142
3244.570312 0.000000 4296.869141 0.000000 0.461964 0.000000 -0.886899 1.119799 1.119799 1.119799
3245.395996 0.000000 4309.902832 0.000000 0.851531 0.000000 -0.524305 1.052358 1.052358 1.052358
3243.686768 0.000000 4281.833984 0.000000 0.312936 0.000000 -0.949774 1.231395 1.231395 1.231395
3255.616211 0.000000 4297.327637 0.000000 0.481180 0.000000 -0.876622 1.074712 1.074712 1.074712
3246.945068 0.000000 4287.503906 0.000000 0.994988 0.000000 -0.099998 1.009253 1.009253 1.009253
3219.166016 0.000000 4308.704102 0.000000 0.916049 0.000000 -0.401065 1.048423 1.048423 1.048423
3244.459229 0.000000 4285.194336 0.000000 0.679690 0.000000 -0.733500 1.137738 1.137738 1.137738
3238.130127 0.000000 4306.065430 0.000000 0.697068 0.000000 -0.717005 1.169658 1.169658 1.169658
3214.662109 0.000000 4303.541992 0.000000 0.932023 0.000000 -0.362400 1.029626 1.029626 1.029626
3258.518311 0.000000 4293.224121 0.000000 0.000158 0.000000 -1.000000 1.439171 1.439171 1.439171
3212.145996 0.000000 4320.984863 0.000000 0.878737 0.000000 -0.477306 1.096895 1.096895 1.096895
3246.517578 0.000000 4314.497559 0.000000 0.515431 0.000000 -0.856931 1.133622 1.133622 1.133622
3240.263184 0.000000 4323.876953 0.000000 0.529002 0.000000 -0.848621 1.161916 1.161916 1.161916
3222.614014 0.000000 4321.066406 0.000000 0.543357 0.000000 -0.839502 1.144274 1.144274 1.144274
3231.571289 0.000000 4301.632812 0.000000 0.014399 0.000000 -0.999896 1.159310 1.159310 1.159310
3247.524902 0.000000 4313.062988 0.000000 0.599620 0.000000 -0.800285 1.129709 1.129709 1.129709
3250.050293 0.000000 4286.099609 0.000000 0.013151 0.000000 -0.999914 1.563866 1.563866 1.563866
3212.670410 0.000000 4302.685547 0.000000 0.790168 0.000000 -0.612890 1.148231 1.148231 1.148231
3247.508301 0.000000 4319.779785 0.000000 0.521903 0.000000 -0.853005 1.359658 1.359658 1.359658
3256.203125 0.000000 4291.469727 0.000000 0.890194 0.000000 -0.455582 1.073218 1.073218 1.073218
3253.897217 0.000000 4314.418945 0.000000 0.764893 0.000000 -0.644158 1.291814 1.291814 1.291814
3238.588623 0.000000 4307.990234 0.000000 0.441014 0.000000 -0.897500 1.236413 1.236413 1.236413
3241.112061 0.000000 4322.433105 0.000000 0.895148 0.000000 -0.445770 1.073823 1.073823 1.073823
3258.194092 0.000000 4291.801270 0.000000 0.812850 0.000000 -0.582473 1.083823 1.083823 1.083823
3223.524658 0.000000 4309.231445 0.000000 0.670622 0.000000 -0.741799 1.196130 1.196130 1.196130
3233.377197 0.000000 4308.579102 0.000000 0.420558 0.000000 -0.907266 1.556231 1.556231 1.556231
3255.594238 0.000000 4323.252930 0.000000 0.927678 0.000000 -0.373382 1.086933 1.086933 1.086933
3249.336670 0.000000 4313.683594 0.000000 0.336723 0.000000 -0.941604 1.242069 1.242069 1.242069
3259.703613 0.000000 4313.514160 0.000000 0.066804 0.000000 -0.997766 1.168960 1.168960 1.168960
3241.190918 0.000000 4314.208984 0.000000 0.124098 0.000000 -0.992270 1.281654 1.281654 1.281654
3247.739014 0.000000 4318.403320 0.000000 0.940513 0.000000 -0.339757 1.122028 1.122028 1.122028
3257.755615 0.000000 4289.159668 0.000000 0.999629 0.000000 -0.027237 1.004352 1.004352 1.004352
3230.290283 0.000000 4303.988770 0.000000 0.536884 0.000000 -0.843656 1.250668 1.250668 1.250668
3258.640625 0.000000 4312.202637 0.000000 0.998198 0.000000 -0.060001 1.006745 1.006745 1.006745
3226.636963 0.000000 4312.313477 0.000000 0.718483 0.000000 -0.695545 1.092174 1.092174 1.092174
3226.791260 0.000000 4309.807617 0.000000 0.758949 0.000000 -0.651150 1.084974 1.084974 1.084974
3258.044434 0.000000 4314.986816 0.000000 0.930844 0.000000 -0.365418 1.128880 1.128880 1.128880
3263.481689 0.000000 4318.349609 0.000000 0.547415 0.000000 -0.836861 1.225260 1.225260 1.225260
3257.192627 0.000000 4317.741211 0.000000 0.470702 0.000000 -0.882293 1.277899 1.277899 1.277899
3232.520996 0.000000 4290.783691 0.000000 0.857588 0.000000 -0.514337 1.072831 1.072831 1.072831
3225.875977 0.000000 4313.623047 0.000000 0.995551 0.000000 -0.094226 1.021438 1.021438 1.021438
3234.571289 0.000000 4288.302246 0.000000 0.967379 0.000000 -0.253332 1.030053 1.030053 1.030053
3238.037109 0.000000 4295.994629 0.000000 0.345865 0.000000 -0.938284 1.297909 1.297909 1.297909
3208.445312 0.000000 4299.466797 0.000000 0.296431 0.000000 -0.955054 1.326533 1.326533 1.326533
3234.730957 0.000000 4301.896973 0.000000 0.153202 0.000000 -0.988195 1.452810 1.452810 1.452810
3243.196777 0.000000 4305.282715 0.000000 0.128460 0.000000 -0.991715 1.349198 1.349198 1.349198
3207.010986 0.000000 4319.204590 0.000000 0.976810 0.000000 -0.214106 1.052253 1.052253 1.052253
3219.205811 0.000000 4306.428711 0.000000 0.875686 0.000000 -0.482881 1.110714 1.110714 1.110714
3223.399902 0.000000 4316.220703 0.000000 0.584862 0.000000 -0.811133 1.342483 1.342483 1.342483
3242.449463 0.000000 4314.138184 0.000000 0.471253 0.000000 -0.881998 1.223808 1.223808 1.223808
3237.614502 0.000000 4303.510742 0.000000 0.451620 0.000000 -0.892210 1.231146 1.231146 1.231146
3255.903076 0.000000 4283.237793 0.000000 0.357225 0.000000 -0.934018 1.237758 1.237758 1.237758
3242.687988 0.000000 4291.862305 0.000000 0.578094 0.000000 -0.815970 1.147729 1.147729 1.147729
3226.137695 0.000000 4311.214844 0.000000 0.917165 0.000000 -0.398508 1.085958 1.085958 1.085958
3253.426758 0.000000 4312.889160 0.000000 0.181332 0.000000 -0.983422 1.266909 1.266909 1.266909
3227.874268 0.000000 4300.684082 0.000000 0.354550 0.000000 -0.935037 1.283573 1.283573 1.283573
3259.349609 0.000000 4303.134277 0.000000 0.964758 0.000000 -0.263139 1.095062 1.095062 1.095062
3214.851807 0.000000 4312.584473 0.000000 0.936773 0.000000 -0.349938 1.070510 1.070510 1.070510
3227.212402 0.000000 4307.323730 0.000000 0.903143 0.000000 -0.429340 1.076443 1.076443 1.076443
3237.279053 0.000000 4302.279785 0.000000 0.999387 0.000000 -0.034996 1.007341 1.007341 1.007341
3230.438721 0.000000 4315.263672 0.000000 0.514412 0.000000 -0.857543 1.200665 1.200665 1.200665
3238.388184 0.000000 4300.064941 0.000000 0.681237 0.000000 -0.732063 1.200952 1.200952 1.200952
3250.811768 0.000000 4292.691406 0.000000 0.999771 0.000000 -0.021383 1.004485 1.004485 1.004485
3243.094727 0.000000 4280.869141 0.000000 0.136765 0.000000 -0.990604 1.264850 1.264850 1.264850
3241.565674 0.000000 4323.642578 0.000000 0.290512 0.000000 -0.956871 1.203884 1.203884 1.203884
3200.843262 0.000000 4305.344727 0.000000 0.988732 0.000000 -0.149698 1.043516 1.043516 1.043516
3226.941406 0.000000 4301.572266 0.000000 0.672847 0.000000 -0.739782 1.195425 1.195425 1.195425
3263.321289 0.000000 4323.460938 0.000000 0.330873 0.000000 -0.943675 1.474268 1.474268 1.474268
3234.737061 0.000000 4313.233887 0.000000 0.289524 0.000000 -0.957171 1.264626 1.264626 1.264626
3252.783936 0.000000 4282.096680 0.000000 0.713403 0.000000 -0.700754 1.494306 1.494306 1.494306
3249.966797 0.000000 4315.685547 0.000000 0.676486 0.000000 -0.736456 1.148801 1.148801 1.148801
3239.241699 0.000000 4279.728027 0.000000 0.539101 0.000000 -0.842241 1.182508 1.182508 1.182508
3263.892090 0.000000 4320.322266 0.000000 0.997595 0.000000 -0.069316 1.015933 1.015933 1.015933
3222.403809 0.000000 4315.778320 0.000000 0.211079 0.000000 -0.977469 1.318717 1.318717 1.318717
3247.982910 0.000000 4289.746094 0.000000 0.999754 0.000000 -0.022191 1.005097 1.005097 1.005097
3256.510498 0.000000 4316.909668 0.000000 0.169605 0.000000 -0.985512 1.360097 1.360097 1.360097
3243.856689 0.000000 4304.289062 0.000000 0.543907 0.000000 -0.839145 1.241126 1.241126 1.241126
3254.531738 0.000000 4323.210449 0.000000 0.952371 0.000000 -0.304943 1.070400 1.070400 1.070400
3262.527344 0.000000 4320.556641 0.000000 0.183808 0.000000 -0.982962 1.318326 1.318326 1.318326
3234.517578 0.000000 4320.092773 0.000000 0.223239 0.000000 -0.974764 1.577835 1.577835 1.577835
3259.503174 0.000000 4292.968262 0.000000 0.997229 0.000000 0.074399 0.979178 0.979178 0.979178
3247.882568 0.000000 4308.884766 0.000000 0.826949 0.000000 -0.562277 1.187838 1.187838 1.187838
3254.055908 0.000000 4312.124023 0.000000 0.547231 0.000000 -0.836982 1.259973 1.259973 1.259973
3242.309570 0.000000 4304.879395 0.000000 0.704536 0.000000 -0.709668 1.191075 1.191075 1.191075
3255.636719 0.000000 4322.230469 0.000000 0.808842 0.000000 -0.588026 1.142813 1.142813 1.142813
3251.999268 0.000000 4287.790527 0.000000 0.997752 0.000000 -0.067019 1.024279 1.024279 1.024279
3234.471680 0.000000 4299.840820 0.000000 0.612622 0.000000 -0.790376 1.282151 1.282151 1.282151
3247.032471 0.000000 4318.970215 0.000000 0.448258 0.000000 -0.893904 1.389320 1.389320 1.389320
3200.033691 0.000000 4304.922852 0.000000 0.208438 0.000000 -0.978036 1.394093 1.394093 1.394093
3252.628174 0.000000 4315.745605 0.000000 0.126681 0.000000 -0.991943 1.601943 1.601943 1.601943
3225.430664 0.000000 4311.627930 0.000000 0.983448 0.000000 -0.181192 1.072324 1.072324 1.072324
3258.104736 0.000000 4315.815430 0.000000 0.999856 0.000000 -0.016964 1.005845 1.005845 1.005845
3222.097900 0.000000 4316.513672 0.000000 0.033581 0.000000 -0.999436 1.556469 1.556469 1.556469
3125.290039 0.000000 4324.017090 0.000000 0.147783 0.000000 -0.989020 1.213076 1.213076 1.213076
3128.780029 0.000000 4326.512695 0.000000 0.185015 0.000000 -0.982736 1.024199 1.024199 1.024199
3130.408447 0.000000 4331.445801 0.000000 0.968096 0.000000 -0.250579 1.031616 1.031616 1.031616
3123.526611 0.000000 4325.642578 0.000000 0.845883 0.000000 -0.533368 1.071630 1.071630 1.071630
3121.497559 0.000000 4327.439941 0.000000 0.944808 0.000000 -0.327625 1.036666 1.036666 1.036666
3119.418457 0.000000 4327.258789 0.000000 0.901590 0.000000 -0.432592 1.062545 1.062545 1.062545
3131.391846 0.000000 4329.819824 0.000000 0.748798 0.000000 -0.662799 1.119386 1.119386 1.119386
3135.008789 0.000000 4330.690430 0.000000 0.041045 0.000000 -0.999157 1.232963 1.232963 1.232963
3122.773926 0.000000 4324.077148 0.000000 0.665451 0.000000 -0.746441 1.107296 1.107296 1.107296
3132.114258 0.000000 4331.292969 0.000000 0.923362 0.000000 -0.383930 1.058042 1.058042 1.058042
3124.999023 0.000000 4325.486328 0.000000 0.311790 0.000000 -0.950151 1.187798 1.187798 1.187798
3134.059570 0.000000 4333.256836 0.000000 0.336211 0.000000 -0.941787 1.113424 1.113424 1.113424
3120.560791 0.000000 4326.329102 0.000000 0.735651 0.000000 -0.677361 1.081746 1.081746 1.081746
3118.375244 0.000000 4326.512695 0.000000 0.261141 0.000000 -0.965301 1.182670 1.182670 1.182670
3120.378662 0.000000 4328.012207 0.000000 0.783104 0.000000 -0.621891 1.107237 1.107237 1.107237
3130.445801 0.000000 4328.951172 0.000000 0.595675 0.000000 -0.803226 1.153682 1.153682 1.153682
3162.627197 0.000000 4329.704102 0.000000 0.040678 0.000000 -0.999172 1.305599 1.305599 1.305599
3152.917480 0.000000 4324.235352 0.000000 0.163572 0.000000 -0.986531 1.101829 1.101829 1.101829
3159.946777 0.000000 4324.442871 0.000000 0.323012 0.000000 -0.946395 1.155021 1.155021 1.155021
3197.391113 0.000000 4329.980469 0.000000 0.861688 0.000000 -0.507439 1.049161 1.049161 1.049161
3139.616943 0.000000 4327.821289 0.000000 0.630550 0.000000 -0.776149 1.026619 1.026619 1.026619
3156.216064 0.000000 4327.416992 0.000000 0.999943 0.000000 0.010682 0.999627 0.999627 0.999627
3163.903076 0.000000 4325.876465 0.000000 0.997000 0.000000 0.077396 0.996325 0.996325 0.996325
3181.366699 0.000000 4327.250000 0.000000 0.597977 0.000000 -0.801513 1.102139 1.102139 1.102139
3165.791260 0.000000 4328.291016 0.000000 0.993031 0.000000 -0.117851 1.012976 1.012976 1.012976
3195.224609 0.000000 4327.993164 0.000000 0.386893 0.000000 -0.922125 1.099613 1.099613 1.099613
3147.533447 0.000000 4326.888184 0.000000 0.745524 0.000000 -0.666479 1.038245 1.038245 1.038245
3156.941895 0.000000 4324.791016 0.000000 0.696957 0.000000 -0.717112 1.153720 1.153720 1.153720
3180.199707 0.000000 4329.509277 0.000000 0.090952 0.000000 -0.995855 1.051719 1.051719 1.051719
3182.802734 0.000000 4325.205078 0.000000 0.383931 0.000000 -0.923362 1.240900 1.240900 1.240900
3136.170898 0.000000 4332.992676 0.000000 0.883484 0.000000 -0.468462 1.020692 1.020692 1.020692
3183.418457 0.000000 4327.258789 0.000000 0.996525 0.000000 -0.083297 1.017280 1.017280 1.017280
3170.778809 0.000000 4325.774902 0.000000 0.629924 0.000000 -0.776656 1.068829 1.068829 1.068829
3164.628906 0.000000 4329.631348 0.000000 0.998428 0.000000 0.056043 0.993841 0.993841 0.993841
3150.929443 0.000000 4324.389160 0.000000 0.984523 0.000000 -0.175257 1.031226 1.031226 1.031226
3148.977539 0.000000 4325.919434 0.000000 0.455352 0.000000 -0.890311 1.164477 1.164477 1.164477
3149.760498 0.000000 4327.555176 0.000000 0.999999 0.000000 0.001357 0.999763 0.999763 0.999763
3141.915283 0.000000 4329.904297 0.000000 0.875232 0.000000 -0.483704 1.073107 1.073107 1.073107
3181.203857 0.000000 4325.628418 0.000000 0.289703 0.000000 -0.957117 1.133887 1.133887 1.133887
3158.362549 0.000000 4324.073730 0.000000 0.668880 0.000000 -0.743370 1.104617 1.104617 1.104617
3141.135010 0.000000 4327.433105 0.000000 0.673198 0.000000 -0.739462 1.101812 1.101812 1.101812
3140.740479 0.000000 4328.943359 0.000000 0.714712 0.000000 -0.699419 1.112160 1.112160 1.112160
3144.641113 0.000000 4324.627930 0.000000 0.969925 0.000000 -0.243405 1.050949 1.050949 1.050949
3163.590576 0.000000 4328.644531 0.000000 0.910912 0.000000 -0.412602 1.084944 1.084944 1.084944
3190.626709 0.000000 4324.417969 0.000000 0.066837 0.000000 -0.997764 1.183975 1.183975 1.183975
3158.811035 0.000000 4325.332520 0.000000 0.461915 0.000000 -0.886924 1.136142 1.136142 1.136142
3149.756836 0.000000 4324.920410 0.000000 0.157367 0.000000 -0.987540 1.211623 1.211623 1.211623
3139.474854 0.000000 4329.062012 0.000000 0.618729 0.000000 -0.785604 1.117315 1.117315 1.117315
3183.951904 0.000000 4325.180664 0.000000 0.998208 0.000000 -0.059848 1.012259 1.012259 1.012259
3142.569092 0.000000 4327.226562 0.000000 0.794607 0.000000 -0.607125 1.154740 1.154740 1.154740
3183.451416 0.000000 4326.156738 0.000000 0.811533 0.000000 -0.584307 1.129307 1.129307 1.129307
3157.794189 0.000000 4325.484375 0.000000 0.641028 0.000000 -0.767518 1.168197 1.168197 1.168197
3142.701172 0.000000 4325.448242 0.000000 0.501569 0.000000 -0.865118 1.430626 1.430626 1.430626
3163.480469 0.000000 4327.229492 0.000000 0.908379 0.000000 -0.418148 1.129243 1.129243 1.129243
3162.217773 0.000000 4326.008789 0.000000 0.787258 0.000000 -0.616624 1.199059 1.199059 1.199059
3143.843018 0.000000 4324.253906 0.000000 0.990764 0.000000 -0.135594 1.056028 1.056028 1.056028
3260.759521 0.000000 4335.443848 0.000000 0.932148 0.000000 -0.362077 1.045323 1.045323 1.045323
3223.946777 0.000000 4324.442871 0.000000 0.110423 0.000000 -0.993885 1.539509 1.539509 1.539509
3212.547119 0.000000 4324.236328 0.000000 0.801547 0.000000 -0.597932 1.209611 1.209611 1.209611
3258.408447 0.000000 4331.445801 0.000000 0.554583 0.000000 -0.832129 1.179138 1.179138 1.179138
3230.078613 0.000000 4324.086426 0.000000 0.766875 0.000000 -0.641796 1.045232 1.045232 1.045232
3241.773438 0.000000 4324.480957 0.000000 0.162086 0.000000 -0.986777 1.499147 1.499147 1.499147
3262.834473 0.000000 4337.113770 0.000000 0.482877 0.000000 -0.875688 1.039952 1.039952 1.039952
3255.926758 0.000000 4324.062012 0.000000 0.555952 0.000000 -0.831214 1.127391 1.127391 1.127391
3258.803711 0.000000 4334.193848 0.000000 0.225118 0.000000 -0.974332 1.110705 1.110705 1.110705
3232.933594 0.000000 4324.036133 0.000000 0.217996 0.000000 -0.975950 1.067459 1.067459 1.067459
3233.779053 0.000000 4327.483887 0.000000 0.999997 0.000000 -0.002579 1.000579 1.000579 1.000579
3214.929443 0.000000 4324.389160 0.000000 0.996939 0.000000 -0.078181 1.040639 1.040639 1.040639
3261.413574 0.000000 4338.112305 0.000000 0.999953 0.000000 -0.009677 1.001256 1.001256 1.001256
3212.977539 0.000000 4325.919434 0.000000 0.313249 0.000000 -0.949671 1.409524 1.409524 1.409524
3260.903809 0.000000 4328.153320 0.000000 0.090099 0.000000 -0.995933 1.292010 1.292010 1.292010
3255.325195 0.000000 4325.748047 0.000000 0.840891 0.000000 -0.541205 1.074240 1.074240 1.074240
3260.384033 0.000000 4339.480469 0.000000 0.849255 0.000000 -0.527984 1.072209 1.072209 1.072209
3260.114258 0.000000 4331.292969 0.000000 0.751425 0.000000 -0.659819 1.071958 1.071958 1.071958
3222.362549 0.000000 4324.073730 0.000000 0.484648 0.000000 -0.874709 1.393445 1.393445 1.393445
3263.619141 0.000000 4339.424805 0.000000 0.870597 0.000000 -0.491996 1.047515 1.047515 1.047515
3252.999023 0.000000 4325.486328 0.000000 0.790913 0.000000 -0.611929 1.067403 1.067403 1.067403
3260.456299 0.000000 4336.805664 0.000000 0.997676 0.000000 0.068136 0.982636 0.982636 0.982636
3260.212158 0.000000 4334.236328 0.000000 0.616867 0.000000 -0.787068 1.110837 1.110837 1.110837
3240.187012 0.000000 4324.893066 0.000000 0.490552 0.000000 -0.871412 1.375098 1.375098 1.375098
3213.756836 0.000000 4324.920410 0.000000 0.399157 0.000000 -0.916883 1.379441 1.379441 1.379441
3260.441895 0.000000 4329.228027 0.000000 0.824010 0.000000 -0.566575 1.118799 1.118799 1.118799
3261.650391 0.000000 4336.879395 0.000000 0.995809 0.000000 -0.091455 1.023322 1.023322 1.023322
3220.016602 0.000000 4324.083984 0.000000 0.531071 0.000000 -0.847328 1.191812 1.191812 1.191812
3215.465332 0.000000 4325.296875 0.000000 0.152128 0.000000 -0.988361 1.736381 1.736381 1.736381
3221.794189 0.000000 4325.484375 0.000000 0.991773 0.000000 -0.128009 1.024355 1.024355 1.024355
3215.931641 0.000000 4324.051758 0.000000 0.302490 0.000000 -0.953152 1.656109 1.656109 1.656109
3204.950195 0.000000 4325.412109 0.000000 0.923825 0.000000 -0.382815 1.095133 1.095133 1.095133
3240.821289 0.000000 4324.149414 0.000000 0.457721 0.000000 -0.889096 1.388318 1.388318 1.388318
3223.647949 0.000000 4325.221680 0.000000 0.805144 0.000000 -0.593080 1.234581 1.234581 1.234581
3266.295898 0.000000 4332.370117 0.000000 0.950576 0.000000 -0.310492 1.033892 1.033892 1.033892
3275.275635 0.000000 4338.353516 0.000000 0.990598 0.000000 -0.136804 1.012334 1.012334 1.012334
3268.308838 0.000000 4342.438477 0.000000 0.414300 0.000000 -0.910141 1.097074 1.097074 1.097074
3267.296875 0.000000 4339.662598 0.000000 0.958491 0.000000 -0.285122 1.038257 1.038257 1.038257
3270.619629 0.000000 4342.123535 0.000000 0.888764 0.000000 -0.458364 1.053493 1.053493 1.053493
3276.934814 0.000000 4339.987305 0.000000 0.397588 0.000000 -0.917564 1.142138 1.142138 1.142138
3264.170898 0.000000 4332.992676 0.000000 0.997009 0.000000 0.077291 0.984161 0.984161 0.984161
3269.179443 0.000000 4340.559570 0.000000 0.943854 0.000000 -0.330363 1.025217 1.025217 1.025217
3270.150879 0.000000 4343.972168 0.000000 0.999914 0.000000 0.013129 0.998525 0.998525 0.998525
3272.291016 0.000000 4341.329102 0.000000 0.810771 0.000000 -0.585363 1.162361 1.162361 1.162361
3275.843994 0.000000 4341.441895 0.000000 0.999981 0.000000 0.006125 0.999083 0.999083 0.999083
3275.124268 0.000000 4340.040527 0.000000 0.645201 0.000000 -0.764013 1.130247 1.130247 1.130247
3265.440918 0.000000 4333.752930 0.000000 0.886033 0.000000 -0.463623 1.098690 1.098690 1.098690
3266.615234 0.000000 4326.801270 0.000000 0.479295 0.000000 -0.877654 1.312819 1.312819 1.312819
3270.411865 0.000000 4340.839355 0.000000 0.999983 0.000000 -0.005754 1.000905 1.000905 1.000905
3278.158203 0.000000 4339.582031 0.000000 0.977821 0.000000 -0.209442 1.051098 1.051098 1.051098
3265.332520 0.000000 4329.044922 0.000000 0.038107 0.000000 -0.999274 1.237237 1.237237 1.237237
3279.282471 0.000000 4338.965820 0.000000 0.075663 0.000000 -0.997133 1.362052 1.362052 1.362052
3265.804932 0.000000 4330.685547 0.000000 0.467192 0.000000 -0.884156 1.230177 1.230177 1.230177
3272.039062 0.000000 4340.240723 0.000000 0.956469 0.000000 -0.291835 1.076891 1.076891 1.076891
3264.928955 0.000000 4330.057129 0.000000 0.996535 0.000000 -0.083170 1.017670 1.017670 1.017670
3269.152832 0.000000 4326.408203 0.000000 0.999387 0.000000 0.035008 0.988636 0.988636 0.988636
3264.019043 0.000000 4339.876465 0.000000 0.802869 0.000000 -0.596155 1.149888 1.149888 1.149888
3268.411621 0.000000 4326.945801 0.000000 0.679237 0.000000 -0.733919 1.267454 1.267454 1.267454
3269.802246 0.000000 4326.887695 0.000000 0.912290 0.000000 -0.409544 1.136946 1.136946 1.136946
3514.096191 0.000000 4548.922363 0.000000 0.823668 0.000000 -0.567073 1.147518 1.147518 1.147518
3518.813477 0.000000 4542.317871 0.000000 0.687805 0.000000 -0.725896 1.099374 1.099374 1.099374
3516.030762 0.000000 4546.962402 0.000000 0.755171 0.000000 -0.655528 1.123147 1.123147 1.123147
3519.261475 0.000000 4545.096680 0.000000 0.014188 0.000000 -0.999899 1.077723 1.077723 1.077723
3517.070312 0.000000 4548.343750 0.000000 0.968003 0.000000 -0.250937 1.024063 1.024063 1.024063
3516.876221 0.000000 4553.465332 0.000000 0.442088 0.000000 -0.896972 1.277834 1.277834 1.277834
3515.572510 0.000000 4548.576172 0.000000 0.452105 0.000000 -0.891965 1.269537 1.269537 1.269537
3518.612549 0.000000 4543.744629 0.000000 0.932807 0.000000 -0.360377 1.045100 1.045100 1.045100
3519.849854 0.000000 4543.162598 0.000000 0.311752 0.000000 -0.950163 1.153373 1.153373 1.153373
3517.085205 0.000000 4552.277832 0.000000 0.238827 0.000000 -0.971062 1.331951 1.331951 1.331951
3517.178467 0.000000 4547.144043 0.000000 0.523405 0.000000 -0.852084 1.175699 1.175699 1.175699
3517.897217 0.000000 4553.622559 0.000000 0.774938 0.000000 -0.632037 1.170809 1.170809 1.170809
3520.380859 0.000000 4541.485352 0.000000 0.251184 0.000000 -0.967939 1.203836 1.203836 1.203836
3529.853760 0.000000 4548.072266 0.000000 0.323443 0.000000 -0.946248 1.127071 1.127071 1.127071
3528.825439 0.000000 4540.309082 0.000000 0.976187 0.000000 -0.216931 1.025658 1.025658 1.025658
3535.644775 0.000000 4547.188477 0.000000 0.820222 0.000000 -0.572045 1.069938 1.069938 1.069938
3532.144287 0.000000 4544.135742 0.000000 0.971046 0.000000 -0.238893 1.032521 1.032521 1.032521
3532.905273 0.000000 4549.321777 0.000000 0.553753 0.000000 -0.832681 1.181776 1.181776 1.181776
3523.313477 0.000000 4542.643066 0.000000 0.451578 0.000000 -0.892232 1.101819 1.101819 1.101819
3526.729492 0.000000 4547.938477 0.000000 0.775733 0.000000 -0.631061 1.022164 1.022164 1.022164
3520.889160 0.000000 4544.009277 0.000000 0.740038 0.000000 -0.672565 1.057090 1.057090 1.057090
3534.239014 0.000000 4545.321777 0.000000 0.806555 0.000000 -0.591159 1.056846 1.056846 1.056846
3533.658447 0.000000 4542.333984 0.000000 0.903035 0.000000 -0.429568 1.068727 1.068727 1.068727
3526.758545 0.000000 4539.538574 0.000000 0.915558 0.000000 -0.402185 1.023767 1.023767 1.023767
3533.743408 0.000000 4551.147461 0.000000 0.992138 0.000000 -0.125147 1.019735 1.019735 1.019735
3528.400146 0.000000 4546.690430 0.000000 0.328680 0.000000 -0.944441 1.404195 1.404195 1.404195
3538.180908 0.000000 4537.354492 0.000000 0.959303 0.000000 -0.282377 1.065037 1.065037 1.065037
3535.107178 0.000000 4541.412109 0.000000 0.975541 0.000000 -0.219817 1.020472 1.020472 1.020472
3532.145996 0.000000 4550.984863 0.000000 0.998355 0.000000 0.057331 0.990978 0.990978 0.990978
3532.513916 0.000000 4540.137695 0.000000 0.086409 0.000000 -0.996260 1.277918 1.277918 1.277918
3528.369141 0.000000 4548.252441 0.000000 0.993626 0.000000 -0.112725 1.011563 1.011563 1.011563
3532.038086 0.000000 4542.604492 0.000000 0.960874 0.000000 -0.276986 1.043442 1.043442 1.043442
3531.405273 0.000000 4545.776367 0.000000 0.144883 0.000000 -0.989449 1.498202 1.498202 1.498202
3527.010986 0.000000 4549.204590 0.000000 0.778233 0.000000 -0.627976 1.135602 1.135602 1.135602
3539.205811 0.000000 4536.428711 0.000000 0.080284 0.000000 -0.996772 1.338604 1.338604 1.338604
3532.847656 0.000000 4541.339844 0.000000 0.697000 0.000000 -0.717071 1.149716 1.149716 1.149716
3523.346680 0.000000 4545.677246 0.000000 0.931693 0.000000 -0.363248 1.070535 1.070535 1.070535
3523.792725 0.000000 4540.462402 0.000000 0.999929 0.000000 0.011908 0.997146 0.997146 0.997146
3533.937500 0.000000 4541.267578 0.000000 0.950909 0.000000 -0.309471 1.058913 1.058913 1.058913
3529.446289 0.000000 4546.442383 0.000000 0.999481 0.000000 0.032200 0.989467 0.989467 0.989467
3522.779053 0.000000 4541.744629 0.000000 0.098573 0.000000 -0.995130 1.352807 1.352807 1.352807
3529.076904 0.000000 4547.419922 0.000000 0.667740 0.000000 -0.744395 1.274599 1.274599 1.274599
3531.465820 0.000000 4544.852051 0.000000 0.999840 0.000000 -0.017859 1.006242 1.006242 1.006242
3476.968506 0.000000 4596.449707 0.000000 0.904470 0.000000 -0.426538 1.052806 1.052806 1.052806
3507.950684 0.000000 4568.386230 0.000000 0.202601 0.000000 -0.979261 1.040947 1.040947 1.040947
3516.759521 0.000000 4565.443848 0.000000 0.556884 0.000000 -0.830590 1.110116 1.110116 1.110116
3515.178223 0.000000 4573.564941 0.000000 0.966630 0.000000 -0.256176 1.017463 1.017463 1.017463
3495.355225 0.000000 4585.266602 0.000000 0.153729 0.000000 -0.988113 1.102551 1.102551 1.102551
3484.608154 0.000000 4598.936035 0.000000 0.985922 0.000000 -0.167208 1.016777 1.016777 1.016777
3510.613281 0.000000 4589.079590 0.000000 0.938627 0.000000 -0.344935 1.038685 1.038685 1.038685
3471.644775 0.000000 4593.188477 0.000000 0.992855 0.000000 -0.119324 1.022396 1.022396 1.022396
3512.936523 0.000000 4568.959473 0.000000 0.403798 0.000000 -0.914848 1.083631 1.083631 1.083631
3479.473877 0.000000 4586.665039 0.000000 0.545570 0.000000 -0.838065 1.042175 1.042175 1.042175
3468.144287 0.000000 4590.135742 0.000000 0.999839 0.000000 -0.017960 1.002601 1.002601 1.002601
3477.367432 0.000000 4592.181152 0.000000 0.902693 0.000000 -0.430285 1.026652 1.026652 1.026652
3512.631104 0.000000 4564.169434 0.000000 0.816239 0.000000 -0.577714 1.027678 1.027678 1.027678
3513.414551 0.000000 4592.232422 0.000000 0.949037 0.000000 -0.315166 1.052031 1.052031 1.052031
3489.457275 0.000000 4598.145996 0.000000 0.375226 0.000000 -0.926934 1.322781 1.322781 1.322781
3506.772705 0.000000 4588.739746 0.000000 0.681980 0.000000 -0.731371 1.065536 1.065536 1.065536
3508.171143 0.000000 4598.156738 0.000000 0.050923 0.000000 -0.998703 1.261812 1.261812 1.261812
3504.376221 0.000000 4568.741211 0.000000 0.982297 0.000000 -0.187331 1.008939 1.008939 1.008939
3459.906982 0.000000 4594.958984 0.000000 0.009935 0.000000 -0.999951 1.074039 1.074039 1.074039
3509.979492 0.000000 4592.852539 0.000000 0.997409 0.000000 -0.071933 1.002157 1.002157 1.002157
3491.201660 0.000000 4588.185547 0.000000 0.900866 0.000000 -0.434098 1.095289 1.095289 1.095289
3479.409912 0.000000 4598.584961 0.000000 0.988784 0.000000 -0.149350 1.005240 1.005240 1.005240
3503.200684 0.000000 4582.574707 0.000000 0.569588 0.000000 -0.821931 1.110798 1.110798 1.110798
3500.232422 0.000000 4587.243164 0.000000 0.895894 0.000000 -0.444267 1.039076 1.039076 1.039076
3501.757080 0.000000 4577.165527 0.000000 0.283426 0.000000 -0.958994 1.067287 1.067287 1.067287
3515.242432 0.000000 4570.676758 0.000000 0.123602 0.000000 -0.992332 1.202283 1.202283 1.202283
3494.024902 0.000000 4587.895996 0.000000 0.862306 0.000000 -0.506387 1.080864 1.080864 1.080864
3499.498291 0.000000 4593.680664 0.000000 0.106205 0.000000 -0.994344 1.233979 1.233979 1.233979
3498.077637 0.000000 4585.359375 0.000000 0.477945 0.000000 -0.878390 1.144585 1.144585 1.144585
3512.812500 0.000000 4571.821777 0.000000 0.316262 0.000000 -0.948672 1.081074 1.081074 1.081074
3501.619629 0.000000 4574.229980 0.000000 0.822253 0.000000 -0.569122 1.069529 1.069529 1.069529
3482.030518 0.000000 4598.287598 0.000000 0.071638 0.000000 -0.997431 1.074851 1.074851 1.074851
3479.886475 0.000000 4593.354980 0.000000 0.902835 0.000000 -0.429987 1.085444 1.085444 1.085444
3518.784912 0.000000 4572.207520 0.000000 0.831567 0.000000 -0.555424 1.119082 1.119082 1.119082
3512.684570 0.000000 4581.223633 0.000000 0.575296 0.000000 -0.817945 1.131520 1.131520 1.131520
3503.528809 0.000000 4592.967773 0.000000 0.739398 0.000000 -0.673268 1.036880 1.036880 1.036880
3502.884766 0.000000 4585.085449 0.000000 0.998895 0.000000 0.047000 0.995540 0.995540 0.995540
3471.530518 0.000000 4595.699219 0.000000 0.910969 0.000000 -0.412474 1.020168 1.020168 1.020168
3513.441650 0.000000 4566.577148 0.000000 0.978346 0.000000 -0.206976 1.044242 1.044242 1.044242
3503.696289 0.000000 4572.727539 0.000000 0.610980 0.000000 -0.791646 1.143677 1.143677 1.143677
3470.660889 0.000000 4598.955566 0.000000 0.390425 0.000000 -0.920635 1.151851 1.151851 1.151851
3466.046387 0.000000 4591.516602 0.000000 0.682794 0.000000 -0.730611 1.081808 1.081808 1.081808
3509.882568 0.000000 4570.049316 0.000000 0.937599 0.000000 -0.347718 1.023939 1.023939 1.023939
3488.605713 0.000000 4585.960449 0.000000 0.008492 0.000000 -0.999964 1.206720 1.206720 1.206720
3519.800049 0.000000 4584.330566 0.000000 0.970790 0.000000 -0.239933 1.031455 1.031455 1.031455
3511.672852 0.000000 4586.851562 0.000000 0.710954 0.000000 -0.703239 1.072045 1.072045 1.072045
3495.580078 0.000000 4582.878906 0.000000 0.301728 0.000000 -0.953394 1.138880 1.138880 1.138880
3472.802490 0.000000 4587.413086 0.000000 0.602202 0.000000 -0.798343 1.258514 1.258514 1.258514
3493.170166 0.000000 4584.434570 0.000000 0.408093 0.000000 -0.912940 1.112012 1.112012 1.112012
3489.502197 0.000000 4595.860352 0.000000 0.991122 0.000000 -0.132956 1.034623 1.034623 1.034623
3479.027588 0.000000 4595.527344 0.000000 0.564724 0.000000 -0.825280 1.191448 1.191448 1.191448
3479.180176 0.000000 4591.006836 0.000000 0.714057 0.000000 -0.700087 1.052275 1.052275 1.052275
3508.125488 0.000000 4571.462891 0.000000 0.026215 0.000000 -0.999656 1.104115 1.104115 1.104115
3514.369873 0.000000 4579.903320 0.000000 0.396989 0.000000 -0.917823 1.087072 1.087072 1.087072
3511.835693 0.000000 4593.805176 0.000000 0.928375 0.000000 -0.371646 1.124534 1.124534 1.124534
3503.520264 0.000000 4570.620117 0.000000 0.615818 0.000000 -0.787889 1.056633 1.056633 1.056633
3483.018555 0.000000 4596.484863 0.000000 0.971706 0.000000 -0.236195 1.023812 1.023812 1.023812
3507.425293 0.000000 4585.656738 0.000000 0.999820 0.000000 -0.018948 1.001325 1.001325 1.001325
3509.312988 0.000000 4583.636230 0.000000 0.803204 0.000000 -0.595705 1.035049 1.035049 1.035049
3460.765381 0.000000 4599.079590 0.000000 0.765989 0.000000 -0.642853 1.188258 1.188258 1.188258
3461.794434 0.000000 4595.667969 0.000000 0.140741 0.000000 -0.990047 1.321213 1.321213 1.321213
3460.911133 0.000000 4593.392090 0.000000 0.996323 0.000000 -0.085680 1.020774 1.020774 1.020774
3472.385986 0.000000 4591.288574 0.000000 0.098640 0.000000 -0.995123 1.338091 1.338091 1.338091
3505.386475 0.000000 4573.641113 0.000000 0.531250 0.000000 -0.847215 1.191772 1.191772 1.191772
3515.815918 0.000000 4556.233887 0.000000 0.946329 0.000000 -0.323206 1.079700 1.079700 1.079700
3501.629395 0.000000 4593.320312 0.000000 0.740904 0.000000 -0.671611 1.176487 1.176487 1.176487
3473.928223 0.000000 4596.462402 0.000000 0.398549 0.000000 -0.917147 1.130417 1.130417 1.130417
3473.597412 0.000000 4593.060547 0.000000 0.863837 0.000000 -0.503772 1.195075 1.195075 1.195075
3474.065674 0.000000 4599.312012 0.000000 0.051948 0.000000 -0.998650 1.128922 1.128922 1.128922
3486.611572 0.000000 4595.496582 0.000000 0.449858 0.000000 -0.893100 1.256370 1.256370 1.256370
3518.497559 0.000000 4558.744629 0.000000 0.999838 0.000000 -0.017982 1.003861 1.003861 1.003861
3475.166016 0.000000 4584.704102 0.000000 0.874100 0.000000 -0.485746 1.103836 1.103836 1.103836
3495.496338 0.000000 4588.814941 0.000000 0.651446 0.000000 -0.758695 1.101064 1.101064 1.101064
3472.670166 0.000000 4594.457031 0.000000 0.620878 0.000000 -0.783907 1.137203 1.137203 1.137203
3494.130127 0.000000 4582.065430 0.000000 0.733829 0.000000 -0.679334 1.082041 1.082041 1.082041
3499.833984 0.000000 4585.593262 0.000000 0.332854 0.000000 -0.942978 1.166018 1.166018 1.166018
3502.517578 0.000000 4590.497559 0.000000 0.324355 0.000000 -0.945936 1.179619 1.179619 1.179619
3471.288086 0.000000 4597.477539 0.000000 0.359503 0.000000 -0.933144 1.192224 1.192224 1.192224
3508.259521 0.000000 4589.276367 0.000000 0.657492 0.000000 -0.753462 1.083083 1.083083 1.083083
3493.940186 0.000000 4586.016602 0.000000 0.859284 0.000000 -0.511499 1.050938 1.050938 1.050938
3498.940918 0.000000 4584.044922 0.000000 0.628159 0.000000 -0.778085 1.120201 1.120201 1.120201
3506.820068 0.000000 4587.128906 0.000000 0.994969 0.000000 -0.100186 1.009019 1.009019 1.009019
3503.524902 0.000000 4589.062988 0.000000 0.994239 0.000000 -0.107185 1.021449 1.021449 1.021449
3478.394531 0.000000 4593.287109 0.000000 0.962160 0.000000 -0.272484 1.053051 1.053051 1.053051
3499.785645 0.000000 4592.136230 0.000000 0.566494 0.000000 -0.824066 1.154754 1.154754 1.154754
3510.185059 0.000000 4586.995117 0.000000 0.570005 0.000000 -0.821641 1.089073 1.089073 1.089073
3477.245361 0.000000 4584.279297 0.000000 0.571811 0.000000 -0.820385 1.117693 1.117693 1.117693
3503.895996 0.000000 4586.267578 0.000000 0.924568 0.000000 -0.381018 1.047819 1.047819 1.047819
3512.203125 0.000000 4567.469727 0.000000 0.904950 0.000000 -0.425517 1.093272 1.093272 1.093272
3477.617432 0.000000 4590.706543 0.000000 0.991192 0.000000 -0.132429 1.025532 1.025532 1.025532
3518.356445 0.000000 4584.026855 0.000000 0.907031 0.000000 -0.421063 1.056422 1.056422 1.056422
3509.897217 0.000000 4590.418945 0.000000 0.885928 0.000000 -0.463822 1.057797 1.057797 1.057797
3514.150879 0.000000 4581.412109 0.000000 0.298996 0.000000 -0.954254 1.268899 1.268899 1.268899
3468.677246 0.000000 4591.507812 0.000000 0.885639 0.000000 -0.464375 1.069928 1.069928 1.069928
3516.826904 0.000000 4570.849121 0.000000 0.980411 0.000000 -0.196964 1.020789 1.020789 1.020789
3489.377197 0.000000 4584.579102 0.000000 0.597413 0.000000 -0.801934 1.123124 1.123124 1.123124
3502.159180 0.000000 4572.765625 0.000000 0.995243 0.000000 -0.097418 1.015347 1.015347 1.015347
3484.200439 0.000000 4594.170410 0.000000 0.732397 0.000000 -0.680877 1.289821 1.289821 1.289821
3503.184814 0.000000 4574.078125 0.000000 0.971022 0.000000 -0.238990 1.030124 1.030124 1.030124
3500.330078 0.000000 4574.809082 0.000000 0.440334 0.000000 -0.897834 1.128028 1.128028 1.128028
3506.396484 0.000000 4582.530273 0.000000 0.979738 0.000000 -0.200283 1.037253 1.037253 1.037253
3519.140381 0.000000 4573.549805 0.000000 0.751148 0.000000 -0.660133 1.145800 1.145800 1.145800
3507.184326 0.000000 4572.546875 0.000000 0.999130 0.000000 0.041706 0.993230 0.993230 0.993230
3516.212158 0.000000 4564.236328 0.000000 0.030076 0.000000 -0.999548 1.173091 1.173091 1.173091
3460.556885 0.000000 4596.219727 0.000000 0.249420 0.000000 -0.968395 1.250210 1.250210 1.250210
3500.164551 0.000000 4590.790527 0.000000 0.334475 0.000000 -0.942405 1.337714 1.337714 1.337714
3480.674072 0.000000 4587.223145 0.000000 0.915841 0.000000 -0.401540 1.079431 1.079431 1.079431
3504.957764 0.000000 4582.819824 0.000000 0.153655 0.000000 -0.988125 1.254623 1.254623 1.254623
3517.560791 0.000000 4554.014648 0.000000 0.775277 0.000000 -0.631621 1.107525 1.107525 1.107525
3470.517822 0.000000 4592.550293 0.000000 0.811490 0.000000 -0.584366 1.116857 1.116857 1.116857
3506.969238 0.000000 4570.916504 0.000000 0.435009 0.000000 -0.900426 1.235032 1.235032 1.235032
3514.445801 0.000000 4558.951172 0.000000 0.880609 0.000000 -0.473844 1.103524 1.103524 1.103524
3510.573975 0.000000 4596.872559 0.000000 0.406239 0.000000 -0.913767 1.261823 1.261823 1.261823
3479.039551 0.000000 4594.329102 0.000000 0.698548 0.000000 -0.715563 1.157275 1.157275 1.157275
3461.832031 0.000000 4592.593262 0.000000 0.999605 0.000000 0.028107 0.993193 0.993193 0.993193
3511.012207 0.000000 4594.715820 0.000000 0.939165 0.000000 -0.343467 1.107663 1.107663 1.107663
3507.424805 0.000000 4590.163086 0.000000 0.551004 0.000000 -0.834503 1.147880 1.147880 1.147880
3460.832031 0.000000 4597.901855 0.000000 0.669360 0.000000 -0.742938 1.158896 1.158896 1.158896
3502.479736 0.000000 4588.580078 0.000000 0.992449 0.000000 -0.122657 1.024559 1.024559 1.024559
3488.474121 0.000000 4595.344238 0.000000 0.610160 0.000000 -0.792278 1.237450 1.237450 1.237450
3489.652344 0.000000 4599.592285 0.000000 0.930255 0.000000 -0.366915 1.102234 1.102234 1.102234
3504.320801 0.000000 4573.964844 0.000000 0.607549 0.000000 -0.794282 1.174146 1.174146 1.174146
3472.630615 0.000000 4592.476074 0.000000 0.850797 0.000000 -0.525495 1.204437 1.204437 1.204437
3490.737061 0.000000 4589.233887 0.000000 0.591267 0.000000 -0.806476 1.199085 1.199085 1.199085
3507.068604 0.000000 4583.387207 0.000000 0.296369 0.000000 -0.955074 1.234609 1.234609 1.234609
3508.749756 0.000000 4584.694336 0.000000 0.998803 0.000000 -0.048912 1.009284 1.009284 1.009284
3473.340820 0.000000 4590.798340 0.000000 0.487692 0.000000 -0.873016 1.243774 1.243774 1.243774
3474.170410 0.000000 4584.463379 0.000000 0.249741 0.000000 -0.968313 1.269895 1.269895 1.269895
3510.901611 0.000000 4590.174316 0.000000 0.375074 0.000000 -0.926995 1.242860 1.242860 1.242860
3471.883301 0.000000 4588.094238 0.000000 0.997047 0.000000 -0.076795 1.016312 1.016312 1.016312
3491.739746 0.000000 4589.001465 0.000000 0.998667 0.000000 0.051613 0.989043 0.989043 0.989043
3490.184814 0.000000 4588.327637 0.000000 0.920733 0.000000 -0.390192 1.085061 1.085061 1.085061
3460.822998 0.000000 4595.272949 0.000000 0.991369 0.000000 -0.131098 1.029541 1.029541 1.029541
3487.506348 0.000000 4595.206055 0.000000 0.363330 0.000000 -0.931661 1.278373 1.278373 1.278373
3515.281250 0.000000 4557.035645 0.000000 0.231462 0.000000 -0.972844 1.323827 1.323827 1.323827
3514.329102 0.000000 4557.649414 0.000000 0.161761 0.000000 -0.986830 1.341046 1.341046 1.341046
3461.812500 0.000000 4593.641113 0.000000 0.933501 0.000000 -0.358575 1.088812 1.088812 1.088812
3501.723389 0.000000 4592.399414 0.000000 0.588957 0.000000 -0.808164 1.225535 1.225535 1.225535
3485.183594 0.000000 4596.272949 0.000000 0.731516 0.000000 -0.681824 1.213527 1.213527 1.213527
3485.913818 0.000000 4597.376953 0.000000 0.640519 0.000000 -0.767943 1.249208 1.249208 1.249208
3473.635986 0.000000 4587.193848 0.000000 0.961238 0.000000 -0.275722 1.078107 1.078107 1.078107
3485.050781 0.000000 4594.206055 0.000000 0.979740 0.000000 -0.200275 1.078027 1.078027 1.078027
3520.377197 0.000000 4570.761719 0.000000 0.768851 0.000000 -0.639428 1.121239 1.121239 1.121239
3526.984863 0.000000 4569.695801 0.000000 0.961943 0.000000 -0.273249 1.071169 1.071169 1.071169
3521.629639 0.000000 4582.186523 0.000000 0.667175 0.000000 -0.744901 1.155257 1.155257 1.155257
3524.308838 0.000000 4572.438477 0.000000 0.297630 0.000000 -0.954681 1.076010 1.076010 1.076010
3524.912598 0.000000 4554.229492 0.000000 0.256328 0.000000 -0.966590 1.022921 1.022921 1.022921
3522.481445 0.000000 4578.979980 0.000000 0.981325 0.000000 -0.192356 1.010631 1.010631 1.010631
3525.199463 0.000000 4575.652832 0.000000 0.701634 0.000000 -0.712537 1.087121 1.087121 1.087121
3533.416504 0.000000 4566.134766 0.000000 0.996579 0.000000 -0.082650 1.011362 1.011362 1.011362
3521.790771 0.000000 4584.985840 0.000000 0.690749 0.000000 -0.723095 1.052465 1.052465 1.052465
3524.419922 0.000000 4560.562500 0.000000 0.657578 0.000000 -0.753387 1.132063 1.132063 1.132063
3528.991699 0.000000 4562.983398 0.000000 0.963415 0.000000 -0.268013 1.070448 1.070448 1.070448
3526.096924 0.000000 4556.142090 0.000000 0.170531 0.000000 -0.985352 1.230587 1.230587 1.230587
3522.147461 0.000000 4572.262207 0.000000 0.998108 0.000000 -0.061482 1.005529 1.005529 1.005529
3526.854248 0.000000 4563.190918 0.000000 0.804240 0.000000 -0.594304 1.263741 1.263741 1.263741
3533.724609 0.000000 4564.024902 0.000000 0.725280 0.000000 -0.688454 1.136495 1.136495 1.136495
3535.309082 0.000000 4565.284180 0.000000 0.314023 0.000000 -0.949415 1.193694 1.193694 1.193694
3529.068115 0.000000 4560.696777 0.000000 0.905527 0.000000 -0.424288 1.079857 1.079857 1.079857
3529.085205 0.000000 4569.712402 0.000000 0.196959 0.000000 -0.980412 1.130211 1.130211 1.130211
3525.278564 0.000000 4562.268555 0.000000 0.784306 0.000000 -0.620374 1.055134 1.055134 1.055134
3524.774658 0.000000 4565.821289 0.000000 0.502771 0.000000 -0.864420 1.153777 1.153777 1.153777
3520.549561 0.000000 4583.735840 0.000000 0.519410 0.000000 -0.854525 1.189296 1.189296 1.189296
3529.405518 0.000000 4564.702148 0.000000 0.495916 0.000000 -0.868370 1.241604 1.241604 1.241604
3532.747803 0.000000 4567.648926 0.000000 0.828229 0.000000 -0.560389 1.081680 1.081680 1.081680
3520.060547 0.000000 4582.206055 0.000000 0.999997 0.000000 -0.002424 1.000448 1.000448 1.000448
3527.503906 0.000000 4566.815430 0.000000 0.982699 0.000000 -0.185209 1.053018 1.053018 1.053018
3526.215332 0.000000 4564.744141 0.000000 0.999983 0.000000 -0.005814 1.001582 1.001582 1.001582
3527.721436 0.000000 4557.367188 0.000000 0.020714 0.000000 -0.999785 1.255410 1.255410 1.255410
3528.959961 0.000000 4566.185059 0.000000 0.999884 0.000000 0.015233 0.996957 0.996957 0.996957
3523.402832 0.000000 4571.188477 0.000000 0.990952 0.000000 -0.134218 1.021174 1.021174 1.021174
3534.668213 0.000000 4566.893066 0.000000 0.310583 0.000000 -0.950546 1.122193 1.122193 1.122193
3522.090088 0.000000 4577.317383 0.000000 0.975142 0.000000 -0.221583 1.041279 1.041279 1.041279
3527.131348 0.000000 4568.199707 0.000000 0.918327 0.000000 -0.395822 1.104648 1.104648 1.104648
3527.869141 0.000000 4562.216797 0.000000 0.748994 0.000000 -0.662577 1.300150 1.300150 1.300150
3526.451904 0.000000 4566.008789 0.000000 0.289266 0.000000 -0.957249 1.363538 1.363538 1.363538
3529.407959 0.000000 4559.416504 0.000000 0.918851 0.000000 -0.394604 1.102282 1.102282 1.102282
3527.270996 0.000000 4556.292480 0.000000 0.017346 0.000000 -0.999850 1.255965 1.255965 1.255965
3521.237061 0.000000 4571.523438 0.000000 0.880514 0.000000 -0.474020 1.086304 1.086304 1.086304
3532.613037 0.000000 4564.373535 0.000000 0.552499 0.000000 -0.833513 1.177134 1.177134 1.177134
3528.081543 0.000000 4558.429199 0.000000 0.048995 0.000000 -0.998799 1.383719 1.383719 1.383719
3528.613037 0.000000 4565.256836 0.000000 0.281590 0.000000 -0.959535 1.295221 1.295221 1.295221
3529.671387 0.000000 4563.763184 0.000000 0.117723 0.000000 -0.993046 1.377206 1.377206 1.377206
3526.396240 0.000000 4563.915039 0.000000 0.680937 0.000000 -0.732342 1.340557 1.340557 1.340557
3455.962891 0.000000 4624.480957 0.000000 0.122178 0.000000 -0.992508 1.307341 1.307341 1.307341
3453.913086 0.000000 4631.802734 0.000000 0.999107 0.000000 0.042246 0.993459 0.993459 0.993459
3454.784912 0.000000 4618.207520 0.000000 0.093732 0.000000 -0.995597 1.206484 1.206484 1.206484
3451.579346 0.000000 4630.968750 0.000000 0.901888 0.000000 -0.431971 1.024533 1.024533 1.024533
3453.040771 0.000000 4629.262207 0.000000 0.130220 0.000000 -0.991485 1.215733 1.215733 1.215733
3454.508789 0.000000 4625.957520 0.000000 0.905686 0.000000 -0.423949 1.092904 1.092904 1.092904
3454.722412 0.000000 4624.739258 0.000000 0.929809 0.000000 -0.368042 1.079981 1.079981 1.079981
3455.665527 0.000000 4625.588379 0.000000 0.283348 0.000000 -0.959017 1.272370 1.272370 1.272370
3467.529541 0.000000 4609.854980 0.000000 0.699274 0.000000 -0.714854 1.071578 1.071578 1.071578
3456.380859 0.000000 4633.485352 0.000000 0.189896 0.000000 -0.981804 1.172229 1.172229 1.172229
3482.627197 0.000000 4605.704102 0.000000 0.575637 0.000000 -0.817705 1.066926 1.066926 1.066926
3477.332520 0.000000 4615.273438 0.000000 0.998064 0.000000 0.062203 0.988967 0.988967 0.988967
3462.214600 0.000000 4624.754395 0.000000 0.136601 0.000000 -0.990626 1.003579 1.003579 1.003579
3511.166748 0.000000 4606.214844 0.000000 0.311268 0.000000 -0.950322 1.363236 1.363236 1.363236
3472.112061 0.000000 4613.112793 0.000000 0.875222 0.000000 -0.483722 1.123530 1.123530 1.123530
3463.156738 0.000000 4607.084961 0.000000 0.876418 0.000000 -0.481551 1.043901 1.043901 1.043901
3459.616943 0.000000 4603.821289 0.000000 0.861169 0.000000 -0.508318 1.009319 1.009319 1.009319
3464.358154 0.000000 4620.146484 0.000000 0.214544 0.000000 -0.976714 1.355084 1.355084 1.355084
3507.413818 0.000000 4608.959961 0.000000 0.620644 0.000000 -0.784092 1.033750 1.033750 1.033750
3459.319824 0.000000 4612.867188 0.000000 0.999313 0.000000 -0.037065 1.007312 1.007312 1.007312
3466.052002 0.000000 4627.864258 0.000000 0.401550 0.000000 -0.915837 1.531755 1.531755 1.531755
3476.216064 0.000000 4603.416992 0.000000 0.869720 0.000000 -0.493546 1.007732 1.007732 1.007732
3487.454346 0.000000 4615.792969 0.000000 0.696210 0.000000 -0.717838 1.143926 1.143926 1.143926
3492.490479 0.000000 4611.104004 0.000000 0.582719 0.000000 -0.812674 1.097110 1.097110 1.097110
3512.780029 0.000000 4602.512695 0.000000 0.712546 0.000000 -0.701626 1.058245 1.058245 1.058245
3497.998535 0.000000 4603.290527 0.000000 0.862605 0.000000 -0.505879 1.193329 1.193329 1.193329
3471.600586 0.000000 4609.242676 0.000000 0.149191 0.000000 -0.988808 1.173838 1.173838 1.173838
3460.912598 0.000000 4600.229492 0.000000 0.573996 0.000000 -0.818858 1.167666 1.167666 1.167666
3466.711426 0.000000 4605.653320 0.000000 0.820458 0.000000 -0.571707 1.100278 1.100278 1.100278
3490.142334 0.000000 4608.778809 0.000000 0.984656 0.000000 -0.174509 1.034157 1.034157 1.034157
3501.890869 0.000000 4608.017090 0.000000 0.788669 0.000000 -0.614818 1.049593 1.049593 1.049593
3469.170654 0.000000 4628.847656 0.000000 0.760304 0.000000 -0.649568 1.105906 1.105906 1.105906
3509.622803 0.000000 4611.256348 0.000000 0.374491 0.000000 -0.927230 1.127421 1.127421 1.127421
3480.252930 0.000000 4613.946289 0.000000 0.194149 0.000000 -0.980972 1.322774 1.322774 1.322774
3476.722656 0.000000 4619.119629 0.000000 0.864057 0.000000 -0.503395 1.090872 1.090872 1.090872
3497.773438 0.000000 4600.480957 0.000000 0.873452 0.000000 -0.486911 1.129501 1.129501 1.129501
3462.423340 0.000000 4604.327148 0.000000 0.745383 0.000000 -0.666637 1.041899 1.041899 1.041899
3456.224121 0.000000 4619.509766 0.000000 0.998853 0.000000 -0.047884 1.008969 1.008969 1.008969
3467.102783 0.000000 4630.572266 0.000000 0.512512 0.000000 -0.858680 1.350629 1.350629 1.350629
3476.941895 0.000000 4600.791016 0.000000 0.958917 0.000000 -0.283686 1.020107 1.020107 1.020107
3469.061768 0.000000 4626.147949 0.000000 0.587093 0.000000 -0.809520 1.308515 1.308515 1.308515
3489.426758 0.000000 4613.757812 0.000000 0.566162 0.000000 -0.824294 1.358018 1.358018 1.358018
3473.777344 0.000000 4602.576172 0.000000 0.913773 0.000000 -0.406225 1.105480 1.105480 1.105480
3481.229980 0.000000 4616.233398 0.000000 0.306540 0.000000 -0.951858 1.160331 1.160331 1.160331
3464.703857 0.000000 4629.856934 0.000000 0.962774 0.000000 -0.270306 1.033483 1.033483 1.033483
3502.235352 0.000000 4613.422852 0.000000 0.256605 0.000000 -0.966516 1.052379 1.052379 1.052379
3478.393799 0.000000 4617.452637 0.000000 0.854122 0.000000 -0.520073 1.043694 1.043694 1.043694
3478.285156 0.000000 4612.717285 0.000000 0.567751 0.000000 -0.823201 1.226937 1.226937 1.226937
3478.449463 0.000000 4602.561523 0.000000 0.118314 0.000000 -0.992976 1.246534 1.246534 1.246534
3489.718750 0.000000 4616.427734 0.000000 0.185290 0.000000 -0.982684 1.058757 1.058757 1.058757
3493.391113 0.000000 4613.181152 0.000000 0.607479 0.000000 -0.794336 1.151247 1.151247 1.151247
3490.322021 0.000000 4611.661621 0.000000 0.903808 0.000000 -0.427938 1.019872 1.019872 1.019872
3479.734375 0.000000 4608.314941 0.000000 0.915764 0.000000 -0.401716 1.029929 1.029929 1.029929
3474.268066 0.000000 4612.650391 0.000000 0.943380 0.000000 -0.331715 1.040519 1.040519 1.040519
3458.685059 0.000000 4610.549805 0.000000 0.203780 0.000000 -0.979017 1.064775 1.064775 1.064775
3458.354736 0.000000 4605.626465 0.000000 0.998751 0.000000 -0.049971 1.007364 1.007364 1.007364
3456.676758 0.000000 4623.625000 0.000000 0.092057 0.000000 -0.995754 1.184571 1.184571 1.184571
3466.875732 0.000000 4607.834961 0.000000 0.612878 0.000000 -0.790178 1.063689 1.063689 1.063689
3462.854248 0.000000 4609.190918 0.000000 0.775217 0.000000 -0.631695 1.052917 1.052917 1.052917
3499.471924 0.000000 4601.770508 0.000000 0.760418 0.000000 -0.649434 1.146467 1.146467 1.146467
3488.933594 0.000000 4600.036133 0.000000 0.388459 0.000000 -0.921466 1.131650 1.131650 1.131650
3487.382812 0.000000 4613.509277 0.000000 0.235185 0.000000 -0.971951 1.476028 1.476028 1.476028
3496.233887 0.000000 4602.239746 0.000000 0.937953 0.000000 -0.346763 1.129075 1.129075 1.129075
3469.724609 0.000000 4610.024902 0.000000 0.215224 0.000000 -0.976565 1.246741 1.246741 1.246741
3501.593750 0.000000 4615.354492 0.000000 0.530434 0.000000 -0.847726 1.318241 1.318241 1.318241
3468.484131 0.000000 4604.703613 0.000000 0.597519 0.000000 -0.801855 1.097556 1.097556 1.097556
3465.858643 0.000000 4621.518555 0.000000 0.796799 0.000000 -0.604245 1.170080 1.170080 1.170080
3511.500977 0.000000 4611.897461 0.000000 0.546973 0.000000 -0.837150 1.118882 1.118882 1.118882
3474.783203 0.000000 4600.911621 0.000000 0.753202 0.000000 -0.657789 1.098572 1.098572 1.098572
3504.386475 0.000000 4612.774902 0.000000 0.644486 0.000000 -0.764616 1.165156 1.165156 1.165156
3461.794434 0.000000 4641.667969 0.000000 0.999714 0.000000 -0.023901 1.004356 1.004356 1.004356
3463.011719 0.000000 4626.658691 0.000000 0.869288 0.000000 -0.494305 1.029688 1.029688 1.029688
3494.381836 0.000000 4602.430664 0.000000 0.998786 0.000000 0.049253 0.992988 0.992988 0.992988
3491.409180 0.000000 4613.281738 0.000000 0.997609 0.000000 -0.069108 1.009669 1.009669 1.009669
3461.278564 0.000000 4608.268555 0.000000 0.004050 0.000000 -0.999992 1.269891 1.269891 1.269891
3496.561768 0.000000 4610.783203 0.000000 0.629368 0.000000 -0.777107 1.091105 1.091105 1.091105
3460.774658 0.000000 4611.821289 0.000000 0.838372 0.000000 -0.545098 1.051814 1.051814 1.051814
3460.238037 0.000000 4602.119629 0.000000 0.625848 0.000000 -0.779945 1.167502 1.167502 1.167502
3468.977539 0.000000 4601.919434 0.000000 0.464443 0.000000 -0.885603 1.252562 1.252562 1.252562
3491.676758 0.000000 4609.564453 0.000000 0.682165 0.000000 -0.731198 1.159694 1.159694 1.159694
3494.604736 0.000000 4607.723633 0.000000 0.483345 0.000000 -0.875430 1.199660 1.199660 1.199660
3494.494141 0.000000 4605.952148 0.000000 0.864380 0.000000 -0.502840 1.071031 1.071031 1.071031
3500.570312 0.000000 4618.869141 0.000000 0.257201 0.000000 -0.966358 1.261772 1.261772 1.261772
3475.060303 0.000000 4619.449707 0.000000 0.215214 0.000000 -0.976567 1.175762 1.175762 1.175762
3464.193359 0.000000 4627.915527 0.000000 0.978411 0.000000 -0.206669 1.052490 1.052490 1.052490
3460.444580 0.000000 4633.346680 0.000000 0.324863 0.000000 -0.945761 1.148586 1.148586 1.148586
3489.240723 0.000000 4610.234863 0.000000 0.193828 0.000000 -0.981036 1.401846 1.401846 1.401846
3496.552734 0.000000 4604.197266 0.000000 0.346832 0.000000 -0.937927 1.145791 1.145791 1.145791
3461.915283 0.000000 4605.904297 0.000000 0.867644 0.000000 -0.497186 1.198760 1.198760 1.198760
3508.956787 0.000000 4609.567383 0.000000 0.976172 0.000000 -0.216999 1.048056 1.048056 1.048056
3481.754639 0.000000 4614.577637 0.000000 0.229461 0.000000 -0.973318 1.474785 1.474785 1.474785
3488.875732 0.000000 4606.984863 0.000000 0.325047 0.000000 -0.945698 1.207369 1.207369 1.207369
3484.165283 0.000000 4611.883789 0.000000 0.403506 0.000000 -0.914977 1.236540 1.236540 1.236540
3478.590820 0.000000 4614.359375 0.000000 0.992456 0.000000 -0.122597 1.035594 1.035594 1.035594
3493.043213 0.000000 4615.786133 0.000000 0.572132 0.000000 -0.820162 1.117645 1.117645 1.117645
3460.740479 0.000000 4604.943359 0.000000 0.937374 0.000000 -0.348324 1.135899 1.135899 1.135899
3469.423096 0.000000 4619.912109 0.000000 0.508162 0.000000 -0.861261 1.225398 1.225398 1.225398
3479.926514 0.000000 4602.019531 0.000000 0.567401 0.000000 -0.823441 1.164239 1.164239 1.164239
3493.608887 0.000000 4600.017090 0.000000 0.945301 0.000000 -0.326200 1.071342 1.071342 1.071342
3508.999023 0.000000 4601.486328 0.000000 0.999018 0.000000 -0.044299 1.004868 1.004868 1.004868
3499.211914 0.000000 4600.134766 0.000000 0.574748 0.000000 -0.818331 1.198614 1.198614 1.198614
3466.737305 0.000000 4604.127930 0.000000 0.996928 0.000000 -0.078323 1.012919 1.012919 1.012919
3475.870117 0.000000 4615.170410 0.000000 0.992667 0.000000 -0.120881 1.011799 1.011799 1.011799
3465.735107 0.000000 4633.574219 0.000000 0.934612 0.000000 -0.355669 1.039944 1.039944 1.039944
3463.128662 0.000000 4623.417969 0.000000 0.999917 0.000000 0.012899 0.998615 0.998615 0.998615
3463.052246 0.000000 4629.945801 0.000000 0.397937 0.000000 -0.917413 1.220386 1.220386 1.220386
3458.987549 0.000000 4606.995605 0.000000 0.999850 0.000000 0.017319 0.997924 0.997924 0.997924
3510.017090 0.000000 4607.175781 0.000000 0.006836 0.000000 -0.999977 1.452922 1.452922 1.452922
3473.516846 0.000000 4613.855469 0.000000 0.730945 0.000000 -0.682436 1.183763 1.183763 1.183763
3503.017334 0.000000 4615.259277 0.000000 0.310783 0.000000 -0.950481 1.187957 1.187957 1.187957
3466.063965 0.000000 4629.428223 0.000000 0.184382 0.000000 -0.982855 1.563752 1.563752 1.563752
3465.707275 0.000000 4630.888672 0.000000 0.625780 0.000000 -0.779999 1.142949 1.142949 1.142949
3457.102783 0.000000 4624.951172 0.000000 0.993882 0.000000 -0.110446 1.013538 1.013538 1.013538
3471.226318 0.000000 4621.145508 0.000000 0.621580 0.000000 -0.783351 1.175265 1.175265 1.175265
3488.520996 0.000000 4612.783691 0.000000 0.282798 0.000000 -0.959179 1.474456 1.474456 1.474456
3474.866699 0.000000 4603.287598 0.000000 0.058508 0.000000 -0.998287 1.181220 1.181220 1.181220
3481.488037 0.000000 4613.269043 0.000000 0.912157 0.000000 -0.409840 1.099099 1.099099 1.099099
3477.986328 0.000000 4618.684082 0.000000 0.107734 0.000000 -0.994180 1.251994 1.251994 1.251994
3475.522217 0.000000 4618.255859 0.000000 0.999251 0.000000 -0.038686 1.005023 1.005023 1.005023
3457.418213 0.000000 4632.708984 0.000000 0.861338 0.000000 -0.508032 1.066520 1.066520 1.066520
3486.997803 0.000000 4610.900879 0.000000 0.917197 0.000000 -0.398434 1.056271 1.056271 1.056271
3456.111816 0.000000 4622.445312 0.000000 0.529927 0.000000 -0.848043 1.126360 1.126360 1.126360
3469.756836 0.000000 4600.920410 0.000000 0.892080 0.000000 -0.451878 1.108862 1.108862 1.108862
3492.288818 0.000000 4612.349121 0.000000 0.998104 0.000000 -0.061545 1.010147 1.010147 1.010147
3459.474854 0.000000 4605.062012 0.000000 0.697913 0.000000 -0.716182 1.117589 1.117589 1.117589
3460.042480 0.000000 4607.751465 0.000000 0.788012 0.000000 -0.615660 1.155642 1.155642 1.155642
3503.240723 0.000000 4608.233887 0.000000 0.288213 0.000000 -0.957566 1.207459 1.207459 1.207459
3500.941162 0.000000 4616.365234 0.000000 0.683460 0.000000 -0.729988 1.173649 1.173649 1.173649
3500.218018 0.000000 4615.162598 0.000000 0.968765 0.000000 -0.247979 1.078828 1.078828 1.078828
3480.450195 0.000000 4615.128418 0.000000 0.739173 0.000000 -0.673515 1.261966 1.261966 1.261966
3461.914062 0.000000 4607.223633 0.000000 0.662680 0.000000 -0.748902 1.198630 1.198630 1.198630
3461.864990 0.000000 4600.954590 0.000000 0.671583 0.000000 -0.740930 1.145828 1.145828 1.145828
3510.205078 0.000000 4603.797363 0.000000 0.491861 0.000000 -0.870674 1.216298 1.216298 1.216298
3492.434082 0.000000 4613.905762 0.000000 0.994669 0.000000 -0.103116 1.017021 1.017021 1.017021
3463.208496 0.000000 4620.694336 0.000000 0.889918 0.000000 -0.456120 1.152535 1.152535 1.152535
3465.518555 0.000000 4620.325684 0.000000 0.866835 0.000000 -0.498595 1.136830 1.136830 1.136830
3468.605957 0.000000 4603.555664 0.000000 0.193833 0.000000 -0.981035 1.230116 1.230116 1.230116
3487.341553 0.000000 4617.335449 0.000000 0.823513 0.000000 -0.567297 1.096382 1.096382 1.096382
3511.095947 0.000000 4602.887695 0.000000 0.980523 0.000000 -0.196405 1.040471 1.040471 1.040471
3461.714844 0.000000 4609.334473 0.000000 0.997325 0.000000 0.073092 0.987398 0.987398 0.987398
3460.396484 0.000000 4620.893066 0.000000 0.750992 0.000000 -0.660311 1.169256 1.169256 1.169256
3470.517334 0.000000 4620.254395 0.000000 0.873698 0.000000 -0.486469 1.098932 1.098932 1.098932
3467.862549 0.000000 4626.345703 0.000000 0.029177 0.000000 -0.999574 1.708163 1.708163 1.708163
3467.445557 0.000000 4631.685547 0.000000 0.902213 0.000000 -0.431291 1.151405 1.151405 1.151405
3505.037109 0.000000 4613.811035 0.000000 0.989587 0.000000 -0.143936 1.027405 1.027405 1.027405
3485.463867 0.000000 4610.043945 0.000000 0.932954 0.000000 -0.359996 1.075390 1.075390 1.075390
3481.903076 0.000000 4609.536621 0.000000 0.948916 0.000000 -0.315528 1.066518 1.066518 1.066518
3471.271240 0.000000 4613.821777 0.000000 0.999735 0.000000 0.023025 0.994136 0.994136 0.994136
3472.617432 0.000000 4604.696289 0.000000 0.828983 0.000000 -0.559274 1.148172 1.148172 1.148172
3496.892090 0.000000 4603.111816 0.000000 0.506581 0.000000 -0.862192 1.378923 1.378923 1.378923
3468.363770 0.000000 4619.869141 0.000000 0.472042 0.000000 -0.881576 1.234400 1.234400 1.234400
3458.327148 0.000000 4613.213867 0.000000 0.999906 0.000000 0.013684 0.997301 0.997301 0.997301
3461.581543 0.000000 4642.669922 0.000000 0.998323 0.000000 -0.057890 1.014894 1.014894 1.014894
3467.030518 0.000000 4628.104004 0.000000 0.126911 0.000000 -0.991914 1.587431 1.587431 1.587431
3486.403564 0.000000 4613.183594 0.000000 0.040654 0.000000 -0.999173 1.546266 1.546266 1.546266
3465.114990 0.000000 4627.500977 0.000000 0.920099 0.000000 -0.391685 1.101481 1.101481 1.101481
3472.860107 0.000000 4602.950684 0.000000 0.987365 0.000000 -0.158465 1.040126 1.040126 1.040126
3496.821289 0.000000 4600.149414 0.000000 0.353276 0.000000 -0.935519 1.308054 1.308054 1.308054
3481.920166 0.000000 4615.501465 0.000000 0.096035 0.000000 -0.995378 1.522765 1.522765 1.522765
3478.492188 0.000000 4615.304688 0.000000 0.055016 0.000000 -0.998486 1.438961 1.438961 1.438961
3487.653564 0.000000 4612.453125 0.000000 0.999877 0.000000 0.015713 0.994390 0.994390 0.994390
3472.977539 0.000000 4605.743652 0.000000 0.962281 0.000000 -0.272057 1.068787 1.068787 1.068787
3488.419434 0.000000 4610.632324 0.000000 0.396090 0.000000 -0.918212 1.339866 1.339866 1.339866
3460.963867 0.000000 4605.840332 0.000000 0.788078 0.000000 -0.615575 1.253291 1.253291 1.253291
3489.648193 0.000000 4611.074219 0.000000 0.913091 0.000000 -0.407756 1.122679 1.122679 1.122679
3511.839111 0.000000 4606.813477 0.000000 0.834491 0.000000 -0.551022 1.169007 1.169007 1.169007
3466.678467 0.000000 4631.297852 0.000000 0.348300 0.000000 -0.937383 1.412543 1.412543 1.412543
3460.163574 0.000000 4605.570801 0.000000 0.087698 0.000000 -0.996147 1.566459 1.566459 1.566459
3466.311768 0.000000 4630.304688 0.000000 0.451550 0.000000 -0.892246 1.374263 1.374263 1.374263
3466.407715 0.000000 4628.638184 0.000000 0.996610 0.000000 -0.082277 1.033519 1.033519 1.033519
3466.932861 0.000000 4629.782227 0.000000 0.998026 0.000000 0.062804 0.974426 0.974426 0.974426
3489.354736 0.000000 4612.688477 0.000000 0.809599 0.000000 -0.586984 1.231791 1.231791 1.231791
"}
