object={
	name="tree_jungle_01_d_generator_1_0"
	render_pass=Map
	clamp_to_water_level=no
	generated_content=yes
	layer="tree_high_layer"
	pdxmesh="tree_jungle_01_d_mesh"
	count=2734
	transform="3705.414551 0.000000 3994.232666 0.000000 0.218059 0.000000 0.975936 0.661465 0.661465 0.661465
3702.613770 0.000000 4000.097168 0.000000 0.615575 0.000000 -0.788078 0.834978 0.834978 0.834978
3701.357910 0.000000 3998.613525 0.000000 0.668618 0.000000 0.743606 0.671504 0.671504 0.671504
3704.864746 0.000000 3997.809326 0.000000 0.029143 0.000000 0.999575 0.524845 0.524845 0.524845
3709.085205 0.000000 4000.277588 0.000000 0.971037 0.000000 -0.238929 0.800595 0.800595 0.800595
3702.573975 0.000000 3998.872314 0.000000 0.063847 0.000000 -0.997960 1.249414 1.249414 1.249414
3706.855713 0.000000 4030.786865 0.000000 0.990170 0.000000 -0.139870 0.791778 0.791778 0.791778
3707.178223 0.000000 4021.564941 0.000000 0.858689 0.000000 -0.512498 0.760075 0.760075 0.760075
3709.227539 0.000000 4038.372314 0.000000 0.974980 0.000000 0.222292 0.702571 0.702571 0.702571
3702.613281 0.000000 4037.079590 0.000000 0.829084 0.000000 0.559124 0.744445 0.744445 0.744445
3711.962891 0.000000 4026.480957 0.000000 0.980605 0.000000 0.195993 0.738180 0.738180 0.738180
3708.676758 0.000000 4043.996582 0.000000 0.842121 0.000000 -0.539289 0.857718 0.857718 0.857718
3704.900879 0.000000 4026.257568 0.000000 0.961791 0.000000 0.273783 0.684053 0.684053 0.684053
3702.166016 0.000000 4029.894531 0.000000 0.357674 0.000000 -0.933846 0.817689 0.817689 0.817689
3709.913086 0.000000 4033.802734 0.000000 0.142763 0.000000 -0.989757 0.872956 0.872956 0.872956
3704.631104 0.000000 4012.169434 0.000000 0.034069 0.000000 -0.999419 0.821934 0.821934 0.821934
3705.414551 0.000000 4040.232666 0.000000 0.014448 0.000000 0.999896 0.653834 0.653834 0.653834
3704.780029 0.000000 4004.512451 0.000000 0.949945 0.000000 -0.312417 0.776772 0.776772 0.776772
3706.072266 0.000000 4034.936523 0.000000 0.948844 0.000000 0.315744 0.718121 0.718121 0.718121
3699.690186 0.000000 4006.349854 0.000000 0.996868 0.000000 0.079083 0.747332 0.747332 0.747332
3690.984863 0.000000 4022.147705 0.000000 0.986975 0.000000 -0.160876 0.766640 0.766640 0.766640
3708.474609 0.000000 4027.510742 0.000000 0.864172 0.000000 -0.503196 0.777645 0.777645 0.777645
3704.990967 0.000000 4047.005615 0.000000 0.953276 0.000000 0.302101 0.622431 0.622431 0.622431
3696.376221 0.000000 4016.741455 0.000000 0.551967 0.000000 0.833866 0.644759 0.644759 0.644759
3710.910645 0.000000 4030.108398 0.000000 0.777636 0.000000 -0.628714 1.074628 1.074628 1.074628
3690.042969 0.000000 4029.821289 0.000000 0.967734 0.000000 -0.251973 0.762400 0.762400 0.762400
3706.408447 0.000000 4009.446045 0.000000 0.026724 0.000000 -0.999643 0.923468 0.923468 0.923468
3710.537598 0.000000 4041.369629 0.000000 0.942626 0.000000 -0.333850 0.806723 0.806723 0.806723
3710.286865 0.000000 4046.678711 0.000000 0.878709 0.000000 -0.477357 0.839452 0.839452 0.839452
3707.951172 0.000000 4024.495605 0.000000 0.688203 0.000000 0.725518 0.629920 0.629920 0.629920
3704.150635 0.000000 4032.251709 0.000000 0.921503 0.000000 -0.388370 0.894886 0.894886 0.894886
3702.609619 0.000000 4015.732666 0.000000 0.581398 0.000000 0.813619 0.701955 0.701955 0.701955
3710.813477 0.000000 4036.317871 0.000000 0.996115 0.000000 -0.088065 0.776912 0.776912 0.776912
3710.784912 0.000000 4020.207520 0.000000 0.135153 0.000000 0.990825 0.588760 0.588760 0.588760
3710.834473 0.000000 4015.113525 0.000000 0.239989 0.000000 0.970776 0.568421 0.568421 0.568421
3704.684570 0.000000 4029.223877 0.000000 0.838580 0.000000 0.544779 0.671252 0.671252 0.671252
3708.030762 0.000000 4040.962402 0.000000 0.991676 0.000000 -0.128758 0.772242 0.772242 0.772242
3708.168457 0.000000 4036.181641 0.000000 0.999586 0.000000 0.028763 0.745098 0.745098 0.745098
3701.882568 0.000000 4018.049316 0.000000 0.999921 0.000000 0.012598 0.749151 0.749151 0.749151
3703.672852 0.000000 4034.851562 0.000000 0.991377 0.000000 -0.131040 0.758366 0.758366 0.758366
3707.579346 0.000000 4032.968750 0.000000 0.013539 0.000000 -0.999908 1.076573 1.076573 1.076573
3710.875977 0.000000 4043.578613 0.000000 0.215180 0.000000 0.976574 0.547192 0.547192 0.547192
3709.040771 0.000000 4031.262451 0.000000 0.491766 0.000000 -0.870727 0.999296 0.999296 0.999296
3706.803711 0.000000 4012.193848 0.000000 0.939976 0.000000 0.341241 0.717398 0.717398 0.717398
3711.261475 0.000000 4039.096680 0.000000 0.884613 0.000000 0.466325 0.621920 0.621920 0.621920
3706.369873 0.000000 4027.903076 0.000000 0.894269 0.000000 0.447531 0.710035 0.710035 0.710035
3698.211182 0.000000 4023.360596 0.000000 0.641051 0.000000 -0.767498 0.840103 0.840103 0.840103
3702.921143 0.000000 4024.948486 0.000000 0.977177 0.000000 -0.212428 0.769639 0.769639 0.769639
3703.433105 0.000000 4006.066650 0.000000 0.775257 0.000000 -0.631645 0.807605 0.807605 0.807605
3696.386475 0.000000 4014.774658 0.000000 0.118135 0.000000 -0.992998 0.910448 0.910448 0.910448
3704.703613 0.000000 4036.453369 0.000000 0.566616 0.000000 -0.823982 0.842476 0.842476 0.842476
3701.590088 0.000000 4006.854004 0.000000 0.178155 0.000000 0.984002 0.637950 0.637950 0.637950
3708.391357 0.000000 4029.447510 0.000000 0.987779 0.000000 -0.155859 0.807726 0.807726 0.807726
3706.904053 0.000000 4026.039307 0.000000 0.989270 0.000000 0.146099 0.737371 0.737371 0.737371
3689.333984 0.000000 4031.602783 0.000000 0.975853 0.000000 0.218427 0.724437 0.724437 0.724437
3703.369629 0.000000 4027.926270 0.000000 0.293183 0.000000 -0.956056 0.869202 0.869202 0.869202
3703.625977 0.000000 4018.470215 0.000000 0.577099 0.000000 -0.816674 0.843045 0.843045 0.843045
3705.711670 0.000000 4033.139404 0.000000 0.684528 0.000000 -0.728987 1.046715 1.046715 1.046715
3709.070312 0.000000 4042.343750 0.000000 0.793439 0.000000 0.608650 0.626252 0.626252 0.626252
3711.603760 0.000000 4034.024902 0.000000 0.371635 0.000000 0.928379 0.373431 0.373431 0.373431
3704.770264 0.000000 4038.538818 0.000000 0.090750 0.000000 0.995874 0.253987 0.253987 0.253987
3708.326416 0.000000 4034.505127 0.000000 0.978061 0.000000 0.208318 0.726424 0.726424 0.726424
3709.531494 0.000000 4040.031738 0.000000 0.296087 0.000000 -0.955161 0.968807 0.968807 0.968807
3705.165771 0.000000 4030.873047 0.000000 0.809102 0.000000 -0.587668 0.877030 0.877030 0.877030
3704.666504 0.000000 4024.654053 0.000000 0.912531 0.000000 0.409007 0.624554 0.624554 0.624554
3708.876221 0.000000 4047.465332 0.000000 0.996808 0.000000 0.079839 0.728301 0.728301 0.728301
3704.864746 0.000000 4043.809326 0.000000 0.995954 0.000000 0.089863 0.712596 0.712596 0.712596
3699.743164 0.000000 4017.972168 0.000000 0.668742 0.000000 0.743494 0.594609 0.594609 0.594609
3710.612549 0.000000 4037.744629 0.000000 0.709835 0.000000 0.704368 0.511474 0.511474 0.511474
3703.009766 0.000000 4017.131348 0.000000 0.922318 0.000000 0.386431 0.692797 0.692797 0.692797
3702.017090 0.000000 4009.175781 0.000000 0.626222 0.000000 0.779645 0.614396 0.614396 0.614396
3709.452881 0.000000 4036.899658 0.000000 0.095953 0.000000 -0.995386 1.001272 1.001272 1.001272
3701.170166 0.000000 4021.559814 0.000000 0.682046 0.000000 -0.731310 0.897439 0.897439 0.897439
3704.784424 0.000000 4027.630615 0.000000 0.056431 0.000000 0.998407 0.389897 0.389897 0.389897
3704.315918 0.000000 4033.631104 0.000000 0.288718 0.000000 0.957414 0.285802 0.285802 0.285802
3711.849854 0.000000 4037.162598 0.000000 0.838087 0.000000 -0.545537 0.926111 0.926111 0.926111
3709.728760 0.000000 4029.298584 0.000000 0.537325 0.000000 -0.843375 1.120169 1.120169 1.120169
3711.543213 0.000000 4028.956787 0.000000 0.110455 0.000000 0.993881 0.118461 0.118461 0.118461
3706.451416 0.000000 4032.087402 0.000000 0.790620 0.000000 -0.612307 0.888194 0.888194 0.888194
3703.759033 0.000000 4011.197998 0.000000 0.698564 0.000000 0.715547 0.517080 0.517080 0.517080
3707.819336 0.000000 4031.576904 0.000000 0.864199 0.000000 -0.503150 0.906966 0.906966 0.906966
3709.560791 0.000000 4002.014648 0.000000 0.919731 0.000000 0.392549 0.649541 0.649541 0.649541
3710.768066 0.000000 4034.979980 0.000000 0.068239 0.000000 0.997669 0.274551 0.274551 0.274551
3706.798340 0.000000 4033.946777 0.000000 0.011875 0.000000 -0.999929 1.076921 1.076921 1.076921
3709.085205 0.000000 4046.277588 0.000000 0.831175 0.000000 -0.556012 0.910071 0.910071 0.910071
3707.210938 0.000000 4002.096436 0.000000 0.245967 0.000000 -0.969278 1.029771 1.029771 1.029771
3707.504395 0.000000 4019.862061 0.000000 0.977285 0.000000 -0.211931 0.795983 0.795983 0.795983
3704.907959 0.000000 4034.772461 0.000000 0.789523 0.000000 -0.613721 1.065492 1.065492 1.065492
3705.936279 0.000000 4026.806885 0.000000 0.373004 0.000000 0.927830 0.467367 0.467367 0.467367
3711.387695 0.000000 4031.242920 0.000000 0.135917 0.000000 -0.990720 1.434903 1.434903 1.434903
3705.268555 0.000000 4032.070801 0.000000 0.159625 0.000000 0.987178 0.237644 0.237644 0.237644
3704.148438 0.000000 4042.909180 0.000000 0.993283 0.000000 0.115707 0.701796 0.701796 0.701796
3697.132080 0.000000 4022.850098 0.000000 0.968548 0.000000 -0.248827 0.812153 0.812153 0.812153
3704.414307 0.000000 4039.739990 0.000000 0.147349 0.000000 -0.989085 1.226904 1.226904 1.226904
3709.051514 0.000000 4028.445801 0.000000 0.515090 0.000000 0.857136 0.370186 0.370186 0.370186
3710.151855 0.000000 4039.012207 0.000000 0.839724 0.000000 -0.543014 0.901548 0.901548 0.901548
3705.317139 0.000000 4009.509033 0.000000 0.903050 0.000000 0.429535 0.626966 0.626966 0.626966
3705.910889 0.000000 4043.980225 0.000000 0.795457 0.000000 -0.606010 1.020619 1.020619 1.020619
3698.164551 0.000000 4020.906006 0.000000 0.870107 0.000000 -0.492862 0.902469 0.902469 0.902469
3705.481201 0.000000 4025.377686 0.000000 0.790172 0.000000 0.612885 0.553597 0.553597 0.553597
3701.144287 0.000000 4014.442627 0.000000 0.807198 0.000000 0.590281 0.562022 0.562022 0.562022
3704.106445 0.000000 4025.583008 0.000000 0.940480 0.000000 0.339848 0.646766 0.646766 0.646766
3705.534180 0.000000 4035.860840 0.000000 0.796669 0.000000 0.604416 0.440110 0.440110 0.440110
3705.151611 0.000000 4042.698242 0.000000 0.789117 0.000000 0.614243 0.475061 0.475061 0.475061
3708.536377 0.000000 4016.512939 0.000000 0.131962 0.000000 0.991255 0.270581 0.270581 0.270581
3704.281738 0.000000 4035.592773 0.000000 0.242589 0.000000 0.970129 0.116995 0.116995 0.116995
3705.576904 0.000000 4034.097412 0.000000 0.998437 0.000000 0.055894 0.723299 0.723299 0.723299
3710.588379 0.000000 4028.915527 0.000000 0.686901 0.000000 0.726751 0.398105 0.398105 0.398105
3710.515137 0.000000 4031.171875 0.000000 0.630229 0.000000 -0.776410 1.174442 1.174442 1.174442
3731.028809 0.000000 3990.224609 0.000000 0.638321 0.000000 0.769770 0.629924 0.629924 0.629924
3724.014404 0.000000 4000.589111 0.000000 0.485961 0.000000 0.873981 0.730090 0.730090 0.730090
3718.037842 0.000000 3999.622803 0.000000 0.132289 0.000000 0.991211 0.615363 0.615363 0.615363
3737.220947 0.000000 3997.629150 0.000000 0.293653 0.000000 0.955912 0.685656 0.685656 0.685656
3712.607910 0.000000 3994.598389 0.000000 0.737090 0.000000 -0.675795 0.829196 0.829196 0.829196
3730.257324 0.000000 3993.361816 0.000000 0.127343 0.000000 -0.991859 0.839169 0.839169 0.839169
3721.062500 0.000000 3999.906738 0.000000 0.989255 0.000000 0.146199 0.739835 0.739835 0.739835
3714.429443 0.000000 4001.144287 0.000000 0.043989 0.000000 0.999032 0.627072 0.627072 0.627072
3719.375488 0.000000 4001.964600 0.000000 0.535367 0.000000 0.844620 0.693499 0.693499 0.693499
3739.018555 0.000000 3998.485107 0.000000 0.054682 0.000000 -0.998504 0.897614 0.897614 0.897614
3716.765381 0.000000 4001.079590 0.000000 0.411407 0.000000 0.911452 0.614721 0.614721 0.614721
3717.794434 0.000000 3997.668213 0.000000 0.996955 0.000000 -0.077984 0.756724 0.756724 0.756724
3736.597168 0.000000 3999.249512 0.000000 0.932711 0.000000 0.360624 0.711315 0.711315 0.711315
3713.798828 0.000000 3990.162598 0.000000 0.891333 0.000000 0.453349 0.693616 0.693616 0.693616
3727.288086 0.000000 3999.477539 0.000000 0.508106 0.000000 0.861294 0.602316 0.602316 0.602316
3722.723145 0.000000 3999.773438 0.000000 0.872813 0.000000 -0.488055 0.828283 0.828283 0.828283
3720.369141 0.000000 3996.252686 0.000000 0.542843 0.000000 -0.839834 0.910541 0.910541 0.910541
3712.003418 0.000000 3993.215088 0.000000 0.981576 0.000000 -0.191070 0.778078 0.778078 0.778078
3722.464844 0.000000 3994.832764 0.000000 0.988098 0.000000 0.153827 0.723974 0.723974 0.723974
3739.234619 0.000000 4001.237061 0.000000 0.295706 0.000000 0.955279 0.523987 0.523987 0.523987
3726.282715 0.000000 3996.979248 0.000000 0.821678 0.000000 0.569952 0.644397 0.644397 0.644397
3721.363281 0.000000 3992.279541 0.000000 0.883592 0.000000 -0.468257 0.835771 0.835771 0.835771
3724.643799 0.000000 3996.110352 0.000000 0.194866 0.000000 -0.980830 1.025414 1.025414 1.025414
3743.008057 0.000000 4022.138428 0.000000 0.994434 0.000000 -0.105357 0.754348 0.754348 0.754348
3738.627197 0.000000 4007.704346 0.000000 0.934952 0.000000 -0.354775 0.752037 0.752037 0.752037
3712.377197 0.000000 4018.761719 0.000000 0.815286 0.000000 -0.579058 0.947736 0.947736 0.947736
3752.356689 0.000000 4014.604248 0.000000 0.669092 0.000000 0.743179 0.677839 0.677839 0.677839
3718.214600 0.000000 4026.754395 0.000000 0.116672 0.000000 -0.993170 0.853444 0.853444 0.853444
3712.933838 0.000000 4044.710205 0.000000 0.996799 0.000000 0.079952 0.743256 0.743256 0.743256
3720.395020 0.000000 4004.013672 0.000000 0.965088 0.000000 0.261928 0.678544 0.678544 0.678544
3739.284180 0.000000 4017.008057 0.000000 0.614715 0.000000 0.788749 0.659815 0.659815 0.659815
3759.091309 0.000000 4013.206299 0.000000 0.905439 0.000000 0.424476 0.728658 0.728658 0.728658
3716.531006 0.000000 4039.556641 0.000000 0.490548 0.000000 -0.871414 0.946135 0.946135 0.946135
3728.112061 0.000000 4015.112549 0.000000 0.036411 0.000000 -0.999337 0.870665 0.870665 0.870665
3736.115967 0.000000 4012.505371 0.000000 0.709267 0.000000 0.704940 0.619628 0.619628 0.619628
3723.609619 0.000000 4025.602051 0.000000 0.866984 0.000000 -0.498337 0.834005 0.834005 0.834005
3747.661377 0.000000 4017.116699 0.000000 0.934089 0.000000 -0.357040 0.806740 0.806740 0.806740
3720.358154 0.000000 4022.146240 0.000000 0.311157 0.000000 0.950359 0.489291 0.489291 0.489291
3763.413818 0.000000 4010.959961 0.000000 0.326774 0.000000 0.945102 0.383776 0.383776 0.383776
3715.319824 0.000000 4014.867188 0.000000 0.717881 0.000000 -0.696165 0.852370 0.852370 0.852370
3722.052002 0.000000 4029.864258 0.000000 0.407519 0.000000 0.913197 0.586200 0.586200 0.586200
3729.678711 0.000000 4020.352051 0.000000 0.744651 0.000000 -0.667454 0.803365 0.803365 0.803365
3732.216064 0.000000 4005.416748 0.000000 0.446272 0.000000 0.894897 0.733400 0.733400 0.733400
3723.275635 0.000000 4016.353271 0.000000 0.269968 0.000000 -0.962869 1.218861 1.218861 1.218861
3736.463623 0.000000 4020.576172 0.000000 0.733847 0.000000 -0.679314 0.839496 0.839496 0.839496
3727.878418 0.000000 4024.332520 0.000000 0.479400 0.000000 0.877596 0.599623 0.599623 0.599623
3753.400879 0.000000 4018.770020 0.000000 0.848270 0.000000 -0.529564 0.798069 0.798069 0.798069
3743.454346 0.000000 4017.792725 0.000000 0.593733 0.000000 0.804662 0.678213 0.678213 0.678213
3739.903076 0.000000 4003.876465 0.000000 0.343297 0.000000 0.939227 0.590047 0.590047 0.590047
3748.490479 0.000000 4013.104004 0.000000 0.333916 0.000000 0.942603 0.551881 0.551881 0.551881
3740.179932 0.000000 4012.298828 0.000000 0.559127 0.000000 -0.829082 0.795755 0.795755 0.795755
3734.870850 0.000000 4008.240723 0.000000 0.471044 0.000000 0.882110 0.701453 0.701453 0.701453
3722.711426 0.000000 4007.653320 0.000000 0.997687 0.000000 0.067981 0.739172 0.739172 0.739172
3732.271484 0.000000 4013.640137 0.000000 0.915092 0.000000 -0.403245 0.785750 0.785750 0.785750
3718.603516 0.000000 4030.525146 0.000000 0.943220 0.000000 -0.332168 0.835590 0.835590 0.835590
3739.947510 0.000000 4020.508057 0.000000 0.987123 0.000000 -0.159961 0.765040 0.765040 0.765040
3712.205322 0.000000 4013.293213 0.000000 0.483729 0.000000 -0.875218 0.863759 0.863759 0.863759
3751.482178 0.000000 4011.336670 0.000000 0.181519 0.000000 0.983387 0.635626 0.635626 0.635626
3715.906982 0.000000 4042.958984 0.000000 1.000000 0.000000 0.000603 0.749901 0.749901 0.749901
3746.142334 0.000000 4010.778809 0.000000 0.465378 0.000000 -0.885112 0.823253 0.823253 0.823253
3714.481445 0.000000 4026.979980 0.000000 0.635532 0.000000 0.772074 0.700450 0.700450 0.700450
3755.152588 0.000000 4012.775879 0.000000 0.072433 0.000000 0.997373 0.604117 0.604117 0.604117
3757.890869 0.000000 4010.016846 0.000000 0.971139 0.000000 0.238516 0.723845 0.723845 0.723845
3717.199463 0.000000 4023.652832 0.000000 0.999498 0.000000 -0.031690 0.753798 0.753798 0.753798
3736.252930 0.000000 4015.946289 0.000000 0.844983 0.000000 -0.534794 0.894745 0.894745 0.894745
3722.179932 0.000000 4019.429932 0.000000 0.130661 0.000000 -0.991427 0.852441 0.852441 0.852441
3727.257812 0.000000 4018.179443 0.000000 0.071555 0.000000 0.997437 0.688244 0.688244 0.688244
3745.599609 0.000000 4007.588379 0.000000 0.726957 0.000000 0.686683 0.684806 0.684806 0.684806
3718.729492 0.000000 4041.938232 0.000000 0.433732 0.000000 -0.901042 0.808832 0.808832 0.808832
3732.722656 0.000000 4021.119385 0.000000 0.386738 0.000000 -0.922190 0.899441 0.899441 0.899441
3720.581299 0.000000 4025.126221 0.000000 0.584082 0.000000 -0.811694 1.023082 1.023082 1.023082
3715.296875 0.000000 4017.662598 0.000000 0.316636 0.000000 -0.948547 0.829489 0.829489 0.829489
3760.611328 0.000000 4010.737305 0.000000 0.996517 0.000000 -0.083395 0.761412 0.761412 0.761412
3725.416504 0.000000 4014.135010 0.000000 0.250108 0.000000 -0.968218 1.228762 1.228762 1.228762
3723.533447 0.000000 4004.888184 0.000000 0.190755 0.000000 0.981638 0.375639 0.375639 0.375639
3718.194824 0.000000 4035.936768 0.000000 0.540788 0.000000 0.841159 0.589066 0.589066 0.589066
3712.224121 0.000000 4021.509521 0.000000 0.004761 0.000000 0.999989 0.415722 0.415722 0.415722
3714.429443 0.000000 4047.144287 0.000000 0.181294 0.000000 0.983429 0.651206 0.651206 0.651206
3712.113281 0.000000 4015.982666 0.000000 0.816215 0.000000 -0.577748 0.861874 0.861874 0.861874
3730.251221 0.000000 4022.989258 0.000000 0.049536 0.000000 -0.998772 1.020597 1.020597 1.020597
3723.687012 0.000000 4022.744141 0.000000 0.420930 0.000000 -0.907093 1.015959 1.015959 1.015959
3762.248291 0.000000 4008.556885 0.000000 0.972144 0.000000 0.234382 0.739368 0.739368 0.739368
3738.547119 0.000000 4014.478027 0.000000 0.279112 0.000000 0.960258 0.373802 0.373802 0.373802
3733.688721 0.000000 4011.298828 0.000000 0.651952 0.000000 0.758260 0.675872 0.675872 0.675872
3740.721191 0.000000 4023.627686 0.000000 0.972577 0.000000 -0.232583 0.762306 0.762306 0.762306
3716.377441 0.000000 4028.895996 0.000000 0.748893 0.000000 0.662691 0.520771 0.520771 0.520771
3745.426758 0.000000 4015.757568 0.000000 0.424133 0.000000 0.905600 0.624858 0.624858 0.624858
3729.992676 0.000000 4012.355957 0.000000 0.993723 0.000000 0.111869 0.738875 0.738875 0.738875
3714.591797 0.000000 4003.448486 0.000000 0.048557 0.000000 0.998820 0.638841 0.638841 0.638841
3727.523926 0.000000 4021.680420 0.000000 0.758233 0.000000 0.651984 0.679522 0.679522 0.679522
3764.717041 0.000000 4008.567871 0.000000 0.345535 0.000000 0.938406 0.606324 0.606324 0.606324
3715.801270 0.000000 4031.285889 0.000000 0.665414 0.000000 -0.746475 0.956714 0.956714 0.956714
3737.229980 0.000000 4018.233643 0.000000 0.649455 0.000000 0.760400 0.636766 0.636766 0.636766
3720.703857 0.000000 4031.857178 0.000000 0.726286 0.000000 0.687393 0.595319 0.595319 0.595319
3726.089600 0.000000 4025.976318 0.000000 0.353028 0.000000 0.935613 0.580080 0.580080 0.580080
3734.393799 0.000000 4019.452393 0.000000 0.762305 0.000000 0.647218 0.707823 0.707823 0.707823
3738.292480 0.000000 4022.342773 0.000000 0.631331 0.000000 0.775513 0.666909 0.666909 0.666909
3738.187256 0.000000 4002.004639 0.000000 0.234126 0.000000 -0.972206 0.924908 0.924908 0.924908
3732.590088 0.000000 4007.686035 0.000000 0.898816 0.000000 0.438327 0.697326 0.697326 0.697326
3749.391113 0.000000 4015.181396 0.000000 0.664096 0.000000 0.747648 0.553922 0.553922 0.553922
3712.041016 0.000000 4046.817627 0.000000 0.398214 0.000000 -0.917292 0.882632 0.882632 0.882632
3724.934814 0.000000 4017.987549 0.000000 0.999044 0.000000 -0.043724 0.764414 0.764414 0.764414
3753.601318 0.000000 4016.541504 0.000000 0.851728 0.000000 -0.523984 0.786144 0.786144 0.786144
3721.085938 0.000000 4006.182129 0.000000 0.575695 0.000000 -0.817664 1.207097 1.207097 1.207097
3718.096924 0.000000 4004.142334 0.000000 0.774064 0.000000 0.633107 0.432938 0.432938 0.432938
3714.685059 0.000000 4012.549805 0.000000 0.985716 0.000000 0.168414 0.727187 0.727187 0.727187
3715.820312 0.000000 4045.343018 0.000000 0.043860 0.000000 -0.999038 0.898669 0.898669 0.898669
3712.640137 0.000000 4028.259766 0.000000 0.483501 0.000000 0.875344 0.526418 0.526418 0.526418
3722.875732 0.000000 4009.834961 0.000000 0.944343 0.000000 0.328962 0.685353 0.685353 0.685353
3741.351562 0.000000 4017.549561 0.000000 0.551648 0.000000 0.834077 0.659494 0.659494 0.659494
3749.349854 0.000000 4011.130371 0.000000 0.394595 0.000000 -0.918855 0.963804 0.963804 0.963804
3734.758545 0.000000 4021.750977 0.000000 0.806391 0.000000 -0.591382 0.806871 0.806871 0.806871
3757.283203 0.000000 4012.012451 0.000000 0.846128 0.000000 0.532980 0.690007 0.690007 0.690007
3753.623779 0.000000 4011.365234 0.000000 0.891510 0.000000 0.453002 0.691902 0.691902 0.691902
3750.550781 0.000000 4013.270752 0.000000 0.711605 0.000000 0.702580 0.378047 0.378047 0.378047
3738.637939 0.000000 4005.528809 0.000000 0.584097 0.000000 -0.811684 0.881219 0.881219 0.881219
3718.671387 0.000000 4039.740723 0.000000 0.997387 0.000000 -0.072244 0.761237 0.761237 0.761237
3743.382812 0.000000 4015.509033 0.000000 0.186661 0.000000 -0.982424 0.874301 0.874301 0.874301
3717.092773 0.000000 4037.589111 0.000000 0.870425 0.000000 -0.492300 0.837705 0.837705 0.837705
3721.858643 0.000000 4023.518555 0.000000 0.103974 0.000000 -0.994580 1.054822 1.054822 1.054822
3756.656250 0.000000 4014.093262 0.000000 0.892362 0.000000 0.451320 0.689505 0.689505 0.689505
3721.068115 0.000000 4008.696777 0.000000 0.835972 0.000000 -0.548772 1.001253 1.001253 1.001253
3717.794434 0.000000 4043.668213 0.000000 0.459204 0.000000 -0.888331 0.866728 0.866728 0.866728
3722.236816 0.000000 4021.366943 0.000000 0.850318 0.000000 0.526269 0.572553 0.572553 0.572553
3719.186768 0.000000 4023.873535 0.000000 0.172253 0.000000 -0.985053 0.888703 0.888703 0.888703
3737.403809 0.000000 4003.711426 0.000000 0.678035 0.000000 -0.735029 0.842764 0.842764 0.842764
3733.989502 0.000000 4006.403564 0.000000 0.695736 0.000000 -0.718298 0.843029 0.843029 0.843029
3719.011719 0.000000 4028.658691 0.000000 0.988862 0.000000 0.148833 0.729021 0.729021 0.729021
3738.003906 0.000000 4012.657959 0.000000 0.690725 0.000000 -0.723117 0.933131 0.933131 0.933131
3716.911133 0.000000 4041.392334 0.000000 0.929622 0.000000 -0.368514 0.815720 0.815720 0.815720
3713.991943 0.000000 4016.263428 0.000000 0.710468 0.000000 -0.703729 0.874242 0.874242 0.874242
3747.409180 0.000000 4015.281738 0.000000 0.650005 0.000000 -0.759930 0.901930 0.901930 0.901930
3738.231689 0.000000 4019.731201 0.000000 0.714163 0.000000 -0.699980 0.879211 0.879211 0.879211
3713.550537 0.000000 4014.511475 0.000000 0.523167 0.000000 -0.852230 0.935299 0.935299 0.935299
3739.938965 0.000000 4018.698730 0.000000 0.983039 0.000000 0.183397 0.719264 0.719264 0.719264
3723.849854 0.000000 4029.515869 0.000000 0.955538 0.000000 0.294869 0.707406 0.707406 0.707406
3761.899658 0.000000 4011.995850 0.000000 0.543006 0.000000 0.839729 0.613754 0.613754 0.613754
3736.778809 0.000000 4014.170654 0.000000 0.968215 0.000000 0.250119 0.685151 0.685151 0.685151
3740.628906 0.000000 4007.631348 0.000000 0.445183 0.000000 -0.895439 0.976424 0.976424 0.976424
3716.416016 0.000000 4026.667480 0.000000 0.114975 0.000000 -0.993368 1.137009 1.137009 1.137009
3726.929443 0.000000 4002.388916 0.000000 0.991163 0.000000 -0.132652 0.788114 0.788114 0.788114
3724.977539 0.000000 4003.919434 0.000000 0.215530 0.000000 0.976497 0.585262 0.585262 0.585262
3720.193359 0.000000 4029.915283 0.000000 0.709458 0.000000 0.704748 0.430771 0.430771 0.430771
3740.262451 0.000000 4002.209717 0.000000 0.550977 0.000000 0.834520 0.533719 0.533719 0.533719
3758.945068 0.000000 4011.503662 0.000000 0.990344 0.000000 0.138634 0.733073 0.733073 0.733073
3716.444580 0.000000 4035.346680 0.000000 0.531965 0.000000 0.846766 0.572255 0.572255 0.572255
3732.200684 0.000000 4022.712158 0.000000 0.835689 0.000000 -0.549203 0.839268 0.839268 0.839268
3714.640869 0.000000 4028.662842 0.000000 0.956941 0.000000 0.290283 0.666177 0.666177 0.666177
3721.866211 0.000000 4004.736084 0.000000 0.439606 0.000000 0.898191 0.449194 0.449194 0.449194
3726.662109 0.000000 4027.541748 0.000000 0.118552 0.000000 -0.992948 0.970213 0.970213 0.970213
3764.956787 0.000000 4011.567383 0.000000 0.572813 0.000000 0.819686 0.568288 0.568288 0.568288
3717.601318 0.000000 4025.228760 0.000000 0.999738 0.000000 -0.022886 0.754371 0.754371 0.754371
3739.840332 0.000000 4015.423584 0.000000 0.920413 0.000000 -0.390948 0.867324 0.867324 0.867324
3737.754639 0.000000 4016.577637 0.000000 0.325685 0.000000 0.945478 0.564398 0.564398 0.564398
3724.747803 0.000000 4015.648682 0.000000 0.520679 0.000000 0.853752 0.378343 0.378343 0.378343
3736.657471 0.000000 4022.260010 0.000000 0.998654 0.000000 -0.051874 0.756316 0.756316 0.756316
3717.040283 0.000000 4030.306641 0.000000 0.137605 0.000000 0.990487 0.489778 0.489778 0.489778
3728.540771 0.000000 4022.897461 0.000000 0.982315 0.000000 -0.187237 0.783856 0.783856 0.783856
3717.135010 0.000000 4005.432861 0.000000 0.330395 0.000000 -0.943843 0.994934 0.994934 0.994934
3728.424072 0.000000 4003.792236 0.000000 0.996964 0.000000 0.077867 0.730443 0.730443 0.730443
3742.705566 0.000000 4007.560303 0.000000 0.230566 0.000000 -0.973057 0.927894 0.927894 0.927894
3737.404785 0.000000 4006.750732 0.000000 0.416815 0.000000 0.908991 0.574835 0.574835 0.574835
3762.050293 0.000000 4010.099365 0.000000 0.500675 0.000000 0.865635 0.440427 0.440427 0.440427
3764.860352 0.000000 4010.075195 0.000000 0.481525 0.000000 0.876433 0.547951 0.547951 0.547951
3712.812988 0.000000 4017.310791 0.000000 0.114810 0.000000 -0.993387 0.981687 0.981687 0.981687
3723.711670 0.000000 4021.044189 0.000000 0.618036 0.000000 -0.786150 1.039622 1.039622 1.039622
3719.721436 0.000000 4005.367188 0.000000 0.099664 0.000000 -0.995021 1.430301 1.430301 1.430301
3723.227295 0.000000 4024.139893 0.000000 0.990430 0.000000 -0.138017 0.772296 0.772296 0.772296
3741.457764 0.000000 4003.415527 0.000000 0.633987 0.000000 0.773344 0.556319 0.556319 0.556319
3722.737305 0.000000 4006.127930 0.000000 0.453208 0.000000 -0.891405 0.925140 0.925140 0.925140
3719.128662 0.000000 4025.417725 0.000000 0.565566 0.000000 0.824703 0.599302 0.599302 0.599302
3719.430420 0.000000 4034.936035 0.000000 0.865580 0.000000 -0.500770 0.834457 0.834457 0.834457
3714.342773 0.000000 4031.546143 0.000000 0.825409 0.000000 0.564535 0.602860 0.602860 0.602860
3719.052246 0.000000 4031.945557 0.000000 0.999534 0.000000 0.030513 0.742286 0.742286 0.742286
3726.668213 0.000000 4014.893066 0.000000 0.948755 0.000000 0.316013 0.683777 0.683777 0.683777
3726.296875 0.000000 4010.620850 0.000000 0.201514 0.000000 0.979486 0.434965 0.434965 0.434965
3717.541260 0.000000 4028.027832 0.000000 0.975954 0.000000 0.217975 0.680466 0.680466 0.680466
3748.092041 0.000000 4010.174805 0.000000 0.881847 0.000000 -0.471536 0.840103 0.840103 0.840103
3717.683350 0.000000 4034.543213 0.000000 0.998982 0.000000 -0.045099 0.757941 0.757941 0.757941
3715.397461 0.000000 4029.905762 0.000000 0.994999 0.000000 0.099881 0.721526 0.721526 0.721526
3722.047852 0.000000 4024.915283 0.000000 0.786464 0.000000 0.617636 0.642799 0.642799 0.642799
3713.102783 0.000000 4026.951416 0.000000 0.998270 0.000000 -0.058799 0.761897 0.761897 0.761897
3723.592285 0.000000 4014.888672 0.000000 0.340950 0.000000 -0.940081 1.027055 1.027055 1.027055
3725.799316 0.000000 4008.445801 0.000000 0.225855 0.000000 0.974161 0.299886 0.299886 0.299886
3722.258057 0.000000 4015.414062 0.000000 0.053933 0.000000 -0.998545 1.093657 1.093657 1.093657
3724.143799 0.000000 4010.640381 0.000000 0.948544 0.000000 -0.316645 0.809724 0.809724 0.809724
3754.896729 0.000000 4017.072266 0.000000 0.473222 0.000000 -0.880943 0.929618 0.929618 0.929618
3712.100098 0.000000 4020.115967 0.000000 0.658199 0.000000 0.752844 0.568057 0.568057 0.568057
3721.570312 0.000000 4028.621094 0.000000 0.800631 0.000000 -0.599158 1.012239 1.012239 1.012239
3717.716553 0.000000 4038.780029 0.000000 0.168492 0.000000 0.985703 0.490206 0.490206 0.490206
3717.884277 0.000000 4029.305420 0.000000 0.214333 0.000000 0.976761 0.321294 0.321294 0.321294
3737.488037 0.000000 4015.269043 0.000000 0.814475 0.000000 0.580199 0.591221 0.591221 0.591221
3712.184082 0.000000 4014.686768 0.000000 0.607365 0.000000 -0.794423 0.916741 0.916741 0.916741
3720.445312 0.000000 4023.466797 0.000000 0.715080 0.000000 0.699042 0.589122 0.589122 0.589122
3722.215332 0.000000 4017.093750 0.000000 0.929881 0.000000 -0.367860 0.886133 0.886133 0.886133
3721.407959 0.000000 4007.416504 0.000000 0.644535 0.000000 0.764575 0.334423 0.334423 0.334423
3748.288818 0.000000 4014.349121 0.000000 0.922656 0.000000 -0.385624 0.841916 0.841916 0.841916
3716.042480 0.000000 4009.751465 0.000000 0.921487 0.000000 0.388409 0.559537 0.559537 0.559537
3727.889893 0.000000 4010.041260 0.000000 0.127174 0.000000 -0.991880 1.082396 1.082396 1.082396
3738.641357 0.000000 4015.707764 0.000000 0.723960 0.000000 0.689842 0.527636 0.527636 0.527636
3721.574463 0.000000 4009.859375 0.000000 0.706837 0.000000 -0.707377 1.089871 1.089871 1.089871
3739.180176 0.000000 4013.156738 0.000000 0.288056 0.000000 -0.957614 1.039682 1.039682 1.039682
3717.914062 0.000000 4009.223633 0.000000 0.859897 0.000000 -0.510468 1.005792 1.005792 1.005792
3725.196045 0.000000 4016.799316 0.000000 0.991274 0.000000 -0.131818 0.793567 0.793567 0.793567
3729.607422 0.000000 4003.298340 0.000000 0.019911 0.000000 0.999802 0.360878 0.360878 0.360878
3748.434082 0.000000 4015.905762 0.000000 0.946906 0.000000 0.321509 0.674002 0.674002 0.674002
3719.812012 0.000000 4031.000000 0.000000 0.991364 0.000000 -0.131138 0.783244 0.783244 0.783244
3719.270996 0.000000 4004.292236 0.000000 0.922332 0.000000 -0.386399 0.933479 0.933479 0.933479
3724.022949 0.000000 4017.227539 0.000000 0.863884 0.000000 0.503691 0.576045 0.576045 0.576045
3726.938477 0.000000 4005.274658 0.000000 0.634671 0.000000 -0.772783 1.016252 1.016252 1.016252
3713.237061 0.000000 4019.523193 0.000000 0.928888 0.000000 0.370360 0.628524 0.628524 0.628524
3725.137451 0.000000 4019.128418 0.000000 0.216484 0.000000 0.976286 0.271339 0.271339 0.271339
3720.135742 0.000000 4028.746094 0.000000 0.970256 0.000000 -0.242083 0.849806 0.849806 0.849806
3726.994873 0.000000 4012.200195 0.000000 0.666129 0.000000 0.745836 0.478898 0.478898 0.478898
3726.164062 0.000000 4013.100586 0.000000 0.325256 0.000000 -0.945626 1.149191 1.149191 1.149191
3713.195557 0.000000 4010.474609 0.000000 0.602475 0.000000 0.798138 0.519846 0.519846 0.519846
3751.457031 0.000000 4012.473877 0.000000 0.050505 0.000000 -0.998724 1.475875 1.475875 1.475875
3714.543213 0.000000 4011.450195 0.000000 0.998519 0.000000 0.054403 0.724011 0.724011 0.724011
3727.536377 0.000000 4006.800293 0.000000 0.933031 0.000000 0.359796 0.605281 0.605281 0.605281
3722.923096 0.000000 4020.291260 0.000000 0.776242 0.000000 -0.630435 0.968400 0.968400 0.968400
3718.569092 0.000000 4005.226807 0.000000 0.165556 0.000000 0.986200 0.100451 0.100451 0.100451
3720.814453 0.000000 4005.006348 0.000000 0.999406 0.000000 -0.034453 0.759291 0.759291 0.759291
3727.859375 0.000000 4004.742920 0.000000 0.638715 0.000000 0.769443 0.485329 0.485329 0.485329
3727.465332 0.000000 4003.296631 0.000000 0.714101 0.000000 0.700043 0.527848 0.527848 0.527848
3724.047363 0.000000 4009.534424 0.000000 0.866623 0.000000 0.498964 0.574911 0.574911 0.574911
3762.964600 0.000000 4011.873047 0.000000 0.999561 0.000000 0.029626 0.741234 0.741234 0.741234
3720.081543 0.000000 4006.428955 0.000000 0.901798 0.000000 0.432157 0.536629 0.536629 0.536629
3715.440674 0.000000 4008.079346 0.000000 0.902176 0.000000 -0.431368 0.962954 0.962954 0.962954
3725.749512 0.000000 4015.349121 0.000000 0.857943 0.000000 0.513745 0.554012 0.554012 0.554012
3724.053955 0.000000 4018.461670 0.000000 0.982151 0.000000 -0.188096 0.816963 0.816963 0.816963
3720.263916 0.000000 4009.298584 0.000000 0.999621 0.000000 -0.027540 0.761913 0.761913 0.761913
3726.641357 0.000000 4006.249512 0.000000 0.063737 0.000000 -0.997967 1.342568 1.342568 1.342568
3721.114990 0.000000 4029.500977 0.000000 0.153193 0.000000 -0.988196 1.328398 1.328398 1.328398
3751.724854 0.000000 4013.464600 0.000000 0.290470 0.000000 0.956884 0.140717 0.140717 0.140717
3723.113037 0.000000 4021.822510 0.000000 0.388260 0.000000 -0.921550 1.125271 1.125271 1.125271
3720.077881 0.000000 4008.348389 0.000000 0.528891 0.000000 0.848690 0.311633 0.311633 0.311633
3724.434570 0.000000 4014.331299 0.000000 0.627377 0.000000 0.778716 0.425759 0.425759 0.425759
3718.915283 0.000000 4008.141846 0.000000 0.794433 0.000000 -0.607352 1.061652 1.061652 1.061652
3717.680908 0.000000 4006.967529 0.000000 0.700863 0.000000 0.713296 0.370803 0.370803 0.370803
3716.889160 0.000000 4009.383789 0.000000 0.609837 0.000000 0.792527 0.313148 0.313148 0.313148
3721.914551 0.000000 4006.612549 0.000000 0.732121 0.000000 -0.681175 1.107796 1.107796 1.107796
3715.208984 0.000000 4010.182129 0.000000 0.699814 0.000000 0.714325 0.370100 0.370100 0.370100
3716.963867 0.000000 4007.840088 0.000000 0.953582 0.000000 -0.301133 0.896047 0.896047 0.896047
3716.490723 0.000000 4006.056152 0.000000 0.290923 0.000000 0.956746 0.140944 0.140944 0.140944
3720.565430 0.000000 4007.271973 0.000000 0.759838 0.000000 0.650113 0.412083 0.412083 0.412083
3717.294922 0.000000 4008.640381 0.000000 0.615078 0.000000 0.788466 0.316313 0.316313 0.316313
3716.163574 0.000000 4007.570801 0.000000 0.261423 0.000000 0.965224 0.126288 0.126288 0.126288
3717.589600 0.000000 4006.124268 0.000000 0.714150 0.000000 -0.699993 1.120220 1.120220 1.120220
3708.353516 0.000000 4048.510498 0.000000 0.159780 0.000000 0.987153 0.551946 0.551946 0.551946
3703.304199 0.000000 4089.863525 0.000000 0.298339 0.000000 0.954460 0.541095 0.541095 0.541095
3708.759521 0.000000 4059.443848 0.000000 0.857961 0.000000 -0.513715 0.777275 0.777275 0.777275
3707.178223 0.000000 4067.564941 0.000000 0.820006 0.000000 -0.572356 1.007866 1.007866 1.007866
3709.227539 0.000000 4084.372314 0.000000 0.838694 0.000000 0.544602 0.508450 0.508450 0.508450
3703.166748 0.000000 4054.214844 0.000000 0.969282 0.000000 -0.245953 0.796995 0.796995 0.796995
3696.385742 0.000000 4091.922607 0.000000 0.975111 0.000000 -0.221715 0.790606 0.790606 0.790606
3677.750488 0.000000 4077.706787 0.000000 0.912532 0.000000 0.409004 0.707396 0.707396 0.707396
3702.166016 0.000000 4075.894531 0.000000 0.803653 0.000000 0.595098 0.533985 0.533985 0.533985
3710.040771 0.000000 4063.734619 0.000000 0.795479 0.000000 0.605981 0.646390 0.646390 0.646390
3704.631104 0.000000 4058.169434 0.000000 0.862567 0.000000 -0.505943 0.868199 0.868199 0.868199
3678.212158 0.000000 4072.437256 0.000000 0.973575 0.000000 -0.228366 0.775021 0.775021 0.775021
3704.780029 0.000000 4050.512451 0.000000 0.104189 0.000000 0.994558 0.049837 0.049837 0.049837
3706.072266 0.000000 4080.936523 0.000000 0.231928 0.000000 -0.972733 1.010304 1.010304 1.010304
3698.772705 0.000000 4082.739746 0.000000 0.999984 0.000000 0.005592 0.747592 0.747592 0.747592
3701.367188 0.000000 4079.584961 0.000000 0.407675 0.000000 0.913127 0.579760 0.579760 0.579760
3696.376221 0.000000 4062.741455 0.000000 0.305077 0.000000 -0.952328 1.243385 1.243385 1.243385
3703.923340 0.000000 4069.133057 0.000000 0.727028 0.000000 0.686608 0.462336 0.462336 0.462336
3706.408447 0.000000 4055.446045 0.000000 0.725467 0.000000 -0.688257 0.840964 0.840964 0.840964
3710.537598 0.000000 4087.369629 0.000000 0.656797 0.000000 0.754067 0.684422 0.684422 0.684422
3675.426025 0.000000 4074.017822 0.000000 0.675904 0.000000 0.736990 0.684837 0.684837 0.684837
3710.286865 0.000000 4092.678711 0.000000 0.691554 0.000000 0.722325 0.647229 0.647229 0.647229
3696.129395 0.000000 4084.498779 0.000000 0.110976 0.000000 0.993823 0.646148 0.646148 0.646148
3704.150635 0.000000 4078.251709 0.000000 0.455448 0.000000 -0.890262 1.031639 1.031639 1.031639
3696.924561 0.000000 4089.159180 0.000000 0.982930 0.000000 0.183982 0.732677 0.732677 0.732677
3706.209229 0.000000 4083.627197 0.000000 0.664730 0.000000 -0.747084 1.065937 1.065937 1.065937
3680.625732 0.000000 4077.354980 0.000000 0.840426 0.000000 -0.541926 0.786461 0.786461 0.786461
3678.872070 0.000000 4091.376709 0.000000 0.479764 0.000000 -0.877398 0.796098 0.796098 0.796098
3699.763916 0.000000 4067.773193 0.000000 0.996564 0.000000 0.082831 0.739442 0.739442 0.739442
3710.927979 0.000000 4048.151611 0.000000 0.586196 0.000000 0.810169 0.642129 0.642129 0.642129
3710.834473 0.000000 4061.113525 0.000000 0.999725 0.000000 0.023445 0.743766 0.743766 0.743766
3708.030762 0.000000 4086.962402 0.000000 0.076754 0.000000 0.997050 0.285645 0.285645 0.285645
3700.717041 0.000000 4054.567871 0.000000 0.001791 0.000000 -0.999998 0.970337 0.970337 0.970337
3695.078613 0.000000 4093.945312 0.000000 0.816324 0.000000 -0.577595 0.813414 0.813414 0.813414
3705.197754 0.000000 4053.085693 0.000000 0.878624 0.000000 -0.477514 0.904734 0.904734 0.904734
3675.783691 0.000000 4076.196045 0.000000 0.158309 0.000000 0.987390 0.644260 0.644260 0.644260
3701.723145 0.000000 4068.915771 0.000000 0.876977 0.000000 0.480533 0.661775 0.661775 0.661775
3710.777832 0.000000 4058.574707 0.000000 0.461818 0.000000 -0.886975 0.819439 0.819439 0.819439
3706.803711 0.000000 4058.193848 0.000000 0.378185 0.000000 0.925730 0.581661 0.581661 0.581661
3711.261475 0.000000 4085.096680 0.000000 0.807754 0.000000 0.589520 0.656741 0.656741 0.656741
3706.017578 0.000000 4069.380371 0.000000 0.444855 0.000000 0.895603 0.621166 0.621166 0.621166
3705.848389 0.000000 4091.044189 0.000000 0.679075 0.000000 -0.734069 0.824084 0.824084 0.824084
3698.211182 0.000000 4069.360596 0.000000 0.560234 0.000000 -0.828334 1.011363 1.011363 1.011363
3702.921143 0.000000 4070.948486 0.000000 0.652494 0.000000 0.757794 0.439244 0.439244 0.439244
3703.433105 0.000000 4052.066650 0.000000 0.878571 0.000000 -0.477612 0.933671 0.933671 0.933671
3698.372070 0.000000 4084.675293 0.000000 0.953223 0.000000 -0.302267 0.795422 0.795422 0.795422
3699.425293 0.000000 4079.656982 0.000000 0.865100 0.000000 -0.501599 0.878885 0.878885 0.878885
3696.875488 0.000000 4082.327637 0.000000 0.394882 0.000000 0.918732 0.651851 0.651851 0.651851
3694.644775 0.000000 4091.063965 0.000000 0.303221 0.000000 0.952920 0.421357 0.421357 0.421357
3705.292236 0.000000 4067.644287 0.000000 0.730577 0.000000 -0.682830 0.837256 0.837256 0.837256
3676.255371 0.000000 4079.518799 0.000000 0.895210 0.000000 0.445644 0.709352 0.709352 0.709352
3678.403809 0.000000 4070.498291 0.000000 0.978786 0.000000 0.204887 0.727591 0.727591 0.727591
3703.369629 0.000000 4073.926270 0.000000 0.219681 0.000000 0.975572 0.267446 0.267446 0.267446
3697.386475 0.000000 4067.640869 0.000000 0.996726 0.000000 -0.080859 0.768946 0.768946 0.768946
3707.391846 0.000000 4053.819580 0.000000 0.970360 0.000000 -0.241665 0.798901 0.798901 0.798901
3679.695312 0.000000 4073.673584 0.000000 0.935096 0.000000 -0.354395 0.789342 0.789342 0.789342
3711.280518 0.000000 4091.253418 0.000000 0.227113 0.000000 -0.973868 1.237364 1.237364 1.237364
3705.711670 0.000000 4079.139404 0.000000 0.126921 0.000000 0.991913 0.379705 0.379705 0.379705
3709.531494 0.000000 4086.031738 0.000000 0.989350 0.000000 -0.145555 0.795403 0.795403 0.795403
3709.720703 0.000000 4049.441162 0.000000 0.391383 0.000000 -0.920228 0.914116 0.914116 0.914116
3700.956787 0.000000 4057.567383 0.000000 0.991878 0.000000 -0.127196 0.781045 0.781045 0.781045
3706.374512 0.000000 4066.191406 0.000000 0.999888 0.000000 0.014936 0.743679 0.743679 0.743679
3699.837646 0.000000 4078.147217 0.000000 0.118054 0.000000 -0.993007 1.106269 1.106269 1.106269
3698.820068 0.000000 4081.128906 0.000000 0.962501 0.000000 0.271278 0.655352 0.655352 0.655352
3696.661621 0.000000 4058.949707 0.000000 0.987942 0.000000 0.154823 0.716819 0.716819 0.716819
3698.050293 0.000000 4056.099365 0.000000 0.251509 0.000000 0.967855 0.185484 0.185484 0.185484
3704.694092 0.000000 4054.533936 0.000000 0.979671 0.000000 -0.200613 0.808242 0.808242 0.808242
3683.650635 0.000000 4077.702393 0.000000 0.784956 0.000000 0.619551 0.637402 0.637402 0.637402
3711.619141 0.000000 4063.425049 0.000000 0.006959 0.000000 0.999976 0.501108 0.501108 0.501108
3704.864746 0.000000 4089.809326 0.000000 0.829202 0.000000 0.558949 0.480134 0.480134 0.480134
3695.508301 0.000000 4089.779541 0.000000 0.991849 0.000000 0.127422 0.726316 0.726316 0.726316
3700.860352 0.000000 4056.075195 0.000000 0.785797 0.000000 -0.618484 0.912311 0.912311 0.912311
3701.174316 0.000000 4061.547119 0.000000 0.918379 0.000000 -0.395701 0.831508 0.831508 0.831508
3678.267090 0.000000 4092.810303 0.000000 0.452437 0.000000 -0.891796 1.024257 1.024257 1.024257
3702.017090 0.000000 4055.175781 0.000000 0.968296 0.000000 0.249806 0.702253 0.702253 0.702253
3691.977051 0.000000 4093.106201 0.000000 0.948000 0.000000 -0.318269 0.813680 0.813680 0.813680
3703.337402 0.000000 4072.295654 0.000000 0.917922 0.000000 0.396762 0.604092 0.604092 0.604092
3707.703613 0.000000 4083.514160 0.000000 0.167152 0.000000 0.985931 0.224655 0.224655 0.224655
3701.170166 0.000000 4067.559814 0.000000 0.978577 0.000000 -0.205882 0.789992 0.789992 0.789992
3695.739014 0.000000 4088.403320 0.000000 0.604662 0.000000 0.796483 0.579191 0.579191 0.579191
3705.755615 0.000000 4059.159912 0.000000 0.524079 0.000000 -0.851670 0.977087 0.977087 0.977087
3706.640625 0.000000 4082.202637 0.000000 0.999555 0.000000 -0.029813 0.761166 0.761166 0.761166
3708.456299 0.000000 4060.805420 0.000000 0.892430 0.000000 -0.451185 0.831511 0.831511 0.831511
3696.708252 0.000000 4090.521484 0.000000 0.010054 0.000000 -0.999949 1.033468 1.033468 1.033468
3699.555420 0.000000 4069.124023 0.000000 0.968859 0.000000 -0.247614 0.816997 0.816997 0.816997
3704.315918 0.000000 4079.631104 0.000000 0.356084 0.000000 -0.934454 1.059549 1.059549 1.059549
3705.383545 0.000000 4051.739258 0.000000 0.862323 0.000000 -0.506359 1.003513 1.003513 1.003513
3701.422363 0.000000 4065.318115 0.000000 0.790906 0.000000 0.611937 0.451615 0.451615 0.451615
3705.999756 0.000000 4054.178223 0.000000 0.996798 0.000000 0.079957 0.726920 0.726920 0.726920
3702.164062 0.000000 4074.570557 0.000000 0.984535 0.000000 -0.175189 0.809681 0.809681 0.809681
3703.369385 0.000000 4075.240479 0.000000 0.833253 0.000000 0.552892 0.551458 0.551458 0.551458
3702.766357 0.000000 4069.638428 0.000000 0.921300 0.000000 -0.388853 0.901807 0.901807 0.901807
3699.995361 0.000000 4080.759766 0.000000 0.904678 0.000000 -0.426097 0.901650 0.901650 0.901650
3706.445801 0.000000 4052.951172 0.000000 0.367428 0.000000 -0.930052 0.989327 0.989327 0.989327
3698.572754 0.000000 4068.125000 0.000000 0.694482 0.000000 0.719510 0.534967 0.534967 0.534967
3703.903076 0.000000 4053.237549 0.000000 0.096983 0.000000 -0.995286 1.293582 1.293582 1.293582
3702.573975 0.000000 4090.872314 0.000000 0.999016 0.000000 0.044353 0.738286 0.738286 0.738286
3698.304688 0.000000 4079.224365 0.000000 0.767413 0.000000 0.641153 0.579281 0.579281 0.579281
3708.319336 0.000000 4085.800781 0.000000 0.998667 0.000000 0.051611 0.728344 0.728344 0.728344
3711.380615 0.000000 4060.059814 0.000000 0.978801 0.000000 0.204812 0.695156 0.695156 0.695156
3704.907959 0.000000 4080.772461 0.000000 0.627371 0.000000 0.778720 0.480911 0.480911 0.480911
3699.705078 0.000000 4081.979980 0.000000 0.987644 0.000000 -0.156715 0.804215 0.804215 0.804215
3697.112793 0.000000 4066.501953 0.000000 0.777292 0.000000 -0.629141 0.909260 0.909260 0.909260
3705.268555 0.000000 4078.070801 0.000000 0.586531 0.000000 0.809927 0.507838 0.507838 0.507838
3709.178467 0.000000 4087.143799 0.000000 0.142682 0.000000 0.989769 0.306265 0.306265 0.306265
3702.742432 0.000000 4053.042725 0.000000 0.703796 0.000000 -0.710403 1.041429 1.041429 1.041429
3704.148438 0.000000 4088.909180 0.000000 0.170959 0.000000 0.985278 0.113463 0.113463 0.113463
3699.276367 0.000000 4061.462646 0.000000 0.786257 0.000000 -0.617900 0.969499 0.969499 0.969499
3693.722168 0.000000 4093.584961 0.000000 0.217976 0.000000 -0.975954 1.210411 1.210411 1.210411
3697.582764 0.000000 4062.787598 0.000000 0.094379 0.000000 -0.995536 1.327717 1.327717 1.327717
3697.037109 0.000000 4061.811035 0.000000 0.407429 0.000000 -0.913237 1.271617 1.271617 1.271617
3697.527344 0.000000 4060.799561 0.000000 0.952190 0.000000 0.305508 0.609318 0.609318 0.609318
3698.586182 0.000000 4058.839600 0.000000 0.404986 0.000000 0.914323 0.199086 0.199086 0.199086
3711.892090 0.000000 4090.322510 0.000000 0.994225 0.000000 -0.107316 0.789058 0.789058 0.789058
3705.317139 0.000000 4055.509033 0.000000 0.052374 0.000000 -0.998628 1.187832 1.187832 1.187832
3705.910889 0.000000 4089.980225 0.000000 0.980059 0.000000 -0.198707 0.841017 0.841017 0.841017
3699.189697 0.000000 4059.766113 0.000000 0.596125 0.000000 -0.802891 1.195059 1.195059 1.195059
3704.363770 0.000000 4051.532471 0.000000 0.542548 0.000000 -0.840025 1.226189 1.226189 1.226189
3700.683594 0.000000 4064.487061 0.000000 0.297086 0.000000 0.954851 0.174915 0.174915 0.174915
3698.964600 0.000000 4057.873047 0.000000 0.845273 0.000000 -0.534335 0.991713 0.991713 0.991713
3696.217773 0.000000 4063.765625 0.000000 0.218398 0.000000 0.975860 0.221455 0.221455 0.221455
3702.378174 0.000000 4071.825439 0.000000 0.922353 0.000000 -0.386348 0.893346 0.893346 0.893346
3710.527344 0.000000 4090.556641 0.000000 0.442793 0.000000 0.896624 0.346038 0.346038 0.346038
3703.744141 0.000000 4070.153564 0.000000 0.017263 0.000000 -0.999851 1.311408 1.311408 1.311408
3705.534180 0.000000 4081.860840 0.000000 0.699907 0.000000 0.714234 0.510181 0.510181 0.510181
3706.189209 0.000000 4067.207520 0.000000 0.947585 0.000000 -0.319503 0.887615 0.887615 0.887615
3703.369629 0.000000 4068.296143 0.000000 0.344558 0.000000 -0.938765 1.213352 1.213352 1.213352
3698.422607 0.000000 4057.037354 0.000000 0.954651 0.000000 -0.297727 0.879625 0.879625 0.879625
3698.554688 0.000000 4083.700439 0.000000 0.999912 0.000000 -0.013263 0.755712 0.755712 0.755712
3698.554199 0.000000 4080.179443 0.000000 0.116219 0.000000 0.993224 0.248954 0.248954 0.248954
3698.526611 0.000000 4060.775391 0.000000 0.468655 0.000000 -0.883381 1.106906 1.106906 1.106906
3705.151611 0.000000 4088.698242 0.000000 0.300088 0.000000 0.953911 0.173970 0.173970 0.173970
3702.133789 0.000000 4070.384521 0.000000 0.222915 0.000000 0.974838 0.263591 0.263591 0.263591
3702.826172 0.000000 4073.129150 0.000000 0.086821 0.000000 0.996224 0.219324 0.219324 0.219324
3699.999268 0.000000 4057.790283 0.000000 0.997663 0.000000 -0.068325 0.779319 0.779319 0.779319
3692.753174 0.000000 4093.677490 0.000000 0.511453 0.000000 0.859311 0.397662 0.397662 0.397662
3707.858154 0.000000 4066.738770 0.000000 0.999932 0.000000 -0.011653 0.754931 0.754931 0.754931
3708.271484 0.000000 4084.280518 0.000000 0.669430 0.000000 -0.742875 1.101204 1.101204 1.101204
3697.100830 0.000000 4063.570312 0.000000 0.238643 0.000000 0.971107 0.229593 0.229593 0.229593
3709.063477 0.000000 4085.252930 0.000000 0.982431 0.000000 0.186628 0.671263 0.671263 0.671263
3698.925537 0.000000 4056.235352 0.000000 0.948592 0.000000 0.316503 0.611915 0.611915 0.611915
3705.503906 0.000000 4050.924072 0.000000 0.989198 0.000000 -0.146588 0.820244 0.820244 0.820244
3693.271973 0.000000 4131.504883 0.000000 0.752104 0.000000 0.659045 0.702845 0.702845 0.702845
3679.975098 0.000000 4128.368652 0.000000 0.918795 0.000000 -0.394734 0.754559 0.754559 0.754559
3688.356689 0.000000 4106.604492 0.000000 0.823128 0.000000 -0.567855 0.797491 0.797491 0.797491
3707.178223 0.000000 4113.564941 0.000000 0.946545 0.000000 0.322572 0.665747 0.665747 0.665747
3687.355225 0.000000 4125.266602 0.000000 0.097847 0.000000 -0.995201 0.882368 0.882368 0.882368
3676.608154 0.000000 4138.936035 0.000000 0.844943 0.000000 0.534857 0.682373 0.682373 0.682373
3681.821045 0.000000 4120.769043 0.000000 0.824572 0.000000 0.565757 0.729732 0.729732 0.729732
3696.385742 0.000000 4137.922363 0.000000 0.990432 0.000000 -0.138003 0.795105 0.795105 0.795105
3695.091309 0.000000 4105.206543 0.000000 0.833233 0.000000 -0.552922 0.887123 0.887123 0.887123
3685.400635 0.000000 4130.645020 0.000000 0.870689 0.000000 -0.491834 0.782735 0.782735 0.782735
3679.914307 0.000000 4134.268555 0.000000 0.847049 0.000000 0.531515 0.530701 0.530701 0.530701
3692.517578 0.000000 4124.009766 0.000000 0.144764 0.000000 -0.989466 1.051615 1.051615 1.051615
3695.663574 0.000000 4119.591797 0.000000 0.512115 0.000000 0.858917 0.664883 0.664883 0.664883
3686.783691 0.000000 4120.575684 0.000000 0.058229 0.000000 -0.998303 1.313585 1.313585 1.313585
3695.128906 0.000000 4127.550781 0.000000 0.522145 0.000000 0.852857 0.369404 0.369404 0.369404
3697.218994 0.000000 4095.048828 0.000000 0.328387 0.000000 0.944543 0.703706 0.703706 0.703706
3696.065918 0.000000 4115.212402 0.000000 0.616057 0.000000 0.787701 0.705841 0.705841 0.705841
3682.974365 0.000000 4116.645508 0.000000 0.350259 0.000000 0.936653 0.640985 0.640985 0.640985
3675.550537 0.000000 4127.264648 0.000000 0.940579 0.000000 0.339575 0.640366 0.640366 0.640366
3678.212158 0.000000 4118.437500 0.000000 0.012034 0.000000 0.999928 0.341390 0.341390 0.341390
3676.179932 0.000000 4104.298828 0.000000 0.487659 0.000000 0.873034 0.638708 0.638708 0.638708
3699.690186 0.000000 4098.349609 0.000000 0.077889 0.000000 0.996962 0.190962 0.190962 0.190962
3698.044678 0.000000 4111.801758 0.000000 0.965107 0.000000 -0.261854 0.861122 0.861122 0.861122
3688.390625 0.000000 4133.006836 0.000000 0.750902 0.000000 0.660414 0.569006 0.569006 0.569006
3683.822021 0.000000 4097.237305 0.000000 0.330338 0.000000 -0.943863 0.821635 0.821635 0.821635
3677.282959 0.000000 4131.324707 0.000000 0.138078 0.000000 -0.990421 1.087908 1.087908 1.087908
3694.092773 0.000000 4135.087891 0.000000 0.130014 0.000000 -0.991512 1.192315 1.192315 1.192315
3676.714355 0.000000 4135.500000 0.000000 0.746297 0.000000 0.665613 0.616357 0.616357 0.616357
3690.042969 0.000000 4121.821289 0.000000 0.038317 0.000000 0.999266 0.046993 0.046993 0.046993
3687.607910 0.000000 4138.420410 0.000000 0.998937 0.000000 0.046088 0.732821 0.732821 0.732821
3693.366699 0.000000 4097.250000 0.000000 0.523157 0.000000 0.852236 0.593354 0.593354 0.593354
3696.129395 0.000000 4130.499023 0.000000 0.295057 0.000000 -0.955480 0.849975 0.849975 0.849975
3695.200684 0.000000 4122.574707 0.000000 0.595102 0.000000 -0.803650 1.017401 1.017401 1.017401
3674.755859 0.000000 4124.402832 0.000000 0.842284 0.000000 0.539034 0.589042 0.589042 0.589042
3692.871338 0.000000 4120.608887 0.000000 0.737872 0.000000 0.674941 0.654280 0.654280 0.654280
3692.232422 0.000000 4127.243164 0.000000 0.785489 0.000000 0.618876 0.700021 0.700021 0.700021
3672.442383 0.000000 4119.076660 0.000000 0.375880 0.000000 0.926668 0.634578 0.634578 0.634578
3686.024902 0.000000 4127.895996 0.000000 0.999942 0.000000 -0.010727 0.753997 0.753997 0.753997
3696.611328 0.000000 4102.737305 0.000000 0.033455 0.000000 0.999440 0.338371 0.338371 0.338371
3696.924561 0.000000 4135.159180 0.000000 0.783088 0.000000 -0.621911 1.070465 1.070465 1.070465
3684.463867 0.000000 4119.091309 0.000000 0.968312 0.000000 -0.249742 0.870519 0.870519 0.870519
3697.610840 0.000000 4117.691895 0.000000 0.205667 0.000000 -0.978622 1.122784 1.122784 1.122784
3678.872070 0.000000 4137.376465 0.000000 0.682795 0.000000 -0.730610 0.886518 0.886518 0.886518
3698.248291 0.000000 4100.557129 0.000000 0.469038 0.000000 -0.883178 1.086492 1.086492 1.086492
3674.030518 0.000000 4138.287598 0.000000 0.952692 0.000000 0.303939 0.709523 0.709523 0.709523
3699.763916 0.000000 4113.772949 0.000000 0.951218 0.000000 -0.308518 0.899750 0.899750 0.899750
3687.567627 0.000000 4135.455566 0.000000 0.470489 0.000000 -0.882406 1.039430 1.039430 1.039430
3695.528809 0.000000 4132.967773 0.000000 0.480566 0.000000 0.876959 0.239353 0.239353 0.239353
3694.884766 0.000000 4125.085449 0.000000 0.431621 0.000000 0.902055 0.213087 0.213087 0.213087
3687.829102 0.000000 4130.462402 0.000000 0.080906 0.000000 -0.996722 1.461328 1.461328 1.461328
3699.526611 0.000000 4095.642578 0.000000 0.990881 0.000000 -0.134741 0.794539 0.794539 0.794539
3701.882568 0.000000 4110.049316 0.000000 0.988599 0.000000 0.150575 0.701605 0.701605 0.701605
3697.497559 0.000000 4097.439941 0.000000 0.918500 0.000000 -0.395422 0.829924 0.829924 0.829924
3694.235352 0.000000 4107.422852 0.000000 0.716621 0.000000 0.697463 0.654615 0.654615 0.654615
3699.782471 0.000000 4122.383789 0.000000 0.837745 0.000000 -0.546062 0.877630 0.877630 0.877630
3681.060547 0.000000 4118.535156 0.000000 0.696003 0.000000 0.718038 0.568529 0.568529 0.568529
3679.523682 0.000000 4130.880371 0.000000 0.462917 0.000000 -0.886401 1.013162 1.013162 1.013162
3697.385498 0.000000 4121.592285 0.000000 0.999558 0.000000 0.029735 0.743652 0.743652 0.743652
3693.516602 0.000000 4129.270020 0.000000 0.483039 0.000000 -0.875599 0.845868 0.845868 0.845868
3685.391113 0.000000 4107.181152 0.000000 0.727589 0.000000 -0.686014 0.979317 0.979317 0.979317
3681.502197 0.000000 4135.860352 0.000000 0.930694 0.000000 -0.365800 0.818718 0.818718 0.818718
3667.144043 0.000000 4137.850098 0.000000 0.376647 0.000000 0.926357 0.663494 0.663494 0.663494
3689.780762 0.000000 4099.428711 0.000000 0.009076 0.000000 0.999959 0.495596 0.495596 0.495596
3684.431641 0.000000 4126.417480 0.000000 0.996320 0.000000 -0.085717 0.761731 0.761731 0.761731
3677.501465 0.000000 4133.526855 0.000000 0.884325 0.000000 -0.466873 0.798205 0.798205 0.798205
3700.125488 0.000000 4111.462891 0.000000 0.936778 0.000000 0.349923 0.635538 0.635538 0.635538
3698.211182 0.000000 4115.360840 0.000000 0.194621 0.000000 -0.980878 1.298352 1.298352 1.298352
3689.623779 0.000000 4103.365234 0.000000 0.905773 0.000000 0.423764 0.550076 0.550076 0.550076
3708.837158 0.000000 4112.294434 0.000000 0.692810 0.000000 -0.721120 0.983751 0.983751 0.983751
3675.018555 0.000000 4136.484863 0.000000 0.009626 0.000000 0.999954 0.536610 0.536610 0.536610
3695.700684 0.000000 4117.293945 0.000000 0.083229 0.000000 -0.996530 0.992309 0.992309 0.992309
3696.386475 0.000000 4106.774902 0.000000 0.986514 0.000000 0.163679 0.734915 0.734915 0.734915
3701.312988 0.000000 4123.636230 0.000000 0.800044 0.000000 -0.599942 0.993362 0.993362 0.993362
3694.644775 0.000000 4137.063965 0.000000 0.897149 0.000000 0.441729 0.604365 0.604365 0.604365
3690.840088 0.000000 4120.043945 0.000000 0.518358 0.000000 0.855164 0.279393 0.279393 0.279393
3705.292236 0.000000 4113.644043 0.000000 0.484907 0.000000 0.874566 0.363308 0.363308 0.363308
3689.606201 0.000000 4134.462402 0.000000 0.615241 0.000000 0.788339 0.559561 0.559561 0.559561
3674.003906 0.000000 4104.657715 0.000000 0.989379 0.000000 -0.145356 0.763930 0.763930 0.763930
3686.824463 0.000000 4132.018555 0.000000 0.711517 0.000000 0.702669 0.377987 0.377987 0.377987
3697.386475 0.000000 4113.641113 0.000000 0.999628 0.000000 0.027283 0.745708 0.745708 0.745708
3708.573730 0.000000 4114.799316 0.000000 0.155219 0.000000 -0.987880 0.914261 0.914261 0.914261
3679.098389 0.000000 4132.651855 0.000000 0.544873 0.000000 0.838518 0.452045 0.452045 0.452045
3703.625977 0.000000 4110.470215 0.000000 0.874571 0.000000 -0.484897 0.909247 0.909247 0.909247
3697.899658 0.000000 4103.996094 0.000000 0.991132 0.000000 0.132884 0.714314 0.714314 0.714314
3693.629395 0.000000 4133.320312 0.000000 0.999556 0.000000 0.029793 0.743974 0.743974 0.743974
3679.695312 0.000000 4119.673340 0.000000 0.790054 0.000000 0.613038 0.577015 0.577015 0.577015
3678.611572 0.000000 4135.496582 0.000000 0.789429 0.000000 0.613842 0.491360 0.491360 0.491360
3683.545166 0.000000 4120.622070 0.000000 0.956839 0.000000 -0.290618 0.828402 0.828402 0.828402
3688.400391 0.000000 4121.255371 0.000000 0.989761 0.000000 0.142736 0.730960 0.730960 0.730960
3677.047607 0.000000 4137.228516 0.000000 0.257387 0.000000 -0.966308 1.071442 1.071442 1.071442
3677.730957 0.000000 4105.115723 0.000000 0.974191 0.000000 0.225725 0.726126 0.726126 0.726126
3693.395996 0.000000 4125.902832 0.000000 0.237738 0.000000 -0.971329 1.031565 1.031565 1.031565
3691.686768 0.000000 4097.833984 0.000000 0.962851 0.000000 0.270034 0.700851 0.700851 0.700851
3697.440918 0.000000 4119.454590 0.000000 0.831019 0.000000 -0.556243 0.991876 0.991876 0.991876
3694.945068 0.000000 4103.503906 0.000000 0.022288 0.000000 -0.999752 0.944263 0.944263 0.944263
3684.475586 0.000000 4117.356934 0.000000 0.722015 0.000000 -0.691878 1.114824 1.114824 1.114824
3682.694336 0.000000 4119.170898 0.000000 0.031004 0.000000 -0.999519 1.222831 1.222831 1.222831
3696.916016 0.000000 4132.003906 0.000000 0.924720 0.000000 -0.380647 0.936448 0.936448 0.936448
3687.496338 0.000000 4128.814941 0.000000 0.970597 0.000000 -0.240710 0.805987 0.805987 0.805987
3698.773926 0.000000 4094.077148 0.000000 0.976839 0.000000 -0.213978 0.821065 0.821065 0.821065
3686.615234 0.000000 4137.065918 0.000000 0.550016 0.000000 -0.835154 0.931370 0.931370 0.931370
3688.552734 0.000000 4098.197266 0.000000 0.423748 0.000000 0.905780 0.565399 0.565399 0.565399
3664.670166 0.000000 4134.457031 0.000000 0.982625 0.000000 0.185603 0.728677 0.728677 0.728677
3688.220215 0.000000 4109.642090 0.000000 0.147269 0.000000 -0.989097 1.365481 1.365481 1.365481
3693.203857 0.000000 4095.628418 0.000000 0.629955 0.000000 0.776632 0.382005 0.382005 0.382005
3706.374512 0.000000 4112.191406 0.000000 0.106037 0.000000 0.994362 0.374311 0.374311 0.374311
3698.116699 0.000000 4098.904785 0.000000 0.967334 0.000000 -0.253505 0.845980 0.845980 0.845980
3685.164795 0.000000 4120.711914 0.000000 0.982624 0.000000 -0.185610 0.810475 0.810475 0.810475
3667.830322 0.000000 4135.361816 0.000000 0.928155 0.000000 0.372195 0.567908 0.567908 0.567908
3694.517578 0.000000 4130.497559 0.000000 0.788625 0.000000 -0.614874 0.885156 0.885156 0.885156
3685.940186 0.000000 4126.016602 0.000000 0.792832 0.000000 -0.609440 0.839578 0.839578 0.839578
3689.988770 0.000000 4132.939453 0.000000 0.062597 0.000000 -0.998039 1.128402 1.128402 1.128402
3696.661621 0.000000 4104.949707 0.000000 0.392060 0.000000 -0.919940 1.032102 1.032102 1.032102
3680.022949 0.000000 4136.360840 0.000000 0.827860 0.000000 -0.560934 0.859275 0.859275 0.859275
3674.073975 0.000000 4123.011230 0.000000 0.422164 0.000000 -0.906519 0.911509 0.911509 0.911509
3695.524902 0.000000 4129.062988 0.000000 0.886220 0.000000 -0.463265 0.858227 0.858227 0.858227
3688.736328 0.000000 4102.124023 0.000000 0.952186 0.000000 -0.305520 0.891850 0.891850 0.891850
3686.185791 0.000000 4134.847168 0.000000 0.991176 0.000000 0.132556 0.714403 0.714403 0.714403
3699.461670 0.000000 4101.463867 0.000000 0.965925 0.000000 0.258821 0.668627 0.668627 0.668627
3695.508301 0.000000 4135.779785 0.000000 0.872330 0.000000 -0.488918 0.906869 0.906869 0.906869
3692.550537 0.000000 4134.945801 0.000000 0.243286 0.000000 0.969955 0.514302 0.514302 0.514302
3697.106934 0.000000 4133.669434 0.000000 0.592030 0.000000 0.805916 0.302510 0.302510 0.302510
3679.555908 0.000000 4094.683350 0.000000 0.995901 0.000000 0.090453 0.734058 0.734058 0.734058
3695.895996 0.000000 4126.267578 0.000000 0.026574 0.000000 0.999647 0.174609 0.174609 0.174609
3688.916748 0.000000 4131.559570 0.000000 0.869303 0.000000 0.494280 0.659003 0.659003 0.659003
3669.617432 0.000000 4130.706543 0.000000 0.552269 0.000000 -0.833666 0.960405 0.960405 0.960405
3691.211914 0.000000 4094.135010 0.000000 0.832190 0.000000 -0.554490 0.909574 0.909574 0.909574
3696.989502 0.000000 4110.449219 0.000000 0.999984 0.000000 -0.005737 0.750913 0.750913 0.750913
3709.689209 0.000000 4113.519531 0.000000 0.337245 0.000000 0.941417 0.393951 0.393951 0.393951
3696.560791 0.000000 4096.329102 0.000000 0.329238 0.000000 0.944247 0.507136 0.507136 0.507136
3697.010254 0.000000 4116.297363 0.000000 0.660250 0.000000 -0.751046 0.982269 0.982269 0.982269
3685.941162 0.000000 4117.204102 0.000000 0.903533 0.000000 0.428518 0.538554 0.538554 0.538554
3686.143066 0.000000 4129.389648 0.000000 0.753035 0.000000 -0.657981 0.915391 0.915391 0.915391
3698.921143 0.000000 4097.012207 0.000000 0.508515 0.000000 -0.861053 1.185080 1.185080 1.185080
3687.205322 0.000000 4133.798828 0.000000 0.031526 0.000000 -0.999503 1.484945 1.484945 1.484945
3676.200439 0.000000 4134.170410 0.000000 0.892521 0.000000 0.451006 0.664144 0.664144 0.664144
3699.516602 0.000000 4099.776855 0.000000 0.999327 0.000000 0.036693 0.736256 0.736256 0.736256
3681.635498 0.000000 4117.149902 0.000000 0.901647 0.000000 -0.432473 0.826204 0.826204 0.826204
3688.202148 0.000000 4108.168945 0.000000 0.417033 0.000000 -0.908891 1.243348 1.243348 1.243348
3689.190918 0.000000 4130.208984 0.000000 0.997217 0.000000 0.074553 0.736866 0.736866 0.736866
3695.739014 0.000000 4134.403320 0.000000 0.994017 0.000000 -0.109228 0.783608 0.783608 0.783608
3676.610840 0.000000 4130.083008 0.000000 0.238137 0.000000 -0.971232 1.063861 1.063861 1.063861
3678.290283 0.000000 4119.988770 0.000000 0.998140 0.000000 -0.060957 0.765989 0.765989 0.765989
3698.396484 0.000000 4122.530273 0.000000 0.997791 0.000000 0.066437 0.735310 0.735310 0.735310
3687.158203 0.000000 4112.723145 0.000000 0.793940 0.000000 0.607996 0.557882 0.557882 0.557882
3696.708252 0.000000 4136.521484 0.000000 0.755501 0.000000 -0.655148 0.982744 0.982744 0.982744
3668.055176 0.000000 4131.633301 0.000000 0.476752 0.000000 -0.879038 0.979217 0.979217 0.979217
3674.791260 0.000000 4125.807617 0.000000 0.950073 0.000000 0.312029 0.660281 0.660281 0.660281
3689.416016 0.000000 4100.818359 0.000000 0.138726 0.000000 0.990331 0.506067 0.506067 0.506067
3696.458252 0.000000 4118.414062 0.000000 0.843902 0.000000 0.536497 0.517792 0.517792 0.517792
3686.990723 0.000000 4126.869141 0.000000 0.286938 0.000000 -0.957949 1.226854 1.226854 1.226854
3699.555420 0.000000 4115.124023 0.000000 0.909276 0.000000 -0.416194 0.921197 0.921197 0.921197
3698.853027 0.000000 4117.157227 0.000000 0.999999 0.000000 -0.001129 0.750207 0.750207 0.750207
3681.253418 0.000000 4134.512695 0.000000 0.116210 0.000000 0.993225 0.483137 0.483137 0.483137
3699.184326 0.000000 4112.546875 0.000000 0.990069 0.000000 -0.140582 0.817346 0.817346 0.817346
3703.441162 0.000000 4111.919922 0.000000 0.184324 0.000000 -0.982865 1.185802 1.185802 1.185802
3694.587891 0.000000 4131.862305 0.000000 0.799872 0.000000 -0.600170 0.881377 0.881377 0.881377
3693.992432 0.000000 4124.045410 0.000000 0.999607 0.000000 -0.028050 0.755936 0.755936 0.755936
3680.150879 0.000000 4137.858398 0.000000 0.564375 0.000000 -0.825518 0.928197 0.928197 0.928197
3687.705811 0.000000 4118.203125 0.000000 0.698223 0.000000 -0.715881 1.127974 1.127974 1.127974
3688.566895 0.000000 4111.807129 0.000000 0.787716 0.000000 0.616039 0.599630 0.599630 0.599630
3668.301270 0.000000 4138.556152 0.000000 0.491384 0.000000 0.870943 0.247243 0.247243 0.247243
3701.422363 0.000000 4111.317871 0.000000 0.324689 0.000000 -0.945821 1.147062 1.147062 1.147062
3690.138184 0.000000 4095.732666 0.000000 0.391227 0.000000 -0.920294 1.067337 1.067337 1.067337
3688.867432 0.000000 4135.547363 0.000000 0.969752 0.000000 0.244093 0.698289 0.698289 0.698289
3688.187012 0.000000 4094.893066 0.000000 0.986034 0.000000 -0.166545 0.791042 0.791042 0.791042
3698.150146 0.000000 4095.964600 0.000000 0.996599 0.000000 0.082406 0.722813 0.722813 0.722813
3691.196777 0.000000 4121.282715 0.000000 0.445773 0.000000 -0.895146 1.258633 1.258633 1.258633
3694.579590 0.000000 4126.394531 0.000000 0.985722 0.000000 0.168383 0.686959 0.686959 0.686959
3684.288818 0.000000 4106.349121 0.000000 0.013985 0.000000 0.999902 0.277772 0.277772 0.277772
3687.509033 0.000000 4119.500977 0.000000 0.653473 0.000000 -0.756950 1.156752 1.156752 1.156752
3669.751221 0.000000 4135.398926 0.000000 0.120083 0.000000 0.992764 0.176969 0.176969 0.176969
3680.935303 0.000000 4119.825684 0.000000 0.638070 0.000000 0.769978 0.550896 0.550896 0.550896
3688.358154 0.000000 4134.367188 0.000000 0.820251 0.000000 -0.572004 0.877702 0.877702 0.877702
3698.969238 0.000000 4110.916504 0.000000 0.118636 0.000000 0.992938 0.141052 0.141052 0.141052
3701.051758 0.000000 4122.439453 0.000000 0.526687 0.000000 -0.850059 1.134316 1.134316 1.134316
3685.614502 0.000000 4119.510742 0.000000 0.583894 0.000000 0.811830 0.297708 0.297708 0.297708
3698.572754 0.000000 4114.125000 0.000000 0.080483 0.000000 -0.996756 1.344337 1.344337 1.344337
3693.904053 0.000000 4094.340332 0.000000 0.996339 0.000000 0.085496 0.714578 0.714578 0.714578
3684.937500 0.000000 4114.643066 0.000000 0.998240 0.000000 0.059298 0.730225 0.730225 0.730225
3678.694824 0.000000 4133.880859 0.000000 0.239554 0.000000 0.970883 0.351883 0.351883 0.351883
3677.842285 0.000000 4130.235352 0.000000 0.244754 0.000000 0.969585 0.437748 0.437748 0.437748
3708.454102 0.000000 4113.469238 0.000000 0.965979 0.000000 -0.258622 0.825921 0.825921 0.825921
3686.661865 0.000000 4130.811523 0.000000 0.901882 0.000000 0.431983 0.536721 0.536721 0.536721
3674.137695 0.000000 4127.214844 0.000000 0.182268 0.000000 0.983249 0.310942 0.310942 0.310942
3696.124023 0.000000 4103.853516 0.000000 0.442230 0.000000 0.896902 0.452066 0.452066 0.452066
3684.434082 0.000000 4107.905762 0.000000 0.745465 0.000000 0.666545 0.528701 0.528701 0.528701
3687.294189 0.000000 4121.662598 0.000000 0.935450 0.000000 -0.353460 0.884612 0.884612 0.884612
3667.810303 0.000000 4134.059082 0.000000 0.945793 0.000000 -0.324769 0.907930 0.907930 0.907930
3683.292969 0.000000 4121.768066 0.000000 0.805659 0.000000 -0.592380 0.918572 0.918572 0.918572
3689.846436 0.000000 4111.854492 0.000000 0.328233 0.000000 0.944597 0.469887 0.469887 0.469887
3702.540527 0.000000 4111.041992 0.000000 0.232330 0.000000 -0.972637 1.170361 1.170361 1.170361
3686.971191 0.000000 4139.483887 0.000000 0.996630 0.000000 0.082030 0.719401 0.719401 0.719401
3679.141602 0.000000 4108.651367 0.000000 0.968906 0.000000 -0.247430 0.847376 0.847376 0.847376
3694.688965 0.000000 4133.908203 0.000000 0.784460 0.000000 0.620180 0.430589 0.430589 0.430589
3685.279053 0.000000 4118.279785 0.000000 0.923069 0.000000 0.384633 0.561492 0.561492 0.561492
3689.886475 0.000000 4109.683105 0.000000 0.871142 0.000000 0.491031 0.527996 0.527996 0.527996
3678.438721 0.000000 4131.263672 0.000000 0.272490 0.000000 0.962159 0.437249 0.437249 0.437249
3668.628662 0.000000 4133.213379 0.000000 0.925143 0.000000 0.379618 0.591059 0.591059 0.591059
3686.427002 0.000000 4135.955566 0.000000 0.048553 0.000000 0.998821 0.342417 0.342417 0.342417
3684.033691 0.000000 4116.249023 0.000000 0.724947 0.000000 0.688805 0.387204 0.387204 0.387204
3695.138672 0.000000 4123.740234 0.000000 0.584610 0.000000 -0.811314 1.021123 1.021123 1.021123
3686.284424 0.000000 4138.132324 0.000000 0.961312 0.000000 -0.275461 0.853984 0.853984 0.853984
3686.959717 0.000000 4113.845703 0.000000 0.981902 0.000000 -0.189391 0.806013 0.806013 0.806013
3697.675781 0.000000 4135.955078 0.000000 0.829732 0.000000 0.558162 0.467260 0.467260 0.467260
3688.599365 0.000000 4103.711426 0.000000 0.036793 0.000000 0.999323 0.049166 0.049166 0.049166
3698.164551 0.000000 4112.905762 0.000000 0.964705 0.000000 0.263332 0.622768 0.622768 0.622768
3687.881348 0.000000 4131.810059 0.000000 0.478544 0.000000 0.878064 0.238253 0.238253 0.238253
3669.396729 0.000000 4139.277832 0.000000 0.325222 0.000000 0.945638 0.160480 0.160480 0.160480
3683.716553 0.000000 4118.309082 0.000000 0.215687 0.000000 -0.976463 1.165596 1.165596 1.165596
3691.856689 0.000000 4120.289062 0.000000 0.564970 0.000000 0.825111 0.304838 0.304838 0.304838
3678.440918 0.000000 4109.484375 0.000000 0.999716 0.000000 0.023852 0.740710 0.740710 0.740710
3695.756348 0.000000 4136.968750 0.000000 0.958973 0.000000 -0.283498 0.841495 0.841495 0.841495
3692.004395 0.000000 4094.867676 0.000000 0.872732 0.000000 0.488199 0.538950 0.538950 0.538950
3700.683594 0.000000 4110.486816 0.000000 0.676894 0.000000 0.736080 0.485126 0.485126 0.485126
3666.649170 0.000000 4135.705078 0.000000 0.963849 0.000000 0.266448 0.621225 0.621225 0.621225
3689.843018 0.000000 4102.145996 0.000000 0.982580 0.000000 -0.185839 0.835400 0.835400 0.835400
3704.631348 0.000000 4112.864258 0.000000 0.910568 0.000000 -0.413358 0.904794 0.904794 0.904794
3700.401611 0.000000 4123.197266 0.000000 0.562803 0.000000 0.826591 0.381976 0.381976 0.381976
3695.882568 0.000000 4124.884766 0.000000 0.630114 0.000000 -0.776503 1.174513 1.174513 1.174513
3687.100830 0.000000 4127.865723 0.000000 0.968188 0.000000 0.250223 0.655763 0.655763 0.655763
3698.637939 0.000000 4098.004883 0.000000 0.468541 0.000000 0.883442 0.344377 0.344377 0.344377
3704.358643 0.000000 4113.999512 0.000000 0.062617 0.000000 0.998038 0.202172 0.202172 0.202172
3698.357422 0.000000 4094.983887 0.000000 0.027908 0.000000 -0.999610 1.258449 1.258449 1.258449
3687.790283 0.000000 4126.225098 0.000000 0.967627 0.000000 -0.252386 0.845070 0.845070 0.845070
3684.270264 0.000000 4121.316406 0.000000 0.244235 0.000000 -0.969716 1.178901 1.178901 1.178901
3684.387207 0.000000 4120.089355 0.000000 0.804881 0.000000 0.593436 0.544202 0.544202 0.544202
3686.533203 0.000000 4132.952637 0.000000 0.112346 0.000000 -0.993669 1.446245 1.446245 1.446245
3695.298828 0.000000 4137.896484 0.000000 0.223371 0.000000 -0.974733 1.178294 1.178294 1.178294
3690.309570 0.000000 4120.879395 0.000000 0.731039 0.000000 -0.682336 1.094493 1.094493 1.094493
3694.524902 0.000000 4132.869629 0.000000 0.958870 0.000000 0.283844 0.612585 0.612585 0.612585
3685.223633 0.000000 4121.747559 0.000000 0.544492 0.000000 0.838766 0.427688 0.427688 0.427688
3696.510254 0.000000 4132.885742 0.000000 0.707065 0.000000 0.707148 0.374972 0.374972 0.374972
3697.566650 0.000000 4132.686523 0.000000 0.343365 0.000000 -0.939202 1.332650 1.332650 1.332650
3679.506348 0.000000 4135.206055 0.000000 0.353373 0.000000 0.935483 0.276634 0.276634 0.276634
3668.831543 0.000000 4135.174805 0.000000 0.846448 0.000000 -0.532471 0.971843 0.971843 0.971843
3687.473389 0.000000 4132.732422 0.000000 0.788379 0.000000 -0.615189 1.066381 1.066381 1.066381
3699.031250 0.000000 4099.015625 0.000000 0.941821 0.000000 0.336115 0.621632 0.621632 0.621632
3688.769531 0.000000 4108.919434 0.000000 0.368942 0.000000 -0.929452 1.265973 1.265973 1.265973
3686.501953 0.000000 4119.707520 0.000000 0.985020 0.000000 -0.172442 0.832099 0.832099 0.832099
3685.141357 0.000000 4116.735840 0.000000 0.232993 0.000000 0.972478 0.112278 0.112278 0.112278
3697.691650 0.000000 4118.606934 0.000000 0.968836 0.000000 0.247703 0.647359 0.647359 0.647359
3669.493164 0.000000 4133.429199 0.000000 0.248669 0.000000 0.968589 0.211403 0.211403 0.211403
3699.676270 0.000000 4096.501953 0.000000 0.208577 0.000000 -0.978006 1.320695 1.320695 1.320695
3696.560791 0.000000 4119.274414 0.000000 0.927221 0.000000 0.374515 0.592590 0.592590 0.592590
3688.274414 0.000000 4102.882812 0.000000 0.679125 0.000000 -0.734023 1.126563 1.126563 1.126563
3689.083008 0.000000 4109.963867 0.000000 0.877060 0.000000 -0.480381 0.966735 0.966735 0.966735
3686.327637 0.000000 4133.928711 0.000000 0.571191 0.000000 0.820817 0.290278 0.290278 0.290278
3696.223145 0.000000 4133.704590 0.000000 0.613212 0.000000 0.789918 0.315184 0.315184 0.315184
3699.690918 0.000000 4097.480469 0.000000 0.867074 0.000000 0.498180 0.531273 0.531273 0.531273
3697.534424 0.000000 4134.544922 0.000000 0.860056 0.000000 0.510200 0.494357 0.494357 0.494357
3698.949219 0.000000 4113.366699 0.000000 0.205681 0.000000 0.978619 0.098911 0.098911 0.098911
3696.338623 0.000000 4135.751953 0.000000 0.095634 0.000000 -0.995417 1.454268 1.454268 1.454268
3667.239502 0.000000 4134.631836 0.000000 0.580363 0.000000 -0.814358 1.204366 1.204366 1.204366
3695.193359 0.000000 4125.866699 0.000000 0.146712 0.000000 -0.989179 1.429697 1.429697 1.429697
3687.408203 0.000000 4131.136230 0.000000 0.976697 0.000000 -0.214621 0.853277 0.853277 0.853277
3686.072998 0.000000 4130.181641 0.000000 0.976224 0.000000 -0.216766 0.854326 0.854326 0.854326
3712.056885 0.000000 4048.552734 0.000000 0.905469 0.000000 0.424412 0.719634 0.719634 0.719634
3712.933838 0.000000 4090.710205 0.000000 0.434531 0.000000 0.900657 0.626130 0.626130 0.626130
3714.295898 0.000000 4056.369873 0.000000 0.946811 0.000000 0.321789 0.732824 0.732824 0.732824
3715.319824 0.000000 4060.867188 0.000000 0.412967 0.000000 -0.910746 0.833619 0.833619 0.833619
3716.308838 0.000000 4066.438477 0.000000 0.976427 0.000000 -0.215849 0.769961 0.769961 0.769961
3720.030518 0.000000 4084.123291 0.000000 0.153786 0.000000 0.988104 0.299147 0.299147 0.299147
3717.199463 0.000000 4069.652832 0.000000 0.270595 0.000000 0.962693 0.538754 0.538754 0.538754
3712.113281 0.000000 4061.982666 0.000000 0.947472 0.000000 0.319840 0.723178 0.723178 0.723178
3722.046387 0.000000 4085.516357 0.000000 0.521094 0.000000 -0.853499 0.922336 0.922336 0.922336
3712.041016 0.000000 4092.817627 0.000000 0.312227 0.000000 0.950008 0.606856 0.606856 0.606856
3712.170898 0.000000 4056.992432 0.000000 0.965116 0.000000 -0.261821 0.782737 0.782737 0.782737
3714.147461 0.000000 4066.262207 0.000000 0.849001 0.000000 -0.528391 0.801077 0.801077 0.801077
3720.400146 0.000000 4086.690186 0.000000 0.395918 0.000000 -0.918286 0.848054 0.848054 0.848054
3713.991943 0.000000 4062.263428 0.000000 0.606167 0.000000 0.795337 0.651857 0.651857 0.651857
3722.739258 0.000000 4084.281494 0.000000 0.747372 0.000000 -0.664406 0.872461 0.872461 0.872461
3721.363281 0.000000 4084.279541 0.000000 0.513547 0.000000 -0.858061 1.078331 1.078331 1.078331
3720.016113 0.000000 4085.443848 0.000000 0.565606 0.000000 0.824675 0.441358 0.441358 0.441358
3721.048828 0.000000 4085.274902 0.000000 0.992476 0.000000 -0.122437 0.789071 0.789071 0.789071
3686.931152 0.000000 4140.683105 0.000000 0.976393 0.000000 0.216002 0.646047 0.646047 0.646047
3663.821289 0.000000 4166.711426 0.000000 0.188259 0.000000 0.982119 0.726721 0.726721 0.726721
3674.627197 0.000000 4145.704102 0.000000 0.639986 0.000000 0.768386 0.508799 0.508799 0.508799
3695.855713 0.000000 4145.161621 0.000000 0.261536 0.000000 0.965194 0.331783 0.331783 0.331783
3685.090820 0.000000 4182.382812 0.000000 0.421711 0.000000 -0.906730 1.292145 1.292145 1.292145
3697.976562 0.000000 4169.901367 0.000000 0.961782 0.000000 0.273817 0.654443 0.654443 0.654443
3687.355225 0.000000 4171.266602 0.000000 0.869563 0.000000 0.493823 0.503399 0.503399 0.503399
3676.608154 0.000000 4184.936035 0.000000 0.998971 0.000000 -0.045359 0.751274 0.751274 0.751274
3681.821045 0.000000 4166.769043 0.000000 0.016490 0.000000 0.999864 0.421136 0.421136 0.421136
3693.633057 0.000000 4157.389160 0.000000 0.999909 0.000000 -0.013491 0.751869 0.751869 0.751869
3685.901123 0.000000 4159.609375 0.000000 0.995432 0.000000 -0.095474 0.761279 0.761279 0.761279
3685.025635 0.000000 4147.003418 0.000000 0.977303 0.000000 0.211847 0.739208 0.739208 0.739208
3685.400635 0.000000 4176.645020 0.000000 0.906063 0.000000 0.423143 0.541390 0.541390 0.541390
3679.914307 0.000000 4180.268555 0.000000 0.963405 0.000000 0.268051 0.646345 0.646345 0.646345
3690.453613 0.000000 4182.277832 0.000000 0.938067 0.000000 -0.346454 0.829493 0.829493 0.829493
3677.750488 0.000000 4169.706543 0.000000 0.978181 0.000000 -0.207756 0.849924 0.849924 0.849924
3695.663574 0.000000 4165.591797 0.000000 0.306183 0.000000 0.951973 0.577828 0.577828 0.577828
3686.783691 0.000000 4166.575684 0.000000 0.498768 0.000000 0.866736 0.537948 0.537948 0.537948
3665.678711 0.000000 4158.352051 0.000000 0.711712 0.000000 0.702472 0.640623 0.640623 0.640623
3668.216064 0.000000 4143.416992 0.000000 0.932760 0.000000 0.360497 0.715473 0.715473 0.715473
3682.803955 0.000000 4170.936035 0.000000 0.395866 0.000000 0.918308 0.194333 0.194333 0.194333
3689.832031 0.000000 4174.935059 0.000000 0.876083 0.000000 -0.482160 0.990222 0.990222 0.990222
3689.400879 0.000000 4156.770020 0.000000 0.613061 0.000000 0.790036 0.615264 0.615264 0.615264
3696.065918 0.000000 4161.212402 0.000000 0.939043 0.000000 0.343800 0.687571 0.687571 0.687571
3675.550537 0.000000 4173.264648 0.000000 0.505371 0.000000 0.862902 0.252967 0.252967 0.252967
3675.903076 0.000000 4141.876465 0.000000 0.999886 0.000000 -0.015075 0.752908 0.752908 0.752908
3684.490479 0.000000 4151.104004 0.000000 0.127492 0.000000 0.991840 0.687858 0.687858 0.687858
3681.457275 0.000000 4184.145996 0.000000 0.334223 0.000000 -0.942494 1.337289 1.337289 1.337289
3688.390625 0.000000 4179.006836 0.000000 0.987363 0.000000 -0.158474 0.825986 0.825986 0.825986
3700.171143 0.000000 4184.156738 0.000000 0.637158 0.000000 -0.770734 1.104257 1.104257 1.104257
3691.962158 0.000000 4153.971680 0.000000 0.948549 0.000000 -0.316630 0.807308 0.807308 0.807308
3668.470459 0.000000 4185.930176 0.000000 0.181740 0.000000 -0.983347 0.794183 0.794183 0.794183
3687.334229 0.000000 4162.726562 0.000000 0.369312 0.000000 0.929306 0.557970 0.557970 0.557970
3681.802002 0.000000 4177.323242 0.000000 0.396281 0.000000 -0.918129 1.148618 1.148618 1.148618
3699.064209 0.000000 4165.990723 0.000000 0.192749 0.000000 0.981248 0.409704 0.409704 0.409704
3687.482178 0.000000 4149.336426 0.000000 0.541357 0.000000 0.840793 0.273134 0.273134 0.273134
3687.607910 0.000000 4184.420410 0.000000 0.946562 0.000000 0.322521 0.593204 0.593204 0.593204
3686.924072 0.000000 4144.246582 0.000000 0.997982 0.000000 -0.063491 0.764037 0.764037 0.764037
3666.257324 0.000000 4177.361816 0.000000 0.961118 0.000000 -0.276139 0.762049 0.762049 0.762049
3683.201660 0.000000 4174.185547 0.000000 0.996059 0.000000 -0.088695 0.792405 0.792405 0.792405
3663.257812 0.000000 4156.179199 0.000000 0.954448 0.000000 0.298378 0.739221 0.739221 0.739221
3677.791260 0.000000 4144.291016 0.000000 0.621090 0.000000 0.783740 0.648815 0.648815 0.648815
3686.630615 0.000000 4155.173828 0.000000 0.832372 0.000000 0.554218 0.497024 0.497024 0.497024
3682.996826 0.000000 4180.066895 0.000000 0.016689 0.000000 -0.999861 1.492031 1.492031 1.492031
3684.380859 0.000000 4168.322754 0.000000 0.985368 0.000000 -0.170439 0.831778 0.831778 0.831778
3686.024902 0.000000 4173.895996 0.000000 0.359998 0.000000 -0.932953 1.324166 1.324166 1.324166
3696.611328 0.000000 4148.737305 0.000000 0.084443 0.000000 -0.996428 0.961498 0.961498 0.961498
3691.498291 0.000000 4179.680664 0.000000 0.979308 0.000000 0.202378 0.663384 0.663384 0.663384
3697.610840 0.000000 4163.691895 0.000000 0.476900 0.000000 -0.878958 0.963098 0.963098 0.963098
3668.941895 0.000000 4140.791016 0.000000 0.268697 0.000000 -0.963225 0.888613 0.888613 0.888613
3680.625732 0.000000 4169.354980 0.000000 0.758544 0.000000 0.651622 0.411133 0.411133 0.411133
3678.872070 0.000000 4183.376465 0.000000 0.768440 0.000000 -0.639922 1.028242 1.028242 1.028242
3685.612549 0.000000 4179.407715 0.000000 0.990417 0.000000 0.138108 0.704860 0.704860 0.704860
3669.688721 0.000000 4149.298828 0.000000 0.459030 0.000000 0.888421 0.668071 0.668071 0.668071
3681.426758 0.000000 4153.757812 0.000000 0.837085 0.000000 0.547073 0.693639 0.693639 0.693639
3665.992676 0.000000 4150.355957 0.000000 0.096944 0.000000 -0.995290 0.846578 0.846578 0.846578
3678.050293 0.000000 4172.296387 0.000000 0.934684 0.000000 0.355480 0.592127 0.592127 0.592127
3687.567627 0.000000 4181.455566 0.000000 0.815273 0.000000 0.579076 0.455120 0.455120 0.455120
3688.478516 0.000000 4159.224609 0.000000 0.808485 0.000000 0.588517 0.628649 0.628649 0.628649
3684.020264 0.000000 4184.619629 0.000000 0.989453 0.000000 -0.144854 0.819407 0.819407 0.819407
3684.933838 0.000000 4157.309570 0.000000 0.501202 0.000000 -0.865330 1.147511 1.147511 1.147511
3697.432129 0.000000 4172.350098 0.000000 0.922413 0.000000 -0.386204 0.789349 0.789349 0.789349
3690.440430 0.000000 4177.395508 0.000000 0.832647 0.000000 -0.553805 0.988476 0.988476 0.988476
3688.752197 0.000000 4165.127441 0.000000 0.906055 0.000000 -0.423159 0.819539 0.819539 0.819539
3687.829102 0.000000 4176.462402 0.000000 0.107627 0.000000 -0.994191 1.448512 1.448512 1.448512
3680.605713 0.000000 4171.960449 0.000000 0.980056 0.000000 -0.198723 0.845519 0.845519 0.845519
3687.580078 0.000000 4168.878906 0.000000 0.316821 0.000000 0.948485 0.153923 0.153923 0.153923
3699.782471 0.000000 4168.383789 0.000000 0.701772 0.000000 -0.712401 0.885104 0.885104 0.885104
3689.603271 0.000000 4162.243164 0.000000 0.559586 0.000000 0.828772 0.554278 0.554278 0.554278
3674.187256 0.000000 4140.004883 0.000000 0.983179 0.000000 -0.182645 0.785424 0.785424 0.785424
3697.385498 0.000000 4167.592285 0.000000 0.986488 0.000000 -0.163834 0.815637 0.815637 0.815637
3685.391113 0.000000 4153.181152 0.000000 0.969081 0.000000 0.246742 0.734128 0.734128 0.734128
3691.627197 0.000000 4156.210938 0.000000 0.903595 0.000000 0.428387 0.709382 0.709382 0.709382
3685.170166 0.000000 4170.434570 0.000000 0.425092 0.000000 0.905150 0.209638 0.209638 0.209638
3690.488770 0.000000 4184.972168 0.000000 0.803412 0.000000 -0.595424 1.024669 1.024669 1.024669
3681.502197 0.000000 4181.860352 0.000000 0.700368 0.000000 0.713782 0.370471 0.370471 0.370471
3688.339844 0.000000 4173.251953 0.000000 0.656404 0.000000 0.754409 0.500330 0.500330 0.500330
3687.187012 0.000000 4157.341797 0.000000 0.704985 0.000000 -0.709222 1.036382 1.036382 1.036382
3684.830566 0.000000 4141.335449 0.000000 0.526221 0.000000 -0.850348 1.012694 1.012694 1.012694
3684.431641 0.000000 4172.417480 0.000000 0.957592 0.000000 -0.288129 0.889550 0.889550 0.889550
3698.211182 0.000000 4161.360840 0.000000 0.990028 0.000000 0.140873 0.735444 0.735444 0.735444
3669.130127 0.000000 4180.294434 0.000000 0.401720 0.000000 0.915762 0.645978 0.645978 0.645978
3683.738281 0.000000 4178.051758 0.000000 0.732975 0.000000 -0.680255 0.845253 0.845253 0.845253
3686.550781 0.000000 4151.270508 0.000000 0.999742 0.000000 -0.022707 0.760842 0.760842 0.760842
3673.473389 0.000000 4172.140137 0.000000 0.191503 0.000000 0.981492 0.143612 0.143612 0.143612
3674.637939 0.000000 4143.528809 0.000000 0.931109 0.000000 -0.364742 0.789148 0.789148 0.789148
3686.417725 0.000000 4164.558594 0.000000 0.680283 0.000000 0.732950 0.640636 0.640636 0.640636
3693.593750 0.000000 4155.354492 0.000000 0.507820 0.000000 0.861463 0.505077 0.505077 0.505077
3667.470459 0.000000 4178.933594 0.000000 0.840445 0.000000 -0.541897 0.829351 0.829351 0.829351
3690.421143 0.000000 4152.670410 0.000000 0.716116 0.000000 0.697982 0.612575 0.612575 0.612575
3692.656250 0.000000 4152.093262 0.000000 0.218350 0.000000 -0.975870 0.884038 0.884038 0.884038
3699.425293 0.000000 4171.656738 0.000000 0.157217 0.000000 -0.987564 1.009266 1.009266 1.009266
3694.125000 0.000000 4146.086914 0.000000 0.174392 0.000000 -0.984676 1.032200 1.032200 1.032200
3681.626953 0.000000 4175.375488 0.000000 0.985185 0.000000 -0.171497 0.811960 0.811960 0.811960
3683.174316 0.000000 4182.870605 0.000000 0.999327 0.000000 -0.036688 0.767521 0.767521 0.767521
3682.508545 0.000000 4168.695801 0.000000 0.994878 0.000000 -0.101088 0.798349 0.798349 0.798349
3679.683350 0.000000 4185.136230 0.000000 0.633336 0.000000 0.773877 0.327472 0.327472 0.327472
3691.589844 0.000000 4175.619629 0.000000 0.777386 0.000000 -0.629024 0.992021 0.992021 0.992021
3680.283691 0.000000 4148.457031 0.000000 0.912352 0.000000 -0.409407 0.887424 0.887424 0.887424
3676.255371 0.000000 4171.519043 0.000000 0.050352 0.000000 -0.998732 1.475949 1.475949 1.475949
3699.903076 0.000000 4164.297852 0.000000 0.999944 0.000000 0.010570 0.747387 0.747387 0.747387
3689.606201 0.000000 4180.462402 0.000000 0.680588 0.000000 0.732666 0.357413 0.357413 0.357413
3689.333984 0.000000 4169.602539 0.000000 0.175519 0.000000 -0.984476 1.084185 1.084185 1.084185
3695.721680 0.000000 4147.125000 0.000000 0.964929 0.000000 -0.262513 0.803715 0.803715 0.803715
3685.816895 0.000000 4185.116699 0.000000 0.766186 0.000000 -0.642619 1.083228 1.083228 1.083228
3686.381836 0.000000 4142.430664 0.000000 0.576516 0.000000 -0.817086 0.878927 0.878927 0.878927
3686.824463 0.000000 4178.018555 0.000000 0.447977 0.000000 -0.894045 1.278217 1.278217 1.278217
3683.420654 0.000000 4176.100586 0.000000 0.720787 0.000000 -0.693156 1.115671 1.115671 1.115671
3681.427734 0.000000 4179.111816 0.000000 0.131946 0.000000 -0.991257 0.887363 0.887363 0.887363
3697.899658 0.000000 4149.996094 0.000000 0.599098 0.000000 -0.800675 0.882117 0.882117 0.882117
3679.315674 0.000000 4170.689453 0.000000 0.938852 0.000000 -0.344322 0.917837 0.917837 0.917837
3676.628906 0.000000 4145.631348 0.000000 0.756407 0.000000 -0.654102 0.830101 0.830101 0.830101
3665.015869 0.000000 4156.695801 0.000000 0.174757 0.000000 -0.984612 0.911961 0.911961 0.911961
3665.597412 0.000000 4179.060547 0.000000 0.201888 0.000000 -0.979409 0.903633 0.903633 0.903633
3688.721191 0.000000 4182.909668 0.000000 0.447189 0.000000 -0.894439 1.278637 1.278637 1.278637
3678.611572 0.000000 4181.496582 0.000000 0.591211 0.000000 -0.806517 1.108380 1.108380 1.108380
3682.306396 0.000000 4172.651855 0.000000 0.912402 0.000000 0.409294 0.548662 0.548662 0.548662
3683.545166 0.000000 4166.622070 0.000000 0.764029 0.000000 -0.645182 0.901001 0.901001 0.901001
3664.492676 0.000000 4154.851074 0.000000 0.180287 0.000000 0.983614 0.583488 0.583488 0.583488
3686.604736 0.000000 4147.723633 0.000000 0.995848 0.000000 0.091029 0.713816 0.713816 0.713816
3686.494141 0.000000 4145.952148 0.000000 0.201168 0.000000 -0.979557 1.052306 1.052306 1.052306
3696.262695 0.000000 4169.924805 0.000000 0.839212 0.000000 -0.543805 0.948089 0.948089 0.948089
3697.440918 0.000000 4165.454590 0.000000 0.469074 0.000000 0.883159 0.399331 0.399331 0.399331
3676.262451 0.000000 4140.209961 0.000000 0.704322 0.000000 -0.709881 0.841633 0.841633 0.841633
3681.240723 0.000000 4150.234863 0.000000 0.372675 0.000000 0.927962 0.400499 0.400499 0.400499
3687.496338 0.000000 4174.814941 0.000000 0.201530 0.000000 0.979482 0.096887 0.096887 0.096887
3686.615234 0.000000 4183.065918 0.000000 0.687132 0.000000 -0.726532 1.138304 1.138304 1.138304
3684.716797 0.000000 4174.982910 0.000000 0.883733 0.000000 0.467991 0.517467 0.517467 0.517467
3686.130127 0.000000 4168.065430 0.000000 0.767002 0.000000 0.641645 0.417378 0.417378 0.417378
3683.326904 0.000000 4156.933594 0.000000 0.220053 0.000000 -0.975488 0.974791 0.974791 0.974791
3684.645996 0.000000 4180.791504 0.000000 0.326057 0.000000 -0.945350 1.341420 1.341420 1.341420
3691.454102 0.000000 4183.668945 0.000000 0.091131 0.000000 -0.995839 1.082436 1.082436 1.082436
3701.535400 0.000000 4185.489746 0.000000 0.439040 0.000000 0.898467 0.300627 0.300627 0.300627
3686.954102 0.000000 4153.489746 0.000000 0.998927 0.000000 -0.046305 0.768908 0.768908 0.768908
3680.461182 0.000000 4167.712891 0.000000 0.427058 0.000000 0.904224 0.511005 0.511005 0.511005
3685.164795 0.000000 4166.711914 0.000000 0.769024 0.000000 0.639220 0.600674 0.600674 0.600674
3688.263184 0.000000 4185.876953 0.000000 0.190315 0.000000 -0.981723 1.408573 1.408573 1.408573
3685.940186 0.000000 4172.016602 0.000000 0.187354 0.000000 -0.982292 1.410013 1.410013 1.410013
3671.506348 0.000000 4168.615234 0.000000 0.962304 0.000000 0.271977 0.653039 0.653039 0.653039
3689.988770 0.000000 4178.939453 0.000000 0.905038 0.000000 0.425331 0.540236 0.540236 0.540236
3699.837646 0.000000 4170.147461 0.000000 0.578575 0.000000 -0.815629 0.925022 0.925022 0.925022
3694.272949 0.000000 4144.527344 0.000000 0.205431 0.000000 0.978672 0.313306 0.313306 0.313306
3680.022949 0.000000 4182.360840 0.000000 0.594175 0.000000 -0.804336 1.196218 1.196218 1.196218
3674.073975 0.000000 4169.011230 0.000000 0.085120 0.000000 -0.996371 1.459309 1.459309 1.459309
3685.043213 0.000000 4155.786133 0.000000 0.999981 0.000000 -0.006183 0.750810 0.750810 0.750810
3676.240967 0.000000 4169.960938 0.000000 0.522650 0.000000 -0.852547 1.237415 1.237415 1.237415
3679.156250 0.000000 4168.814941 0.000000 0.654603 0.000000 0.755973 0.340746 0.340746 0.340746
3675.565430 0.000000 4148.889160 0.000000 0.645544 0.000000 -0.763723 0.899706 0.899706 0.899706
3677.410645 0.000000 4168.215820 0.000000 0.964534 0.000000 -0.263960 0.877543 0.877543 0.877543
3675.051270 0.000000 4147.230469 0.000000 0.093607 0.000000 0.995609 0.307496 0.307496 0.307496
3686.185791 0.000000 4180.847168 0.000000 0.928177 0.000000 0.372139 0.567937 0.567937 0.567937
3683.650635 0.000000 4169.702148 0.000000 0.984091 0.000000 0.177663 0.664719 0.664719 0.664719
3688.895020 0.000000 4163.570312 0.000000 0.985297 0.000000 -0.170848 0.784398 0.784398 0.784398
3691.785645 0.000000 4178.136230 0.000000 0.392498 0.000000 0.919753 0.253790 0.253790 0.253790
3678.557861 0.000000 4173.757812 0.000000 0.987678 0.000000 -0.156501 0.818265 0.818265 0.818265
3688.916748 0.000000 4177.559570 0.000000 0.988697 0.000000 0.149930 0.678143 0.678143 0.678143
3685.608887 0.000000 4140.017090 0.000000 0.698941 0.000000 -0.715180 0.955908 0.955908 0.955908
3677.042725 0.000000 4173.381348 0.000000 0.473970 0.000000 0.880541 0.235769 0.235769 0.235769
3670.869629 0.000000 4165.202148 0.000000 0.997236 0.000000 0.074295 0.732595 0.732595 0.732595
3686.588623 0.000000 4169.990234 0.000000 0.152367 0.000000 0.988324 0.073034 0.073034 0.073034
3689.112061 0.000000 4184.433105 0.000000 0.978514 0.000000 -0.206178 0.849154 0.849154 0.849154
3681.370850 0.000000 4173.747070 0.000000 0.919102 0.000000 0.394020 0.596818 0.596818 0.596818
3678.267090 0.000000 4184.810547 0.000000 0.511956 0.000000 -0.859012 1.243382 1.243382 1.243382
3671.524658 0.000000 4171.231445 0.000000 0.871640 0.000000 -0.490146 0.873731 0.873731 0.873731
3697.010254 0.000000 4162.297363 0.000000 0.999765 0.000000 0.021687 0.745695 0.745695 0.745695
3689.925049 0.000000 4159.146484 0.000000 0.973955 0.000000 -0.226743 0.794113 0.794113 0.794113
3686.143066 0.000000 4175.389648 0.000000 0.017569 0.000000 -0.999846 1.491611 1.491611 1.491611
3681.377197 0.000000 4170.579102 0.000000 0.876753 0.000000 0.480940 0.510443 0.510443 0.510443
3688.714600 0.000000 4171.808594 0.000000 0.774646 0.000000 0.632395 0.585913 0.585913 0.585913
3683.369629 0.000000 4181.441406 0.000000 0.354875 0.000000 0.934914 0.173215 0.173215 0.173215
3687.205322 0.000000 4179.798828 0.000000 0.434459 0.000000 -0.900692 1.285409 1.285409 1.285409
3696.858643 0.000000 4146.154785 0.000000 0.677079 0.000000 -0.735911 1.134029 1.134029 1.134029
3691.203613 0.000000 4174.265625 0.000000 0.456442 0.000000 0.889753 0.359803 0.359803 0.359803
3691.977051 0.000000 4185.105957 0.000000 0.958238 0.000000 -0.285970 0.874898 0.874898 0.874898
3678.763672 0.000000 4152.157715 0.000000 0.828457 0.000000 0.560052 0.633130 0.633130 0.633130
3682.723877 0.000000 4185.216309 0.000000 0.955219 0.000000 0.295898 0.606571 0.606571 0.606571
3665.516846 0.000000 4153.855469 0.000000 0.046533 0.000000 0.998917 0.436058 0.436058 0.436058
3685.244385 0.000000 4183.796387 0.000000 0.987257 0.000000 -0.159136 0.826306 0.826306 0.826306
3689.190918 0.000000 4176.208984 0.000000 0.013473 0.000000 -0.999909 1.493567 1.493567 1.493567
3698.396484 0.000000 4168.530273 0.000000 0.282597 0.000000 -0.959239 0.968830 0.968830 0.968830
3684.186279 0.000000 4179.367188 0.000000 0.773512 0.000000 -0.633782 0.973639 0.973639 0.973639
3675.590576 0.000000 4144.644531 0.000000 0.671101 0.000000 0.741366 0.520142 0.520142 0.520142
3687.158203 0.000000 4158.723145 0.000000 0.034645 0.000000 -0.999400 1.077898 1.077898 1.077898
3687.798584 0.000000 4145.361816 0.000000 0.824347 0.000000 0.566084 0.617047 0.617047 0.617047
3697.118652 0.000000 4171.035156 0.000000 0.515705 0.000000 -0.856767 1.098723 1.098723 1.098723
3691.057617 0.000000 4180.976074 0.000000 0.983301 0.000000 0.181988 0.672215 0.672215 0.672215
3674.791260 0.000000 4171.807617 0.000000 0.229131 0.000000 0.973396 0.110383 0.110383 0.110383
3679.749023 0.000000 4173.014648 0.000000 0.597547 0.000000 0.801834 0.345853 0.345853 0.345853
3696.458252 0.000000 4164.414062 0.000000 0.737165 0.000000 -0.675713 0.990332 0.990332 0.990332
3686.990723 0.000000 4172.869141 0.000000 0.971325 0.000000 -0.237756 0.864618 0.864618 0.864618
3681.253418 0.000000 4180.512695 0.000000 0.100967 0.000000 -0.994890 1.451710 1.451710 1.451710
3690.896729 0.000000 4155.072266 0.000000 0.827666 0.000000 -0.561221 0.893925 0.893925 0.893925
3685.190918 0.000000 4178.122070 0.000000 0.952495 0.000000 -0.304556 0.850826 0.850826 0.850826
3674.461914 0.000000 4167.636719 0.000000 0.966616 0.000000 0.256228 0.626280 0.626280 0.626280
3680.150879 0.000000 4183.858398 0.000000 0.326953 0.000000 -0.945041 1.340967 1.340967 1.340967
3680.229980 0.000000 4175.729980 0.000000 0.997005 0.000000 0.077343 0.722167 0.722167 0.722167
3698.572754 0.000000 4164.741211 0.000000 0.756889 0.000000 0.653544 0.573960 0.573960 0.573960
3688.148682 0.000000 4170.146973 0.000000 0.551854 0.000000 0.833941 0.513636 0.513636 0.513636
3674.736328 0.000000 4141.297363 0.000000 0.544776 0.000000 -0.838582 0.941831 0.941831 0.941831
3686.037109 0.000000 4157.994629 0.000000 0.988391 0.000000 0.151929 0.694598 0.694598 0.694598
3672.674072 0.000000 4173.223145 0.000000 0.333496 0.000000 -0.942752 1.291567 1.291567 1.291567
3688.867432 0.000000 4181.547363 0.000000 0.024313 0.000000 -0.999704 1.488390 1.488390 1.488390
3696.957764 0.000000 4168.819824 0.000000 0.949306 0.000000 -0.314355 0.860171 0.860171 0.860171
3698.694580 0.000000 4167.260254 0.000000 0.063890 0.000000 -0.997957 1.020861 1.020861 1.020861
3677.489746 0.000000 4170.958496 0.000000 0.968515 0.000000 -0.248954 0.870130 0.870130 0.870130
3686.050049 0.000000 4156.661621 0.000000 0.619080 0.000000 -0.785328 1.078094 1.078094 1.078094
3690.060303 0.000000 4183.584961 0.000000 0.968904 0.000000 0.247435 0.693820 0.693820 0.693820
3684.096191 0.000000 4171.076660 0.000000 0.634631 0.000000 0.772815 0.328272 0.328272 0.328272
3688.358154 0.000000 4180.367188 0.000000 0.447020 0.000000 0.894524 0.221272 0.221272 0.221272
3684.319092 0.000000 4140.135742 0.000000 0.946853 0.000000 -0.321667 0.834621 0.834621 0.834621
3684.406494 0.000000 4173.770508 0.000000 0.569614 0.000000 -0.821913 1.210639 1.210639 1.210639
3664.695068 0.000000 4174.699219 0.000000 0.431315 0.000000 0.902201 0.505684 0.505684 0.505684
3685.322266 0.000000 4169.190918 0.000000 0.183263 0.000000 0.983064 0.087999 0.087999 0.087999
3690.449463 0.000000 4176.138184 0.000000 0.999051 0.000000 -0.043566 0.767707 0.767707 0.767707
3696.950928 0.000000 4147.475098 0.000000 0.923734 0.000000 0.383035 0.567471 0.567471 0.567471
3675.180176 0.000000 4151.156738 0.000000 0.004928 0.000000 0.999988 0.122563 0.122563 0.122563
3681.988037 0.000000 4183.054199 0.000000 0.299209 0.000000 -0.954188 1.354916 1.354916 1.354916
3692.218018 0.000000 4155.162598 0.000000 0.368799 0.000000 0.929509 0.468524 0.468524 0.468524
3672.882812 0.000000 4169.157227 0.000000 0.997038 0.000000 -0.076915 0.786760 0.786760 0.786760
3665.764160 0.000000 4174.136230 0.000000 0.927195 0.000000 0.374579 0.666608 0.666608 0.666608
3688.801514 0.000000 4168.384766 0.000000 0.417745 0.000000 -0.908565 1.023183 1.023183 1.023183
3686.661865 0.000000 4176.811523 0.000000 0.511694 0.000000 -0.859168 1.243527 1.243527 1.243527
3670.286621 0.000000 4166.701172 0.000000 0.320630 0.000000 0.947205 0.311954 0.311954 0.311954
3674.137695 0.000000 4173.214844 0.000000 0.402944 0.000000 -0.915225 1.301980 1.301980 1.301980
3687.185791 0.000000 4152.284180 0.000000 0.731553 0.000000 -0.681784 1.056221 1.056221 1.056221
3688.711426 0.000000 4174.423828 0.000000 0.602106 0.000000 -0.798416 1.191493 1.191493 1.191493
3693.175049 0.000000 4154.233887 0.000000 0.241487 0.000000 -0.970404 1.063047 1.063047 1.063047
3686.971191 0.000000 4185.483887 0.000000 0.671153 0.000000 -0.741319 1.148699 1.148699 1.148699
3673.646240 0.000000 4171.002441 0.000000 0.961588 0.000000 -0.274496 0.882767 0.882767 0.882767
3680.744385 0.000000 4176.799316 0.000000 0.895113 0.000000 0.445839 0.591657 0.591657 0.591657
3678.076416 0.000000 4182.518555 0.000000 0.624712 0.000000 -0.780855 1.109037 1.109037 1.109037
3675.212402 0.000000 4169.323730 0.000000 0.814849 0.000000 -0.579674 1.045230 1.045230 1.045230
3696.821533 0.000000 4166.483398 0.000000 0.921256 0.000000 -0.388957 0.909329 0.909329 0.909329
3683.424561 0.000000 4173.043945 0.000000 0.999737 0.000000 0.022940 0.739046 0.739046 0.739046
3679.270264 0.000000 4171.941895 0.000000 0.884706 0.000000 -0.466150 0.981539 0.981539 0.981539
3682.727783 0.000000 4183.937988 0.000000 0.032032 0.000000 0.999487 0.015297 0.015297 0.015297
3686.427002 0.000000 4181.955566 0.000000 0.971982 0.000000 -0.235055 0.863291 0.863291 0.863291
3681.876465 0.000000 4171.587891 0.000000 0.566742 0.000000 0.823895 0.287695 0.287695 0.287695
3684.353027 0.000000 4177.062988 0.000000 0.933021 0.000000 -0.359821 0.925743 0.925743 0.925743
3682.366455 0.000000 4169.869141 0.000000 0.826959 0.000000 -0.562262 1.035103 1.035103 1.035103
3687.243652 0.000000 4156.208008 0.000000 0.428475 0.000000 0.903554 0.340259 0.340259 0.340259
3675.684814 0.000000 4146.291992 0.000000 0.995727 0.000000 0.092346 0.722295 0.722295 0.722295
3684.265137 0.000000 4183.231934 0.000000 0.180112 0.000000 0.983646 0.086469 0.086469 0.086469
3685.949219 0.000000 4141.206543 0.000000 0.607457 0.000000 0.794353 0.512811 0.512811 0.512811
3689.565674 0.000000 4185.642578 0.000000 0.889351 0.000000 -0.457225 0.976735 0.976735 0.976735
3686.376221 0.000000 4149.590332 0.000000 0.451606 0.000000 -0.892217 1.276277 1.276277 1.276277
3680.474121 0.000000 4181.344238 0.000000 0.146169 0.000000 0.989260 0.070041 0.070041 0.070041
3681.652344 0.000000 4185.592285 0.000000 0.717513 0.000000 -0.696545 1.117920 1.117920 1.117920
3682.291748 0.000000 4181.061523 0.000000 0.923424 0.000000 -0.383783 0.938068 0.938068 0.938068
3672.388672 0.000000 4171.927734 0.000000 0.585786 0.000000 0.810466 0.298821 0.298821 0.298821
3675.775146 0.000000 4167.080078 0.000000 0.817083 0.000000 0.576521 0.456615 0.456615 0.456615
3681.209961 0.000000 4151.891113 0.000000 0.617855 0.000000 0.786292 0.484022 0.484022 0.484022
3684.740479 0.000000 4185.582031 0.000000 0.826538 0.000000 0.562880 0.464540 0.464540 0.464540
3687.457031 0.000000 4150.473633 0.000000 0.360320 0.000000 -0.932829 1.324001 1.324001 1.324001
3675.657959 0.000000 4164.916992 0.000000 0.935405 0.000000 -0.353579 0.864359 0.864359 0.864359
3682.900146 0.000000 4177.137207 0.000000 0.193744 0.000000 -0.981052 1.406905 1.406905 1.406905
3671.801758 0.000000 4169.683594 0.000000 0.903062 0.000000 0.429511 0.593723 0.593723 0.593723
3685.373047 0.000000 4172.999512 0.000000 0.118002 0.000000 -0.993013 1.443526 1.443526 1.443526
3682.737061 0.000000 4175.233887 0.000000 0.202294 0.000000 -0.979325 1.402740 1.402740 1.402740
3683.437500 0.000000 4171.939453 0.000000 0.314388 0.000000 -0.949295 1.347301 1.347301 1.347301
3686.284424 0.000000 4184.132324 0.000000 0.969950 0.000000 -0.243302 0.867346 0.867346 0.867346
3687.672363 0.000000 4182.612305 0.000000 0.909531 0.000000 0.415635 0.545339 0.545339 0.545339
3691.592285 0.000000 4181.940430 0.000000 0.911117 0.000000 0.412149 0.569439 0.569439 0.569439
3687.241699 0.000000 4141.728027 0.000000 0.693376 0.000000 -0.720576 1.134184 1.134184 1.134184
3687.603271 0.000000 4148.246094 0.000000 0.184475 0.000000 -0.982837 1.411412 1.411412 1.411412
3672.594238 0.000000 4166.339355 0.000000 0.100135 0.000000 0.994974 0.047891 0.047891 0.047891
3682.207520 0.000000 4176.323730 0.000000 0.998604 0.000000 0.052816 0.724770 0.724770 0.724770
3680.744385 0.000000 4185.005371 0.000000 0.948681 0.000000 -0.316235 0.903628 0.903628 0.903628
3680.893066 0.000000 4182.976074 0.000000 0.727297 0.000000 0.686323 0.388836 0.388836 0.388836
3681.136230 0.000000 4149.115723 0.000000 0.182783 0.000000 0.983153 0.298123 0.298123 0.298123
3687.881348 0.000000 4177.810059 0.000000 0.820212 0.000000 -0.572060 1.040783 1.040783 1.040783
3688.382568 0.000000 4175.463867 0.000000 0.776271 0.000000 0.630400 0.424337 0.424337 0.424337
3689.246338 0.000000 4172.700195 0.000000 0.999353 0.000000 -0.035964 0.760507 0.760507 0.760507
3673.501953 0.000000 4165.291016 0.000000 0.120043 0.000000 0.992769 0.291019 0.291019 0.291019
3676.754883 0.000000 4169.051270 0.000000 0.983031 0.000000 -0.183438 0.838084 0.838084 0.838084
3684.079834 0.000000 4156.213867 0.000000 0.917261 0.000000 -0.398288 0.905707 0.905707 0.905707
3680.306641 0.000000 4170.352539 0.000000 0.985633 0.000000 -0.168898 0.831032 0.831032 0.831032
3671.121094 0.000000 4167.633789 0.000000 0.926089 0.000000 -0.377304 0.886188 0.886188 0.886188
3686.286377 0.000000 4170.993164 0.000000 0.772734 0.000000 -0.634730 1.078333 1.078333 1.078333
3676.344727 0.000000 4172.555664 0.000000 0.299170 0.000000 0.954200 0.145065 0.145065 0.145065
3678.787354 0.000000 4169.795410 0.000000 0.999996 0.000000 -0.002770 0.751322 0.751322 0.751322
3674.432129 0.000000 4165.716309 0.000000 0.979793 0.000000 0.200015 0.686278 0.686278 0.686278
3690.520020 0.000000 4179.975586 0.000000 0.764404 0.000000 0.644738 0.452185 0.452185 0.452185
3683.695801 0.000000 4185.691406 0.000000 0.971612 0.000000 -0.236581 0.864040 0.864040 0.864040
3684.089355 0.000000 4182.182617 0.000000 0.212993 0.000000 0.977054 0.102482 0.102482 0.102482
3684.560303 0.000000 4175.991211 0.000000 0.972913 0.000000 0.231173 0.638616 0.638616 0.638616
3682.517578 0.000000 4182.092773 0.000000 0.115738 0.000000 -0.993280 1.444615 1.444615 1.444615
3687.058105 0.000000 4146.774902 0.000000 0.684322 0.000000 0.729180 0.425642 0.425642 0.425642
3687.100830 0.000000 4173.865723 0.000000 0.435342 0.000000 0.900265 0.215059 0.215059 0.215059
3681.601318 0.000000 4169.109863 0.000000 0.063698 0.000000 0.997969 0.030434 0.030434 0.030434
3695.286621 0.000000 4144.310547 0.000000 0.999372 0.000000 0.035448 0.738648 0.738648 0.738648
3673.678223 0.000000 4170.004395 0.000000 0.503683 0.000000 -0.863888 1.247967 1.247967 1.247967
3687.790283 0.000000 4172.225098 0.000000 0.681377 0.000000 0.731933 0.357928 0.357928 0.357928
3685.027588 0.000000 4171.498535 0.000000 0.880694 0.000000 0.473685 0.514385 0.514385 0.514385
3686.241943 0.000000 4152.625977 0.000000 0.992621 0.000000 0.121259 0.700382 0.700382 0.700382
3678.458008 0.000000 4171.214355 0.000000 0.891288 0.000000 -0.453437 0.974704 0.974704 0.974704
3687.087158 0.000000 4175.775391 0.000000 0.093385 0.000000 0.995630 0.044653 0.044653 0.044653
3683.739746 0.000000 4175.001465 0.000000 0.151309 0.000000 0.988486 0.072523 0.072523 0.072523
3686.012939 0.000000 4146.844727 0.000000 0.950074 0.000000 0.312026 0.624038 0.624038 0.624038
3681.309570 0.000000 4172.667480 0.000000 0.164839 0.000000 -0.986320 1.281485 1.281485 1.281485
3690.979736 0.000000 4178.828125 0.000000 0.775793 0.000000 0.630988 0.459773 0.459773 0.459773
3674.011963 0.000000 4151.647461 0.000000 0.309500 0.000000 -0.950899 1.253326 1.253326 1.253326
3687.724854 0.000000 4151.464355 0.000000 0.974229 0.000000 -0.225563 0.858633 0.858633 0.858633
3700.638184 0.000000 4185.045898 0.000000 0.789667 0.000000 -0.613535 1.015908 1.015908 1.015908
3686.533203 0.000000 4178.952637 0.000000 0.985263 0.000000 -0.171045 0.832071 0.832071 0.832071
3682.184814 0.000000 4174.327637 0.000000 0.375370 0.000000 0.926875 0.183726 0.183726 0.183726
3672.877441 0.000000 4164.174805 0.000000 0.348062 0.000000 0.937472 0.365436 0.365436 0.365436
3679.121826 0.000000 4185.951172 0.000000 0.978486 0.000000 -0.206314 0.849220 0.849220 0.849220
3687.286865 0.000000 4154.470215 0.000000 0.965422 0.000000 -0.260692 0.863580 0.863580 0.863580
3677.135742 0.000000 4171.900391 0.000000 0.920871 0.000000 -0.389867 0.941218 0.941218 0.941218
3689.871826 0.000000 4181.403320 0.000000 0.365202 0.000000 0.930928 0.178500 0.178500 0.178500
3674.701172 0.000000 4166.705078 0.000000 0.295496 0.000000 -0.955344 1.356773 1.356773 1.356773
3685.942871 0.000000 4177.459961 0.000000 0.282411 0.000000 0.959293 0.136702 0.136702 0.136702
3678.378418 0.000000 4168.054688 0.000000 0.978568 0.000000 0.205922 0.650971 0.650971 0.650971
3686.738037 0.000000 4148.672363 0.000000 0.586400 0.000000 -0.810022 1.200817 1.200817 1.200817
3691.173340 0.000000 4185.676758 0.000000 0.979977 0.000000 0.199109 0.663676 0.663676 0.663676
3687.973145 0.000000 4183.528320 0.000000 0.122281 0.000000 -0.992496 1.441469 1.441469 1.441469
3680.918213 0.000000 4174.715820 0.000000 0.919148 0.000000 -0.393913 0.895557 0.895557 0.895557
3687.677246 0.000000 4140.026855 0.000000 0.999857 0.000000 0.016928 0.741917 0.741917 0.741917
3686.524902 0.000000 4169.009766 0.000000 0.979520 0.000000 -0.201347 0.846798 0.846798 0.846798
3679.171631 0.000000 4184.291992 0.000000 0.656591 0.000000 0.754247 0.342003 0.342003 0.342003
3689.249512 0.000000 4179.556152 0.000000 0.648743 0.000000 0.761008 0.337057 0.337057 0.337057
3679.506348 0.000000 4181.206055 0.000000 0.211170 0.000000 -0.977449 1.268727 1.268727 1.268727
3696.210693 0.000000 4168.199219 0.000000 0.654214 0.000000 -0.756310 1.045482 1.045482 1.045482
3685.390137 0.000000 4181.416504 0.000000 0.428804 0.000000 0.903398 0.211597 0.211597 0.211597
3675.688965 0.000000 4170.768555 0.000000 0.892102 0.000000 -0.451834 0.973845 0.973845 0.973845
3672.085693 0.000000 4167.499512 0.000000 0.989263 0.000000 -0.146146 0.820031 0.820031 0.820031
3683.448975 0.000000 4168.783203 0.000000 0.998227 0.000000 -0.059528 0.778439 0.778439 0.778439
3680.069336 0.000000 4168.579590 0.000000 0.699689 0.000000 0.714448 0.370017 0.370017 0.370017
3691.150391 0.000000 4176.788086 0.000000 0.900360 0.000000 0.435145 0.567078 0.567078 0.567078
3684.022217 0.000000 4157.549805 0.000000 0.986127 0.000000 -0.165991 0.813386 0.813386 0.813386
3689.632812 0.000000 4182.761719 0.000000 0.171178 0.000000 0.985240 0.082136 0.082136 0.082136
3701.801270 0.000000 4184.603027 0.000000 0.229955 0.000000 -0.973201 1.288944 1.288944 1.288944
3689.188232 0.000000 4178.462891 0.000000 0.831640 0.000000 0.555316 0.468896 0.468896 0.468896
3687.473389 0.000000 4178.732422 0.000000 0.712755 0.000000 -0.701413 1.121171 1.121171 1.121171
3683.891602 0.000000 4180.225098 0.000000 0.708169 0.000000 -0.706043 1.124282 1.124282 1.124282
3674.871338 0.000000 4168.473145 0.000000 0.901714 0.000000 -0.432334 0.963465 0.963465 0.963465
3685.436035 0.000000 4180.292480 0.000000 0.975378 0.000000 0.220538 0.643828 0.643828 0.643828
3679.734131 0.000000 4169.618652 0.000000 0.999943 0.000000 -0.010650 0.755085 0.755085 0.755085
3679.118896 0.000000 4182.265625 0.000000 0.524452 0.000000 -0.851440 1.158199 1.158199 1.158199
3684.966309 0.000000 4184.678711 0.000000 0.616376 0.000000 0.787452 0.317100 0.317100 0.317100
3686.360107 0.000000 4154.289062 0.000000 0.720666 0.000000 0.693282 0.420104 0.420104 0.420104
3678.860596 0.000000 4172.769531 0.000000 0.144609 0.000000 -0.989489 1.369314 1.369314 1.369314
3679.997070 0.000000 4171.318848 0.000000 0.507972 0.000000 -0.861373 1.245593 1.245593 1.245593
3696.173340 0.000000 4147.931641 0.000000 0.822845 0.000000 0.568266 0.469343 0.469343 0.469343
3678.201416 0.000000 4168.941895 0.000000 0.897945 0.000000 0.440107 0.532411 0.532411 0.532411
3687.825195 0.000000 4153.321777 0.000000 0.360837 0.000000 0.932629 0.259512 0.259512 0.259512
3680.489502 0.000000 4173.641113 0.000000 0.153320 0.000000 -0.988177 1.285898 1.285898 1.285898
3685.545166 0.000000 4174.671387 0.000000 0.713223 0.000000 -0.700937 1.120852 1.120852 1.120852
3689.634277 0.000000 4177.028809 0.000000 0.275120 0.000000 -0.961410 1.366924 1.366924 1.366924
3673.603027 0.000000 4167.329102 0.000000 0.846943 0.000000 -0.531684 1.017661 1.017661 1.017661
3688.266113 0.000000 4184.998047 0.000000 0.461118 0.000000 -0.887339 1.271173 1.271173 1.271173
3684.568359 0.000000 4169.695801 0.000000 0.354151 0.000000 -0.935188 1.327155 1.327155 1.327155
3682.595703 0.000000 4173.490723 0.000000 0.984177 0.000000 0.177190 0.664949 0.664949 0.664949
3685.729004 0.000000 4183.010254 0.000000 0.047995 0.000000 -0.998848 1.477075 1.477075 1.477075
3674.857910 0.000000 4172.672852 0.000000 0.773966 0.000000 0.633227 0.422595 0.422595 0.422595
3686.565430 0.000000 4174.615234 0.000000 0.943109 0.000000 -0.332485 0.911831 0.911831 0.911831
3691.291748 0.000000 4184.523438 0.000000 0.581989 0.000000 -0.813196 1.158960 1.158960 1.158960
3676.649902 0.000000 4170.710449 0.000000 0.835870 0.000000 0.548927 0.472555 0.472555 0.472555
3687.033691 0.000000 4180.710449 0.000000 0.078529 0.000000 0.996912 0.037533 0.037533 0.037533
3687.936523 0.000000 4174.077148 0.000000 0.635793 0.000000 -0.771859 1.171010 1.171010 1.171010
3686.327637 0.000000 4179.928711 0.000000 0.308268 0.000000 0.951300 0.149624 0.149624 0.149624
3675.584717 0.000000 4172.150391 0.000000 0.074338 0.000000 0.997233 0.035527 0.035527 0.035527
3680.003418 0.000000 4185.939941 0.000000 0.453035 0.000000 0.891493 0.224488 0.224488 0.224488
3673.775635 0.000000 4168.202148 0.000000 0.929446 0.000000 -0.368959 0.930429 0.930429 0.930429
3687.402588 0.000000 4169.715820 0.000000 0.209653 0.000000 0.977776 0.100850 0.100850 0.100850
3689.211426 0.000000 4183.583984 0.000000 0.896806 0.000000 0.442424 0.531178 0.531178 0.531178
3680.958496 0.000000 4168.549805 0.000000 0.021430 0.000000 0.999770 0.010233 0.010233 0.010233
3682.006836 0.000000 4184.770996 0.000000 0.898193 0.000000 -0.439602 0.967321 0.967321 0.967321
3677.853027 0.000000 4173.188477 0.000000 0.221543 0.000000 -0.975151 1.393336 1.393336 1.393336
3686.844238 0.000000 4171.980957 0.000000 0.999839 0.000000 0.017966 0.741421 0.741421 0.741421
3683.586914 0.000000 4183.816406 0.000000 0.224478 0.000000 -0.974479 1.391898 1.391898 1.391898
3672.822998 0.000000 4171.189941 0.000000 0.869958 0.000000 -0.493125 0.996218 0.996218 0.996218
3687.049561 0.000000 4183.777832 0.000000 0.215926 0.000000 -0.976410 1.396085 1.396085 1.396085
3672.338867 0.000000 4168.515625 0.000000 0.754875 0.000000 0.655868 0.408454 0.408454 0.408454
3697.461914 0.000000 4146.784180 0.000000 0.989843 0.000000 -0.142163 0.816239 0.816239 0.816239
3689.941406 0.000000 4178.072754 0.000000 0.043764 0.000000 -0.999042 1.479097 1.479097 1.479097
3676.262451 0.000000 4173.687500 0.000000 0.506619 0.000000 -0.862170 1.246343 1.246343 1.246343
3685.314453 0.000000 4175.672852 0.000000 0.470719 0.000000 0.882283 0.234008 0.234008 0.234008
3688.602051 0.000000 4176.802734 0.000000 0.783562 0.000000 0.621314 0.429899 0.429899 0.429899
3678.222656 0.000000 4170.375488 0.000000 0.828706 0.000000 -0.559684 1.033616 1.033616 1.033616
3686.453613 0.000000 4140.052734 0.000000 0.842380 0.000000 -0.538884 1.021731 1.021731 1.021731
3684.597168 0.000000 4181.584473 0.000000 0.005372 0.000000 -0.999986 1.497435 1.497435 1.497435
3683.473633 0.000000 4170.488281 0.000000 0.759121 0.000000 -0.650950 1.088444 1.088444 1.088444
3680.812988 0.000000 4171.193848 0.000000 0.848713 0.000000 0.528854 0.483933 0.483933 0.483933
3687.408203 0.000000 4177.136230 0.000000 0.567161 0.000000 0.823607 0.287938 0.287938 0.287938
3686.072998 0.000000 4176.181641 0.000000 0.850186 0.000000 -0.526482 1.014734 1.014734 1.014734
3682.645020 0.000000 4171.888672 0.000000 0.036935 0.000000 0.999318 0.017639 0.017639 0.017639
3699.950684 0.000000 4200.386230 0.000000 0.925917 0.000000 -0.377728 0.895778 0.895778 0.895778
3693.271973 0.000000 4223.504883 0.000000 0.907643 0.000000 -0.419744 0.822995 0.822995 0.822995
3686.931152 0.000000 4186.683105 0.000000 0.904865 0.000000 -0.425698 0.959957 0.959957 0.959957
3691.000732 0.000000 4210.128906 0.000000 0.674776 0.000000 -0.738022 0.757772 0.757772 0.757772
3688.356689 0.000000 4198.604492 0.000000 0.719301 0.000000 -0.694698 0.936942 0.936942 0.936942
3669.332520 0.000000 4201.273438 0.000000 0.943996 0.000000 -0.329957 0.751259 0.751259 0.751259
3695.855713 0.000000 4191.161621 0.000000 0.990535 0.000000 0.137259 0.736593 0.736593 0.736593
3697.976562 0.000000 4215.901367 0.000000 0.318513 0.000000 -0.947919 1.132811 1.132811 1.132811
3700.074951 0.000000 4208.433594 0.000000 0.088496 0.000000 -0.996077 1.194041 1.194041 1.194041
3693.633057 0.000000 4203.389160 0.000000 0.583279 0.000000 -0.812272 0.918636 0.918636 0.918636
3680.150635 0.000000 4188.068848 0.000000 0.489214 0.000000 0.872164 0.244075 0.244075 0.244075
3685.025635 0.000000 4193.003418 0.000000 0.314136 0.000000 -0.949378 1.347428 1.347428 1.347428
3711.962891 0.000000 4210.480957 0.000000 0.708726 0.000000 0.705484 0.565247 0.565247 0.565247
3701.290039 0.000000 4186.017090 0.000000 0.987955 0.000000 0.154739 0.702583 0.702583 0.702583
3695.091309 0.000000 4197.206543 0.000000 0.881738 0.000000 -0.471740 0.953286 0.953286 0.953286
3690.642334 0.000000 4193.503906 0.000000 0.235613 0.000000 -0.971847 1.386435 1.386435 1.386435
3704.900879 0.000000 4210.257812 0.000000 0.389348 0.000000 0.921091 0.190949 0.190949 0.190949
3695.663574 0.000000 4211.591797 0.000000 0.887920 0.000000 -0.459999 0.899465 0.899465 0.899465
3686.783691 0.000000 4212.575684 0.000000 0.492006 0.000000 0.870592 0.712418 0.712418 0.712418
3702.166016 0.000000 4213.894531 0.000000 0.501951 0.000000 -0.864896 1.248924 1.248924 1.248924
3696.065918 0.000000 4207.212402 0.000000 0.823361 0.000000 -0.567517 1.038144 1.038144 1.038144
3675.550537 0.000000 4219.264648 0.000000 0.307345 0.000000 -0.951598 0.853674 0.853674 0.853674
3689.998535 0.000000 4189.290527 0.000000 0.338591 0.000000 0.940934 0.164925 0.164925 0.164925
3698.044678 0.000000 4203.801758 0.000000 0.685041 0.000000 -0.728505 1.106057 1.106057 1.106057
3683.822021 0.000000 4189.237305 0.000000 0.985027 0.000000 0.172401 0.667271 0.667271 0.667271
3691.962158 0.000000 4199.971680 0.000000 0.704946 0.000000 -0.709261 1.126457 1.126457 1.126457
3708.474609 0.000000 4211.510742 0.000000 0.973173 0.000000 -0.230076 0.763475 0.763475 0.763475
3704.990967 0.000000 4231.005371 0.000000 0.994732 0.000000 -0.102513 0.755192 0.755192 0.755192
3675.947510 0.000000 4204.508301 0.000000 0.976658 0.000000 -0.214802 0.756080 0.756080 0.756080
3696.376221 0.000000 4200.741211 0.000000 0.888032 0.000000 0.459782 0.521891 0.521891 0.521891
3699.064209 0.000000 4211.990723 0.000000 0.619300 0.000000 0.785154 0.318875 0.318875 0.318875
3687.482178 0.000000 4195.336426 0.000000 0.897947 0.000000 0.440104 0.532412 0.532412 0.532412
3666.455322 0.000000 4210.452148 0.000000 0.423209 0.000000 -0.906032 0.788213 0.788213 0.788213
3691.152588 0.000000 4196.775879 0.000000 0.992096 0.000000 -0.125480 0.810071 0.810071 0.810071
3693.890869 0.000000 4194.017090 0.000000 0.866770 0.000000 0.498708 0.500712 0.500712 0.500712
3683.048828 0.000000 4186.003906 0.000000 0.996475 0.000000 -0.083887 0.790100 0.790100 0.790100
3686.924072 0.000000 4190.246582 0.000000 0.840947 0.000000 0.541118 0.477002 0.477002 0.477002
3681.599609 0.000000 4191.588379 0.000000 0.474460 0.000000 0.880277 0.236035 0.236035 0.236035
3672.574219 0.000000 4189.470703 0.000000 0.989099 0.000000 -0.147254 0.793999 0.793999 0.793999
3698.114258 0.000000 4197.856934 0.000000 0.016276 0.000000 -0.999868 0.910088 0.910088 0.910088
3701.938232 0.000000 4210.762695 0.000000 0.980347 0.000000 -0.197281 0.844817 0.844817 0.844817
3684.380859 0.000000 4214.322754 0.000000 0.904766 0.000000 0.425909 0.707162 0.707162 0.707162
3678.078613 0.000000 4186.086426 0.000000 0.179794 0.000000 -0.983704 1.413685 1.413685 1.413685
3689.773438 0.000000 4186.480957 0.000000 0.366787 0.000000 0.930305 0.179313 0.179313 0.179313
3697.610840 0.000000 4209.691895 0.000000 0.425959 0.000000 0.904742 0.210095 0.210095 0.210095
3671.821045 0.000000 4207.663574 0.000000 0.869185 0.000000 0.494488 0.724819 0.724819 0.724819
3688.065674 0.000000 4192.741699 0.000000 0.455789 0.000000 -0.890088 1.274036 1.274036 1.274036
3693.619629 0.000000 4206.229980 0.000000 0.998245 0.000000 -0.059217 0.778290 0.778290 0.778290
3699.763916 0.000000 4205.772949 0.000000 0.047174 0.000000 -0.998887 1.434675 1.434675 1.434675
3707.569092 0.000000 4230.354004 0.000000 0.956614 0.000000 0.291360 0.735053 0.735053 0.735053
3680.400635 0.000000 4208.340820 0.000000 0.795994 0.000000 0.605305 0.715914 0.715914 0.715914
3666.362549 0.000000 4213.380371 0.000000 0.273801 0.000000 0.961786 0.679766 0.679766 0.679766
3704.684570 0.000000 4213.223633 0.000000 0.999042 0.000000 -0.043767 0.770904 0.770904 0.770904
3692.199707 0.000000 4191.509277 0.000000 0.999804 0.000000 0.019777 0.743149 0.743149 0.743149
3703.926758 0.000000 4186.062012 0.000000 0.898398 0.000000 0.439182 0.681891 0.681891 0.681891
3673.237793 0.000000 4220.433594 0.000000 0.795117 0.000000 0.606456 0.715838 0.715838 0.715838
3690.440430 0.000000 4223.395508 0.000000 0.976793 0.000000 0.214184 0.735854 0.735854 0.735854
3695.696289 0.000000 4204.727539 0.000000 0.635739 0.000000 -0.771904 1.171043 1.171043 1.171043
3680.605713 0.000000 4217.960449 0.000000 0.064100 0.000000 0.997943 0.490461 0.490461 0.490461
3694.235352 0.000000 4199.422852 0.000000 0.099502 0.000000 0.995037 0.047587 0.047587 0.047587
3687.580078 0.000000 4214.878906 0.000000 0.997676 0.000000 0.068144 0.744254 0.744254 0.744254
3699.782471 0.000000 4214.383789 0.000000 0.495809 0.000000 0.868432 0.247693 0.247693 0.247693
3697.385498 0.000000 4213.592285 0.000000 0.278127 0.000000 -0.960544 1.365430 1.365430 1.365430
3691.627197 0.000000 4202.210938 0.000000 0.873732 0.000000 0.486408 0.672958 0.672958 0.672958
3709.040771 0.000000 4215.262207 0.000000 0.842662 0.000000 0.538443 0.520040 0.520040 0.520040
3671.734375 0.000000 4194.314941 0.000000 0.107190 0.000000 0.994239 0.634916 0.634916 0.634916
3701.723145 0.000000 4206.915527 0.000000 0.852255 0.000000 -0.523127 0.819063 0.819063 0.819063
3670.861328 0.000000 4209.598633 0.000000 0.817188 0.000000 -0.576371 0.819011 0.819011 0.819011
3689.780762 0.000000 4191.428711 0.000000 0.284762 0.000000 -0.958598 1.362128 1.362128 1.362128
3684.830566 0.000000 4187.335449 0.000000 0.955519 0.000000 0.294929 0.607056 0.607056 0.607056
3698.354980 0.000000 4231.243652 0.000000 0.595779 0.000000 -0.803148 0.840799 0.840799 0.840799
3705.848389 0.000000 4229.043945 0.000000 0.739499 0.000000 0.673158 0.693308 0.693308 0.693308
3698.211182 0.000000 4207.360840 0.000000 0.392897 0.000000 -0.919582 1.307209 1.307209 1.307209
3685.349854 0.000000 4195.130371 0.000000 0.337260 0.000000 -0.941412 1.335750 1.335750 1.335750
3691.471924 0.000000 4187.770508 0.000000 0.326596 0.000000 -0.945164 1.341148 1.341148 1.341148
3680.933594 0.000000 4186.036133 0.000000 0.490567 0.000000 -0.871404 1.255185 1.255185 1.255185
3693.283203 0.000000 4196.012207 0.000000 0.893911 0.000000 -0.448245 0.971926 0.971926 0.971926
3689.623779 0.000000 4195.365234 0.000000 0.475686 0.000000 -0.879615 1.263300 1.263300 1.263300
3686.550781 0.000000 4197.270508 0.000000 0.339553 0.000000 0.940587 0.518458 0.518458 0.518458
3673.473389 0.000000 4218.140137 0.000000 0.577193 0.000000 -0.816608 0.855557 0.855557 0.855557
3674.637939 0.000000 4189.528809 0.000000 0.157282 0.000000 0.987554 0.297628 0.297628 0.297628
3679.862793 0.000000 4190.228516 0.000000 0.898799 0.000000 0.438361 0.533339 0.533339 0.533339
3695.520264 0.000000 4202.620117 0.000000 0.979477 0.000000 0.201556 0.653100 0.653100 0.653100
3681.779053 0.000000 4189.483887 0.000000 0.157248 0.000000 -0.987559 1.424607 1.424607 1.424607
3683.760742 0.000000 4191.398926 0.000000 0.845736 0.000000 0.533601 0.481257 0.481257 0.481257
3688.233887 0.000000 4188.239746 0.000000 0.918812 0.000000 0.394696 0.556275 0.556275 0.556275
3710.508789 0.000000 4211.957520 0.000000 0.650352 0.000000 -0.759633 0.953543 0.953543 0.953543
3702.921143 0.000000 4208.948242 0.000000 0.788723 0.000000 -0.614749 0.891321 0.891321 0.891321
3698.271484 0.000000 4201.711914 0.000000 0.894645 0.000000 -0.446777 0.924312 0.924312 0.924312
3693.593750 0.000000 4201.354492 0.000000 0.865146 0.000000 0.501519 0.499162 0.499162 0.499162
3690.421143 0.000000 4198.670410 0.000000 0.935577 0.000000 -0.353122 0.922320 0.922320 0.922320
3692.656250 0.000000 4198.093262 0.000000 0.029521 0.000000 0.999564 0.014097 0.014097 0.014097
3695.700684 0.000000 4209.293945 0.000000 0.995831 0.000000 0.091221 0.706385 0.706385 0.706385
3694.125000 0.000000 4192.086914 0.000000 0.972516 0.000000 0.232834 0.687520 0.687520 0.687520
3696.386475 0.000000 4198.774902 0.000000 0.948367 0.000000 -0.317176 0.904102 0.904102 0.904102
3701.312988 0.000000 4215.636230 0.000000 0.257689 0.000000 -0.966228 1.375559 1.375559 1.375559
3708.391357 0.000000 4213.447266 0.000000 0.133311 0.000000 -0.991074 1.331217 1.331217 1.331217
3698.155518 0.000000 4199.737305 0.000000 0.317121 0.000000 -0.948385 1.072501 1.072501 1.072501
3699.903076 0.000000 4210.297852 0.000000 0.803681 0.000000 0.595060 0.445692 0.445692 0.445692
3700.851074 0.000000 4212.567871 0.000000 0.906429 0.000000 0.422358 0.541804 0.541804 0.541804
3699.976562 0.000000 4198.500488 0.000000 0.073265 0.000000 0.997313 0.363066 0.363066 0.363066
3668.237061 0.000000 4213.195801 0.000000 0.969589 0.000000 -0.244739 0.773611 0.773611 0.773611
3682.962158 0.000000 4193.118164 0.000000 0.155022 0.000000 -0.987911 1.425683 1.425683 1.425683
3703.369629 0.000000 4211.926270 0.000000 0.828478 0.000000 -0.560021 1.033810 1.033810 1.033810
3695.721680 0.000000 4193.125000 0.000000 0.233222 0.000000 -0.972424 1.105061 1.105061 1.105061
3674.003906 0.000000 4196.657715 0.000000 0.184582 0.000000 0.982817 0.628102 0.628102 0.628102
3678.381836 0.000000 4188.560547 0.000000 0.794804 0.000000 -0.606867 1.061361 1.061361 1.061361
3686.381836 0.000000 4188.430664 0.000000 0.125814 0.000000 -0.992054 1.439769 1.439769 1.439769
3697.386475 0.000000 4205.641113 0.000000 0.806173 0.000000 -0.591679 1.052302 1.052302 1.052302
3682.778809 0.000000 4187.774902 0.000000 0.781318 0.000000 -0.624133 1.071822 1.071822 1.071822
3691.764893 0.000000 4194.948242 0.000000 0.991821 0.000000 0.127635 0.688892 0.688892 0.688892
3699.746826 0.000000 4196.721191 0.000000 0.462632 0.000000 0.886550 0.637766 0.637766 0.637766
3688.561768 0.000000 4196.783203 0.000000 0.869478 0.000000 -0.493971 0.867053 0.867053 0.867053
3676.628906 0.000000 4191.631348 0.000000 0.959308 0.000000 -0.282362 0.886677 0.886677 0.886677
3685.194824 0.000000 4190.321777 0.000000 0.034320 0.000000 0.999411 0.016390 0.016390 0.016390
3686.604736 0.000000 4193.723633 0.000000 0.482439 0.000000 0.875929 0.240374 0.240374 0.240374
3686.494141 0.000000 4191.952148 0.000000 0.806660 0.000000 -0.591015 1.051909 1.051909 1.051909
3692.570312 0.000000 4204.869141 0.000000 0.974409 0.000000 0.224781 0.685474 0.685474 0.685474
3696.262695 0.000000 4215.924805 0.000000 0.526996 0.000000 -0.849868 1.061907 1.061907 1.061907
3691.686768 0.000000 4189.833984 0.000000 0.999643 0.000000 -0.026723 0.762761 0.762761 0.762761
3697.440918 0.000000 4211.454590 0.000000 0.025754 0.000000 0.999668 0.012298 0.012298 0.012298
3694.945068 0.000000 4195.503906 0.000000 0.896911 0.000000 -0.442210 0.892375 0.892375 0.892375
3692.459229 0.000000 4193.194336 0.000000 0.990958 0.000000 -0.134171 0.814256 0.814256 0.814256
3703.325195 0.000000 4187.748047 0.000000 0.954808 0.000000 -0.297222 0.795205 0.795205 0.795205
3705.165771 0.000000 4214.873047 0.000000 0.915484 0.000000 -0.402355 0.892663 0.892663 0.892663
3688.552734 0.000000 4190.197266 0.000000 0.345867 0.000000 -0.938283 1.331377 1.331377 1.331377
3676.347656 0.000000 4189.484863 0.000000 0.976876 0.000000 0.213807 0.679800 0.679800 0.679800
3704.666504 0.000000 4208.654297 0.000000 0.988439 0.000000 0.151622 0.717510 0.717510 0.717510
3671.832764 0.000000 4190.937012 0.000000 0.972783 0.000000 0.231719 0.705777 0.705777 0.705777
3694.464844 0.000000 4207.653320 0.000000 0.610087 0.000000 0.792335 0.313298 0.313298 0.313298
3688.220215 0.000000 4201.642090 0.000000 0.554228 0.000000 -0.832365 0.989363 0.989363 0.989363
3703.627930 0.000000 4214.566895 0.000000 0.606415 0.000000 -0.795148 1.187189 1.187189 1.187189
3670.590820 0.000000 4200.359375 0.000000 0.872254 0.000000 -0.489052 0.835156 0.835156 0.835156
3689.988770 0.000000 4224.939453 0.000000 0.935234 0.000000 0.354031 0.689695 0.689695 0.689695
3678.705566 0.000000 4191.560547 0.000000 0.893455 0.000000 -0.449153 0.972412 0.972412 0.972412
3696.661621 0.000000 4196.949707 0.000000 0.995017 0.000000 -0.099710 0.787215 0.787215 0.787215
3688.736328 0.000000 4194.124023 0.000000 0.998979 0.000000 -0.045174 0.771577 0.771577 0.771577
3673.404785 0.000000 4190.750977 0.000000 0.196494 0.000000 -0.980505 1.405566 1.405566 1.405566
3707.159668 0.000000 4228.266113 0.000000 1.000000 0.000000 -0.000927 0.750231 0.750231 0.750231
3675.565430 0.000000 4194.889160 0.000000 0.121392 0.000000 0.992605 0.272456 0.272456 0.272456
3675.051270 0.000000 4193.230469 0.000000 0.658654 0.000000 -0.752446 1.156689 1.156689 1.156689
3701.475098 0.000000 4209.335449 0.000000 0.924505 0.000000 0.381169 0.632844 0.632844 0.632844
3677.151855 0.000000 4194.947754 0.000000 0.676015 0.000000 -0.736888 1.145558 1.145558 1.145558
3699.743164 0.000000 4201.972168 0.000000 0.999644 0.000000 0.026684 0.739956 0.739956 0.739956
3679.555908 0.000000 4186.683105 0.000000 0.974025 0.000000 0.226441 0.640937 0.640937 0.640937
3688.916748 0.000000 4223.559570 0.000000 0.997739 0.000000 0.067201 0.740304 0.740304 0.740304
3710.356445 0.000000 4216.026855 0.000000 0.026733 0.000000 0.999643 0.082152 0.082152 0.082152
3685.608887 0.000000 4186.017090 0.000000 0.750192 0.000000 -0.661220 1.094942 1.094942 1.094942
3700.999023 0.000000 4187.486328 0.000000 0.272040 0.000000 0.962286 0.354675 0.354675 0.354675
3691.211914 0.000000 4186.134766 0.000000 0.818676 0.000000 -0.574255 1.042062 1.042062 1.042062
3696.989502 0.000000 4202.449219 0.000000 0.500213 0.000000 -0.865902 1.249883 1.249883 1.249883
3671.916016 0.000000 4203.141113 0.000000 0.746659 0.000000 0.665207 0.642348 0.642348 0.642348
3695.967285 0.000000 4213.279785 0.000000 0.359607 0.000000 -0.933104 0.950465 0.950465 0.950465
3697.010254 0.000000 4208.297363 0.000000 0.773040 0.000000 0.634357 0.421898 0.421898 0.421898
3699.792969 0.000000 4228.644043 0.000000 0.995942 0.000000 0.090000 0.728063 0.728063 0.728063
3681.377197 0.000000 4216.579102 0.000000 0.067200 0.000000 -0.997739 1.009003 1.009003 1.009003
3684.092041 0.000000 4194.174805 0.000000 0.436244 0.000000 0.899829 0.215537 0.215537 0.215537
3681.411377 0.000000 4187.366699 0.000000 0.831459 0.000000 0.555587 0.468740 0.468740 0.468740
3694.159180 0.000000 4204.765625 0.000000 0.073588 0.000000 -0.997289 1.464832 1.464832 1.464832
3695.184814 0.000000 4206.078125 0.000000 0.547104 0.000000 0.837065 0.276405 0.276405 0.276405
3689.863037 0.000000 4197.347656 0.000000 0.998398 0.000000 -0.056574 0.762824 0.762824 0.762824
3692.330078 0.000000 4206.809082 0.000000 0.993634 0.000000 -0.112660 0.803906 0.803906 0.803906
3703.337402 0.000000 4210.295410 0.000000 0.812640 0.000000 -0.582766 1.047044 1.047044 1.047044
3695.017334 0.000000 4201.259277 0.000000 0.599333 0.000000 -0.800500 1.193149 1.193149 1.193149
3688.202148 0.000000 4200.168945 0.000000 0.032401 0.000000 0.999475 0.375535 0.375535 0.375535
3677.620361 0.000000 4192.643066 0.000000 0.461696 0.000000 -0.887038 1.270862 1.270862 1.270862
3698.396484 0.000000 4214.530273 0.000000 0.937274 0.000000 0.348593 0.579989 0.579989 0.579989
3692.310059 0.000000 4209.516602 0.000000 0.897343 0.000000 0.441334 0.531758 0.531758 0.531758
3675.590576 0.000000 4190.644531 0.000000 0.996851 0.000000 -0.079303 0.787904 0.787904 0.787904
3704.784424 0.000000 4211.630859 0.000000 0.369552 0.000000 -0.929210 1.319267 1.319267 1.319267
3702.836426 0.000000 4215.735840 0.000000 0.213825 0.000000 0.976872 0.105426 0.105426 0.105426
3687.798584 0.000000 4191.361816 0.000000 0.170544 0.000000 -0.985350 1.418171 1.418171 1.418171
3690.981201 0.000000 4192.166992 0.000000 0.827452 0.000000 -0.561536 1.034684 1.034684 1.034684
3682.815186 0.000000 4190.397949 0.000000 0.849750 0.000000 0.527187 0.484870 0.484870 0.484870
3689.416016 0.000000 4192.818359 0.000000 0.999825 0.000000 0.018695 0.741073 0.741073 0.741073
3696.458252 0.000000 4210.414062 0.000000 0.783365 0.000000 -0.621562 1.070252 1.070252 1.070252
3699.555420 0.000000 4207.124023 0.000000 0.567558 0.000000 0.823334 0.288167 0.288167 0.288167
3698.853027 0.000000 4209.157227 0.000000 0.117825 0.000000 0.993034 0.056388 0.056388 0.056388
3692.217041 0.000000 4203.468262 0.000000 0.918940 0.000000 -0.394396 0.822114 0.822114 0.822114
3690.896729 0.000000 4201.072266 0.000000 0.023475 0.000000 0.999724 0.011210 0.011210 0.011210
3680.127930 0.000000 4191.565918 0.000000 0.319426 0.000000 -0.947611 1.344765 1.344765 1.344765
3699.184326 0.000000 4204.546875 0.000000 0.994351 0.000000 -0.106140 0.797787 0.797787 0.797787
3679.924561 0.000000 4195.792969 0.000000 0.268041 0.000000 0.963408 0.129564 0.129564 0.129564
3685.096680 0.000000 4188.819336 0.000000 0.996315 0.000000 0.085775 0.711407 0.711407 0.711407
3698.572754 0.000000 4210.741211 0.000000 0.141702 0.000000 0.989909 0.067886 0.067886 0.067886
3709.137695 0.000000 4216.730469 0.000000 0.432081 0.000000 -0.901835 1.162499 1.162499 1.162499
3709.728760 0.000000 4213.298828 0.000000 0.887073 0.000000 -0.461629 0.944063 0.944063 0.944063
3711.543213 0.000000 4212.957031 0.000000 0.810627 0.000000 0.585562 0.451311 0.451311 0.451311
3690.138184 0.000000 4187.732422 0.000000 0.975704 0.000000 -0.219091 0.855464 0.855464 0.855464
3682.571289 0.000000 4196.302246 0.000000 0.637571 0.000000 0.770392 0.544162 0.544162 0.544162
3693.183838 0.000000 4207.929688 0.000000 0.353526 0.000000 0.935425 0.172526 0.172526 0.172526
3700.020264 0.000000 4186.437500 0.000000 0.875664 0.000000 0.482921 0.596181 0.596181 0.596181
3693.934570 0.000000 4197.812988 0.000000 0.788722 0.000000 0.614750 0.433886 0.433886 0.433886
3696.957764 0.000000 4214.819824 0.000000 0.068022 0.000000 0.997684 0.288551 0.288551 0.288551
3698.694580 0.000000 4213.260254 0.000000 0.595712 0.000000 -0.803198 1.195305 1.195305 1.195305
3702.164062 0.000000 4212.570312 0.000000 0.993458 0.000000 -0.114195 0.804643 0.804643 0.804643
3703.369385 0.000000 4213.240723 0.000000 0.652031 0.000000 0.758192 0.339124 0.339124 0.339124
3688.187012 0.000000 4186.893066 0.000000 0.282934 0.000000 0.959139 0.136962 0.136962 0.136962
3678.175293 0.000000 4194.121582 0.000000 0.997539 0.000000 -0.070115 0.783505 0.783505 0.783505
3696.350586 0.000000 4203.628418 0.000000 0.999058 0.000000 0.043397 0.729273 0.729273 0.729273
3695.037354 0.000000 4210.400391 0.000000 0.274221 0.000000 -0.961667 1.154317 1.154317 1.154317
3695.489502 0.000000 4199.728516 0.000000 0.934714 0.000000 -0.355402 0.923484 0.923484 0.923484
3692.955811 0.000000 4190.461426 0.000000 0.999729 0.000000 -0.023282 0.758065 0.758065 0.758065
3695.145752 0.000000 4198.483887 0.000000 0.924105 0.000000 -0.382138 0.937218 0.937218 0.937218
3672.899658 0.000000 4193.789062 0.000000 0.098392 0.000000 0.995148 0.047055 0.047055 0.047055
3665.342529 0.000000 4207.861816 0.000000 0.986322 0.000000 -0.164831 0.781935 0.781935 0.781935
3680.935303 0.000000 4211.825684 0.000000 0.997578 0.000000 0.069564 0.733836 0.733836 0.733836
3664.530762 0.000000 4204.880859 0.000000 0.197524 0.000000 0.980298 0.094935 0.094935 0.094935
3685.603760 0.000000 4196.383789 0.000000 0.853237 0.000000 -0.521524 0.878409 0.878409 0.878409
3684.319092 0.000000 4186.135742 0.000000 0.401185 0.000000 -0.915997 1.302898 1.302898 1.302898
3685.223389 0.000000 4191.767578 0.000000 0.589185 0.000000 0.807998 0.300827 0.300827 0.300827
3690.590576 0.000000 4190.469238 0.000000 0.995190 0.000000 -0.097965 0.796850 0.796850 0.796850
3698.969238 0.000000 4202.916504 0.000000 0.545306 0.000000 -0.838237 1.183673 1.183673 1.183673
3692.375488 0.000000 4196.874023 0.000000 0.862307 0.000000 0.506386 0.496471 0.496471 0.496471
3701.051758 0.000000 4214.439453 0.000000 0.979636 0.000000 0.200781 0.653478 0.653478 0.653478
3700.787598 0.000000 4211.208008 0.000000 0.999498 0.000000 0.031678 0.734872 0.734872 0.734872
3685.475098 0.000000 4197.936035 0.000000 0.548278 0.000000 0.836296 0.518174 0.518174 0.518174
3698.572754 0.000000 4206.125000 0.000000 0.197491 0.000000 -0.980305 1.405081 1.405081 1.405081
3694.850342 0.000000 4203.656250 0.000000 0.998988 0.000000 0.044974 0.728519 0.728519 0.728519
3710.722412 0.000000 4210.739258 0.000000 0.882242 0.000000 -0.470796 0.865648 0.865648 0.865648
3695.240723 0.000000 4194.233887 0.000000 0.659972 0.000000 -0.751290 1.014202 1.014202 1.014202
3692.958252 0.000000 4194.841797 0.000000 0.867676 0.000000 -0.497129 0.998419 0.998419 0.998419
3694.316895 0.000000 4202.368164 0.000000 0.974135 0.000000 0.225969 0.641168 0.641168 0.641168
3692.218018 0.000000 4201.162598 0.000000 0.949584 0.000000 -0.313511 0.902258 0.902258 0.902258
3690.687988 0.000000 4199.862305 0.000000 0.623281 0.000000 0.781998 0.321301 0.321301 0.321301
3674.979004 0.000000 4195.956055 0.000000 0.333875 0.000000 0.942617 0.344533 0.344533 0.344533
3701.223389 0.000000 4208.035156 0.000000 0.420263 0.000000 0.907403 0.409352 0.409352 0.409352
3677.178711 0.000000 4188.591309 0.000000 0.984991 0.000000 -0.172608 0.806519 0.806519 0.806519
3687.451904 0.000000 4189.166992 0.000000 0.691054 0.000000 0.722803 0.364280 0.364280 0.364280
3689.375000 0.000000 4199.272949 0.000000 0.053625 0.000000 -0.998561 1.119294 1.119294 1.119294
3681.081787 0.000000 4190.457031 0.000000 0.991400 0.000000 -0.130863 0.812662 0.812662 0.812662
3691.645996 0.000000 4198.838867 0.000000 0.994120 0.000000 -0.108282 0.801802 0.801802 0.801802
3693.175049 0.000000 4200.233887 0.000000 0.181289 0.000000 0.983430 0.087041 0.087041 0.087041
3673.983887 0.000000 4192.689453 0.000000 0.525361 0.000000 0.850880 0.264105 0.264105 0.264105
3705.936279 0.000000 4210.807129 0.000000 0.999953 0.000000 0.009672 0.745382 0.745382 0.745382
3679.445312 0.000000 4189.002930 0.000000 0.752245 0.000000 -0.658883 1.093456 1.093456 1.093456
3680.555176 0.000000 4189.311523 0.000000 0.651268 0.000000 0.758848 0.338644 0.338644 0.338644
3697.112793 0.000000 4204.501953 0.000000 0.986686 0.000000 0.162638 0.672000 0.672000 0.672000
3696.821533 0.000000 4212.483398 0.000000 0.240969 0.000000 -0.970533 1.383802 1.383802 1.383802
3673.699707 0.000000 4188.852539 0.000000 0.825366 0.000000 -0.564598 0.928612 0.928612 0.928612
3711.387695 0.000000 4215.242676 0.000000 0.852290 0.000000 0.523070 0.487180 0.487180 0.487180
3689.886475 0.000000 4201.683105 0.000000 0.993509 0.000000 0.113750 0.722252 0.722252 0.722252
3699.854248 0.000000 4213.150391 0.000000 0.998038 0.000000 0.062608 0.720087 0.720087 0.720087
3681.858154 0.000000 4193.581055 0.000000 0.320310 0.000000 -0.947313 1.344319 1.344319 1.344319
3678.613770 0.000000 4187.385254 0.000000 0.336871 0.000000 0.941551 0.164053 0.164053 0.164053
3711.665527 0.000000 4211.588379 0.000000 0.970281 0.000000 0.241983 0.692338 0.692338 0.692338
3710.794922 0.000000 4217.096191 0.000000 0.410051 0.000000 0.912063 0.253335 0.253335 0.253335
3698.811768 0.000000 4200.691406 0.000000 0.025330 0.000000 0.999679 0.168358 0.168358 0.168358
3675.684814 0.000000 4192.291992 0.000000 0.670183 0.000000 -0.742196 1.149323 1.149323 1.149323
3690.635986 0.000000 4194.797363 0.000000 0.315448 0.000000 0.948943 0.153232 0.153232 0.153232
3691.094727 0.000000 4188.869141 0.000000 0.920434 0.000000 -0.390898 0.941753 0.941753 0.941753
3697.132080 0.000000 4206.850098 0.000000 0.646064 0.000000 0.763283 0.335379 0.335379 0.335379
3683.597656 0.000000 4187.017090 0.000000 0.432729 0.000000 0.901524 0.213674 0.213674 0.213674
3685.949219 0.000000 4187.206543 0.000000 0.545427 0.000000 0.838158 0.275449 0.275449 0.275449
3699.276367 0.000000 4199.462402 0.000000 0.393612 0.000000 0.919277 0.448652 0.448652 0.448652
3709.867188 0.000000 4214.490723 0.000000 0.818939 0.000000 0.573880 0.502791 0.502791 0.502791
3686.376221 0.000000 4195.590332 0.000000 0.030732 0.000000 0.999528 0.014676 0.014676 0.014676
3682.758545 0.000000 4191.948242 0.000000 0.433442 0.000000 0.901181 0.214052 0.214052 0.214052
3706.908447 0.000000 4229.460449 0.000000 0.688225 0.000000 -0.725497 0.952152 0.952152 0.952152
3696.320801 0.000000 4205.964844 0.000000 0.989263 0.000000 -0.146144 0.820029 0.820029 0.820029
3686.045654 0.000000 4189.577637 0.000000 0.669292 0.000000 -0.742999 1.149896 1.149896 1.149896
3693.230225 0.000000 4210.151367 0.000000 0.776285 0.000000 0.630382 0.548223 0.548223 0.548223
3697.582764 0.000000 4200.787598 0.000000 0.993953 0.000000 0.109804 0.697466 0.697466 0.697466
3697.037109 0.000000 4199.811035 0.000000 0.104242 0.000000 0.994552 0.049863 0.049863 0.049863
3697.527344 0.000000 4198.799316 0.000000 0.576603 0.000000 -0.817025 1.206567 1.206567 1.206567
3682.005371 0.000000 4186.385254 0.000000 0.193688 0.000000 -0.981063 1.406933 1.406933 1.406933
3684.085693 0.000000 4188.165527 0.000000 0.766857 0.000000 0.641818 0.436843 0.436843 0.436843
3694.591797 0.000000 4193.129883 0.000000 0.448540 0.000000 0.893763 0.456023 0.456023 0.456023
3693.167236 0.000000 4199.113281 0.000000 0.924048 0.000000 -0.382276 0.937289 0.937289 0.937289
3709.051514 0.000000 4212.445801 0.000000 0.922091 0.000000 0.386973 0.589297 0.589297 0.589297
3683.997314 0.000000 4192.470215 0.000000 0.903676 0.000000 0.428217 0.538713 0.538713 0.538713
3681.182129 0.000000 4188.429688 0.000000 0.751105 0.000000 0.660183 0.405718 0.405718 0.405718
3674.955811 0.000000 4188.466797 0.000000 0.083608 0.000000 -0.996499 1.226140 1.226140 1.226140
3688.788818 0.000000 4191.926758 0.000000 0.341198 0.000000 0.939991 0.166249 0.166249 0.166249
3678.816162 0.000000 4189.924805 0.000000 0.885048 0.000000 -0.465499 0.981188 0.981188 0.981188
3699.068604 0.000000 4215.387207 0.000000 0.879098 0.000000 -0.476640 0.987218 0.987218 0.987218
3695.252441 0.000000 4192.096680 0.000000 0.746158 0.000000 0.665769 0.556298 0.556298 0.556298
3687.241699 0.000000 4187.728027 0.000000 0.929816 0.000000 0.368024 0.570052 0.570052 0.570052
3679.172119 0.000000 4194.595703 0.000000 0.998374 0.000000 -0.057001 0.777231 0.777231 0.777231
3694.284180 0.000000 4196.425293 0.000000 0.972293 0.000000 -0.233767 0.847637 0.847637 0.847637
3687.603271 0.000000 4194.246094 0.000000 0.874313 0.000000 -0.485363 0.991969 0.991969 0.991969
3685.557617 0.000000 4194.061523 0.000000 0.909410 0.000000 0.415902 0.545199 0.545199 0.545199
3690.606201 0.000000 4195.862793 0.000000 0.796721 0.000000 0.604347 0.440151 0.440151 0.440151
3682.767578 0.000000 4189.081055 0.000000 0.128297 0.000000 0.991736 0.061427 0.061427 0.061427
3689.065918 0.000000 4187.537598 0.000000 0.255174 0.000000 -0.966895 1.376801 1.376801 1.376801
3691.599854 0.000000 4197.736816 0.000000 0.917122 0.000000 0.398606 0.554241 0.554241 0.554241
3688.599365 0.000000 4195.711426 0.000000 0.634087 0.000000 0.773262 0.327936 0.327936 0.327936
3698.052002 0.000000 4212.325684 0.000000 0.870958 0.000000 -0.491358 0.995249 0.995249 0.995249
3699.065186 0.000000 4208.087891 0.000000 0.931387 0.000000 0.364032 0.572100 0.572100 0.572100
3698.164551 0.000000 4204.905762 0.000000 0.543962 0.000000 0.839110 0.302578 0.302578 0.302578
3695.490967 0.000000 4208.152344 0.000000 0.895499 0.000000 0.445064 0.529772 0.529772 0.529772
3681.136230 0.000000 4195.115723 0.000000 0.968434 0.000000 0.249269 0.629714 0.629714 0.629714
3708.184326 0.000000 4214.503418 0.000000 0.449845 0.000000 -0.893107 1.196585 1.196585 1.196585
3676.753662 0.000000 4190.537109 0.000000 0.050574 0.000000 0.998720 0.024158 0.024158 0.024158
3688.892090 0.000000 4189.111816 0.000000 0.958037 0.000000 0.286646 0.611189 0.611189 0.611189
3684.050537 0.000000 4190.275879 0.000000 0.898283 0.000000 0.439417 0.532778 0.532778 0.532778
3693.979736 0.000000 4195.052246 0.000000 0.210354 0.000000 0.977625 0.101193 0.101193 0.101193
3695.982910 0.000000 4197.746094 0.000000 0.652993 0.000000 -0.757364 1.105567 1.105567 1.105567
3693.104736 0.000000 4192.354492 0.000000 0.462570 0.000000 -0.886583 1.270391 1.270391 1.270391
3694.593506 0.000000 4211.823730 0.000000 0.340259 0.000000 -0.940332 1.132612 1.132612 1.132612
3691.680664 0.000000 4193.907715 0.000000 0.364271 0.000000 -0.931293 1.321977 1.321977 1.321977
3686.081299 0.000000 4190.880371 0.000000 0.865706 0.000000 0.500553 0.499695 0.499695 0.499695
3694.250000 0.000000 4200.467285 0.000000 0.172762 0.000000 0.984964 0.082904 0.082904 0.082904
3679.951660 0.000000 4193.465820 0.000000 0.996669 0.000000 -0.081549 0.788980 0.788980 0.788980
3705.543945 0.000000 4212.532715 0.000000 0.735994 0.000000 -0.676989 1.105073 1.105073 1.105073
3677.651611 0.000000 4191.384277 0.000000 0.988355 0.000000 -0.152163 0.822936 0.822936 0.822936
3689.843018 0.000000 4194.145996 0.000000 0.600650 0.000000 -0.799512 1.192363 1.192363 1.192363
3696.217773 0.000000 4201.765625 0.000000 0.622454 0.000000 -0.782657 1.179204 1.179204 1.179204
3692.239258 0.000000 4195.856934 0.000000 0.242920 0.000000 -0.970046 1.382842 1.382842 1.382842
3689.575439 0.000000 4190.276367 0.000000 0.521533 0.000000 0.853231 0.261960 0.261960 0.261960
3694.764404 0.000000 4208.892090 0.000000 0.550176 0.000000 -0.835049 1.221841 1.221841 1.221841
3697.042969 0.000000 4197.897461 0.000000 0.154946 0.000000 0.987923 0.222674 0.222674 0.222674
3687.058105 0.000000 4192.774902 0.000000 0.439038 0.000000 -0.898469 1.282979 1.282979 1.282979
3700.401611 0.000000 4215.197266 0.000000 0.957614 0.000000 0.288055 0.610487 0.610487 0.610487
3682.989990 0.000000 4194.147949 0.000000 0.014084 0.000000 0.999901 0.006725 0.006725 0.006725
3697.947754 0.000000 4208.703125 0.000000 0.436740 0.000000 -0.899588 1.284199 1.284199 1.284199
3700.990479 0.000000 4210.215820 0.000000 0.306744 0.000000 0.951792 0.148859 0.148859 0.148859
3697.950195 0.000000 4202.795898 0.000000 0.627660 0.000000 -0.778488 1.176019 1.176019 1.176019
3702.133789 0.000000 4214.955078 0.000000 0.276542 0.000000 -0.961002 1.363801 1.363801 1.363801
3672.758789 0.000000 4191.511719 0.000000 0.993454 0.000000 -0.114229 0.804660 0.804660 0.804660
3700.448486 0.000000 4209.377441 0.000000 0.438058 0.000000 -0.898947 1.084745 1.084745 1.084745
3681.871338 0.000000 4192.561035 0.000000 0.002875 0.000000 0.999996 0.001373 0.001373 0.001373
3686.012939 0.000000 4192.844727 0.000000 0.513963 0.000000 0.857813 0.257734 0.257734 0.257734
3708.907715 0.000000 4217.690918 0.000000 0.551670 0.000000 0.834062 0.387987 0.387987 0.387987
3679.716553 0.000000 4192.458008 0.000000 0.825274 0.000000 0.564733 0.463469 0.463469 0.463469
3704.086426 0.000000 4210.928223 0.000000 0.207086 0.000000 0.978323 0.099597 0.099597 0.099597
3693.583984 0.000000 4191.239258 0.000000 0.710548 0.000000 0.703649 0.479631 0.479631 0.479631
3693.337891 0.000000 4197.014648 0.000000 0.174907 0.000000 0.984585 0.083944 0.083944 0.083944
3677.809082 0.000000 4189.330078 0.000000 0.982107 0.000000 0.188322 0.688276 0.688276 0.688276
3699.688477 0.000000 4211.237793 0.000000 0.138126 0.000000 -0.990415 1.433838 1.433838 1.433838
3702.826172 0.000000 4211.129395 0.000000 0.569109 0.000000 0.822262 0.289067 0.289067 0.289067
3696.669434 0.000000 4209.211426 0.000000 0.834228 0.000000 0.551420 0.471130 0.471130 0.471130
3688.821289 0.000000 4186.149414 0.000000 0.038424 0.000000 0.999261 0.018351 0.018351 0.018351
3701.226562 0.000000 4213.486328 0.000000 0.120695 0.000000 0.992690 0.057769 0.057769 0.057769
3686.738037 0.000000 4194.672363 0.000000 0.859163 0.000000 0.511702 0.493523 0.493523 0.493523
3680.516113 0.000000 4186.958008 0.000000 0.810018 0.000000 0.586405 0.450814 0.450814 0.450814
3674.386475 0.000000 4190.516602 0.000000 0.909220 0.000000 0.416316 0.544982 0.544982 0.544982
3691.286865 0.000000 4191.207520 0.000000 0.744968 0.000000 -0.667100 1.098697 1.098697 1.098697
3687.677246 0.000000 4186.026855 0.000000 0.775189 0.000000 -0.631729 1.076482 1.076482 1.076482
3691.513916 0.000000 4192.957031 0.000000 0.999815 0.000000 -0.019257 0.759195 0.759195 0.759195
3697.624756 0.000000 4196.902832 0.000000 0.837810 0.000000 0.545962 0.534804 0.534804 0.534804
3673.682861 0.000000 4191.770508 0.000000 0.900958 0.000000 0.433907 0.535702 0.535702 0.535702
3699.998047 0.000000 4212.149902 0.000000 0.514914 0.000000 0.857242 0.258264 0.258264 0.258264
3704.266602 0.000000 4215.297852 0.000000 0.996108 0.000000 -0.088143 0.780407 0.780407 0.780407
3690.664551 0.000000 4186.942871 0.000000 0.930709 0.000000 0.365760 0.571214 0.571214 0.571214
3704.187988 0.000000 4212.427246 0.000000 0.643355 0.000000 -0.765568 1.166313 1.166313 1.166313
3701.559326 0.000000 4211.765625 0.000000 0.998296 0.000000 -0.058345 0.777873 0.777873 0.777873
3693.665283 0.000000 4193.120605 0.000000 0.069094 0.000000 0.997610 0.033016 0.033016 0.033016
3675.675781 0.000000 4193.938477 0.000000 0.521994 0.000000 0.852949 0.262217 0.262217 0.262217
3679.212158 0.000000 4188.089844 0.000000 0.213638 0.000000 -0.976913 1.397203 1.397203 1.397203
3689.510498 0.000000 4188.408203 0.000000 0.467873 0.000000 -0.883795 1.267530 1.267530 1.267530
3710.588379 0.000000 4212.915527 0.000000 0.965535 0.000000 -0.260274 0.875719 0.875719 0.875719
3681.054443 0.000000 4193.989258 0.000000 0.604630 0.000000 -0.796507 1.189982 1.189982 1.189982
3709.020508 0.000000 4214.099609 0.000000 0.955414 0.000000 0.295268 0.628774 0.628774 0.628774
3685.473389 0.000000 4187.976562 0.000000 0.536306 0.000000 -0.844024 1.229729 1.229729 1.229729
3694.345947 0.000000 4205.682129 0.000000 0.203150 0.000000 0.979148 0.097677 0.097677 0.097677
3684.578613 0.000000 4191.017090 0.000000 0.952835 0.000000 -0.303489 0.897227 0.897227 0.897227
3692.700928 0.000000 4208.702637 0.000000 0.395803 0.000000 -0.918336 1.305700 1.305700 1.305700
3676.380127 0.000000 4194.503906 0.000000 0.630349 0.000000 0.776312 0.325632 0.325632 0.325632
3690.705322 0.000000 4197.707031 0.000000 0.960479 0.000000 0.278352 0.615318 0.615318 0.615318
3697.691650 0.000000 4210.606934 0.000000 0.740832 0.000000 0.671691 0.398353 0.398353 0.398353
3684.397217 0.000000 4195.044922 0.000000 0.293586 0.000000 -0.955933 1.357727 1.357727 1.357727
3676.525635 0.000000 4192.634766 0.000000 0.422924 0.000000 0.906165 0.208495 0.208495 0.208495
3692.941650 0.000000 4193.949707 0.000000 0.586153 0.000000 0.810201 0.299037 0.299037 0.299037
3697.218994 0.000000 4203.447754 0.000000 0.108092 0.000000 0.994141 0.051711 0.051711 0.051711
3688.974854 0.000000 4191.041016 0.000000 0.964137 0.000000 -0.265406 0.878259 0.878259 0.878259
3690.757080 0.000000 4201.965820 0.000000 0.445777 0.000000 0.895144 0.220609 0.220609 0.220609
3694.435303 0.000000 4206.594238 0.000000 0.483303 0.000000 -0.875453 1.259155 1.259155 1.259155
3677.478271 0.000000 4193.515625 0.000000 0.914093 0.000000 0.405505 0.550644 0.550644 0.550644
3679.406006 0.000000 4191.004395 0.000000 0.944471 0.000000 -0.328595 0.909863 0.909863 0.909863
3695.411621 0.000000 4196.377930 0.000000 0.137839 0.000000 -0.990455 1.342780 1.342780 1.342780
3672.509277 0.000000 4190.360840 0.000000 0.933965 0.000000 -0.357364 0.924487 0.924487 0.924487
3681.956055 0.000000 4190.760742 0.000000 0.400967 0.000000 0.916092 0.196989 0.196989 0.196989
3682.141846 0.000000 4188.439941 0.000000 0.883166 0.000000 -0.469061 0.983111 0.983111 0.983111
3697.100830 0.000000 4201.570312 0.000000 0.049209 0.000000 0.998788 0.023505 0.023505 0.023505
3693.711914 0.000000 4207.122559 0.000000 0.705557 0.000000 -0.708654 1.126046 1.126046 1.126046
3664.619141 0.000000 4205.976074 0.000000 0.887834 0.000000 0.460163 0.521686 0.521686 0.521686
3676.371338 0.000000 4195.372559 0.000000 0.553169 0.000000 -0.833069 1.220128 1.220128 1.220128
3696.560791 0.000000 4211.274414 0.000000 0.946204 0.000000 -0.323570 0.907325 0.907325 0.907325
3684.669434 0.000000 4189.616699 0.000000 0.822359 0.000000 0.568969 0.478013 0.478013 0.478013
3695.201172 0.000000 4207.074219 0.000000 0.994743 0.000000 -0.102400 0.798978 0.798978 0.798978
3681.885498 0.000000 4195.644043 0.000000 0.982544 0.000000 0.186030 0.660657 0.660657 0.660657
3686.953613 0.000000 4191.116211 0.000000 0.999714 0.000000 0.023909 0.738583 0.738583 0.738583
3688.274414 0.000000 4194.882812 0.000000 0.093281 0.000000 -0.995640 1.455397 1.455397 1.455397
3710.515137 0.000000 4215.171875 0.000000 0.288239 0.000000 0.957558 0.139605 0.139605 0.139605
3673.766357 0.000000 4193.541504 0.000000 0.830464 0.000000 -0.557073 1.032113 1.032113 1.032113
3682.996338 0.000000 4195.022949 0.000000 0.437569 0.000000 -0.899185 1.283759 1.283759 1.283759
3699.042236 0.000000 4209.990234 0.000000 0.451873 0.000000 0.892082 0.223866 0.223866 0.223866
3700.431885 0.000000 4213.792480 0.000000 0.986459 0.000000 0.164008 0.671336 0.671336 0.671336
3682.694824 0.000000 4186.928711 0.000000 0.612739 0.000000 0.790285 0.314898 0.314898 0.314898
3696.506836 0.000000 4205.119141 0.000000 0.748036 0.000000 0.663659 0.403504 0.403504 0.403504
3680.917480 0.000000 4192.118164 0.000000 0.965922 0.000000 0.258834 0.624993 0.624993 0.624993
3683.884766 0.000000 4193.316406 0.000000 0.183297 0.000000 -0.983057 1.411984 1.411984 1.411984
3711.827637 0.000000 4217.187012 0.000000 0.895495 0.000000 0.445071 0.550495 0.550495 0.550495
3690.262939 0.000000 4192.665039 0.000000 0.184147 0.000000 -0.982899 1.411571 1.411571 1.411571
3705.336182 0.000000 4213.810547 0.000000 0.640691 0.000000 -0.767799 1.167972 1.167972 1.167972
3687.749512 0.000000 4190.529297 0.000000 0.474700 0.000000 -0.880148 1.263835 1.263835 1.263835
3698.902588 0.000000 4203.747559 0.000000 0.974431 0.000000 0.224687 0.651131 0.651131 0.651131
3698.949219 0.000000 4205.366699 0.000000 0.741032 0.000000 -0.671470 1.080828 1.080828 1.080828
3678.494141 0.000000 4190.741211 0.000000 0.823181 0.000000 -0.567779 1.038296 1.038296 1.038296
3702.995361 0.000000 4213.997070 0.000000 0.826529 0.000000 0.562894 0.464532 0.464532 0.464532
3678.406250 0.000000 4192.337402 0.000000 0.377317 0.000000 0.926084 0.184730 0.184730 0.184730
3694.966064 0.000000 4205.143555 0.000000 0.991570 0.000000 0.129569 0.687961 0.687961 0.687961
3693.877197 0.000000 4198.633789 0.000000 0.209545 0.000000 -0.977799 1.399203 1.399203 1.399203
3675.412842 0.000000 4191.444824 0.000000 0.899894 0.000000 0.436108 0.534535 0.534535 0.534535
3698.314453 0.000000 4211.529785 0.000000 0.527131 0.000000 0.849784 0.265098 0.265098 0.265098
3692.199219 0.000000 4192.421875 0.000000 0.986558 0.000000 0.163410 0.671626 0.671626 0.671626
3699.055420 0.000000 4214.010254 0.000000 0.523872 0.000000 0.851797 0.263269 0.263269 0.263269
3683.299072 0.000000 4188.424805 0.000000 0.007247 0.000000 -0.999974 1.496540 1.496540 1.496540
3705.597900 0.000000 4211.560547 0.000000 0.188456 0.000000 0.982082 0.090523 0.090523 0.090523
3693.907227 0.000000 4208.343750 0.000000 0.912174 0.000000 0.409804 0.548396 0.548396 0.548396
3690.303955 0.000000 4196.639160 0.000000 0.384283 0.000000 0.923215 0.188327 0.188327 0.188327
3687.584717 0.000000 4193.412598 0.000000 0.627581 0.000000 0.778551 0.323932 0.323932 0.323932
3688.720703 0.000000 4193.254395 0.000000 0.142669 0.000000 0.989770 0.068353 0.068353 0.068353
3680.859619 0.000000 4191.242676 0.000000 0.720580 0.000000 0.693372 0.384186 0.384186 0.384186
3690.822510 0.000000 4189.691406 0.000000 0.340477 0.000000 -0.940253 1.334117 1.334117 1.334117
3692.350342 0.000000 4199.226562 0.000000 0.284607 0.000000 0.958644 0.137795 0.137795 0.137795
3678.703613 0.000000 4186.589355 0.000000 0.057361 0.000000 -0.998353 1.472597 1.472597 1.472597
3695.266846 0.000000 4200.499023 0.000000 0.502395 0.000000 0.864638 0.251321 0.251321 0.251321
3696.182617 0.000000 4208.551270 0.000000 0.095071 0.000000 0.995470 0.045462 0.045462 0.045462
3690.355957 0.000000 4188.506348 0.000000 0.990402 0.000000 0.138217 0.683794 0.683794 0.683794
3699.651123 0.000000 4209.251953 0.000000 0.586221 0.000000 -0.810151 1.200923 1.200923 1.200923
3677.944824 0.000000 4195.071777 0.000000 0.989383 0.000000 -0.145333 0.819638 0.819638 0.819638
3691.442871 0.000000 4195.730957 0.000000 0.942465 0.000000 0.334305 0.587247 0.587247 0.587247
3675.831787 0.000000 4193.162109 0.000000 0.994370 0.000000 0.105968 0.699309 0.699309 0.699309
3686.453613 0.000000 4186.052734 0.000000 0.383613 0.000000 -0.923494 1.312020 1.312020 1.312020
3687.465820 0.000000 4192.091309 0.000000 0.356592 0.000000 -0.934260 1.325908 1.325908 1.325908
3674.750000 0.000000 4192.490234 0.000000 0.283448 0.000000 0.958988 0.137217 0.137217 0.137217
3702.473389 0.000000 4211.830566 0.000000 0.550161 0.000000 0.835059 0.278151 0.278151 0.278151
3697.435303 0.000000 4207.611816 0.000000 0.593453 0.000000 0.804869 0.303353 0.303353 0.303353
3821.271973 0.000000 4177.504883 0.000000 0.507719 0.000000 -0.861523 1.105761 1.105761 1.105761
3825.976562 0.000000 4169.901367 0.000000 0.766956 0.000000 -0.641700 0.875235 0.875235 0.875235
3835.178223 0.000000 4159.564941 0.000000 0.315287 0.000000 -0.948996 1.019167 1.019167 1.019167
3828.074951 0.000000 4162.433594 0.000000 0.111687 0.000000 -0.993743 1.233496 1.233496 1.233496
3818.453613 0.000000 4182.277832 0.000000 0.979183 0.000000 0.202979 0.661592 0.661592 0.661592
3830.166016 0.000000 4167.894531 0.000000 0.742016 0.000000 -0.670382 0.985245 0.985245 0.985245
3823.128906 0.000000 4173.550781 0.000000 0.405461 0.000000 0.914112 0.633388 0.633388 0.633388
3838.040771 0.000000 4155.734863 0.000000 0.323755 0.000000 0.946141 0.631484 0.631484 0.631484
3829.367188 0.000000 4171.584961 0.000000 0.821193 0.000000 0.570651 0.624918 0.624918 0.624918
3827.064209 0.000000 4165.990723 0.000000 0.447626 0.000000 0.894221 0.453679 0.453679 0.453679
3815.607910 0.000000 4184.420410 0.000000 0.371858 0.000000 0.928290 0.643067 0.643067 0.643067
3831.923340 0.000000 4161.133301 0.000000 0.827616 0.000000 -0.561294 0.801330 0.801330 0.801330
3824.129395 0.000000 4176.499023 0.000000 0.395239 0.000000 0.918578 0.490537 0.490537 0.490537
3829.938232 0.000000 4164.762695 0.000000 0.667548 0.000000 0.744567 0.698104 0.698104 0.698104
3835.242432 0.000000 4156.676758 0.000000 0.802951 0.000000 -0.596045 0.983154 0.983154 0.983154
3819.498291 0.000000 4179.680664 0.000000 0.946412 0.000000 0.322960 0.671184 0.671184 0.671184
3823.528809 0.000000 4178.967773 0.000000 0.992541 0.000000 0.121913 0.743135 0.743135 0.743135
3825.432129 0.000000 4172.350098 0.000000 0.921161 0.000000 -0.389181 0.869009 0.869009 0.869009
3818.440430 0.000000 4177.395508 0.000000 0.344668 0.000000 0.938725 0.425913 0.425913 0.425913
3831.672852 0.000000 4172.851562 0.000000 0.941092 0.000000 0.338150 0.712538 0.712538 0.712538
3827.782471 0.000000 4168.383789 0.000000 0.463396 0.000000 0.886152 0.513475 0.513475 0.513475
3825.385498 0.000000 4167.592285 0.000000 0.909111 0.000000 0.416553 0.689664 0.689664 0.689664
3821.516602 0.000000 4175.270020 0.000000 0.422726 0.000000 -0.906258 1.083462 1.083462 1.083462
3818.488770 0.000000 4184.972168 0.000000 0.877852 0.000000 0.478932 0.588219 0.588219 0.588219
3829.723145 0.000000 4160.915527 0.000000 0.593267 0.000000 0.805006 0.608089 0.608089 0.608089
3828.858398 0.000000 4173.731934 0.000000 0.211193 0.000000 -0.977444 1.291603 1.291603 1.291603
3826.211182 0.000000 4161.360840 0.000000 0.580341 0.000000 0.814374 0.675161 0.675161 0.675161
3830.921143 0.000000 4162.948242 0.000000 0.547226 0.000000 -0.836985 1.223525 1.223525 1.223525
3836.837158 0.000000 4158.294434 0.000000 0.789970 0.000000 0.613146 0.462045 0.462045 0.462045
3829.312988 0.000000 4169.636230 0.000000 0.803855 0.000000 0.594825 0.637875 0.637875 0.637875
3824.875488 0.000000 4174.327637 0.000000 0.644802 0.000000 0.764350 0.507270 0.507270 0.507270
3833.292236 0.000000 4159.644043 0.000000 0.897261 0.000000 0.441500 0.625851 0.625851 0.625851
3819.589844 0.000000 4175.619629 0.000000 0.263647 0.000000 -0.964619 1.147983 1.147983 1.147983
3827.903076 0.000000 4164.297852 0.000000 0.904374 0.000000 0.426741 0.631950 0.631950 0.631950
3828.851074 0.000000 4166.567871 0.000000 0.978800 0.000000 0.204819 0.726439 0.726439 0.726439
3831.369629 0.000000 4165.926270 0.000000 0.388874 0.000000 0.921291 0.195091 0.195091 0.195091
3836.573730 0.000000 4160.799316 0.000000 0.571836 0.000000 0.820368 0.440166 0.440166 0.440166
3821.629395 0.000000 4179.320312 0.000000 0.460055 0.000000 -0.887891 0.991435 0.991435 0.991435
3816.721191 0.000000 4182.909668 0.000000 0.945329 0.000000 0.326117 0.672872 0.672872 0.672872
3837.413574 0.000000 4154.112305 0.000000 0.610920 0.000000 -0.791692 1.186199 1.186199 1.186199
3824.262695 0.000000 4169.924805 0.000000 0.607591 0.000000 0.794250 0.585029 0.585029 0.585029
3836.384033 0.000000 4155.480469 0.000000 0.017477 0.000000 0.999847 0.008345 0.008345 0.008345
3832.666504 0.000000 4162.654297 0.000000 0.095331 0.000000 -0.995446 0.959943 0.959943 0.959943
3819.454102 0.000000 4183.668945 0.000000 0.098030 0.000000 -0.995183 1.386943 1.386943 1.386943
3834.518311 0.000000 4155.224121 0.000000 0.946312 0.000000 0.323254 0.711171 0.711171 0.711171
3834.374512 0.000000 4158.191406 0.000000 0.171793 0.000000 -0.985133 1.051059 1.051059 1.051059
3822.517578 0.000000 4176.497559 0.000000 0.999747 0.000000 -0.022475 0.756986 0.756986 0.756986
3816.263184 0.000000 4185.876953 0.000000 0.937667 0.000000 -0.347534 0.879596 0.879596 0.879596
3831.627930 0.000000 4168.566895 0.000000 0.483857 0.000000 0.875147 0.432715 0.432715 0.432715
3830.875977 0.000000 4171.168945 0.000000 0.550864 0.000000 -0.834595 0.997741 0.997741 0.997741
3823.524902 0.000000 4175.062988 0.000000 0.182033 0.000000 -0.983292 1.404803 1.404803 1.404803
3829.475098 0.000000 4163.335449 0.000000 0.365399 0.000000 -0.930851 1.146618 1.146618 1.146618
3819.785645 0.000000 4178.136230 0.000000 0.999473 0.000000 0.032450 0.742221 0.742221 0.742221
3820.550537 0.000000 4180.945801 0.000000 0.999046 0.000000 0.043679 0.729711 0.729711 0.729711
3817.112061 0.000000 4184.433105 0.000000 0.623827 0.000000 -0.781563 1.077574 1.077574 1.077574
3836.826904 0.000000 4156.849121 0.000000 0.254458 0.000000 -0.967084 1.377154 1.377154 1.377154
3837.689209 0.000000 4159.519531 0.000000 0.480528 0.000000 0.876979 0.283390 0.283390 0.283390
3819.203613 0.000000 4174.265625 0.000000 0.827768 0.000000 -0.561071 0.931803 0.931803 0.931803
3819.977051 0.000000 4185.105957 0.000000 0.389731 0.000000 0.920929 0.370857 0.370857 0.370857
3825.336670 0.000000 4175.683594 0.000000 0.675146 0.000000 0.737684 0.518541 0.518541 0.518541
3831.337402 0.000000 4164.295410 0.000000 0.244833 0.000000 0.969565 0.123056 0.123056 0.123056
3826.396484 0.000000 4168.530273 0.000000 0.757120 0.000000 -0.653276 0.904625 0.904625 0.904625
3836.456299 0.000000 4152.805664 0.000000 0.661773 0.000000 -0.749704 1.092810 1.092810 1.092810
3830.836426 0.000000 4169.735840 0.000000 0.762767 0.000000 -0.646674 0.959357 0.959357 0.959357
3825.118652 0.000000 4171.035156 0.000000 0.424293 0.000000 0.905525 0.482789 0.482789 0.482789
3819.057617 0.000000 4180.976074 0.000000 0.810687 0.000000 0.585479 0.618832 0.618832 0.618832
3826.853027 0.000000 4163.157227 0.000000 0.259511 0.000000 0.965740 0.208630 0.208630 0.208630
3822.587891 0.000000 4177.862305 0.000000 0.377008 0.000000 0.926210 0.381917 0.381917 0.381917
3826.572754 0.000000 4164.741211 0.000000 0.188925 0.000000 -0.981991 1.119697 1.119697 1.119697
3820.164551 0.000000 4176.790527 0.000000 0.845246 0.000000 0.534377 0.556823 0.556823 0.556823
3824.957764 0.000000 4168.819824 0.000000 0.941093 0.000000 0.338147 0.687995 0.687995 0.687995
3826.694580 0.000000 4167.260254 0.000000 0.287523 0.000000 0.957774 0.481748 0.481748 0.481748
3830.164062 0.000000 4166.570312 0.000000 0.402367 0.000000 0.915478 0.379647 0.379647 0.379647
3831.369385 0.000000 4167.240723 0.000000 0.618238 0.000000 0.785991 0.460460 0.460460 0.460460
3820.444092 0.000000 4174.549316 0.000000 0.981619 0.000000 0.190850 0.693550 0.693550 0.693550
3818.060303 0.000000 4183.584961 0.000000 0.665862 0.000000 0.746075 0.385749 0.385749 0.385749
3818.449463 0.000000 4176.138184 0.000000 0.693082 0.000000 0.720858 0.535954 0.535954 0.535954
3837.992920 0.000000 4157.268066 0.000000 0.997161 0.000000 -0.075302 0.785988 0.785988 0.785988
3829.223389 0.000000 4162.035156 0.000000 0.001477 0.000000 0.999999 0.229901 0.229901 0.229901
3836.454102 0.000000 4159.469238 0.000000 0.966522 0.000000 0.256586 0.636793 0.636793 0.636793
3835.504395 0.000000 4157.862305 0.000000 0.942571 0.000000 0.334006 0.625658 0.625658 0.625658
3823.727295 0.000000 4177.684570 0.000000 0.449743 0.000000 0.893158 0.406755 0.406755 0.406755
3833.048340 0.000000 4160.750000 0.000000 0.410277 0.000000 -0.911961 1.031598 1.031598 1.031598
3825.695557 0.000000 4173.470703 0.000000 0.693041 0.000000 0.720898 0.510312 0.510312 0.510312
3824.613037 0.000000 4173.138184 0.000000 0.600143 0.000000 -0.799893 1.026015 1.026015 1.026015
3822.479736 0.000000 4174.580078 0.000000 0.250245 0.000000 -0.968183 1.371830 1.371830 1.371830
3837.650391 0.000000 4152.879395 0.000000 0.636135 0.000000 -0.771577 1.106441 1.106441 1.106441
3817.565674 0.000000 4185.642578 0.000000 0.971160 0.000000 -0.238428 0.837901 0.837901 0.837901
3827.065186 0.000000 4162.087891 0.000000 0.140735 0.000000 0.990047 0.158430 0.158430 0.158430
3821.362061 0.000000 4176.323242 0.000000 0.482740 0.000000 0.875764 0.384386 0.384386 0.384386
3829.120117 0.000000 4172.600586 0.000000 0.576375 0.000000 0.817185 0.368521 0.368521 0.368521
3830.378174 0.000000 4163.825195 0.000000 0.658379 0.000000 0.752687 0.343136 0.343136 0.343136
3831.744141 0.000000 4162.153809 0.000000 0.916388 0.000000 -0.400291 0.946636 0.946636 0.946636
3821.383545 0.000000 4180.349609 0.000000 0.555595 0.000000 -0.831453 1.205868 1.205868 1.205868
3828.448486 0.000000 4163.377441 0.000000 0.622200 0.000000 0.782858 0.451975 0.451975 0.451975
3837.478760 0.000000 4161.172852 0.000000 0.970160 0.000000 0.242465 0.671127 0.671127 0.671127
3836.666748 0.000000 4161.815918 0.000000 0.344426 0.000000 -0.938814 1.142639 1.142639 1.142639
3822.604492 0.000000 4175.533203 0.000000 0.996272 0.000000 0.086269 0.709243 0.709243 0.709243
3830.133789 0.000000 4162.384277 0.000000 0.086306 0.000000 0.996269 0.041259 0.041259 0.041259
3830.826172 0.000000 4165.129395 0.000000 0.539955 0.000000 -0.841694 1.223915 1.223915 1.223915
3836.536377 0.000000 4154.513184 0.000000 0.745102 0.000000 0.666951 0.401399 0.401399 0.401399
3837.773926 0.000000 4158.562988 0.000000 0.716663 0.000000 -0.697420 1.086711 1.086711 1.086711
3823.926758 0.000000 4174.124023 0.000000 0.515668 0.000000 0.856789 0.264464 0.264464 0.264464
3834.358887 0.000000 4157.219238 0.000000 0.710589 0.000000 -0.703608 1.034962 1.034962 1.034962
3837.275391 0.000000 4155.150879 0.000000 0.702075 0.000000 -0.712103 1.128386 1.128386 1.128386
3836.050537 0.000000 4156.311035 0.000000 0.389449 0.000000 -0.921048 1.308998 1.308998 1.308998
3837.187256 0.000000 4156.016113 0.000000 0.005398 0.000000 -0.999985 1.497422 1.497422 1.497422
3819.302490 0.000000 4182.772949 0.000000 0.988347 0.000000 -0.152220 0.816096 0.816096 0.816096
3836.323486 0.000000 4157.531738 0.000000 0.979182 0.000000 -0.202986 0.847597 0.847597 0.847597
3827.042236 0.000000 4163.990234 0.000000 0.999107 0.000000 0.042248 0.732512 0.732512 0.732512
3821.277344 0.000000 4181.303223 0.000000 0.217229 0.000000 0.976121 0.122271 0.122271 0.122271
3752.356689 0.000000 4198.604492 0.000000 0.945919 0.000000 0.324404 0.592254 0.592254 0.592254
3733.332520 0.000000 4201.273438 0.000000 0.176234 0.000000 0.984348 0.084587 0.084587 0.084587
3718.214600 0.000000 4210.754395 0.000000 0.972640 0.000000 0.232318 0.638054 0.638054 0.638054
3725.132080 0.000000 4204.447266 0.000000 0.964663 0.000000 -0.263486 0.877308 0.877308 0.877308
3744.116455 0.000000 4197.508301 0.000000 0.999862 0.000000 0.016612 0.742068 0.742068 0.742068
3757.633057 0.000000 4203.389160 0.000000 0.615993 0.000000 -0.787752 0.809450 0.809450 0.809450
3739.284180 0.000000 4201.008301 0.000000 0.601647 0.000000 -0.798762 1.032385 1.032385 1.032385
3759.091309 0.000000 4197.206543 0.000000 0.945561 0.000000 -0.325444 0.908271 0.908271 0.908271
3728.112061 0.000000 4199.112793 0.000000 0.811018 0.000000 -0.585021 1.048371 1.048371 1.048371
3736.115967 0.000000 4196.505371 0.000000 0.642300 0.000000 -0.766453 1.166971 1.166971 1.166971
3723.609619 0.000000 4209.602051 0.000000 0.017928 0.000000 -0.999839 1.491440 1.491440 1.491440
3768.900879 0.000000 4210.257812 0.000000 0.997256 0.000000 0.074028 0.714622 0.714622 0.714622
3759.663574 0.000000 4211.591797 0.000000 0.689563 0.000000 0.724226 0.363296 0.363296 0.363296
3720.358154 0.000000 4206.146484 0.000000 0.872582 0.000000 0.488467 0.506334 0.506334 0.506334
3766.166016 0.000000 4213.894531 0.000000 0.897685 0.000000 0.440639 0.650035 0.650035 0.650035
3722.052002 0.000000 4213.864258 0.000000 0.674334 0.000000 -0.738426 0.812219 0.812219 0.812219
3729.678711 0.000000 4204.352051 0.000000 0.044826 0.000000 0.998995 0.021410 0.021410 0.021410
3723.275635 0.000000 4200.353516 0.000000 0.530483 0.000000 -0.847696 0.825767 0.825767 0.825767
3742.968994 0.000000 4193.095215 0.000000 0.400531 0.000000 0.916283 0.713117 0.713117 0.713117
3727.878418 0.000000 4208.332520 0.000000 0.055832 0.000000 0.998440 0.565622 0.565622 0.565622
3753.400879 0.000000 4202.770020 0.000000 0.817405 0.000000 -0.576064 0.912077 0.912077 0.912077
3716.560059 0.000000 4217.642578 0.000000 0.035059 0.000000 -0.999385 0.813261 0.813261 0.813261
3773.913086 0.000000 4217.802734 0.000000 0.870814 0.000000 0.491613 0.703809 0.703809 0.703809
3760.065918 0.000000 4207.212402 0.000000 0.211608 0.000000 -0.977355 0.861845 0.861845 0.861845
3748.490479 0.000000 4197.104004 0.000000 0.526092 0.000000 -0.850428 1.235485 1.235485 1.235485
3740.179932 0.000000 4196.298828 0.000000 0.692027 0.000000 -0.721872 1.135077 1.135077 1.135077
3755.962158 0.000000 4199.971680 0.000000 0.296102 0.000000 0.955156 0.143530 0.143530 0.143530
3754.984863 0.000000 4206.147461 0.000000 0.277194 0.000000 -0.960814 0.897331 0.897331 0.897331
3732.271484 0.000000 4197.640137 0.000000 0.977666 0.000000 -0.210163 0.843963 0.843963 0.843963
3772.474609 0.000000 4211.510742 0.000000 0.857249 0.000000 -0.514901 1.008257 1.008257 1.008257
3774.516113 0.000000 4206.772461 0.000000 0.931187 0.000000 -0.364541 0.927462 0.927462 0.927462
3751.482178 0.000000 4195.336426 0.000000 0.802430 0.000000 0.596746 0.624284 0.624284 0.624284
3774.910645 0.000000 4214.108398 0.000000 0.778450 0.000000 -0.627707 0.905016 0.905016 0.905016
3746.142334 0.000000 4194.778809 0.000000 0.604249 0.000000 -0.796795 1.148778 1.148778 1.148778
3714.481445 0.000000 4210.979980 0.000000 0.912303 0.000000 -0.409516 0.951454 0.951454 0.951454
3755.152588 0.000000 4196.775879 0.000000 0.195654 0.000000 0.980673 0.094024 0.094024 0.094024
3757.890869 0.000000 4194.017090 0.000000 0.248169 0.000000 0.968717 0.198834 0.198834 0.198834
3767.923340 0.000000 4207.133301 0.000000 0.206100 0.000000 -0.978531 1.242630 1.242630 1.242630
3717.199463 0.000000 4207.652832 0.000000 0.076009 0.000000 -0.997107 1.309744 1.309744 1.309744
3736.252930 0.000000 4199.946289 0.000000 0.999723 0.000000 -0.023552 0.761246 0.761246 0.761246
3722.179932 0.000000 4203.430176 0.000000 0.638122 0.000000 -0.769935 1.105398 1.105398 1.105398
3727.257812 0.000000 4202.179199 0.000000 0.730531 0.000000 0.682879 0.391091 0.391091 0.391091
3771.951172 0.000000 4208.495605 0.000000 0.481136 0.000000 0.876646 0.239663 0.239663 0.239663
3730.193359 0.000000 4201.255859 0.000000 0.516492 0.000000 -0.856292 1.240857 1.240857 1.240857
3741.382080 0.000000 4198.956543 0.000000 0.608936 0.000000 -0.793220 1.187395 1.187395 1.187395
3720.581299 0.000000 4209.126465 0.000000 0.878620 0.000000 0.477522 0.512303 0.512303 0.512303
3760.611328 0.000000 4194.737305 0.000000 0.636333 0.000000 -0.771415 1.119535 1.119535 1.119535
3738.097900 0.000000 4194.424805 0.000000 0.482602 0.000000 -0.875840 1.259538 1.259538 1.259538
3761.610840 0.000000 4209.691895 0.000000 0.597669 0.000000 0.801743 0.305860 0.305860 0.305860
3730.251221 0.000000 4206.989258 0.000000 0.910939 0.000000 0.412540 0.722928 0.722928 0.722928
3723.687012 0.000000 4206.744141 0.000000 0.072618 0.000000 -0.997360 1.465297 1.465297 1.465297
3738.547119 0.000000 4198.478027 0.000000 0.122047 0.000000 0.992524 0.058419 0.058419 0.058419
3757.619629 0.000000 4206.229980 0.000000 0.274296 0.000000 -0.961645 0.904938 0.904938 0.904938
3745.426758 0.000000 4199.757812 0.000000 0.574699 0.000000 -0.818365 1.207679 1.207679 1.207679
3729.992676 0.000000 4196.355957 0.000000 0.744394 0.000000 0.667740 0.687024 0.687024 0.687024
3774.784912 0.000000 4204.207520 0.000000 0.936439 0.000000 -0.350831 0.813762 0.813762 0.813762
3768.684570 0.000000 4213.223633 0.000000 0.992945 0.000000 0.118572 0.728636 0.728636 0.728636
3720.616699 0.000000 4211.666992 0.000000 0.069475 0.000000 -0.997584 1.466801 1.466801 1.466801
3727.523926 0.000000 4205.680176 0.000000 0.792806 0.000000 0.609474 0.437071 0.437071 0.437071
3740.521484 0.000000 4193.534668 0.000000 0.740464 0.000000 -0.672096 0.791401 0.791401 0.791401
3742.601807 0.000000 4195.541504 0.000000 0.974306 0.000000 0.225229 0.643657 0.643657 0.643657
3737.229980 0.000000 4202.233398 0.000000 0.356009 0.000000 0.934482 0.544374 0.544374 0.544374
3720.703857 0.000000 4215.856934 0.000000 0.597782 0.000000 -0.801659 0.812693 0.812693 0.812693
3726.089600 0.000000 4209.976562 0.000000 0.847990 0.000000 0.530012 0.682013 0.682013 0.682013
3775.800049 0.000000 4216.330566 0.000000 0.434314 0.000000 0.900761 0.432908 0.432908 0.432908
3758.235352 0.000000 4199.422852 0.000000 0.929143 0.000000 0.369721 0.569180 0.569180 0.569180
3734.393799 0.000000 4203.452637 0.000000 0.452890 0.000000 -0.891566 0.937563 0.937563 0.937563
3731.754639 0.000000 4202.994629 0.000000 0.473609 0.000000 -0.880735 1.264427 1.264427 1.264427
3718.619629 0.000000 4204.123535 0.000000 0.713760 0.000000 0.700390 0.651204 0.651204 0.651204
3734.285156 0.000000 4198.717285 0.000000 0.624763 0.000000 0.780814 0.322207 0.322207 0.322207
3725.856445 0.000000 4207.354492 0.000000 0.999795 0.000000 0.020227 0.740341 0.740341 0.740341
3749.391113 0.000000 4199.181152 0.000000 0.212345 0.000000 -0.977195 1.397835 1.397835 1.397835
3755.627197 0.000000 4202.210938 0.000000 0.860306 0.000000 -0.509778 0.882212 0.882212 0.882212
3724.934814 0.000000 4201.987305 0.000000 0.996912 0.000000 0.078521 0.729690 0.729690 0.729690
3753.601318 0.000000 4200.541504 0.000000 0.980329 0.000000 -0.197372 0.844861 0.844861 0.844861
3722.871338 0.000000 4211.828613 0.000000 0.896036 0.000000 -0.443982 0.943810 0.943810 0.943810
3746.322021 0.000000 4197.661621 0.000000 0.586687 0.000000 0.809814 0.299352 0.299352 0.299352
3735.734375 0.000000 4194.314941 0.000000 0.935447 0.000000 -0.353467 0.817645 0.817645 0.817645
3765.723145 0.000000 4206.915527 0.000000 0.465762 0.000000 0.884910 0.442866 0.442866 0.442866
3730.268066 0.000000 4198.650391 0.000000 0.694927 0.000000 0.719080 0.366845 0.366845 0.366845
3773.859863 0.000000 4209.742676 0.000000 0.663981 0.000000 0.747749 0.346702 0.346702 0.346702
3712.640137 0.000000 4212.259766 0.000000 0.992017 0.000000 -0.126107 0.810372 0.810372 0.810372
3715.577148 0.000000 4209.090820 0.000000 0.681100 0.000000 -0.732191 0.996119 0.996119 0.996119
3726.297607 0.000000 4200.293457 0.000000 0.969358 0.000000 -0.245652 0.849450 0.849450 0.849450
3770.369873 0.000000 4211.903320 0.000000 0.861429 0.000000 -0.507878 1.004355 1.004355 1.004355
3770.017578 0.000000 4207.380371 0.000000 0.743672 0.000000 0.668544 0.478528 0.478528 0.478528
3762.211182 0.000000 4207.360840 0.000000 0.996623 0.000000 0.082117 0.730451 0.730451 0.730451
3749.349854 0.000000 4195.130371 0.000000 0.001990 0.000000 0.999998 0.186010 0.186010 0.186010
3757.283203 0.000000 4196.012207 0.000000 0.566471 0.000000 0.824082 0.287537 0.287537 0.287537
3715.421875 0.000000 4206.330566 0.000000 0.937213 0.000000 0.348758 0.665953 0.665953 0.665953
3750.550781 0.000000 4197.270508 0.000000 0.836048 0.000000 0.548656 0.472710 0.472710 0.472710
3743.382812 0.000000 4199.509277 0.000000 0.973698 0.000000 -0.227840 0.859750 0.859750 0.859750
3774.508789 0.000000 4211.957520 0.000000 0.070150 0.000000 0.997536 0.033522 0.033522 0.033522
3732.078613 0.000000 4199.669434 0.000000 0.779265 0.000000 0.626695 0.426611 0.426611 0.426611
3766.921143 0.000000 4208.948242 0.000000 0.712516 0.000000 -0.701656 1.121334 1.121334 1.121334
3757.593750 0.000000 4201.354492 0.000000 0.730296 0.000000 -0.683131 1.099216 1.099216 1.099216
3754.421143 0.000000 4198.670410 0.000000 0.688545 0.000000 0.725194 0.362625 0.362625 0.362625
3721.858643 0.000000 4207.518555 0.000000 0.812887 0.000000 -0.582422 1.046842 1.046842 1.046842
3756.656250 0.000000 4198.093262 0.000000 0.999153 0.000000 -0.041147 0.769652 0.769652 0.769652
3759.700684 0.000000 4209.293945 0.000000 0.326848 0.000000 -0.945077 1.341020 1.341020 1.341020
3760.386475 0.000000 4198.774902 0.000000 0.879084 0.000000 0.476667 0.512767 0.512767 0.512767
3772.391357 0.000000 4213.447266 0.000000 0.828881 0.000000 0.559424 0.599929 0.599929 0.599929
3722.236816 0.000000 4205.366699 0.000000 0.063521 0.000000 -0.997981 1.469651 1.469651 1.469651
3719.186768 0.000000 4207.873535 0.000000 0.994080 0.000000 0.108648 0.703321 0.703321 0.703321
3744.283691 0.000000 4194.457031 0.000000 0.919632 0.000000 -0.392780 0.927614 0.927614 0.927614
3718.150879 0.000000 4205.972168 0.000000 0.252762 0.000000 -0.967528 0.917464 0.917464 0.917464
3770.904053 0.000000 4210.039551 0.000000 0.799907 0.000000 -0.600124 1.057323 1.057323 1.057323
3735.387451 0.000000 4201.712402 0.000000 0.967720 0.000000 0.252029 0.628353 0.628353 0.628353
3767.369629 0.000000 4211.926270 0.000000 0.034052 0.000000 -0.999420 1.483738 1.483738 1.483738
3738.003906 0.000000 4196.657715 0.000000 0.501664 0.000000 0.865062 0.250918 0.250918 0.250918
3747.409180 0.000000 4199.281738 0.000000 0.659236 0.000000 0.751936 0.343681 0.343681 0.343681
3720.291016 0.000000 4203.329102 0.000000 0.838523 0.000000 0.544866 0.670159 0.670159 0.670159
3772.573730 0.000000 4206.799316 0.000000 0.576886 0.000000 -0.816825 1.039949 1.039949 1.039949
3775.306641 0.000000 4208.460938 0.000000 0.842136 0.000000 -0.539265 1.021946 1.021946 1.021946
3755.764893 0.000000 4194.948242 0.000000 0.743902 0.000000 -0.668288 0.972009 0.972009 0.972009
3761.899658 0.000000 4195.996094 0.000000 0.965360 0.000000 -0.260923 0.860718 0.860718 0.860718
3736.778809 0.000000 4198.170410 0.000000 0.717896 0.000000 -0.696151 1.117658 1.117658 1.117658
3752.561768 0.000000 4196.783203 0.000000 0.467264 0.000000 -0.884118 1.247552 1.247552 1.247552
3721.850342 0.000000 4210.367188 0.000000 0.242517 0.000000 0.970147 0.116960 0.116960 0.116960
3729.015869 0.000000 4202.695801 0.000000 0.848843 0.000000 -0.528646 1.015950 1.015950 1.015950
3727.643555 0.000000 4203.912109 0.000000 0.812681 0.000000 -0.582709 1.047011 1.047011 1.047011
3716.416016 0.000000 4210.667480 0.000000 0.764813 0.000000 0.644253 0.415753 0.415753 0.415753
3728.492676 0.000000 4200.851074 0.000000 0.653058 0.000000 -0.757308 1.160228 1.160228 1.160228
3747.676758 0.000000 4195.564453 0.000000 0.403195 0.000000 0.915114 0.250089 0.250089 0.250089
3741.730957 0.000000 4197.115723 0.000000 0.974652 0.000000 0.223725 0.642267 0.642267 0.642267
3734.418457 0.000000 4196.859375 0.000000 0.720381 0.000000 0.693578 0.391225 0.391225 0.391225
3758.557129 0.000000 4212.869141 0.000000 0.182969 0.000000 -0.983119 1.409547 1.409547 1.409547
3731.060303 0.000000 4205.449707 0.000000 0.916830 0.000000 0.399278 0.626182 0.626182 0.626182
3720.193359 0.000000 4213.915527 0.000000 0.286905 0.000000 0.957959 0.323456 0.323456 0.323456
3758.945068 0.000000 4195.503906 0.000000 0.331365 0.000000 -0.943503 1.267164 1.267164 1.267164
3775.603760 0.000000 4218.024902 0.000000 0.956004 0.000000 -0.293352 0.815225 0.815225 0.815225
3745.240723 0.000000 4196.234863 0.000000 0.173190 0.000000 0.984888 0.083111 0.083111 0.083111
3714.640869 0.000000 4212.662598 0.000000 0.998207 0.000000 0.059852 0.721406 0.721406 0.721406
3773.591064 0.000000 4208.144531 0.000000 0.726868 0.000000 -0.686777 1.111463 1.111463 1.111463
3723.843994 0.000000 4203.441895 0.000000 0.953274 0.000000 0.302108 0.625876 0.625876 0.625876
3768.666504 0.000000 4208.654297 0.000000 0.992734 0.000000 0.120333 0.692405 0.692405 0.692405
3758.464844 0.000000 4207.653320 0.000000 0.173006 0.000000 0.984921 0.582602 0.582602 0.582602
3752.220215 0.000000 4201.642090 0.000000 0.163412 0.000000 -0.986558 1.421625 1.421625 1.421625
3717.601318 0.000000 4209.228516 0.000000 0.590825 0.000000 -0.806800 1.198204 1.198204 1.198204
3724.766602 0.000000 4208.509277 0.000000 0.322825 0.000000 -0.946459 1.161647 1.161647 1.161647
3739.840332 0.000000 4199.423828 0.000000 0.651075 0.000000 0.759013 0.338522 0.338522 0.338522
3737.754639 0.000000 4200.577637 0.000000 0.996713 0.000000 0.081016 0.711275 0.711275 0.711275
3750.954102 0.000000 4199.489746 0.000000 0.990532 0.000000 -0.137279 0.815754 0.815754 0.815754
3723.124268 0.000000 4202.040527 0.000000 0.791784 0.000000 0.610801 0.484253 0.484253 0.484253
3717.040283 0.000000 4214.306641 0.000000 0.869565 0.000000 0.493818 0.503401 0.503401 0.503401
3712.060547 0.000000 4214.206055 0.000000 0.102425 0.000000 0.994741 0.048990 0.048990 0.048990
3740.165283 0.000000 4197.883789 0.000000 0.961803 0.000000 -0.273743 0.882392 0.882392 0.882392
3728.540771 0.000000 4206.897461 0.000000 0.680574 0.000000 -0.732679 0.928593 0.928593 0.928593
3734.590820 0.000000 4200.359375 0.000000 0.942081 0.000000 0.335384 0.586701 0.586701 0.586701
3760.661621 0.000000 4196.949707 0.000000 0.217685 0.000000 0.976019 0.104776 0.104776 0.104776
3749.043213 0.000000 4201.786133 0.000000 0.857575 0.000000 -0.514359 1.007955 1.007955 1.007955
3739.565430 0.000000 4194.889160 0.000000 0.929002 0.000000 -0.370074 0.931002 0.931002 0.931002
3765.475098 0.000000 4209.335449 0.000000 0.023341 0.000000 -0.999728 1.488854 1.488854 1.488854
3726.271729 0.000000 4203.313477 0.000000 0.674960 0.000000 0.737854 0.353759 0.353759 0.353759
3741.151855 0.000000 4194.947754 0.000000 0.544658 0.000000 0.838658 0.275011 0.275011 0.275011
3725.423096 0.000000 4205.912109 0.000000 0.980059 0.000000 0.198708 0.654488 0.654488 0.654488
3723.711670 0.000000 4205.044434 0.000000 0.072127 0.000000 0.997395 0.034468 0.034468 0.034468
3715.275146 0.000000 4216.717773 0.000000 0.456631 0.000000 -0.889656 0.971753 0.971753 0.971753
3774.356445 0.000000 4216.026855 0.000000 0.716161 0.000000 0.697936 0.531585 0.531585 0.531585
3723.227295 0.000000 4208.139648 0.000000 0.989168 0.000000 -0.146789 0.820341 0.820341 0.820341
3731.870117 0.000000 4201.170410 0.000000 0.999242 0.000000 0.038925 0.731410 0.731410 0.731410
3719.128662 0.000000 4209.417969 0.000000 0.624086 0.000000 0.781356 0.321793 0.321793 0.321793
3735.916016 0.000000 4203.141113 0.000000 0.700220 0.000000 0.713928 0.614525 0.614525 0.614525
3770.150879 0.000000 4213.412109 0.000000 0.759180 0.000000 0.650880 0.570847 0.570847 0.570847
3714.342773 0.000000 4215.545898 0.000000 0.895639 0.000000 0.444782 0.529921 0.529921 0.529921
3736.828613 0.000000 4195.253418 0.000000 0.987239 0.000000 -0.159243 0.819770 0.819770 0.819770
3759.967285 0.000000 4213.279785 0.000000 0.575419 0.000000 0.817859 0.294535 0.294535 0.294535
3719.052246 0.000000 4215.945801 0.000000 0.919928 0.000000 0.392087 0.586297 0.586297 0.586297
3726.668213 0.000000 4198.893066 0.000000 0.671736 0.000000 0.740791 0.626598 0.626598 0.626598
3714.090088 0.000000 4209.317383 0.000000 0.534171 0.000000 -0.845376 1.051764 1.051764 1.051764
3761.010254 0.000000 4208.297363 0.000000 0.752899 0.000000 0.658136 0.407018 0.407018 0.407018
3721.010254 0.000000 4204.622070 0.000000 0.402825 0.000000 -0.915277 1.198128 1.198128 1.198128
3717.541260 0.000000 4212.027832 0.000000 0.923605 0.000000 0.383346 0.562158 0.562158 0.562158
3748.092041 0.000000 4194.174805 0.000000 0.886284 0.000000 -0.463143 0.923114 0.923114 0.923114
3715.397461 0.000000 4213.905762 0.000000 0.866764 0.000000 -0.498719 0.999294 0.999294 0.999294
3722.047852 0.000000 4208.915039 0.000000 0.429477 0.000000 -0.903078 1.288047 1.288047 1.288047
3753.863037 0.000000 4197.347656 0.000000 0.406957 0.000000 -0.913447 1.278321 1.278321 1.278321
3742.763672 0.000000 4198.157715 0.000000 0.700977 0.000000 0.713184 0.370879 0.370879 0.370879
3729.516846 0.000000 4199.855469 0.000000 0.110726 0.000000 0.993851 0.052976 0.052976 0.052976
3767.337402 0.000000 4210.295410 0.000000 0.545824 0.000000 -0.837900 1.224325 1.224325 1.224325
3759.017334 0.000000 4201.259277 0.000000 0.604817 0.000000 -0.796364 0.910423 0.910423 0.910423
3729.469238 0.000000 4205.805176 0.000000 0.578899 0.000000 0.815400 0.294776 0.294776 0.294776
3752.202148 0.000000 4200.168945 0.000000 0.816449 0.000000 -0.577417 1.043909 1.043909 1.043909
3735.455322 0.000000 4197.788574 0.000000 0.997328 0.000000 -0.073054 0.784227 0.784227 0.784227
3756.310059 0.000000 4209.516602 0.000000 0.784582 0.000000 0.620025 0.430684 0.430684 0.430684
3732.972168 0.000000 4203.759277 0.000000 0.784938 0.000000 -0.619575 1.024001 1.024001 1.024001
3713.102783 0.000000 4210.951172 0.000000 0.221658 0.000000 -0.975124 1.299941 1.299941 1.299941
3768.784424 0.000000 4211.630859 0.000000 0.685370 0.000000 -0.728195 1.139461 1.139461 1.139461
3730.356689 0.000000 4203.140625 0.000000 0.797579 0.000000 -0.603215 1.059171 1.059171 1.059171
3770.341553 0.000000 4208.781250 0.000000 0.317276 0.000000 -0.948333 1.345848 1.345848 1.345848
3735.045654 0.000000 4195.653320 0.000000 0.450265 0.000000 -0.892895 0.956664 0.956664 0.956664
3760.458252 0.000000 4210.414062 0.000000 0.724646 0.000000 0.689122 0.386995 0.386995 0.386995
3763.555420 0.000000 4207.124023 0.000000 0.935143 0.000000 0.354270 0.663886 0.663886 0.663886
3762.853027 0.000000 4209.157227 0.000000 0.975240 0.000000 0.221147 0.643530 0.643530 0.643530
3775.140381 0.000000 4205.549805 0.000000 0.991944 0.000000 -0.126679 0.772594 0.772594 0.772594
3726.416016 0.000000 4204.870117 0.000000 0.743820 0.000000 -0.668380 1.099518 1.099518 1.099518
3754.896729 0.000000 4201.072266 0.000000 0.274363 0.000000 -0.961626 1.367299 1.367299 1.367299
3749.464844 0.000000 4200.518555 0.000000 0.479758 0.000000 -0.877401 1.261087 1.261087 1.261087
3743.924561 0.000000 4195.792969 0.000000 0.327968 0.000000 -0.944689 1.328877 1.328877 1.328877
3715.303711 0.000000 4207.779297 0.000000 0.780759 0.000000 -0.624832 0.909229 0.909229 0.909229
3732.976562 0.000000 4196.479004 0.000000 0.103475 0.000000 -0.994632 1.401058 1.401058 1.401058
3746.215576 0.000000 4201.053711 0.000000 0.369082 0.000000 0.929397 0.368095 0.368095 0.368095
3721.570312 0.000000 4212.621094 0.000000 0.752824 0.000000 -0.658221 0.989453 0.989453 0.989453
3762.572754 0.000000 4210.741211 0.000000 0.492504 0.000000 -0.870310 1.254122 1.254122 1.254122
3715.648438 0.000000 4211.776855 0.000000 0.035817 0.000000 -0.999358 1.482895 1.482895 1.482895
3752.566895 0.000000 4203.807129 0.000000 0.923305 0.000000 -0.384067 0.854072 0.854072 0.854072
3720.043457 0.000000 4210.427246 0.000000 0.937307 0.000000 0.348505 0.580034 0.580034 0.580034
3734.396484 0.000000 4194.015625 0.000000 0.295798 0.000000 -0.955251 0.987891 0.987891 0.987891
3773.728760 0.000000 4213.298828 0.000000 0.389948 0.000000 0.920837 0.454197 0.454197 0.454197
3727.226318 0.000000 4207.145508 0.000000 0.331138 0.000000 0.943582 0.202715 0.202715 0.202715
3744.520996 0.000000 4198.783691 0.000000 0.054138 0.000000 0.998533 0.025862 0.025862 0.025862
3717.884277 0.000000 4213.305664 0.000000 0.102129 0.000000 -0.994771 1.451152 1.451152 1.451152
3737.488037 0.000000 4199.269043 0.000000 0.410084 0.000000 0.912048 0.201751 0.201751 0.201751
3771.319336 0.000000 4207.202637 0.000000 0.980086 0.000000 -0.198574 0.824111 0.824111 0.824111
3731.027100 0.000000 4197.139648 0.000000 0.533440 0.000000 -0.845838 1.061461 1.061461 1.061461
3746.571289 0.000000 4196.302246 0.000000 0.677617 0.000000 -0.735415 1.144519 1.144519 1.144519
3750.037109 0.000000 4203.994629 0.000000 0.314870 0.000000 0.949135 0.419862 0.419862 0.419862
3757.934570 0.000000 4197.812988 0.000000 0.614801 0.000000 0.788682 0.316146 0.316146 0.316146
3762.694580 0.000000 4213.260254 0.000000 0.067775 0.000000 -0.997701 1.467615 1.467615 1.467615
3720.445312 0.000000 4207.466797 0.000000 0.737208 0.000000 0.675666 0.395784 0.395784 0.395784
3766.164062 0.000000 4212.570312 0.000000 0.348264 0.000000 -0.937396 1.016190 1.016190 1.016190
3767.369385 0.000000 4213.240723 0.000000 0.736236 0.000000 0.676725 0.587162 0.587162 0.587162
3750.050049 0.000000 4202.661621 0.000000 0.627871 0.000000 -0.778318 0.985492 0.985492 0.985492
3731.522217 0.000000 4204.255859 0.000000 0.921061 0.000000 -0.389418 0.870583 0.870583 0.870583
3742.175293 0.000000 4194.121582 0.000000 0.627686 0.000000 0.778466 0.332350 0.332350 0.332350
3759.037354 0.000000 4210.400391 0.000000 0.897543 0.000000 0.440926 0.531975 0.531975 0.531975
3759.489502 0.000000 4199.728516 0.000000 0.803429 0.000000 -0.595401 1.054510 1.054510 1.054510
3730.811035 0.000000 4200.125488 0.000000 0.963938 0.000000 0.266127 0.621384 0.621384 0.621384
3759.145752 0.000000 4198.483887 0.000000 0.275139 0.000000 0.961405 0.133086 0.133086 0.133086
3733.395996 0.000000 4199.689453 0.000000 0.848665 0.000000 0.528930 0.483890 0.483890 0.483890
3742.997803 0.000000 4196.900879 0.000000 0.767592 0.000000 0.640939 0.417818 0.417818 0.417818
3755.196777 0.000000 4213.282715 0.000000 0.674835 0.000000 -0.737969 1.035974 1.035974 1.035974
3772.367432 0.000000 4209.714844 0.000000 0.833793 0.000000 -0.552078 1.029247 1.029247 1.029247
3754.053955 0.000000 4210.945312 0.000000 0.607923 0.000000 -0.793996 1.170828 1.170828 1.170828
3748.288818 0.000000 4198.349121 0.000000 0.322157 0.000000 0.946686 0.156612 0.156612 0.156612
3729.342529 0.000000 4207.861816 0.000000 0.978609 0.000000 -0.205729 0.795006 0.795006 0.795006
3728.530762 0.000000 4204.880859 0.000000 0.999798 0.000000 -0.020104 0.759600 0.759600 0.759600
3749.603760 0.000000 4196.383789 0.000000 0.922490 0.000000 0.386020 0.560774 0.560774 0.560774
3771.576904 0.000000 4212.383789 0.000000 0.137485 0.000000 0.990504 0.387804 0.387804 0.387804
3766.766357 0.000000 4207.638672 0.000000 0.968378 0.000000 -0.249489 0.841122 0.841122 0.841122
3774.768066 0.000000 4218.979980 0.000000 0.773510 0.000000 -0.633784 0.900379 0.900379 0.900379
3754.729980 0.000000 4208.874023 0.000000 0.255192 0.000000 0.966890 0.147788 0.147788 0.147788
3726.158203 0.000000 4201.582031 0.000000 0.987558 0.000000 -0.157252 0.813273 0.813273 0.813273
3756.375488 0.000000 4196.874023 0.000000 0.640352 0.000000 0.768082 0.331817 0.331817 0.331817
3764.787598 0.000000 4211.208008 0.000000 0.741571 0.000000 -0.670874 1.101121 1.101121 1.101121
3738.641357 0.000000 4199.707520 0.000000 0.913327 0.000000 -0.407227 0.950256 0.950256 0.950256
3749.475098 0.000000 4197.936035 0.000000 0.873904 0.000000 0.486098 0.507630 0.507630 0.507630
3762.572754 0.000000 4206.125000 0.000000 0.261505 0.000000 0.965202 0.439387 0.439387 0.439387
3739.180176 0.000000 4197.156738 0.000000 0.823288 0.000000 0.567624 0.461794 0.461794 0.461794
3774.722412 0.000000 4210.739258 0.000000 0.897997 0.000000 0.440001 0.532467 0.532467 0.532467
3759.240723 0.000000 4194.233887 0.000000 0.673036 0.000000 0.739610 0.400837 0.400837 0.400837
3756.958252 0.000000 4194.841797 0.000000 0.699497 0.000000 0.714635 0.417589 0.417589 0.417589
3733.542480 0.000000 4197.702148 0.000000 0.893012 0.000000 -0.450033 0.957149 0.957149 0.957149
3756.218018 0.000000 4201.162598 0.000000 0.792146 0.000000 -0.610332 1.054842 1.054842 1.054842
3736.450195 0.000000 4201.128418 0.000000 0.973866 0.000000 0.227125 0.640601 0.640601 0.640601
3754.687988 0.000000 4199.862305 0.000000 0.990327 0.000000 -0.138751 0.816463 0.816463 0.816463
3735.440186 0.000000 4199.045410 0.000000 0.205226 0.000000 0.978715 0.098689 0.098689 0.098689
3738.979004 0.000000 4195.956055 0.000000 0.547588 0.000000 0.836748 0.276681 0.276681 0.276681
3765.223389 0.000000 4208.035156 0.000000 0.741762 0.000000 0.670663 0.399015 0.399015 0.399015
3725.196045 0.000000 4200.799316 0.000000 0.936425 0.000000 0.350868 0.657367 0.657367 0.657367
3719.310547 0.000000 4211.434570 0.000000 0.820085 0.000000 0.572242 0.459110 0.459110 0.459110
3773.518555 0.000000 4210.924805 0.000000 0.535558 0.000000 -0.844498 1.230152 1.230152 1.230152
3731.479004 0.000000 4198.606445 0.000000 0.418534 0.000000 -0.908201 1.293816 1.293816 1.293816
3760.124023 0.000000 4195.853516 0.000000 0.690510 0.000000 0.723323 0.410856 0.410856 0.410856
3753.375000 0.000000 4199.272949 0.000000 0.639488 0.000000 0.768801 0.331280 0.331280 0.331280
3751.185791 0.000000 4198.284180 0.000000 0.149242 0.000000 0.988801 0.071525 0.071525 0.071525
3746.237305 0.000000 4198.876953 0.000000 0.419006 0.000000 -0.907983 1.293568 1.293568 1.293568
3732.876953 0.000000 4202.401367 0.000000 0.324421 0.000000 -0.945913 1.258634 1.258634 1.258634
3748.434082 0.000000 4199.905762 0.000000 0.841844 0.000000 -0.539720 1.022205 1.022205 1.022205
3754.631104 0.000000 4202.920898 0.000000 0.573399 0.000000 -0.819276 0.987308 0.987308 0.987308
3755.645996 0.000000 4198.838867 0.000000 0.987709 0.000000 0.156304 0.675063 0.675063 0.675063
3723.445312 0.000000 4210.802734 0.000000 0.786570 0.000000 -0.617501 1.030396 1.030396 1.030396
3775.143066 0.000000 4209.632324 0.000000 0.986204 0.000000 -0.165535 0.829402 0.829402 0.829402
3757.175049 0.000000 4200.233887 0.000000 0.391642 0.000000 -0.920118 1.292547 1.292547 1.292547
3771.349609 0.000000 4211.134277 0.000000 0.669026 0.000000 0.743239 0.349933 0.349933 0.349933
3753.846436 0.000000 4203.854492 0.000000 0.823232 0.000000 0.567705 0.590613 0.590613 0.590613
3727.282471 0.000000 4200.965820 0.000000 0.977891 0.000000 -0.209117 0.834415 0.834415 0.834415
3719.208496 0.000000 4206.694336 0.000000 0.999079 0.000000 -0.042906 0.768403 0.768403 0.768403
3721.518555 0.000000 4206.325684 0.000000 0.315794 0.000000 0.948828 0.153406 0.153406 0.153406
3769.936279 0.000000 4210.807129 0.000000 0.914260 0.000000 0.405127 0.550841 0.550841 0.550841
3757.530762 0.000000 4213.578125 0.000000 0.932128 0.000000 -0.362129 0.902641 0.902641 0.902641
3719.812012 0.000000 4215.000000 0.000000 0.330386 0.000000 -0.943846 1.251425 1.251425 1.251425
3724.022949 0.000000 4201.227539 0.000000 0.965233 0.000000 0.261392 0.681664 0.681664 0.681664
3760.821533 0.000000 4212.483398 0.000000 0.650077 0.000000 -0.759868 1.162105 1.162105 1.162105
3775.387695 0.000000 4215.242676 0.000000 0.351255 0.000000 0.936280 0.473164 0.473164 0.473164
3753.886475 0.000000 4201.683105 0.000000 0.684934 0.000000 -0.728606 1.139747 1.139747 1.139747
3763.854248 0.000000 4213.150391 0.000000 0.993994 0.000000 0.109438 0.697643 0.697643 0.697643
3725.137451 0.000000 4203.128418 0.000000 0.997156 0.000000 -0.075369 0.786020 0.786020 0.786020
3713.788574 0.000000 4211.890137 0.000000 0.461185 0.000000 0.887304 0.304479 0.304479 0.304479
3769.048340 0.000000 4206.750000 0.000000 0.926569 0.000000 0.376124 0.607040 0.607040 0.607040
3775.665527 0.000000 4211.588379 0.000000 0.973184 0.000000 -0.230028 0.860823 0.860823 0.860823
3724.732910 0.000000 4207.259766 0.000000 0.981753 0.000000 -0.190159 0.841350 0.841350 0.841350
3720.135742 0.000000 4212.746094 0.000000 0.935240 0.000000 -0.354013 0.870604 0.870604 0.870604
3731.133301 0.000000 4202.045898 0.000000 0.125340 0.000000 -0.992114 1.439997 1.439997 1.439997
3732.828613 0.000000 4198.682617 0.000000 0.991115 0.000000 0.133006 0.686305 0.686305 0.686305
3715.346191 0.000000 4210.239258 0.000000 0.555602 0.000000 0.831448 0.281268 0.281268 0.281268
3774.794922 0.000000 4217.096191 0.000000 0.575838 0.000000 -0.817564 1.020624 1.020624 1.020624
3751.243652 0.000000 4202.208008 0.000000 0.039166 0.000000 0.999233 0.345637 0.345637 0.345637
3754.635986 0.000000 4194.797363 0.000000 0.164643 0.000000 -0.986353 1.176301 1.176301 1.176301
3764.599854 0.000000 4206.566895 0.000000 0.180244 0.000000 0.983622 0.357124 0.357124 0.357124
3716.396484 0.000000 4206.893066 0.000000 0.088119 0.000000 -0.996110 1.305193 1.305193 1.305193
3726.517334 0.000000 4206.254395 0.000000 0.996937 0.000000 0.078204 0.715260 0.715260 0.715260
3722.573975 0.000000 4206.656738 0.000000 0.786981 0.000000 0.616978 0.432535 0.432535 0.432535
3775.539551 0.000000 4207.295410 0.000000 0.074701 0.000000 0.997206 0.038502 0.038502 0.038502
3747.351318 0.000000 4197.165039 0.000000 0.335943 0.000000 -0.941882 1.336418 1.336418 1.336418
3745.209961 0.000000 4197.891113 0.000000 0.749027 0.000000 -0.662539 1.095782 1.095782 1.095782
3718.146484 0.000000 4207.081055 0.000000 0.254420 0.000000 0.967094 0.186774 0.186774 0.186774
3712.843262 0.000000 4213.344727 0.000000 0.928026 0.000000 -0.372516 0.932257 0.932257 0.932257
3757.230225 0.000000 4210.151367 0.000000 0.636358 0.000000 0.771394 0.329340 0.329340 0.329340
3761.037109 0.000000 4199.811035 0.000000 0.037304 0.000000 -0.999304 1.482184 1.482184 1.482184
3741.463867 0.000000 4196.043945 0.000000 0.737515 0.000000 -0.675331 1.103999 1.103999 1.103999
3761.527344 0.000000 4198.799316 0.000000 0.825615 0.000000 -0.564234 1.036242 1.036242 1.036242
3770.248047 0.000000 4206.233398 0.000000 0.988326 0.000000 -0.152352 0.806703 0.806703 0.806703
3751.457031 0.000000 4196.473633 0.000000 0.806584 0.000000 0.591120 0.448029 0.448029 0.448029
3737.903076 0.000000 4195.536621 0.000000 0.749610 0.000000 0.661880 0.434434 0.434434 0.434434
3771.319092 0.000000 4213.778809 0.000000 0.943122 0.000000 0.332448 0.664335 0.664335 0.664335
3721.765381 0.000000 4211.531250 0.000000 0.270896 0.000000 -0.962609 1.369020 1.369020 1.369020
3716.596680 0.000000 4208.585449 0.000000 0.967073 0.000000 -0.254498 0.872865 0.872865 0.872865
3729.149902 0.000000 4198.759766 0.000000 0.534236 0.000000 0.845335 0.269101 0.269101 0.269101
3752.147217 0.000000 4202.808105 0.000000 0.160918 0.000000 -0.986968 1.122036 1.122036 1.122036
3722.063477 0.000000 4202.250488 0.000000 0.900958 0.000000 0.433907 0.568477 0.568477 0.568477
3718.144775 0.000000 4208.213379 0.000000 0.266913 0.000000 0.963721 0.129005 0.129005 0.129005
3757.167236 0.000000 4199.113281 0.000000 0.990148 0.000000 0.140025 0.682923 0.682923 0.682923
3773.051514 0.000000 4212.445801 0.000000 0.202662 0.000000 -0.979249 1.095474 1.095474 1.095474
3722.923096 0.000000 4204.291504 0.000000 0.723236 0.000000 -0.690601 1.113981 1.113981 1.113981
3725.028809 0.000000 4209.623535 0.000000 0.956807 0.000000 -0.290724 0.847762 0.847762 0.847762
3743.172119 0.000000 4194.595703 0.000000 0.981161 0.000000 -0.193194 0.841007 0.841007 0.841007
3758.284180 0.000000 4196.425293 0.000000 0.863369 0.000000 0.504573 0.497475 0.497475 0.497475
3749.557617 0.000000 4194.061523 0.000000 0.140031 0.000000 0.990147 0.235802 0.235802 0.235802
3746.529297 0.000000 4200.002441 0.000000 0.191203 0.000000 -0.981550 1.191342 1.191342 1.191342
3754.606201 0.000000 4195.862793 0.000000 0.961503 0.000000 0.274794 0.665560 0.665560 0.665560
3755.599854 0.000000 4197.736816 0.000000 0.305493 0.000000 -0.952194 1.351768 1.351768 1.351768
3762.052002 0.000000 4212.325684 0.000000 0.946310 0.000000 -0.323260 0.907168 0.907168 0.907168
3763.065186 0.000000 4208.087891 0.000000 0.957934 0.000000 0.286987 0.611020 0.611020 0.611020
3728.708496 0.000000 4203.739746 0.000000 0.422064 0.000000 0.906566 0.208041 0.208041 0.208041
3759.490967 0.000000 4208.152344 0.000000 0.017033 0.000000 0.999855 0.008133 0.008133 0.008133
3745.136230 0.000000 4195.115723 0.000000 0.307562 0.000000 -0.951528 1.303614 1.303614 1.303614
3712.650146 0.000000 4216.812988 0.000000 0.958994 0.000000 -0.283425 0.874293 0.874293 0.874293
3769.481201 0.000000 4209.377930 0.000000 0.999888 0.000000 0.014969 0.742853 0.742853 0.742853
3724.363770 0.000000 4205.869141 0.000000 0.842607 0.000000 0.538530 0.478470 0.478470 0.478470
3737.073242 0.000000 4197.159668 0.000000 0.051358 0.000000 0.998680 0.024532 0.024532 0.024532
3757.979736 0.000000 4195.052246 0.000000 0.365963 0.000000 0.930629 0.250559 0.250559 0.250559
3759.982910 0.000000 4197.746094 0.000000 0.507230 0.000000 -0.861811 1.246004 1.246004 1.246004
3758.593506 0.000000 4211.823730 0.000000 0.964466 0.000000 0.264207 0.622335 0.622335 0.622335
3747.247803 0.000000 4198.226562 0.000000 0.431210 0.000000 -0.902252 1.287130 1.287130 1.287130
3755.856689 0.000000 4212.289062 0.000000 0.986737 0.000000 0.162325 0.693827 0.693827 0.693827
3728.278076 0.000000 4201.911621 0.000000 0.588764 0.000000 0.808305 0.300578 0.300578 0.300578
3774.351807 0.000000 4208.827637 0.000000 0.326558 0.000000 -0.945177 1.341167 1.341167 1.341167
3748.583252 0.000000 4196.047363 0.000000 0.724650 0.000000 0.689117 0.386998 0.386998 0.386998
3712.016113 0.000000 4210.573242 0.000000 0.999988 0.000000 0.004901 0.748000 0.748000 0.748000
3766.378174 0.000000 4209.825195 0.000000 0.923096 0.000000 -0.384569 0.938475 0.938475 0.938475
3716.836182 0.000000 4215.407227 0.000000 0.728349 0.000000 -0.685206 1.110432 1.110432 1.110432
3756.239258 0.000000 4195.856934 0.000000 0.116938 0.000000 0.993139 0.143057 0.143057 0.143057
3767.744141 0.000000 4208.153809 0.000000 0.898763 0.000000 -0.438435 0.966701 0.966701 0.966701
3758.764404 0.000000 4208.892090 0.000000 0.561897 0.000000 0.827208 0.284892 0.284892 0.284892
3768.106445 0.000000 4209.583008 0.000000 0.948137 0.000000 0.317863 0.595552 0.595552 0.595552
3761.042969 0.000000 4197.897461 0.000000 0.572819 0.000000 -0.819682 1.208775 1.208775 1.208775
3729.216797 0.000000 4201.559082 0.000000 0.078274 0.000000 0.996932 0.037411 0.037411 0.037411
3767.369629 0.000000 4206.295898 0.000000 0.638902 0.000000 0.769288 0.432812 0.432812 0.432812
3724.053955 0.000000 4202.461426 0.000000 0.991524 0.000000 -0.129926 0.812211 0.812211 0.812211
3742.403564 0.000000 4199.183594 0.000000 0.999853 0.000000 0.017158 0.741807 0.741807 0.741807
3721.182861 0.000000 4208.300781 0.000000 0.725753 0.000000 -0.687955 1.112237 1.112237 1.112237
3746.989990 0.000000 4194.147949 0.000000 0.774032 0.000000 0.633147 0.453454 0.453454 0.453454
3741.192871 0.000000 4197.976562 0.000000 0.071421 0.000000 0.997446 0.034130 0.034130 0.034130
3761.947754 0.000000 4208.703125 0.000000 0.810025 0.000000 0.586396 0.450820 0.450820 0.450820
3717.302734 0.000000 4210.192383 0.000000 0.814693 0.000000 -0.579893 1.045358 1.045358 1.045358
3764.990479 0.000000 4210.215820 0.000000 0.267003 0.000000 -0.963696 1.370950 1.370950 1.370950
3764.448486 0.000000 4209.377441 0.000000 0.973532 0.000000 0.228550 0.639902 0.639902 0.639902
3774.577881 0.000000 4207.777832 0.000000 0.488778 0.000000 0.872408 0.245821 0.245821 0.245821
3750.241943 0.000000 4198.625977 0.000000 0.415156 0.000000 0.909750 0.204410 0.204410 0.204410
3758.451416 0.000000 4213.909668 0.000000 0.281268 0.000000 -0.959629 1.361460 1.361460 1.361460
3773.102051 0.000000 4209.014648 0.000000 0.901422 0.000000 0.432941 0.536214 0.536214 0.536214
3773.478760 0.000000 4207.172852 0.000000 0.665816 0.000000 -0.746116 1.005468 1.005468 1.005468
3713.834229 0.000000 4213.228516 0.000000 0.779801 0.000000 -0.626028 1.072981 1.072981 1.072981
3732.704834 0.000000 4200.422852 0.000000 0.999923 0.000000 -0.012378 0.755910 0.755910 0.755910
3757.075928 0.000000 4211.626465 0.000000 0.447710 0.000000 0.894179 0.221641 0.221641 0.221641
3712.857910 0.000000 4214.804199 0.000000 0.580609 0.000000 -0.814183 1.204222 1.204222 1.204222
3714.624512 0.000000 4214.518066 0.000000 0.993304 0.000000 0.115527 0.694716 0.694716 0.694716
3729.956787 0.000000 4202.240234 0.000000 0.987096 0.000000 0.160130 0.673213 0.673213 0.673213
3753.458740 0.000000 4196.384766 0.000000 0.862636 0.000000 -0.505826 0.993288 0.993288 0.993288
3721.114990 0.000000 4213.500977 0.000000 0.298810 0.000000 0.954313 0.327606 0.327606 0.327606
3755.154785 0.000000 4211.117676 0.000000 0.611877 0.000000 -0.790953 1.168539 1.168539 1.168539
3716.410156 0.000000 4209.623535 0.000000 0.997950 0.000000 0.063993 0.719425 0.719425 0.719425
3713.480469 0.000000 4216.058105 0.000000 0.837923 0.000000 0.545788 0.500289 0.500289 0.500289
3738.011963 0.000000 4197.647461 0.000000 0.993648 0.000000 0.112536 0.696154 0.696154 0.696154
3753.368896 0.000000 4198.235352 0.000000 0.615691 0.000000 0.787988 0.316684 0.316684 0.316684
3751.724854 0.000000 4197.464355 0.000000 0.995924 0.000000 -0.090193 0.793123 0.793123 0.793123
3768.086426 0.000000 4210.928223 0.000000 0.175032 0.000000 0.984563 0.084004 0.084004 0.084004
3720.940186 0.000000 4210.067871 0.000000 0.685910 0.000000 0.727686 0.360894 0.360894 0.360894
3717.347412 0.000000 4206.547363 0.000000 0.688920 0.000000 0.724837 0.446370 0.446370 0.446370
3757.337891 0.000000 4197.014648 0.000000 0.947886 0.000000 0.318609 0.595176 0.595176 0.595176
3751.286865 0.000000 4200.470215 0.000000 0.180217 0.000000 -0.983627 1.413480 1.413480 1.413480
3754.309570 0.000000 4212.879395 0.000000 0.505412 0.000000 0.862878 0.391373 0.391373 0.391373
3723.113037 0.000000 4205.822754 0.000000 0.991986 0.000000 -0.126344 0.810487 0.810487 0.810487
3728.093994 0.000000 4203.003906 0.000000 0.618377 0.000000 0.785882 0.318314 0.318314 0.318314
3763.688477 0.000000 4211.237793 0.000000 0.588755 0.000000 -0.808312 1.199427 1.199427 1.199427
3717.721924 0.000000 4215.020508 0.000000 0.624384 0.000000 0.781118 0.321975 0.321975 0.321975
3722.610352 0.000000 4209.762207 0.000000 0.990597 0.000000 -0.136810 0.815527 0.815527 0.815527
3766.133789 0.000000 4208.384277 0.000000 0.323918 0.000000 0.946085 0.157500 0.157500 0.157500
3766.826172 0.000000 4211.129395 0.000000 0.535577 0.000000 0.844486 0.269859 0.269859 0.269859
3760.669434 0.000000 4209.211426 0.000000 0.610474 0.000000 -0.792037 1.186469 1.186469 1.186469
3719.258545 0.000000 4213.680664 0.000000 0.247625 0.000000 0.968856 0.119475 0.119475 0.119475
3775.788086 0.000000 4206.365234 0.000000 0.936419 0.000000 -0.350884 0.920507 0.920507 0.920507
3735.571533 0.000000 4200.722168 0.000000 0.581232 0.000000 -0.813738 1.203856 1.203856 1.203856
3716.671875 0.000000 4211.598633 0.000000 0.583998 0.000000 -0.811755 1.202231 1.202231 1.202231
3768.978027 0.000000 4207.744629 0.000000 0.674681 0.000000 -0.738109 1.057810 1.057810 1.057810
3765.226562 0.000000 4213.486328 0.000000 0.322600 0.000000 0.946535 0.191727 0.191727 0.191727
3713.818604 0.000000 4210.238770 0.000000 0.063299 0.000000 -0.997995 1.365321 1.365321 1.365321
3748.598633 0.000000 4200.956543 0.000000 0.874569 0.000000 -0.484902 0.991717 0.991717 0.991717
3761.624756 0.000000 4196.902832 0.000000 0.730532 0.000000 0.682878 0.391092 0.391092 0.391092
3719.781738 0.000000 4208.606934 0.000000 0.624907 0.000000 0.780699 0.322295 0.322295 0.322295
3763.998047 0.000000 4212.149902 0.000000 0.521894 0.000000 0.853010 0.262162 0.262162 0.262162
3737.920166 0.000000 4201.501465 0.000000 0.974454 0.000000 0.224586 0.641846 0.641846 0.641846
3765.559326 0.000000 4211.765625 0.000000 0.033462 0.000000 -0.999440 1.484020 1.484020 1.484020
3718.469727 0.000000 4211.855469 0.000000 0.668976 0.000000 -0.743284 1.150099 1.150099 1.150099
3737.095703 0.000000 4196.162109 0.000000 0.365927 0.000000 0.930644 0.178872 0.178872 0.178872
3734.492188 0.000000 4201.304688 0.000000 0.974687 0.000000 -0.223576 0.857659 0.857659 0.857659
3771.058594 0.000000 4208.130371 0.000000 0.958973 0.000000 0.283496 0.612758 0.612758 0.612758
3719.124756 0.000000 4210.363770 0.000000 0.899214 0.000000 -0.437509 0.966209 0.966209 0.966209
3740.663330 0.000000 4197.086426 0.000000 0.948807 0.000000 -0.315857 0.903438 0.903438 0.903438
3757.751465 0.000000 4212.293945 0.000000 0.354947 0.000000 0.934886 0.252413 0.252413 0.252413
3743.653564 0.000000 4198.453125 0.000000 0.995191 0.000000 0.097956 0.703154 0.703154 0.703154
3758.168213 0.000000 4210.057129 0.000000 0.861107 0.000000 0.508424 0.495342 0.495342 0.495342
3771.496338 0.000000 4209.333496 0.000000 0.175998 0.000000 -0.984391 1.415527 1.415527 1.415527
3756.196289 0.000000 4213.302246 0.000000 0.066393 0.000000 -0.997794 1.369690 1.369690 1.369690
3736.392578 0.000000 4199.028809 0.000000 0.734144 0.000000 0.678994 0.393624 0.393624 0.393624
3761.018799 0.000000 4195.601562 0.000000 0.790866 0.000000 -0.611989 1.026219 1.026219 1.026219
3771.759766 0.000000 4206.355469 0.000000 0.203198 0.000000 -0.979138 1.256491 1.256491 1.256491
3721.974365 0.000000 4204.430664 0.000000 0.173435 0.000000 0.984845 0.208740 0.208740 0.208740
3772.215332 0.000000 4210.626953 0.000000 0.933189 0.000000 0.359387 0.574479 0.574479 0.574479
3713.385498 0.000000 4217.793945 0.000000 0.887984 0.000000 0.459874 0.543316 0.543316 0.543316
3725.775146 0.000000 4202.409668 0.000000 0.635228 0.000000 -0.772325 1.171359 1.171359 1.171359
3759.755371 0.000000 4195.030273 0.000000 0.866125 0.000000 -0.499828 0.969525 0.969525 0.969525
3722.987549 0.000000 4203.022461 0.000000 0.653285 0.000000 0.757112 0.402633 0.402633 0.402633
3759.413818 0.000000 4212.490234 0.000000 0.276100 0.000000 -0.961129 1.364020 1.364020 1.364020
3752.769531 0.000000 4200.919434 0.000000 0.921748 0.000000 -0.387788 0.940141 0.940141 0.940141
3744.419434 0.000000 4196.632324 0.000000 0.879981 0.000000 -0.475008 0.986332 0.986332 0.986332
3750.360107 0.000000 4200.289062 0.000000 0.854982 0.000000 0.518658 0.489647 0.489647 0.489647
3734.542725 0.000000 4197.758789 0.000000 0.076826 0.000000 0.997045 0.050704 0.050704 0.050704
3756.700928 0.000000 4208.702637 0.000000 0.574004 0.000000 -0.818852 1.208084 1.208084 1.208084
3716.125000 0.000000 4214.440918 0.000000 0.687088 0.000000 -0.726574 1.138333 1.138333 1.138333
3739.482666 0.000000 4198.476074 0.000000 0.784162 0.000000 -0.620556 1.069639 1.069639 1.069639
3724.236328 0.000000 4204.256836 0.000000 0.967896 0.000000 -0.251350 0.871312 0.871312 0.871312
3733.556152 0.000000 4203.061523 0.000000 0.055682 0.000000 0.998449 0.128727 0.128727 0.128727
3740.380127 0.000000 4194.503906 0.000000 0.585090 0.000000 -0.810968 1.201589 1.201589 1.201589
3754.705322 0.000000 4197.707031 0.000000 0.904060 0.000000 -0.427405 0.960858 0.960858 0.960858
3732.055176 0.000000 4202.044434 0.000000 0.927092 0.000000 -0.374834 0.907552 0.907552 0.907552
3761.691650 0.000000 4210.606934 0.000000 0.539086 0.000000 -0.842251 1.228155 1.228155 1.228155
3752.615967 0.000000 4197.751465 0.000000 0.954135 0.000000 -0.299376 0.889475 0.889475 0.889475
3751.825195 0.000000 4199.321777 0.000000 0.291800 0.000000 0.956479 0.141381 0.141381 0.141381
3712.033691 0.000000 4212.922852 0.000000 0.428471 0.000000 0.903555 0.211421 0.211421 0.211421
3754.757080 0.000000 4201.965820 0.000000 0.164056 0.000000 0.986451 0.078687 0.078687 0.078687
3759.411621 0.000000 4196.377930 0.000000 0.065941 0.000000 -0.997824 1.468493 1.468493 1.468493
3721.160645 0.000000 4205.512207 0.000000 0.997395 0.000000 0.072136 0.722017 0.722017 0.722017
3745.648193 0.000000 4197.074219 0.000000 0.601662 0.000000 0.798751 0.308242 0.308242 0.308242
3712.352295 0.000000 4211.421875 0.000000 0.227958 0.000000 0.973671 0.202698 0.202698 0.202698
3728.464111 0.000000 4199.946777 0.000000 0.877702 0.000000 -0.479206 0.988613 0.988613 0.988613
3717.399902 0.000000 4211.110352 0.000000 0.113546 0.000000 -0.993533 1.445669 1.445669 1.445669
3728.619141 0.000000 4205.976074 0.000000 0.091474 0.000000 -0.995807 1.456263 1.456263 1.456263
3740.371338 0.000000 4195.372559 0.000000 0.270098 0.000000 -0.962833 1.369416 1.369416 1.369416
3738.695801 0.000000 4195.071289 0.000000 0.962517 0.000000 -0.271223 0.881142 0.881142 0.881142
3722.513916 0.000000 4211.026855 0.000000 0.324114 0.000000 -0.946018 1.272707 1.272707 1.272707
3760.560791 0.000000 4211.274414 0.000000 0.711164 0.000000 0.703026 0.377747 0.377747 0.377747
3726.773682 0.000000 4204.033203 0.000000 0.693803 0.000000 -0.720165 1.133901 1.133901 1.133901
3740.478760 0.000000 4198.690430 0.000000 0.216822 0.000000 0.976211 0.104353 0.104353 0.104353
3733.812500 0.000000 4196.197754 0.000000 0.767728 0.000000 -0.640776 1.058640 1.058640 1.058640
3745.885498 0.000000 4195.644043 0.000000 0.272848 0.000000 0.962057 0.180423 0.180423 0.180423
3727.324463 0.000000 4204.751465 0.000000 0.671204 0.000000 -0.741273 1.148666 1.148666 1.148666
3724.060791 0.000000 4207.864258 0.000000 0.291010 0.000000 -0.956720 1.359013 1.359013 1.359013
3769.537598 0.000000 4208.405762 0.000000 0.779584 0.000000 -0.626298 1.073146 1.073146 1.073146
3727.120850 0.000000 4203.074219 0.000000 0.744093 0.000000 0.668076 0.400677 0.400677 0.400677
3761.566406 0.000000 4194.844727 0.000000 0.888711 0.000000 -0.458468 0.949757 0.949757 0.949757
3746.996338 0.000000 4195.022949 0.000000 0.031953 0.000000 -0.999489 1.415589 1.415589 1.415589
3755.441895 0.000000 4209.399414 0.000000 0.236059 0.000000 0.971739 0.138733 0.138733 0.138733
3753.083008 0.000000 4201.963867 0.000000 0.326142 0.000000 0.945321 0.158623 0.158623 0.158623
3722.964600 0.000000 4208.961426 0.000000 0.901825 0.000000 -0.432102 0.963342 0.963342 0.963342
3763.042236 0.000000 4209.990234 0.000000 0.906012 0.000000 -0.423252 0.958667 0.958667 0.958667
3749.938232 0.000000 4201.806641 0.000000 0.935543 0.000000 0.353214 0.577633 0.577633 0.577633
3729.406738 0.000000 4200.721191 0.000000 0.898366 0.000000 0.439248 0.532868 0.532868 0.532868
3734.638428 0.000000 4199.493652 0.000000 0.703992 0.000000 0.710208 0.372902 0.372902 0.372902
3764.431885 0.000000 4213.792480 0.000000 0.803805 0.000000 0.594893 0.463686 0.463686 0.463686
3736.237793 0.000000 4197.396484 0.000000 0.921890 0.000000 -0.387452 0.939967 0.939967 0.939967
3742.259277 0.000000 4196.419922 0.000000 0.944720 0.000000 0.327879 0.590499 0.590499 0.590499
3729.560547 0.000000 4203.441406 0.000000 0.961135 0.000000 0.276079 0.616447 0.616447 0.616447
3718.335693 0.000000 4209.787598 0.000000 0.018284 0.000000 0.999833 0.008730 0.008730 0.008730
3735.344971 0.000000 4196.879883 0.000000 0.362025 0.000000 0.932168 0.188110 0.188110 0.188110
3721.105469 0.000000 4210.936035 0.000000 0.922785 0.000000 0.385315 0.561139 0.561139 0.561139
3737.674316 0.000000 4198.436035 0.000000 0.855053 0.000000 -0.518541 1.010287 1.010287 1.010287
3730.843750 0.000000 4199.275879 0.000000 0.992313 0.000000 0.123755 0.690760 0.690760 0.690760
3715.554443 0.000000 4212.630859 0.000000 0.921210 0.000000 0.389065 0.559197 0.559197 0.559197
3755.865967 0.000000 4210.251953 0.000000 0.525579 0.000000 0.850745 0.283277 0.283277 0.283277
3747.809570 0.000000 4196.448730 0.000000 0.645944 0.000000 0.763385 0.335304 0.335304 0.335304
3731.044189 0.000000 4200.923340 0.000000 0.789796 0.000000 -0.613369 1.065279 1.065279 1.065279
3726.695557 0.000000 4207.806152 0.000000 0.997821 0.000000 -0.065975 0.779298 0.779298 0.779298
3717.057617 0.000000 4213.447754 0.000000 0.795665 0.000000 -0.605736 1.060682 1.060682 1.060682
3740.715088 0.000000 4199.489746 0.000000 0.517262 0.000000 -0.855827 1.240427 1.240427 1.240427
3737.095215 0.000000 4200.021973 0.000000 0.960624 0.000000 -0.277850 0.884433 0.884433 0.884433
3773.540039 0.000000 4211.756836 0.000000 0.892221 0.000000 -0.451598 0.973719 0.973719 0.973719
3714.644287 0.000000 4213.501465 0.000000 0.758436 0.000000 0.651747 0.411055 0.411055 0.411055
3733.759766 0.000000 4200.463867 0.000000 0.984878 0.000000 0.173247 0.666861 0.666861 0.666861
3715.136963 0.000000 4215.892578 0.000000 0.873405 0.000000 -0.486995 0.992861 0.992861 0.992861
3723.890869 0.000000 4208.808105 0.000000 0.969703 0.000000 -0.244289 0.867832 0.867832 0.867832
3751.430420 0.000000 4201.348145 0.000000 0.787036 0.000000 -0.616907 1.067422 1.067422 1.067422
3712.055664 0.000000 4215.028320 0.000000 0.778643 0.000000 0.627467 0.426138 0.426138 0.426138
3735.400146 0.000000 4199.909180 0.000000 0.071966 0.000000 0.997407 0.034391 0.034391 0.034391
3773.095947 0.000000 4210.114258 0.000000 0.644319 0.000000 -0.764757 1.165711 1.165711 1.165711
3741.935791 0.000000 4198.329102 0.000000 0.965127 0.000000 0.261782 0.623535 0.623535 0.623535
3757.877197 0.000000 4198.633789 0.000000 0.809752 0.000000 -0.586772 1.049402 1.049402 1.049402
3721.368164 0.000000 4209.366211 0.000000 0.825002 0.000000 -0.565130 1.036761 1.036761 1.036761
3727.850098 0.000000 4206.449707 0.000000 0.789199 0.000000 -0.614138 1.043457 1.043457 1.043457
3714.705078 0.000000 4211.783203 0.000000 0.890761 0.000000 -0.454472 0.975258 0.975258 0.975258
3775.934082 0.000000 4209.289551 0.000000 0.369015 0.000000 -0.929424 1.319543 1.319543 1.319543
3762.314453 0.000000 4211.529785 0.000000 0.596090 0.000000 -0.802918 1.195080 1.195080 1.195080
3759.219971 0.000000 4213.625000 0.000000 0.142210 0.000000 0.989837 0.070805 0.070805 0.070805
3724.538086 0.000000 4205.055176 0.000000 0.971520 0.000000 0.236956 0.635776 0.635776 0.635776
3725.850098 0.000000 4204.035156 0.000000 0.509135 0.000000 -0.860687 1.244948 1.244948 1.244948
3769.597900 0.000000 4211.560547 0.000000 0.799077 0.000000 -0.601228 1.057983 1.057983 1.057983
3757.907227 0.000000 4208.343750 0.000000 0.947016 0.000000 0.321186 0.593878 0.593878 0.593878
3754.303955 0.000000 4196.639160 0.000000 0.740332 0.000000 -0.672242 1.102003 1.102003 1.102003
3722.386230 0.000000 4208.170410 0.000000 0.894401 0.000000 -0.447266 0.971403 0.971403 0.971403
3738.882324 0.000000 4194.092285 0.000000 0.891351 0.000000 -0.453315 0.974638 0.974638 0.974638
3749.756836 0.000000 4197.170410 0.000000 0.971199 0.000000 -0.238271 0.864871 0.864871 0.864871
3713.604980 0.000000 4215.180176 0.000000 0.937584 0.000000 -0.347758 0.919586 0.919586 0.919586
3745.354736 0.000000 4198.688477 0.000000 0.556339 0.000000 0.830956 0.281691 0.281691 0.281691
3756.350342 0.000000 4199.226562 0.000000 0.820905 0.000000 -0.571065 1.040205 1.040205 1.040205
3770.109619 0.000000 4209.926270 0.000000 0.852035 0.000000 -0.523485 1.013052 1.013052 1.013052
3760.182617 0.000000 4208.551270 0.000000 0.866613 0.000000 -0.498980 0.999438 0.999438 0.999438
3763.651123 0.000000 4209.251953 0.000000 0.987714 0.000000 0.156271 0.675079 0.675079 0.675079
3741.944824 0.000000 4195.071777 0.000000 0.997596 0.000000 -0.069296 0.783113 0.783113 0.783113
3725.625488 0.000000 4205.112793 0.000000 0.701790 0.000000 0.712384 0.371423 0.371423 0.371423
3723.033203 0.000000 4207.331543 0.000000 0.963070 0.000000 -0.269252 0.880165 0.880165 0.880165
3718.844482 0.000000 4208.612305 0.000000 0.980693 0.000000 -0.195555 0.843976 0.843976 0.843976
3725.261475 0.000000 4207.886719 0.000000 0.078497 0.000000 -0.996914 1.462482 1.462482 1.462482
3752.978027 0.000000 4200.012695 0.000000 0.571158 0.000000 -0.820840 1.209742 1.209742 1.209742
3731.744629 0.000000 4200.381836 0.000000 0.957142 0.000000 -0.289618 0.890293 0.890293 0.890293
3721.099121 0.000000 4207.016602 0.000000 0.192647 0.000000 0.981268 0.092561 0.092561 0.092561
3717.849365 0.000000 4214.153809 0.000000 0.681918 0.000000 0.731429 0.358281 0.358281 0.358281
3731.096191 0.000000 4203.478516 0.000000 0.960560 0.000000 -0.278073 0.884544 0.884544 0.884544
3766.473389 0.000000 4211.830566 0.000000 0.993839 0.000000 -0.110835 0.803029 0.803029 0.803029
3713.399658 0.000000 4212.570801 0.000000 0.207678 0.000000 -0.978197 1.400114 1.400114 1.400114
3814.931152 0.000000 4186.683105 0.000000 0.590218 0.000000 -0.807244 1.138754 1.138754 1.138754
3791.821289 0.000000 4212.711426 0.000000 0.738388 0.000000 -0.674376 1.024390 1.024390 1.024390
3776.377197 0.000000 4202.761719 0.000000 0.996821 0.000000 -0.079668 0.751195 0.751195 0.751195
3784.825439 0.000000 4218.309082 0.000000 0.783110 0.000000 -0.621883 0.943525 0.943525 0.943525
3808.116455 0.000000 4197.508301 0.000000 0.898105 0.000000 0.439782 0.651097 0.651097 0.651097
3797.169678 0.000000 4208.059570 0.000000 0.405336 0.000000 -0.914168 1.300732 1.300732 1.300732
3782.984863 0.000000 4201.695801 0.000000 0.150499 0.000000 -0.988610 0.890890 0.890890 0.890890
3808.150635 0.000000 4188.068848 0.000000 0.999620 0.000000 -0.027568 0.756505 0.756505 0.756505
3813.025635 0.000000 4193.003418 0.000000 0.691645 0.000000 0.722238 0.549024 0.549024 0.549024
3777.629639 0.000000 4214.186523 0.000000 0.658896 0.000000 0.752234 0.525210 0.525210 0.525210
3777.887939 0.000000 4207.718262 0.000000 0.034404 0.000000 -0.999408 1.483570 1.483570 1.483570
3784.358154 0.000000 4206.146484 0.000000 0.715241 0.000000 -0.698878 1.119475 1.119475 1.119475
3793.678711 0.000000 4204.352051 0.000000 0.517766 0.000000 0.855522 0.354039 0.354039 0.354039
3787.275635 0.000000 4200.353516 0.000000 0.697786 0.000000 0.716306 0.709632 0.709632 0.709632
3806.968994 0.000000 4193.095215 0.000000 0.652407 0.000000 -0.757869 1.120380 1.120380 1.120380
3791.878418 0.000000 4208.332520 0.000000 0.646704 0.000000 0.762741 0.464107 0.464107 0.464107
3780.560059 0.000000 4217.642578 0.000000 0.344940 0.000000 0.938625 0.471625 0.471625 0.471625
3807.454346 0.000000 4201.792969 0.000000 0.701223 0.000000 -0.712942 0.888208 0.888208 0.888208
3817.998535 0.000000 4189.290527 0.000000 0.718441 0.000000 0.695588 0.382716 0.382716 0.382716
3804.179932 0.000000 4196.298828 0.000000 0.530050 0.000000 0.847966 0.579438 0.579438 0.579438
3780.308838 0.000000 4204.438477 0.000000 0.995631 0.000000 -0.093380 0.794651 0.794651 0.794651
3797.507324 0.000000 4211.750977 0.000000 0.919681 0.000000 0.392667 0.696354 0.696354 0.696354
3782.603516 0.000000 4214.525391 0.000000 0.992749 0.000000 -0.120209 0.759476 0.759476 0.759476
3778.481445 0.000000 4210.979980 0.000000 0.113926 0.000000 -0.993489 1.186383 1.186383 1.186383
3794.455322 0.000000 4210.452148 0.000000 0.918779 0.000000 0.394771 0.563834 0.563834 0.563834
3781.199463 0.000000 4207.652832 0.000000 0.533836 0.000000 -0.845588 1.231125 1.231125 1.231125
3814.924072 0.000000 4190.246582 0.000000 0.997863 0.000000 -0.065344 0.769590 0.769590 0.769590
3800.252930 0.000000 4199.946289 0.000000 0.781166 0.000000 -0.624323 0.939375 0.939375 0.939375
3786.179932 0.000000 4203.430176 0.000000 0.075986 0.000000 0.997109 0.377765 0.377765 0.377765
3809.599609 0.000000 4191.588379 0.000000 0.851045 0.000000 0.525093 0.555398 0.555398 0.555398
3796.722656 0.000000 4205.119629 0.000000 0.804799 0.000000 -0.593548 0.834479 0.834479 0.834479
3805.382080 0.000000 4198.956543 0.000000 0.975117 0.000000 -0.221692 0.785579 0.785579 0.785579
3784.581299 0.000000 4209.126465 0.000000 0.652467 0.000000 -0.757817 0.816018 0.816018 0.816018
3787.465576 0.000000 4219.256348 0.000000 0.932978 0.000000 -0.359935 0.801017 0.801017 0.801017
3817.773438 0.000000 4186.480957 0.000000 0.042219 0.000000 0.999108 0.020164 0.020164 0.020164
3776.224121 0.000000 4205.509766 0.000000 0.985230 0.000000 0.171238 0.689746 0.689746 0.689746
3787.102783 0.000000 4216.572266 0.000000 0.779654 0.000000 0.626211 0.491526 0.491526 0.491526
3794.251221 0.000000 4206.989258 0.000000 0.642922 0.000000 -0.765932 0.983613 0.983613 0.983613
3787.687012 0.000000 4206.744141 0.000000 0.091014 0.000000 0.995850 0.459095 0.459095 0.459095
3799.821045 0.000000 4207.663574 0.000000 0.563890 0.000000 0.825850 0.544404 0.544404 0.544404
3802.547119 0.000000 4198.478027 0.000000 0.383291 0.000000 0.923628 0.611107 0.611107 0.611107
3780.377441 0.000000 4212.895996 0.000000 0.086486 0.000000 0.996253 0.533235 0.533235 0.533235
3809.426758 0.000000 4199.757812 0.000000 0.994816 0.000000 -0.101688 0.770408 0.770408 0.770408
3794.362549 0.000000 4213.380371 0.000000 0.561379 0.000000 -0.827559 0.892360 0.892360 0.892360
3791.523926 0.000000 4205.680176 0.000000 0.391405 0.000000 -0.920218 0.828774 0.828774 0.828774
3804.521484 0.000000 4193.534668 0.000000 0.868791 0.000000 0.495179 0.718961 0.718961 0.718961
3779.801270 0.000000 4215.285645 0.000000 0.960690 0.000000 -0.277623 0.796353 0.796353 0.796353
3806.601807 0.000000 4195.541504 0.000000 0.230697 0.000000 0.973026 0.171278 0.171278 0.171278
3801.229980 0.000000 4202.233398 0.000000 0.875193 0.000000 0.483773 0.667742 0.667742 0.667742
3790.089600 0.000000 4209.976562 0.000000 0.027777 0.000000 0.999614 0.241508 0.241508 0.241508
3798.393799 0.000000 4203.452637 0.000000 0.610367 0.000000 -0.792118 0.987953 0.987953 0.987953
3806.311768 0.000000 4203.882812 0.000000 0.477748 0.000000 -0.878497 0.838376 0.838376 0.838376
3782.619629 0.000000 4204.123535 0.000000 0.784397 0.000000 0.620259 0.430541 0.430541 0.430541
3798.861328 0.000000 4209.598633 0.000000 0.433099 0.000000 -0.901346 0.924505 0.924505 0.924505
3778.147461 0.000000 4204.262207 0.000000 0.990290 0.000000 0.139017 0.683409 0.683409 0.683409
3817.780762 0.000000 4191.428711 0.000000 0.875872 0.000000 -0.482543 0.880115 0.880115 0.880115
3812.830566 0.000000 4187.335449 0.000000 0.949946 0.000000 0.312415 0.706570 0.706570 0.706570
3776.676758 0.000000 4209.625000 0.000000 0.698831 0.000000 0.715287 0.369444 0.369444 0.369444
3779.577148 0.000000 4209.090820 0.000000 0.918525 0.000000 -0.395363 0.944072 0.944072 0.944072
3805.351562 0.000000 4201.549805 0.000000 0.887928 0.000000 -0.459983 0.826072 0.826072 0.826072
3819.471924 0.000000 4187.770508 0.000000 0.643326 0.000000 0.765592 0.439793 0.439793 0.439793
3798.758545 0.000000 4205.750977 0.000000 0.685442 0.000000 -0.728127 1.017244 1.017244 1.017244
3779.421875 0.000000 4206.330566 0.000000 0.994916 0.000000 -0.100712 0.798168 0.798168 0.798168
3807.862793 0.000000 4190.228516 0.000000 0.734739 0.000000 -0.678349 0.994284 0.994284 0.994284
3807.382812 0.000000 4199.509277 0.000000 0.989784 0.000000 0.142577 0.683835 0.683835 0.683835
3809.779053 0.000000 4189.483887 0.000000 0.797359 0.000000 -0.603506 0.902853 0.902853 0.902853
3811.760742 0.000000 4191.398926 0.000000 0.723707 0.000000 -0.690108 0.808470 0.808470 0.808470
3816.233887 0.000000 4188.239746 0.000000 0.960588 0.000000 0.277975 0.615505 0.615505 0.615505
3792.088379 0.000000 4210.547363 0.000000 0.938956 0.000000 0.344036 0.667798 0.667798 0.667798
3785.858643 0.000000 4207.518555 0.000000 0.957977 0.000000 -0.286844 0.888909 0.888909 0.888909
3781.179443 0.000000 4202.559570 0.000000 0.646003 0.000000 0.763335 0.411768 0.411768 0.411768
3778.721191 0.000000 4218.707031 0.000000 0.213819 0.000000 -0.976873 1.285456 1.285456 1.285456
3785.085205 0.000000 4201.712402 0.000000 0.999563 0.000000 0.029566 0.747066 0.747066 0.747066
3796.369141 0.000000 4209.985352 0.000000 0.547014 0.000000 0.837123 0.276353 0.276353 0.276353
3786.236816 0.000000 4205.366699 0.000000 0.339097 0.000000 -0.940752 1.055023 1.055023 1.055023
3784.292969 0.000000 4220.200195 0.000000 0.467394 0.000000 -0.884049 1.133773 1.133773 1.133773
3783.186768 0.000000 4207.873535 0.000000 0.995156 0.000000 0.098305 0.702987 0.702987 0.702987
3808.283691 0.000000 4194.457031 0.000000 0.616267 0.000000 -0.787537 1.182966 1.182966 1.182966
3782.150879 0.000000 4205.972168 0.000000 0.769131 0.000000 0.639092 0.418966 0.418966 0.418966
3810.962158 0.000000 4193.118164 0.000000 0.040341 0.000000 -0.999186 1.291602 1.291602 1.291602
3806.381836 0.000000 4188.560547 0.000000 0.519596 0.000000 0.854412 0.631076 0.631076 0.631076
3814.381836 0.000000 4188.430664 0.000000 0.556916 0.000000 0.830569 0.282023 0.282023 0.282023
3784.291016 0.000000 4203.329102 0.000000 0.994990 0.000000 0.099977 0.702184 0.702184 0.702184
3781.586914 0.000000 4216.112793 0.000000 0.958716 0.000000 -0.284365 0.815868 0.815868 0.815868
3795.102539 0.000000 4208.628418 0.000000 0.602179 0.000000 -0.798361 1.191449 1.191449 1.191449
3800.778809 0.000000 4198.170410 0.000000 0.990335 0.000000 -0.138695 0.789080 0.789080 0.789080
3780.416016 0.000000 4210.667480 0.000000 0.986341 0.000000 0.164717 0.729551 0.729551 0.729551
3776.549561 0.000000 4215.735840 0.000000 0.970368 0.000000 -0.241632 0.814431 0.814431 0.814431
3813.194824 0.000000 4190.321777 0.000000 0.858824 0.000000 -0.512270 0.840633 0.840633 0.840633
3805.730957 0.000000 4197.115723 0.000000 0.978931 0.000000 0.204193 0.715346 0.715346 0.715346
3814.494141 0.000000 4191.952148 0.000000 0.927574 0.000000 -0.373639 0.864720 0.864720 0.864720
3790.574463 0.000000 4213.853516 0.000000 0.619489 0.000000 -0.785005 1.084666 1.084666 1.084666
3795.060303 0.000000 4205.449707 0.000000 0.097245 0.000000 -0.995260 0.923805 0.923805 0.923805
3793.329590 0.000000 4211.856934 0.000000 0.613353 0.000000 0.789809 0.536897 0.536897 0.536897
3795.736572 0.000000 4211.584961 0.000000 0.002546 0.000000 -0.999997 1.469420 1.469420 1.469420
3780.444580 0.000000 4219.346680 0.000000 0.451152 0.000000 -0.892447 0.942025 0.942025 0.942025
3796.200684 0.000000 4206.712402 0.000000 0.288283 0.000000 -0.957545 1.161703 1.161703 1.161703
3809.240723 0.000000 4196.234863 0.000000 0.937772 0.000000 -0.347253 0.827028 0.827028 0.827028
3776.327637 0.000000 4207.174805 0.000000 0.587423 0.000000 0.809280 0.299786 0.299786 0.299786
3816.552734 0.000000 4190.197266 0.000000 0.938081 0.000000 -0.346416 0.841406 0.841406 0.841406
3787.843994 0.000000 4203.441895 0.000000 0.811302 0.000000 0.584627 0.594500 0.594500 0.594500
3777.831299 0.000000 4206.024902 0.000000 0.999340 0.000000 -0.036328 0.767349 0.767349 0.767349
3790.662109 0.000000 4211.541992 0.000000 0.355131 0.000000 -0.934816 1.310824 1.310824 1.310824
3781.601318 0.000000 4209.228516 0.000000 0.715374 0.000000 0.698742 0.380615 0.380615 0.380615
3803.840332 0.000000 4199.423828 0.000000 0.767305 0.000000 0.641283 0.667879 0.667879 0.667879
3801.754639 0.000000 4200.577637 0.000000 0.115861 0.000000 -0.993265 1.226656 1.226656 1.226656
3778.014160 0.000000 4202.660645 0.000000 0.795617 0.000000 0.605800 0.609871 0.609871 0.609871
3808.875732 0.000000 4192.984863 0.000000 0.154948 0.000000 0.987923 0.074282 0.074282 0.074282
3787.124268 0.000000 4202.040527 0.000000 0.258082 0.000000 0.966123 0.423830 0.423830 0.423830
3781.040283 0.000000 4214.306641 0.000000 0.996695 0.000000 -0.081233 0.777409 0.777409 0.777409
3786.377197 0.000000 4218.120117 0.000000 0.506081 0.000000 0.862486 0.605877 0.605877 0.605877
3776.060547 0.000000 4214.206055 0.000000 0.510510 0.000000 0.859872 0.476745 0.476745 0.476745
3804.165283 0.000000 4197.883789 0.000000 0.928685 0.000000 0.370870 0.685973 0.685973 0.685973
3792.540771 0.000000 4206.897461 0.000000 0.989756 0.000000 -0.142767 0.774946 0.774946 0.774946
3806.705566 0.000000 4191.560547 0.000000 0.795108 0.000000 -0.606468 0.963514 0.963514 0.963514
3787.711670 0.000000 4205.044434 0.000000 0.587865 0.000000 -0.808959 0.984681 0.984681 0.984681
3813.608887 0.000000 4186.017090 0.000000 0.922127 0.000000 0.386887 0.695701 0.695701 0.695701
3779.402832 0.000000 4203.188477 0.000000 0.977858 0.000000 -0.209269 0.795397 0.795397 0.795397
3819.211914 0.000000 4186.134766 0.000000 0.975375 0.000000 0.220552 0.670886 0.670886 0.670886
3785.735107 0.000000 4219.574219 0.000000 0.403499 0.000000 0.914980 0.416822 0.416822 0.416822
3783.128662 0.000000 4209.417969 0.000000 0.643373 0.000000 0.765553 0.500219 0.500219 0.500219
3799.916016 0.000000 4203.141113 0.000000 0.310133 0.000000 -0.950693 1.076753 1.076753 1.076753
3798.375732 0.000000 4207.229004 0.000000 0.002401 0.000000 -0.999997 1.081845 1.081845 1.081845
3778.342773 0.000000 4215.545898 0.000000 0.858230 0.000000 -0.513264 0.838810 0.838810 0.838810
3806.039307 0.000000 4200.279297 0.000000 0.919273 0.000000 0.393621 0.679551 0.679551 0.679551
3778.090088 0.000000 4209.317383 0.000000 0.940251 0.000000 -0.340482 0.915885 0.915885 0.915885
3785.010254 0.000000 4204.622070 0.000000 0.858892 0.000000 0.512156 0.493270 0.493270 0.493270
3781.541260 0.000000 4212.027832 0.000000 0.984867 0.000000 0.173314 0.724559 0.724559 0.724559
3781.683350 0.000000 4218.542969 0.000000 0.770626 0.000000 0.637288 0.629678 0.629678 0.629678
3806.763672 0.000000 4198.157715 0.000000 0.936827 0.000000 -0.349794 0.915270 0.915270 0.915270
3793.469238 0.000000 4205.805176 0.000000 0.376667 0.000000 -0.926349 1.206920 1.206920 1.206920
3777.102783 0.000000 4210.951172 0.000000 0.263937 0.000000 -0.964540 1.372468 1.372468 1.372468
3780.758789 0.000000 4205.763672 0.000000 0.644021 0.000000 0.765008 0.334102 0.334102 0.334102
3815.798584 0.000000 4191.361816 0.000000 0.907775 0.000000 0.419458 0.620325 0.620325 0.620325
3808.127930 0.000000 4191.565918 0.000000 0.451233 0.000000 0.892406 0.361853 0.361853 0.361853
3783.695557 0.000000 4204.947754 0.000000 0.995831 0.000000 0.091220 0.706385 0.706385 0.706385
3790.541504 0.000000 4208.667969 0.000000 0.209342 0.000000 -0.977842 1.198145 1.198145 1.198145
3776.100098 0.000000 4204.115723 0.000000 0.541703 0.000000 0.840570 0.400442 0.400442 0.400442
3807.924561 0.000000 4195.792969 0.000000 0.950541 0.000000 0.310600 0.613397 0.613397 0.613397
3779.303711 0.000000 4207.779297 0.000000 0.488090 0.000000 0.872793 0.243459 0.243459 0.243459
3779.648438 0.000000 4211.776855 0.000000 0.443479 0.000000 0.896285 0.417064 0.417064 0.417064
3791.226318 0.000000 4207.145508 0.000000 0.261354 0.000000 -0.965243 1.014175 1.014175 1.014175
3808.520996 0.000000 4198.783691 0.000000 0.108273 0.000000 -0.994121 1.042971 1.042971 1.042971
3801.488037 0.000000 4199.269043 0.000000 0.598345 0.000000 0.801238 0.488978 0.488978 0.488978
3818.138184 0.000000 4187.732422 0.000000 0.182192 0.000000 -0.983263 1.243643 1.243643 1.243643
3797.503662 0.000000 4206.247070 0.000000 0.989168 0.000000 0.146785 0.702556 0.702556 0.702556
3784.445312 0.000000 4207.466797 0.000000 0.636067 0.000000 0.771634 0.329160 0.329160 0.329160
3816.187012 0.000000 4186.893066 0.000000 0.926702 0.000000 0.375798 0.566053 0.566053 0.566053
3806.175293 0.000000 4194.121582 0.000000 0.322276 0.000000 -0.946646 1.287486 1.287486 1.287486
3806.997803 0.000000 4196.900879 0.000000 0.719440 0.000000 -0.694555 1.116598 1.116598 1.116598
3776.111816 0.000000 4208.445312 0.000000 0.989197 0.000000 -0.146591 0.820245 0.820245 0.820245
3781.548340 0.000000 4204.779297 0.000000 0.453220 0.000000 -0.891399 1.275413 1.275413 1.275413
3792.530762 0.000000 4204.880859 0.000000 0.507029 0.000000 0.861929 0.349216 0.349216 0.349216
3782.411865 0.000000 4202.839355 0.000000 0.917305 0.000000 0.398185 0.554460 0.554460 0.554460
3798.158203 0.000000 4202.217773 0.000000 0.264954 0.000000 0.964261 0.410968 0.410968 0.410968
3818.590576 0.000000 4190.469238 0.000000 0.759399 0.000000 0.650625 0.608072 0.608072 0.608072
3779.104980 0.000000 4205.073730 0.000000 0.896928 0.000000 0.442176 0.531310 0.531310 0.531310
3791.290039 0.000000 4209.613770 0.000000 0.545336 0.000000 -0.838217 1.077569 1.077569 1.077569
3800.450195 0.000000 4201.128418 0.000000 0.387927 0.000000 -0.921690 1.134168 1.134168 1.134168
3797.556396 0.000000 4209.225586 0.000000 0.999783 0.000000 -0.020827 0.759945 0.759945 0.759945
3815.451904 0.000000 4189.166992 0.000000 0.618467 0.000000 0.785810 0.318369 0.318369 0.318369
3799.271729 0.000000 4204.400391 0.000000 0.731403 0.000000 0.681946 0.504109 0.504109 0.504109
3809.081787 0.000000 4190.457031 0.000000 0.643710 0.000000 0.765270 0.443234 0.443234 0.443234
3790.335693 0.000000 4212.695801 0.000000 0.333383 0.000000 0.942791 0.293657 0.293657 0.293657
3780.448486 0.000000 4216.466797 0.000000 0.379020 0.000000 0.925389 0.479977 0.479977 0.479977
3783.208496 0.000000 4206.694336 0.000000 0.961307 0.000000 -0.275478 0.883254 0.883254 0.883254
3785.518555 0.000000 4206.325684 0.000000 0.839267 0.000000 -0.543720 1.024477 1.024477 1.024477
3808.555176 0.000000 4189.311523 0.000000 0.295811 0.000000 0.955246 0.450261 0.450261 0.450261
3795.977783 0.000000 4207.872559 0.000000 0.977513 0.000000 0.210876 0.693110 0.693110 0.693110
3809.858154 0.000000 4193.581055 0.000000 0.879805 0.000000 0.475334 0.513491 0.513491 0.513491
3784.850586 0.000000 4221.243164 0.000000 0.610438 0.000000 -0.792064 1.073516 1.073516 1.073516
3777.788574 0.000000 4211.890137 0.000000 0.646179 0.000000 0.763186 0.335451 0.335451 0.335451
3779.346191 0.000000 4210.239258 0.000000 0.659395 0.000000 -0.751797 1.004882 1.004882 1.004882
3777.130859 0.000000 4204.790527 0.000000 0.767088 0.000000 -0.641542 0.993876 0.993876 0.993876
3781.202393 0.000000 4203.692871 0.000000 0.671091 0.000000 -0.741375 1.075246 1.075246 1.075246
3780.396484 0.000000 4206.893066 0.000000 0.999092 0.000000 0.042599 0.729654 0.729654 0.729654
3814.045654 0.000000 4189.577637 0.000000 0.734266 0.000000 0.678862 0.393710 0.393710 0.393710
3782.146484 0.000000 4207.081055 0.000000 0.607347 0.000000 -0.794437 1.188351 1.188351 1.188351
3792.919678 0.000000 4212.932129 0.000000 0.383428 0.000000 0.923571 0.430366 0.430366 0.430366
3776.843262 0.000000 4213.344727 0.000000 0.977208 0.000000 0.212283 0.682711 0.682711 0.682711
3787.445557 0.000000 4217.685547 0.000000 0.323742 0.000000 0.946145 0.275929 0.275929 0.275929
3784.039062 0.000000 4202.240723 0.000000 0.188631 0.000000 0.982048 0.090608 0.090608 0.090608
3780.596680 0.000000 4208.585449 0.000000 0.988643 0.000000 -0.150286 0.822029 0.822029 0.822029
3779.792725 0.000000 4218.462402 0.000000 0.206075 0.000000 -0.978536 1.288585 1.288585 1.288585
3782.144775 0.000000 4208.213379 0.000000 0.165465 0.000000 0.986216 0.347621 0.347621 0.347621
3811.997314 0.000000 4192.470215 0.000000 0.969759 0.000000 0.244065 0.662748 0.662748 0.662748
3816.788818 0.000000 4191.926758 0.000000 0.164076 0.000000 -0.986448 1.113294 1.113294 1.113294
3815.241699 0.000000 4187.728027 0.000000 0.968333 0.000000 0.249661 0.645585 0.645585 0.645585
3807.172119 0.000000 4194.595703 0.000000 0.699792 0.000000 -0.714347 1.094158 1.094158 1.094158
3799.823486 0.000000 4205.556641 0.000000 0.764789 0.000000 -0.644281 0.979398 0.979398 0.979398
3796.438965 0.000000 4208.899902 0.000000 0.119643 0.000000 0.992817 0.057263 0.057263 0.057263
3817.065918 0.000000 4187.537598 0.000000 0.542482 0.000000 -0.840068 1.226227 1.226227 1.226227
3777.300293 0.000000 4208.604980 0.000000 0.449863 0.000000 0.893098 0.222791 0.222791 0.222791
3809.136230 0.000000 4195.115723 0.000000 0.739351 0.000000 0.673320 0.397301 0.397301 0.397301
3816.892090 0.000000 4189.111816 0.000000 0.906712 0.000000 -0.421750 0.957876 0.957876 0.957876
3814.081299 0.000000 4190.880371 0.000000 0.202446 0.000000 -0.979293 1.159516 1.159516 1.159516
3807.951660 0.000000 4193.465820 0.000000 0.887046 0.000000 0.461682 0.543333 0.543333 0.543333
3795.374512 0.000000 4209.644531 0.000000 0.631958 0.000000 -0.775002 1.173377 1.173377 1.173377
3778.779053 0.000000 4219.744629 0.000000 0.781915 0.000000 0.623386 0.484086 0.484086 0.484086
3776.016113 0.000000 4210.573242 0.000000 0.127095 0.000000 -0.991891 1.439152 1.439152 1.439152
3780.836182 0.000000 4215.407227 0.000000 0.852625 0.000000 -0.522523 0.935304 0.935304 0.935304
3778.548584 0.000000 4206.920410 0.000000 0.214120 0.000000 0.976807 0.103033 0.103033 0.103033
3785.189453 0.000000 4202.809082 0.000000 0.942239 0.000000 -0.334943 0.913075 0.913075 0.913075
3806.403564 0.000000 4199.183594 0.000000 0.659154 0.000000 0.752008 0.356377 0.356377 0.356377
3790.918457 0.000000 4210.561035 0.000000 0.467963 0.000000 0.883748 0.246723 0.246723 0.246723
3783.288574 0.000000 4203.350098 0.000000 0.448856 0.000000 -0.893604 1.277747 1.277747 1.277747
3777.834229 0.000000 4213.228516 0.000000 0.602095 0.000000 0.798424 0.459130 0.459130 0.459130
3809.871338 0.000000 4192.561035 0.000000 0.959543 0.000000 0.281564 0.613720 0.613720 0.613720
3777.297119 0.000000 4206.934570 0.000000 0.999925 0.000000 0.012253 0.744149 0.744149 0.744149
3780.410156 0.000000 4209.623535 0.000000 0.983612 0.000000 0.180296 0.663441 0.663441 0.663441
3782.644531 0.000000 4205.116699 0.000000 0.351355 0.000000 -0.936242 1.328582 1.328582 1.328582
3807.716553 0.000000 4192.458008 0.000000 0.854340 0.000000 0.519714 0.514640 0.514640 0.514640
3794.263916 0.000000 4209.502441 0.000000 0.438111 0.000000 0.898921 0.216528 0.216528 0.216528
3781.347412 0.000000 4206.547363 0.000000 0.648620 0.000000 -0.761112 1.163020 1.163020 1.163020
3794.127441 0.000000 4208.419434 0.000000 0.486571 0.000000 0.873641 0.242629 0.242629 0.242629
3795.479980 0.000000 4210.623535 0.000000 0.938287 0.000000 -0.345859 0.912006 0.912006 0.912006
3781.721924 0.000000 4215.020508 0.000000 0.584984 0.000000 0.811045 0.431188 0.431188 0.431188
3778.741455 0.000000 4208.605957 0.000000 0.791908 0.000000 -0.610641 1.063632 1.063632 1.063632
3816.821289 0.000000 4186.149414 0.000000 0.999593 0.000000 -0.028544 0.763631 0.763631 0.763631
3777.818604 0.000000 4210.238770 0.000000 0.999803 0.000000 -0.019862 0.759484 0.759484 0.759484
3815.677246 0.000000 4186.026855 0.000000 0.989843 0.000000 0.142162 0.690973 0.690973 0.690973
3779.357910 0.000000 4204.165527 0.000000 0.456918 0.000000 -0.889509 1.273430 1.273430 1.273430
3818.664551 0.000000 4186.942871 0.000000 0.560754 0.000000 -0.827982 1.097042 1.097042 1.097042
3780.408203 0.000000 4203.167480 0.000000 0.346414 0.000000 0.938082 0.276006 0.276006 0.276006
3807.653564 0.000000 4198.453125 0.000000 0.271135 0.000000 0.962541 0.150515 0.150515 0.150515
3785.336914 0.000000 4220.455566 0.000000 0.995931 0.000000 -0.090122 0.781936 0.781936 0.781936
3817.510498 0.000000 4188.408203 0.000000 0.584296 0.000000 -0.811541 1.202056 1.202056 1.202056
3785.293457 0.000000 4203.746094 0.000000 0.417685 0.000000 0.908592 0.205737 0.205737 0.205737
3785.974365 0.000000 4204.430664 0.000000 0.639912 0.000000 -0.768448 1.168456 1.168456 1.168456
3809.054443 0.000000 4193.989258 0.000000 0.934820 0.000000 -0.355123 0.923341 0.923341 0.923341
3787.982422 0.000000 4216.864258 0.000000 0.849238 0.000000 -0.528010 0.962474 0.962474 0.962474
3783.488281 0.000000 4205.827148 0.000000 0.558544 0.000000 0.829475 0.282960 0.282960 0.282960
3794.065674 0.000000 4211.290527 0.000000 0.036532 0.000000 0.999332 0.046174 0.046174 0.046174
3778.159424 0.000000 4205.177734 0.000000 0.869624 0.000000 0.493715 0.503458 0.503458 0.503458
3776.786865 0.000000 4206.213867 0.000000 0.726645 0.000000 -0.687013 1.111618 1.111618 1.111618
3785.160645 0.000000 4205.512207 0.000000 0.625000 0.000000 -0.780625 1.177648 1.177648 1.177648
3776.352295 0.000000 4211.421875 0.000000 0.941037 0.000000 -0.338304 0.914780 0.914780 0.914780
3780.211914 0.000000 4207.778320 0.000000 0.365278 0.000000 -0.930898 1.321461 1.321461 1.321461
3809.885498 0.000000 4195.644043 0.000000 0.826267 0.000000 -0.563278 1.035690 1.035690 1.035690
3779.916992 0.000000 4205.454102 0.000000 0.897604 0.000000 0.440803 0.532040 0.532040 0.532040
3784.200439 0.000000 4204.202637 0.000000 0.980124 0.000000 0.198388 0.654644 0.654644 0.654644
3797.981201 0.000000 4208.382324 0.000000 0.857490 0.000000 -0.514500 1.008034 1.008034 1.008034
3806.259277 0.000000 4196.419922 0.000000 0.846941 0.000000 -0.531688 1.017663 1.017663 1.017663
3777.011475 0.000000 4207.752930 0.000000 0.992438 0.000000 -0.122744 0.808754 0.808754 0.808754
3808.917480 0.000000 4192.118164 0.000000 0.978240 0.000000 -0.207475 0.849787 0.849787 0.849787
3791.476318 0.000000 4211.264160 0.000000 0.441262 0.000000 0.897378 0.232802 0.232802 0.232802
3778.704834 0.000000 4205.837891 0.000000 0.998558 0.000000 0.053685 0.724355 0.724355 0.724355
3794.929443 0.000000 4211.254883 0.000000 0.626851 0.000000 -0.779139 1.159789 1.159789 1.159789
3783.229492 0.000000 4202.495117 0.000000 0.850010 0.000000 -0.526767 1.014894 1.014894 1.014894
3778.869629 0.000000 4209.570312 0.000000 0.591533 0.000000 0.806281 0.302216 0.302216 0.302216
3785.099121 0.000000 4207.016602 0.000000 0.878466 0.000000 0.477805 0.512149 0.512149 0.512149
3871.008057 0.000000 4068.138428 0.000000 0.471386 0.000000 0.881927 0.286943 0.286943 0.286943
3872.116455 0.000000 4059.508301 0.000000 0.184609 0.000000 0.982812 0.265012 0.265012 0.265012
3865.497803 0.000000 4084.978760 0.000000 0.092457 0.000000 -0.995717 1.084905 1.084905 1.084905
3875.661377 0.000000 4063.116699 0.000000 0.923971 0.000000 0.382464 0.699295 0.699295 0.699295
3869.750488 0.000000 4077.706787 0.000000 0.474118 0.000000 0.880462 0.566519 0.566519 0.566519
3865.220947 0.000000 4089.629150 0.000000 0.619879 0.000000 0.784698 0.630059 0.630059 0.630059
3871.454346 0.000000 4063.792725 0.000000 0.215024 0.000000 0.976609 0.575058 0.575058 0.575058
3874.974365 0.000000 4070.645752 0.000000 0.286049 0.000000 -0.958215 1.260772 1.260772 1.260772
3867.550537 0.000000 4081.264648 0.000000 0.396220 0.000000 -0.918156 1.213991 1.213991 1.213991
3874.316162 0.000000 4066.715088 0.000000 0.808324 0.000000 0.588738 0.696960 0.696960 0.696960
3866.755859 0.000000 4078.402588 0.000000 0.998315 0.000000 -0.058023 0.754457 0.754457 0.754457
3867.184326 0.000000 4087.180908 0.000000 0.398808 0.000000 -0.917034 0.893423 0.893423 0.893423
3866.030518 0.000000 4092.287842 0.000000 0.091559 0.000000 -0.995800 0.974329 0.974329 0.974329
3868.721191 0.000000 4069.627686 0.000000 0.404342 0.000000 -0.914608 1.087236 1.087236 1.087236
3873.426758 0.000000 4061.757568 0.000000 0.999897 0.000000 0.014363 0.745939 0.745939 0.745939
3865.237793 0.000000 4082.433594 0.000000 0.886056 0.000000 -0.463578 0.798738 0.798738 0.798738
3873.718750 0.000000 4064.427490 0.000000 0.760373 0.000000 0.649487 0.636168 0.636168 0.636168
3867.281494 0.000000 4083.622314 0.000000 0.925812 0.000000 -0.377985 0.882818 0.882818 0.882818
3874.322021 0.000000 4059.661621 0.000000 0.829683 0.000000 0.558235 0.708969 0.708969 0.708969
3863.027588 0.000000 4089.527344 0.000000 0.635759 0.000000 0.771887 0.467662 0.467662 0.467662
3868.054199 0.000000 4071.864014 0.000000 0.396459 0.000000 -0.918053 0.969966 0.969966 0.969966
3873.870850 0.000000 4068.841064 0.000000 0.653667 0.000000 0.756782 0.561954 0.561954 0.561954
3871.382812 0.000000 4061.509033 0.000000 0.984970 0.000000 0.172726 0.736348 0.736348 0.736348
3875.895752 0.000000 4068.008545 0.000000 0.836340 0.000000 0.548211 0.497951 0.497951 0.497951
3872.394775 0.000000 4066.164795 0.000000 0.709983 0.000000 -0.704219 0.843629 0.843629 0.843629
3867.018555 0.000000 4090.485107 0.000000 0.349177 0.000000 0.937057 0.649975 0.649975 0.649975
3872.283691 0.000000 4056.456787 0.000000 0.250130 0.000000 0.968212 0.389701 0.389701 0.389701
3868.255371 0.000000 4079.518799 0.000000 0.867701 0.000000 -0.497087 0.974043 0.974043 0.974043
3875.409180 0.000000 4061.281738 0.000000 0.999919 0.000000 -0.012704 0.752212 0.752212 0.752212
3869.095947 0.000000 4074.719482 0.000000 0.111397 0.000000 0.993776 0.326515 0.326515 0.326515
3864.597168 0.000000 4091.249512 0.000000 0.357240 0.000000 -0.934012 1.325577 1.325577 1.325577
3865.528076 0.000000 4087.854248 0.000000 0.500746 0.000000 0.865594 0.571715 0.571715 0.571715
3873.240723 0.000000 4058.234619 0.000000 0.927132 0.000000 -0.374735 0.884493 0.884493 0.884493
3864.798828 0.000000 4093.443604 0.000000 0.851108 0.000000 -0.524990 0.931105 0.931105 0.931105
3867.067139 0.000000 4085.336914 0.000000 0.034572 0.000000 0.999402 0.442222 0.442222 0.442222
3862.614014 0.000000 4091.066406 0.000000 0.162061 0.000000 -0.986781 1.029457 1.029457 1.029457
3868.240967 0.000000 4077.960938 0.000000 0.998494 0.000000 -0.054868 0.759354 0.759354 0.759354
3868.789062 0.000000 4073.216309 0.000000 0.974521 0.000000 0.224297 0.668673 0.668673 0.668673
3869.410645 0.000000 4076.215820 0.000000 0.260551 0.000000 0.965460 0.527266 0.527266 0.527266
3869.042725 0.000000 4081.381348 0.000000 0.716255 0.000000 -0.697839 0.930776 0.930776 0.930776
3865.048340 0.000000 4086.399414 0.000000 0.119910 0.000000 -0.992785 0.997166 0.997166 0.997166
3872.857178 0.000000 4063.139648 0.000000 0.037798 0.000000 0.999285 0.098422 0.098422 0.098422
3875.341797 0.000000 4069.310547 0.000000 0.035489 0.000000 0.999370 0.083067 0.083067 0.083067
3866.636963 0.000000 4082.313232 0.000000 0.353265 0.000000 -0.935523 1.164518 1.164518 1.164518
3871.320068 0.000000 4069.465088 0.000000 0.447340 0.000000 0.894364 0.275335 0.275335 0.275335
3869.990967 0.000000 4069.038818 0.000000 0.537047 0.000000 0.843552 0.456775 0.456775 0.456775
3869.392090 0.000000 4071.353027 0.000000 0.951271 0.000000 -0.308355 0.809280 0.809280 0.809280
3872.520996 0.000000 4060.783691 0.000000 0.758873 0.000000 -0.651239 0.950519 0.950519 0.950519
3869.489746 0.000000 4078.958740 0.000000 0.999496 0.000000 0.031753 0.736323 0.736323 0.736323
3865.849609 0.000000 4090.986328 0.000000 0.115941 0.000000 -0.993256 1.444517 1.444517 1.444517
3874.730957 0.000000 4071.896973 0.000000 0.108443 0.000000 0.994103 0.166864 0.166864 0.166864
3872.541016 0.000000 4069.002441 0.000000 0.758281 0.000000 0.651927 0.594432 0.594432 0.594432
3863.039551 0.000000 4088.329346 0.000000 0.338761 0.000000 -0.940872 1.142286 1.142286 1.142286
3866.137695 0.000000 4081.214600 0.000000 0.983917 0.000000 -0.178628 0.821626 0.821626 0.821626
3864.368408 0.000000 4085.308105 0.000000 0.985681 0.000000 -0.168621 0.788387 0.788387 0.788387
3864.139648 0.000000 4090.159668 0.000000 0.999587 0.000000 -0.028726 0.763718 0.763718 0.763718
3873.209961 0.000000 4059.890869 0.000000 0.527646 0.000000 -0.849464 1.105382 1.105382 1.105382
3872.365479 0.000000 4062.141602 0.000000 0.683441 0.000000 0.730006 0.402179 0.402179 0.402179
3873.136230 0.000000 4057.115479 0.000000 0.744592 0.000000 -0.667520 0.949800 0.949800 0.949800
3864.449219 0.000000 4092.427246 0.000000 0.920871 0.000000 -0.389867 0.881229 0.881229 0.881229
3869.031494 0.000000 4068.627197 0.000000 0.786214 0.000000 0.617955 0.555423 0.555423 0.555423
3865.817383 0.000000 4093.664551 0.000000 0.773948 0.000000 0.633249 0.525301 0.525301 0.525301
3869.232422 0.000000 4072.317383 0.000000 0.987358 0.000000 -0.158507 0.807225 0.807225 0.807225
3869.135742 0.000000 4079.900391 0.000000 0.873463 0.000000 0.486890 0.531001 0.531001 0.531001
3874.471680 0.000000 4069.840576 0.000000 0.303857 0.000000 0.952718 0.201763 0.201763 0.201763
3871.872559 0.000000 4068.345459 0.000000 0.211856 0.000000 -0.977301 1.331996 1.331996 1.331996
3875.535889 0.000000 4071.427734 0.000000 0.861635 0.000000 -0.507528 0.962299 0.962299 0.962299
3870.103271 0.000000 4068.175781 0.000000 0.399899 0.000000 -0.916559 1.247126 1.247126 1.247126
3865.210449 0.000000 4091.983887 0.000000 0.879422 0.000000 -0.476044 0.986894 0.986894 0.986894
3868.649902 0.000000 4078.710205 0.000000 0.995055 0.000000 -0.099326 0.792846 0.792846 0.792846
3865.120117 0.000000 4090.510742 0.000000 0.062340 0.000000 0.998055 0.029785 0.029785 0.029785
3849.853760 0.000000 4134.072266 0.000000 0.942704 0.000000 -0.333631 0.790125 0.790125 0.790125
3848.825439 0.000000 4126.309082 0.000000 0.368297 0.000000 -0.929708 1.062893 1.062893 1.062893
3863.946777 0.000000 4094.442871 0.000000 0.049295 0.000000 0.998784 0.467965 0.467965 0.467965
3844.531006 0.000000 4131.556641 0.000000 0.642328 0.000000 0.766430 0.656799 0.656799 0.656799
3856.112061 0.000000 4107.112793 0.000000 0.688224 0.000000 0.725498 0.712001 0.712001 0.712001
3864.115967 0.000000 4104.505371 0.000000 0.677032 0.000000 -0.735953 0.856855 0.856855 0.856855
3846.037842 0.000000 4137.622559 0.000000 0.900297 0.000000 -0.435277 0.781200 0.781200 0.781200
3850.052002 0.000000 4121.864258 0.000000 0.361714 0.000000 0.932289 0.664569 0.664569 0.664569
3857.678711 0.000000 4112.352051 0.000000 0.591538 0.000000 -0.806277 1.080129 1.080129 1.080129
3860.216064 0.000000 4097.416992 0.000000 0.613113 0.000000 -0.789995 0.964880 0.964880 0.964880
3855.878418 0.000000 4116.332520 0.000000 0.774056 0.000000 -0.633117 1.068351 1.068351 1.068351
3867.903076 0.000000 4095.876465 0.000000 0.119554 0.000000 -0.992828 1.027112 1.027112 1.027112
3862.870850 0.000000 4100.240723 0.000000 0.649587 0.000000 0.760288 0.353760 0.353760 0.353760
3860.271484 0.000000 4105.640137 0.000000 0.807928 0.000000 0.589281 0.609588 0.609588 0.609588
3848.030518 0.000000 4130.123535 0.000000 0.888326 0.000000 0.459213 0.522197 0.522197 0.522197
3843.906982 0.000000 4134.958984 0.000000 0.788908 0.000000 0.614511 0.690523 0.690523 0.690523
3853.170654 0.000000 4122.847656 0.000000 0.773605 0.000000 -0.633668 0.857941 0.857941 0.857941
3864.252930 0.000000 4107.946289 0.000000 0.872829 0.000000 -0.488027 0.873144 0.873144 0.873144
3855.257812 0.000000 4110.179199 0.000000 0.980564 0.000000 0.196200 0.739277 0.739277 0.739277
3864.574219 0.000000 4097.470703 0.000000 0.171294 0.000000 -0.985220 1.014504 1.014504 1.014504
3849.062500 0.000000 4137.906738 0.000000 0.995506 0.000000 -0.094698 0.774328 0.774328 0.774328
3846.729492 0.000000 4133.938477 0.000000 0.129952 0.000000 -0.991520 1.437777 1.437777 1.437777
3858.193359 0.000000 4109.255859 0.000000 0.400385 0.000000 -0.916347 1.071140 1.071140 1.071140
3851.465576 0.000000 4127.256348 0.000000 0.747994 0.000000 0.663705 0.591006 0.591006 0.591006
3846.194824 0.000000 4127.937012 0.000000 0.305007 0.000000 -0.952350 0.818464 0.818464 0.818464
3851.102783 0.000000 4124.572266 0.000000 0.345833 0.000000 -0.938296 0.946078 0.946078 0.946078
3842.429443 0.000000 4139.144531 0.000000 0.707590 0.000000 0.706624 0.504625 0.504625 0.504625
3860.941895 0.000000 4094.791016 0.000000 0.972095 0.000000 0.234588 0.722067 0.722067 0.722067
3853.061768 0.000000 4120.147949 0.000000 0.974037 0.000000 0.226391 0.707240 0.707240 0.707240
3861.688721 0.000000 4103.298828 0.000000 0.999983 0.000000 -0.005757 0.750463 0.750463 0.750463
3855.523926 0.000000 4113.680176 0.000000 0.026902 0.000000 -0.999638 0.851178 0.851178 0.851178
3847.375488 0.000000 4139.964844 0.000000 0.795241 0.000000 0.606294 0.654866 0.654866 0.654866
3850.046387 0.000000 4131.516602 0.000000 0.652101 0.000000 0.758132 0.611445 0.611445 0.611445
3854.089600 0.000000 4117.976562 0.000000 0.967000 0.000000 -0.254778 0.869627 0.869627 0.869627
3859.754639 0.000000 4110.994629 0.000000 0.092607 0.000000 0.995703 0.553505 0.553505 0.553505
3862.285156 0.000000 4106.717285 0.000000 0.969481 0.000000 -0.245167 0.848322 0.848322 0.848322
3862.449463 0.000000 4096.561523 0.000000 0.852936 0.000000 -0.522015 1.012229 1.012229 1.012229
3866.187256 0.000000 4094.004639 0.000000 0.997186 0.000000 0.074971 0.735668 0.735668 0.735668
3860.590088 0.000000 4099.686035 0.000000 0.532771 0.000000 0.846259 0.583757 0.583757 0.583757
3848.160156 0.000000 4135.802734 0.000000 0.822401 0.000000 0.568908 0.678612 0.678612 0.678612
3850.068604 0.000000 4129.014648 0.000000 0.350408 0.000000 0.936597 0.525187 0.525187 0.525187
3863.734375 0.000000 4102.314941 0.000000 0.995560 0.000000 -0.094129 0.782831 0.782831 0.782831
3858.268066 0.000000 4106.650391 0.000000 0.560062 0.000000 0.828451 0.483097 0.483097 0.483097
3843.820312 0.000000 4137.343262 0.000000 0.435048 0.000000 -0.900407 0.840232 0.840232 0.840232
3842.813477 0.000000 4132.802734 0.000000 0.489455 0.000000 0.872029 0.660742 0.660742 0.660742
3860.078613 0.000000 4107.669434 0.000000 0.999089 0.000000 0.042675 0.746483 0.746483 0.746483
3856.088379 0.000000 4118.547363 0.000000 0.486996 0.000000 0.873404 0.646583 0.646583 0.646583
3848.400146 0.000000 4132.690430 0.000000 0.726232 0.000000 0.687449 0.388095 0.388095 0.388095
3844.765381 0.000000 4139.079590 0.000000 0.428057 0.000000 -0.903752 1.238087 1.238087 1.238087
3845.794434 0.000000 4135.667969 0.000000 0.258366 0.000000 0.966047 0.244917 0.244917 0.244917
3848.292969 0.000000 4128.200195 0.000000 0.913123 0.000000 0.407684 0.582527 0.582527 0.582527
3861.989502 0.000000 4098.403809 0.000000 0.913215 0.000000 0.407479 0.680846 0.680846 0.680846
3863.387451 0.000000 4109.712402 0.000000 0.053179 0.000000 0.998585 0.590873 0.590873 0.590873
3861.223145 0.000000 4101.401855 0.000000 0.531401 0.000000 -0.847120 0.840823 0.840823 0.840823
3844.911133 0.000000 4133.392090 0.000000 0.119925 0.000000 -0.992783 1.271488 1.271488 1.271488
3864.778809 0.000000 4106.170410 0.000000 0.994449 0.000000 0.105223 0.724537 0.724537 0.724537
3852.894043 0.000000 4124.687500 0.000000 0.950922 0.000000 0.309430 0.708767 0.708767 0.708767
3857.015869 0.000000 4110.695801 0.000000 0.821227 0.000000 -0.570602 1.039935 1.039935 1.039935
3856.492676 0.000000 4108.851074 0.000000 0.888745 0.000000 -0.458403 0.975584 0.975584 0.975584
3862.418457 0.000000 4104.859375 0.000000 0.244311 0.000000 0.969697 0.117843 0.117843 0.117843
3857.386963 0.000000 4117.116211 0.000000 0.957666 0.000000 -0.287881 0.811238 0.811238 0.811238
3863.832764 0.000000 4098.937012 0.000000 0.999676 0.000000 -0.025438 0.762147 0.762147 0.762147
3854.662109 0.000000 4119.541992 0.000000 0.309110 0.000000 0.951026 0.150047 0.150047 0.150047
3862.362549 0.000000 4094.073730 0.000000 0.734445 0.000000 0.678668 0.611725 0.611725 0.611725
3850.377197 0.000000 4126.120117 0.000000 0.704740 0.000000 0.709466 0.577209 0.577209 0.577209
3856.540771 0.000000 4114.897461 0.000000 0.309221 0.000000 0.950990 0.373594 0.373594 0.373594
3865.404785 0.000000 4098.750977 0.000000 0.320246 0.000000 -0.947334 0.948117 0.948117 0.948117
3852.670410 0.000000 4118.685547 0.000000 0.618356 0.000000 0.785899 0.457122 0.457122 0.457122
3863.926514 0.000000 4096.019531 0.000000 0.008766 0.000000 0.999962 0.004185 0.004185 0.004185
3859.870117 0.000000 4109.170410 0.000000 0.507311 0.000000 -0.861763 1.037851 1.037851 1.037851
3849.735107 0.000000 4127.574219 0.000000 0.999463 0.000000 -0.032760 0.758589 0.758589 0.758589
3850.739258 0.000000 4130.281250 0.000000 0.376835 0.000000 -0.926280 0.940724 0.940724 0.940724
3857.469238 0.000000 4113.805176 0.000000 0.989858 0.000000 0.142059 0.699824 0.699824 0.699824
3863.455322 0.000000 4105.788574 0.000000 0.886247 0.000000 0.463214 0.520044 0.520044 0.520044
3863.045654 0.000000 4103.653320 0.000000 0.271600 0.000000 -0.962410 1.201266 1.201266 1.201266
3848.912354 0.000000 4139.294434 0.000000 0.979940 0.000000 0.199294 0.695527 0.695527 0.695527
3854.541504 0.000000 4116.667969 0.000000 0.377863 0.000000 -0.925862 1.299479 1.299479 1.299479
3849.363281 0.000000 4130.279785 0.000000 0.796149 0.000000 0.605101 0.439699 0.439699 0.439699
3863.250488 0.000000 4097.644043 0.000000 0.315089 0.000000 -0.949062 1.346948 1.346948 1.346948
3860.976562 0.000000 4104.479004 0.000000 0.676033 0.000000 -0.736871 0.934588 0.934588 0.934588
3862.396484 0.000000 4102.015625 0.000000 0.597947 0.000000 -0.801536 1.073841 1.073841 1.073841
3853.291260 0.000000 4121.511719 0.000000 0.335750 0.000000 -0.941951 0.980006 0.980006 0.980006
3865.488037 0.000000 4107.269043 0.000000 0.998294 0.000000 0.058384 0.735890 0.735890 0.735890
3866.736328 0.000000 4095.297363 0.000000 0.265295 0.000000 0.964167 0.501281 0.501281 0.501281
3844.556885 0.000000 4136.219727 0.000000 0.959017 0.000000 0.283348 0.612832 0.612832 0.612832
3848.016113 0.000000 4131.443848 0.000000 0.809721 0.000000 0.586815 0.450572 0.450572 0.450572
3861.127930 0.000000 4096.255371 0.000000 0.070923 0.000000 0.997482 0.396158 0.396158 0.396158
3862.811035 0.000000 4095.332764 0.000000 0.711814 0.000000 0.702368 0.605650 0.605650 0.605650
3858.811035 0.000000 4108.125488 0.000000 0.998085 0.000000 0.061863 0.732846 0.732846 0.732846
3857.342529 0.000000 4115.861816 0.000000 0.648765 0.000000 -0.760988 1.009092 1.009092 1.009092
3847.010986 0.000000 4135.204590 0.000000 0.230492 0.000000 -0.973074 1.140887 1.140887 1.140887
3856.530762 0.000000 4112.880859 0.000000 0.935628 0.000000 -0.352987 0.876993 0.876993 0.876993
3849.591797 0.000000 4136.773926 0.000000 0.372427 0.000000 -0.928062 1.055047 1.055047 1.055047
3845.398193 0.000000 4134.485840 0.000000 0.935772 0.000000 0.352604 0.611006 0.611006 0.611006
3855.290039 0.000000 4117.613770 0.000000 0.979175 0.000000 -0.203020 0.844934 0.844934 0.844934
3861.542480 0.000000 4105.702148 0.000000 0.658341 0.000000 0.752720 0.560119 0.560119 0.560119
3843.482666 0.000000 4138.546875 0.000000 0.722315 0.000000 -0.691565 0.988789 0.988789 0.988789
3863.440186 0.000000 4107.045410 0.000000 0.528145 0.000000 -0.849154 1.152660 1.152660 1.152660
3847.201904 0.000000 4132.833984 0.000000 0.997539 0.000000 -0.070118 0.783506 0.783506 0.783506
3859.479004 0.000000 4106.606445 0.000000 0.997036 0.000000 0.076934 0.728948 0.728948 0.728948
3845.832031 0.000000 4132.593262 0.000000 0.976071 0.000000 -0.217453 0.828805 0.828805 0.828805
3844.021729 0.000000 4132.625977 0.000000 0.999099 0.000000 -0.042430 0.765258 0.765258 0.765258
3863.761963 0.000000 4101.050781 0.000000 0.170508 0.000000 0.985356 0.108015 0.108015 0.108015
3861.415771 0.000000 4097.375977 0.000000 0.808858 0.000000 0.588004 0.601701 0.601701 0.601701
3848.850586 0.000000 4129.243164 0.000000 0.576559 0.000000 -0.817056 1.131389 1.131389 1.131389
3844.832031 0.000000 4137.901855 0.000000 0.781213 0.000000 -0.624265 1.071902 1.071902 1.071902
3843.749268 0.000000 4139.619141 0.000000 0.072118 0.000000 0.997396 0.281394 0.281394 0.281394
3853.670654 0.000000 4119.098145 0.000000 0.986558 0.000000 0.163410 0.696828 0.696828 0.696828
3849.446289 0.000000 4132.442383 0.000000 0.984056 0.000000 -0.177858 0.835375 0.835375 0.835375
3856.708496 0.000000 4111.739746 0.000000 0.233399 0.000000 0.972381 0.112477 0.112477 0.112477
3862.786621 0.000000 4099.143066 0.000000 0.485783 0.000000 -0.874079 1.257802 1.257802 1.257802
3856.278076 0.000000 4109.911621 0.000000 0.962836 0.000000 -0.270088 0.879555 0.879555 0.879555
3862.145508 0.000000 4100.965820 0.000000 0.420204 0.000000 0.907430 0.228354 0.228354 0.228354
3849.048828 0.000000 4131.274902 0.000000 0.762937 0.000000 0.646473 0.414365 0.414365 0.414365
3845.581543 0.000000 4136.669922 0.000000 0.955608 0.000000 -0.294640 0.892800 0.892800 0.892800
3857.216797 0.000000 4109.559082 0.000000 0.565454 0.000000 0.824780 0.290580 0.290580 0.290580
3854.918457 0.000000 4118.561035 0.000000 0.306451 0.000000 -0.951886 1.351288 1.351288 1.351288
3849.076904 0.000000 4133.419922 0.000000 0.945294 0.000000 0.326219 0.591338 0.591338 0.591338
3857.956787 0.000000 4110.240234 0.000000 0.950587 0.000000 0.310458 0.599276 0.599276 0.599276
3863.846680 0.000000 4100.006836 0.000000 0.916846 0.000000 0.399240 0.561601 0.561601 0.561601
3856.093994 0.000000 4111.003906 0.000000 0.800618 0.000000 0.599175 0.443243 0.443243 0.443243
3844.822998 0.000000 4135.272949 0.000000 0.695162 0.000000 0.718854 0.440597 0.440597 0.440597
3845.812500 0.000000 4133.641113 0.000000 0.820983 0.000000 0.570953 0.531542 0.531542 0.531542
3849.336914 0.000000 4128.455566 0.000000 0.856295 0.000000 0.516486 0.533542 0.533542 0.533542
3847.622070 0.000000 4133.657715 0.000000 0.870875 0.000000 -0.491504 0.995329 0.995329 0.995329
3863.848877 0.000000 4096.925781 0.000000 0.156194 0.000000 -0.987726 1.425116 1.425116 1.425116
3862.542725 0.000000 4105.758789 0.000000 0.690615 0.000000 0.723222 0.363990 0.363990 0.363990
3845.594971 0.000000 4138.462402 0.000000 0.963462 0.000000 -0.267847 0.867283 0.867283 0.867283
3857.406738 0.000000 4108.721191 0.000000 0.893984 0.000000 0.448098 0.529892 0.529892 0.529892
3857.560547 0.000000 4111.441406 0.000000 0.273728 0.000000 -0.961807 1.367615 1.367615 1.367615
3863.344971 0.000000 4104.879883 0.000000 0.062695 0.000000 -0.998033 1.470046 1.470046 1.470046
3863.165527 0.000000 4101.654297 0.000000 0.914381 0.000000 -0.404854 0.941212 0.941212 0.941212
3855.476318 0.000000 4119.264160 0.000000 0.883280 0.000000 -0.468845 0.982995 0.982995 0.982995
3862.235840 0.000000 4097.594727 0.000000 0.645035 0.000000 0.764153 0.334736 0.334736 0.334736
3844.722900 0.000000 4137.070801 0.000000 0.225022 0.000000 -0.974354 1.391632 1.391632 1.391632
3847.448486 0.000000 4132.038086 0.000000 0.018406 0.000000 -0.999831 1.491211 1.491211 1.491211
3863.135010 0.000000 4096.131836 0.000000 0.653516 0.000000 -0.756913 1.159940 1.159940 1.159940
3863.203857 0.000000 4098.451660 0.000000 0.978108 0.000000 0.208096 0.649910 0.649910 0.649910
3846.442871 0.000000 4133.162598 0.000000 0.856757 0.000000 -0.515721 1.008714 1.008714 1.008714
3840.056885 0.000000 4140.552734 0.000000 0.042859 0.000000 0.999081 0.667034 0.667034 0.667034
3843.616943 0.000000 4143.821289 0.000000 0.061129 0.000000 0.998130 0.441895 0.441895 0.441895
3847.664062 0.000000 4151.259277 0.000000 0.853392 0.000000 -0.521269 0.818790 0.818790 0.818790
3844.912598 0.000000 4140.229492 0.000000 0.935044 0.000000 -0.354533 0.841609 0.841609 0.841609
3840.138184 0.000000 4145.328125 0.000000 0.977741 0.000000 0.209816 0.666090 0.666090 0.666090
3844.837646 0.000000 4150.047852 0.000000 0.847634 0.000000 -0.530582 0.948971 0.948971 0.948971
3843.296875 0.000000 4155.662598 0.000000 0.014359 0.000000 -0.999897 0.837429 0.837429 0.837429
3845.982422 0.000000 4153.264160 0.000000 0.999882 0.000000 -0.015360 0.755234 0.755234 0.755234
3842.591797 0.000000 4141.448730 0.000000 0.871524 0.000000 -0.490353 0.789344 0.789344 0.789344
3840.561035 0.000000 4142.910156 0.000000 0.918395 0.000000 -0.395666 0.807888 0.807888 0.807888
3847.021729 0.000000 4140.549316 0.000000 0.975329 0.000000 0.220758 0.655390 0.655390 0.655390
3844.896729 0.000000 4154.760742 0.000000 0.881715 0.000000 -0.471783 0.961586 0.961586 0.961586
3844.774658 0.000000 4151.821289 0.000000 0.085499 0.000000 -0.996338 1.278369 1.278369 1.278369
3841.905029 0.000000 4143.984375 0.000000 0.064519 0.000000 -0.997916 0.964342 0.964342 0.964342
3848.641113 0.000000 4140.627930 0.000000 0.928777 0.000000 0.370639 0.639803 0.639803 0.639803
3842.615234 0.000000 4142.801270 0.000000 0.784629 0.000000 -0.619966 0.886477 0.886477 0.886477
3844.587891 0.000000 4153.331543 0.000000 0.545648 0.000000 0.838014 0.411391 0.411391 0.411391
3849.687500 0.000000 4141.421387 0.000000 0.469538 0.000000 -0.882912 1.064031 1.064031 1.064031
3845.864990 0.000000 4140.954590 0.000000 0.954534 0.000000 0.298103 0.673484 0.673484 0.673484
3841.332520 0.000000 4145.044922 0.000000 0.934183 0.000000 -0.356793 0.894821 0.894821 0.894821
3844.395264 0.000000 4155.782715 0.000000 0.517152 0.000000 -0.855894 1.192401 1.192401 1.192401
3845.973877 0.000000 4155.897461 0.000000 0.928594 0.000000 -0.371097 0.913731 0.913731 0.913731
3847.811035 0.000000 4141.218750 0.000000 0.081291 0.000000 0.996690 0.116943 0.116943 0.116943
3846.199219 0.000000 4140.001465 0.000000 0.275309 0.000000 0.961356 0.200901 0.200901 0.200901
3845.285645 0.000000 4150.960449 0.000000 0.945306 0.000000 0.326184 0.631794 0.631794 0.631794
3845.466797 0.000000 4152.473145 0.000000 0.622057 0.000000 0.782972 0.443494 0.443494 0.443494
3846.701172 0.000000 4141.448242 0.000000 0.622320 0.000000 -0.782763 1.132148 1.132148 1.132148
3701.290039 0.000000 4232.017090 0.000000 0.781510 0.000000 0.623893 0.727294 0.727294 0.727294
3694.802734 0.000000 4233.205078 0.000000 0.677442 0.000000 -0.735576 0.838212 0.838212 0.838212
3695.418457 0.000000 4235.258789 0.000000 0.527010 0.000000 -0.849859 0.843190 0.843190 0.843190
"}
