object={
	name="tree_leaf_01_single_generator_1_0"
	render_pass=Map
	clamp_to_water_level=no
	generated_content=yes
	layer="tree_high_layer"
	pdxmesh="tree_leaf_01_single_a_mesh"
	count=3131
	transform="3056.907471 0.000000 2675.574219 0.000000 0.949147 0.000000 -0.314832 0.731344 0.731344 0.731344
3035.393799 0.000000 2636.328369 0.000000 0.988203 0.000000 0.153149 0.679042 0.679042 0.679042
3042.571045 0.000000 2679.112549 0.000000 0.019230 0.000000 -0.999815 0.792191 0.792191 0.792191
3037.637451 0.000000 2637.138672 0.000000 0.512062 0.000000 0.858949 0.423739 0.423739 0.423739
3043.200195 0.000000 2680.933105 0.000000 0.999088 0.000000 -0.042703 0.718065 0.718065 0.718065
3052.454590 0.000000 2640.836426 0.000000 0.899498 0.000000 -0.436925 0.752154 0.752154 0.752154
3055.186768 0.000000 2675.852051 0.000000 0.258110 0.000000 -0.966116 0.915153 0.915153 0.915153
3050.098389 0.000000 2641.940430 0.000000 0.331209 0.000000 0.943558 0.305609 0.305609 0.305609
3034.038086 0.000000 2636.972900 0.000000 0.504362 0.000000 0.863492 0.557943 0.557943 0.557943
3051.005127 0.000000 2640.593018 0.000000 0.379016 0.000000 0.925390 0.321967 0.321967 0.321967
3036.377686 0.000000 2637.503906 0.000000 0.907664 0.000000 0.419698 0.584194 0.584194 0.584194
3036.814453 0.000000 2636.135742 0.000000 0.938239 0.000000 0.345988 0.605537 0.605537 0.605537
3039.108887 0.000000 2663.134521 0.000000 0.702162 0.000000 -0.712017 0.988023 0.988023 0.988023
3042.101318 0.000000 2681.003662 0.000000 0.014294 0.000000 -0.999898 1.358268 1.358268 1.358268
3051.501221 0.000000 2641.449219 0.000000 0.675650 0.000000 0.737223 0.434895 0.434895 0.434895
3042.613281 0.000000 2680.133789 0.000000 0.855158 0.000000 0.518368 0.469536 0.469536 0.469536
3034.408691 0.000000 2734.532959 0.000000 0.437814 0.000000 -0.899066 1.106256 1.106256 1.106256
3034.568115 0.000000 2737.466553 0.000000 0.798756 0.000000 0.601655 0.546566 0.546566 0.546566
3035.987549 0.000000 2736.046387 0.000000 0.584840 0.000000 0.811148 0.475136 0.475136 0.475136
3050.524658 0.000000 2688.571533 0.000000 0.898254 0.000000 0.439477 0.571181 0.571181 0.571181
3052.454590 0.000000 2704.836426 0.000000 0.283592 0.000000 -0.958945 0.975840 0.975840 0.975840
3048.885254 0.000000 2688.556396 0.000000 0.966236 0.000000 -0.257658 0.740987 0.740987 0.740987
3053.278564 0.000000 2706.251465 0.000000 0.065986 0.000000 0.997821 0.316064 0.316064 0.316064
3032.265381 0.000000 2720.340332 0.000000 0.995956 0.000000 -0.089844 0.714150 0.714150 0.714150
3034.176758 0.000000 2735.996582 0.000000 0.923986 0.000000 0.382426 0.557356 0.557356 0.557356
3032.649414 0.000000 2719.151123 0.000000 0.492660 0.000000 -0.870222 0.912157 0.912157 0.912157
3031.063477 0.000000 2720.699463 0.000000 0.935459 0.000000 0.353436 0.626138 0.626138 0.626138
3035.764160 0.000000 2737.260986 0.000000 0.166828 0.000000 0.985986 0.366503 0.366503 0.366503
3051.598389 0.000000 2689.037598 0.000000 0.071762 0.000000 -0.997422 1.124372 1.124372 1.124372
3035.505859 0.000000 2734.967285 0.000000 0.999866 0.000000 -0.016383 0.705956 0.705956 0.705956
3053.384033 0.000000 2707.356201 0.000000 0.015900 0.000000 -0.999874 1.096727 1.096727 1.096727
3050.737061 0.000000 2689.615234 0.000000 0.009457 0.000000 0.999955 0.257971 0.257971 0.257971
3033.686279 0.000000 2717.307129 0.000000 0.066448 0.000000 -0.997790 1.149540 1.149540 1.149540
3164.504150 0.000000 2622.992432 0.000000 0.716766 0.000000 0.697314 0.693257 0.693257 0.693257
3198.313721 0.000000 2600.150879 0.000000 0.841591 0.000000 -0.540115 0.938313 0.938313 0.938313
3178.376709 0.000000 2611.435547 0.000000 0.852758 0.000000 -0.522307 0.757623 0.757623 0.757623
3199.176270 0.000000 2602.874756 0.000000 0.658867 0.000000 0.752260 0.633038 0.633038 0.633038
3175.165039 0.000000 2615.206543 0.000000 0.920465 0.000000 0.390824 0.672634 0.672634 0.672634
3192.841553 0.000000 2589.619385 0.000000 0.806215 0.000000 0.591623 0.646896 0.646896 0.646896
3179.321777 0.000000 2604.613525 0.000000 0.913713 0.000000 -0.406360 0.745341 0.745341 0.745341
3172.481445 0.000000 2613.076660 0.000000 0.717104 0.000000 -0.696967 0.817247 0.817247 0.817247
3165.342285 0.000000 2602.044189 0.000000 0.648487 0.000000 -0.761226 0.757456 0.757456 0.757456
3198.276367 0.000000 2598.096924 0.000000 0.059399 0.000000 -0.998234 1.154292 1.154292 1.154292
3198.798340 0.000000 2616.448975 0.000000 0.409045 0.000000 -0.912514 1.047497 1.047497 1.047497
3164.370361 0.000000 2600.443359 0.000000 0.553320 0.000000 0.832969 0.424734 0.424734 0.424734
3175.861816 0.000000 2620.110352 0.000000 0.725089 0.000000 0.688655 0.443788 0.443788 0.443788
3174.379150 0.000000 2621.715332 0.000000 0.242826 0.000000 -0.970070 1.147076 1.147076 1.147076
3180.415771 0.000000 2611.165283 0.000000 0.114348 0.000000 -0.993441 0.857779 0.857779 0.857779
3194.581055 0.000000 2589.277832 0.000000 0.999702 0.000000 -0.024422 0.702646 0.702646 0.702646
3180.822021 0.000000 2601.859619 0.000000 0.972713 0.000000 0.232013 0.667674 0.667674 0.667674
3181.077393 0.000000 2604.800781 0.000000 0.992560 0.000000 0.121757 0.671843 0.671843 0.671843
3162.067383 0.000000 2600.101074 0.000000 0.276861 0.000000 0.960910 0.492553 0.492553 0.492553
3199.432861 0.000000 2601.389404 0.000000 0.054365 0.000000 -0.998521 1.333361 1.333361 1.333361
3198.012451 0.000000 2615.304688 0.000000 0.616307 0.000000 -0.787506 1.081894 1.081894 1.081894
3195.179199 0.000000 2587.989258 0.000000 0.591057 0.000000 0.806630 0.542562 0.542562 0.542562
3199.755615 0.000000 2615.492188 0.000000 0.940045 0.000000 0.341052 0.553419 0.553419 0.553419
3199.269531 0.000000 2599.083008 0.000000 0.717325 0.000000 0.696739 0.468297 0.468297 0.468297
3198.563477 0.000000 2595.697266 0.000000 0.729433 0.000000 0.684052 0.527544 0.527544 0.527544
3194.912598 0.000000 2574.726562 0.000000 0.309867 0.000000 -0.950780 1.187183 1.187183 1.187183
3193.969482 0.000000 2586.589111 0.000000 0.931184 0.000000 0.364550 0.626312 0.626312 0.626312
3199.594482 0.000000 2597.781494 0.000000 0.947382 0.000000 -0.320104 0.825844 0.825844 0.825844
3192.668701 0.000000 2586.648926 0.000000 0.864182 0.000000 0.503179 0.595876 0.595876 0.595876
3165.563721 0.000000 2600.846191 0.000000 0.786980 0.000000 -0.616979 0.885914 0.885914 0.885914
3173.734131 0.000000 2615.925781 0.000000 0.999773 0.000000 -0.021322 0.706708 0.706708 0.706708
3198.477539 0.000000 2596.906738 0.000000 0.812244 0.000000 0.583318 0.459462 0.459462 0.459462
3194.258545 0.000000 2575.951904 0.000000 0.507574 0.000000 -0.861608 1.102873 1.102873 1.102873
3199.554688 0.000000 2617.387451 0.000000 0.886980 0.000000 -0.461807 0.845129 0.845129 0.845129
3175.427246 0.000000 2621.214355 0.000000 0.609638 0.000000 -0.792680 1.008680 1.008680 1.008680
3175.085449 0.000000 2619.234619 0.000000 0.953946 0.000000 -0.299980 0.800631 0.800631 0.800631
3164.268311 0.000000 2601.663574 0.000000 0.766321 0.000000 -0.642458 0.895087 0.895087 0.895087
3199.581055 0.000000 2600.116211 0.000000 0.481972 0.000000 -0.876187 1.146029 1.146029 1.146029
3198.470703 0.000000 2617.577881 0.000000 0.913567 0.000000 -0.406688 0.826624 0.826624 0.826624
3198.301025 0.000000 2612.312744 0.000000 0.951441 0.000000 0.307832 0.595006 0.595006 0.595006
3174.142822 0.000000 2618.873535 0.000000 0.949536 0.000000 -0.313659 0.805378 0.805378 0.805378
3162.073242 0.000000 2602.289062 0.000000 0.982865 0.000000 0.184328 0.625484 0.625484 0.625484
3198.934326 0.000000 2614.927490 0.000000 0.396463 0.000000 -0.918051 1.189875 1.189875 1.189875
3181.267578 0.000000 2608.483398 0.000000 0.203083 0.000000 -0.979161 1.230071 1.230071 1.230071
3198.039062 0.000000 2599.087402 0.000000 0.999966 0.000000 0.008267 0.697515 0.697515 0.697515
3181.043457 0.000000 2602.827881 0.000000 0.941616 0.000000 -0.336690 0.808622 0.808622 0.808622
3174.897949 0.000000 2620.380127 0.000000 0.204088 0.000000 0.978953 0.239518 0.239518 0.239518
3180.338623 0.000000 2609.085693 0.000000 0.065393 0.000000 0.997860 0.115976 0.115976 0.115976
3199.721191 0.000000 2613.213379 0.000000 0.652624 0.000000 0.757682 0.411522 0.411522 0.411522
3198.052246 0.000000 2614.314209 0.000000 0.638519 0.000000 0.769606 0.330120 0.330120 0.330120
3163.339844 0.000000 2603.435547 0.000000 0.075279 0.000000 0.997163 0.098914 0.098914 0.098914
3195.820557 0.000000 2574.557373 0.000000 0.962994 0.000000 -0.269523 0.805874 0.805874 0.805874
3198.703613 0.000000 2600.923096 0.000000 0.759457 0.000000 -0.650557 0.995845 0.995845 0.995845
3199.669922 0.000000 2614.391846 0.000000 0.943420 0.000000 -0.331601 0.842355 0.842355 0.842355
3165.504639 0.000000 2625.727539 0.000000 0.275948 0.000000 0.961173 0.487888 0.487888 0.487888
3152.370361 0.000000 2686.160400 0.000000 0.013148 0.000000 0.999914 0.479508 0.479508 0.479508
3155.874268 0.000000 2645.486328 0.000000 0.773286 0.000000 0.634058 0.638789 0.638789 0.638789
3170.333984 0.000000 2675.662842 0.000000 0.610634 0.000000 -0.791913 1.049782 1.049782 1.049782
3166.574463 0.000000 2668.103027 0.000000 0.948173 0.000000 -0.317754 0.807934 0.807934 0.807934
3161.065674 0.000000 2684.302246 0.000000 0.934731 0.000000 0.355356 0.669525 0.669525 0.669525
3180.478271 0.000000 2686.695312 0.000000 0.886471 0.000000 -0.462785 0.837895 0.837895 0.837895
3155.875244 0.000000 2629.113281 0.000000 0.535053 0.000000 0.844818 0.497777 0.497777 0.497777
3174.725830 0.000000 2673.065430 0.000000 0.993872 0.000000 0.110542 0.694193 0.694193 0.694193
3176.751221 0.000000 2629.386230 0.000000 0.690508 0.000000 -0.723324 0.984034 0.984034 0.984034
3170.571045 0.000000 2679.112549 0.000000 0.355870 0.000000 0.934536 0.602974 0.602974 0.602974
3159.735352 0.000000 2626.405029 0.000000 0.063740 0.000000 0.997967 0.102166 0.102166 0.102166
3162.568115 0.000000 2673.466553 0.000000 0.958502 0.000000 -0.285086 0.725261 0.725261 0.725261
3171.784912 0.000000 2673.119385 0.000000 0.736566 0.000000 -0.676366 0.803851 0.803851 0.803851
3155.236816 0.000000 2685.685303 0.000000 0.191995 0.000000 -0.981396 0.832411 0.832411 0.832411
3156.696045 0.000000 2626.732422 0.000000 0.774234 0.000000 0.632899 0.659281 0.659281 0.659281
3163.008545 0.000000 2633.677246 0.000000 0.367369 0.000000 0.930075 0.391021 0.391021 0.391021
3161.739502 0.000000 2686.648682 0.000000 0.707780 0.000000 -0.706433 1.019416 1.019416 1.019416
3173.227295 0.000000 2674.910156 0.000000 0.389692 0.000000 -0.920945 1.029333 1.029333 1.029333
3141.270508 0.000000 2659.638672 0.000000 0.681702 0.000000 -0.731630 0.806135 0.806135 0.806135
3167.849365 0.000000 2666.270996 0.000000 0.213539 0.000000 -0.976935 0.835034 0.835034 0.835034
3167.436279 0.000000 2670.529785 0.000000 0.585516 0.000000 0.810661 0.506721 0.506721 0.506721
3154.337402 0.000000 2630.711670 0.000000 0.834277 0.000000 0.551346 0.632644 0.632644 0.632644
3168.913086 0.000000 2677.532227 0.000000 0.967359 0.000000 -0.253411 0.765370 0.765370 0.765370
3164.133301 0.000000 2624.063477 0.000000 0.544030 0.000000 -0.839066 0.863544 0.863544 0.863544
3168.663818 0.000000 2668.757080 0.000000 0.965937 0.000000 0.258779 0.673468 0.673468 0.673468
3156.724854 0.000000 2630.987549 0.000000 0.451564 0.000000 0.892239 0.526631 0.526631 0.526631
3163.987549 0.000000 2672.046387 0.000000 0.988640 0.000000 0.150305 0.686817 0.686817 0.686817
3154.067871 0.000000 2687.289062 0.000000 0.993022 0.000000 0.117926 0.659513 0.659513 0.659513
3157.727051 0.000000 2628.411865 0.000000 0.482014 0.000000 -0.876164 0.931402 0.931402 0.931402
3140.029785 0.000000 2658.202881 0.000000 0.309129 0.000000 0.951020 0.537505 0.537505 0.537505
3164.665771 0.000000 2627.388184 0.000000 0.464426 0.000000 -0.885612 0.823568 0.823568 0.823568
3161.797607 0.000000 2635.467041 0.000000 0.993756 0.000000 0.111579 0.664437 0.664437 0.664437
3174.891357 0.000000 2628.763428 0.000000 0.890943 0.000000 -0.454116 0.753545 0.753545 0.753545
3176.067139 0.000000 2644.725342 0.000000 0.819574 0.000000 0.572973 0.639224 0.639224 0.639224
3170.207031 0.000000 2672.348877 0.000000 0.982752 0.000000 -0.184928 0.726004 0.726004 0.726004
3170.795166 0.000000 2677.434814 0.000000 0.397670 0.000000 0.917528 0.326410 0.326410 0.326410
3154.753906 0.000000 2647.031006 0.000000 0.603813 0.000000 -0.797126 1.075638 1.075638 1.075638
3175.126221 0.000000 2674.788818 0.000000 0.120987 0.000000 -0.992654 1.031842 1.031842 1.031842
3171.677246 0.000000 2674.671143 0.000000 0.987752 0.000000 0.156030 0.640039 0.640039 0.640039
3154.285645 0.000000 2628.907715 0.000000 0.980119 0.000000 -0.198410 0.740141 0.740141 0.740141
3162.411133 0.000000 2667.292725 0.000000 0.172492 0.000000 -0.985011 1.022362 1.022362 1.022362
3158.230957 0.000000 2636.845703 0.000000 0.090255 0.000000 -0.995919 1.041504 1.041504 1.041504
3171.378174 0.000000 2686.538818 0.000000 0.510142 0.000000 0.860090 0.381523 0.381523 0.381523
3163.753906 0.000000 2669.817627 0.000000 0.576080 0.000000 0.817393 0.365557 0.365557 0.365557
3165.326416 0.000000 2675.410156 0.000000 0.915717 0.000000 0.401824 0.630627 0.630627 0.630627
3162.899658 0.000000 2632.076172 0.000000 0.052399 0.000000 -0.998626 1.092716 1.092716 1.092716
3159.153076 0.000000 2627.806396 0.000000 0.987234 0.000000 -0.159276 0.763455 0.763455 0.763455
3170.312744 0.000000 2674.146973 0.000000 0.450888 0.000000 0.892581 0.277845 0.277845 0.277845
3168.401123 0.000000 2678.963379 0.000000 0.463802 0.000000 -0.885939 1.046213 1.046213 1.046213
3164.080811 0.000000 2666.833496 0.000000 0.078765 0.000000 0.996893 0.434055 0.434055 0.434055
3163.249023 0.000000 2674.797852 0.000000 0.822012 0.000000 -0.569470 0.865172 0.865172 0.865172
3175.215088 0.000000 2662.185059 0.000000 0.739741 0.000000 0.672892 0.403321 0.403321 0.403321
3162.176758 0.000000 2671.996582 0.000000 0.153296 0.000000 -0.988180 0.994661 0.994661 0.994661
3166.269043 0.000000 2671.325195 0.000000 0.999123 0.000000 -0.041883 0.708566 0.708566 0.708566
3165.302490 0.000000 2672.641113 0.000000 0.864149 0.000000 0.503237 0.515686 0.515686 0.515686
3157.136475 0.000000 2629.635254 0.000000 0.829700 0.000000 -0.558210 0.828336 0.828336 0.828336
3162.942627 0.000000 2624.684814 0.000000 0.985900 0.000000 0.167334 0.653284 0.653284 0.653284
3166.304932 0.000000 2669.693604 0.000000 0.447277 0.000000 0.894395 0.330470 0.330470 0.330470
3171.616699 0.000000 2676.003174 0.000000 0.850572 0.000000 0.525858 0.521947 0.521947 0.521947
3165.352783 0.000000 2667.436279 0.000000 0.798573 0.000000 0.601898 0.584870 0.584870 0.584870
3174.663086 0.000000 2663.960938 0.000000 0.679843 0.000000 -0.733358 1.030900 1.030900 1.030900
3158.006104 0.000000 2627.130859 0.000000 0.973711 0.000000 -0.227788 0.791164 0.791164 0.791164
3160.487549 0.000000 2637.677979 0.000000 0.999554 0.000000 0.029854 0.693843 0.693843 0.693843
3160.592529 0.000000 2687.232422 0.000000 0.847306 0.000000 -0.531106 0.927986 0.927986 0.927986
3167.429443 0.000000 2669.030029 0.000000 0.188427 0.000000 0.982087 0.238959 0.238959 0.238959
3162.528564 0.000000 2627.093262 0.000000 0.983099 0.000000 0.183076 0.640154 0.640154 0.640154
3165.563721 0.000000 2664.846191 0.000000 0.164253 0.000000 -0.986418 1.117647 1.117647 1.117647
3163.887695 0.000000 2632.825928 0.000000 0.999999 0.000000 0.001088 0.699719 0.699719 0.699719
3177.107910 0.000000 2628.215088 0.000000 0.687448 0.000000 0.726234 0.414483 0.414483 0.414483
3141.140625 0.000000 2660.841309 0.000000 0.852896 0.000000 -0.522081 0.871827 0.871827 0.871827
3169.022705 0.000000 2633.744141 0.000000 0.990073 0.000000 0.140552 0.663773 0.663773 0.663773
3161.868896 0.000000 2634.181885 0.000000 0.262368 0.000000 0.964968 0.284829 0.284829 0.284829
3169.284180 0.000000 2676.388428 0.000000 0.592722 0.000000 -0.805407 0.938910 0.938910 0.938910
3163.505859 0.000000 2670.967285 0.000000 0.474129 0.000000 -0.880456 0.923939 0.923939 0.923939
3169.506592 0.000000 2678.538086 0.000000 0.025192 0.000000 -0.999683 1.191594 1.191594 1.191594
3159.321777 0.000000 2637.302979 0.000000 0.956645 0.000000 0.291255 0.631825 0.631825 0.631825
3174.209961 0.000000 2662.915771 0.000000 0.250934 0.000000 0.968004 0.170579 0.170579 0.170579
3164.268311 0.000000 2665.663574 0.000000 0.931903 0.000000 0.362707 0.589729 0.589729 0.589729
3160.694824 0.000000 2635.525146 0.000000 0.660118 0.000000 -0.751162 0.970294 0.970294 0.970294
3165.986084 0.000000 2673.524902 0.000000 0.903108 0.000000 -0.429413 0.855130 0.855130 0.855130
3181.557129 0.000000 2686.749023 0.000000 0.091792 0.000000 -0.995778 1.123851 1.123851 1.123851
3155.059814 0.000000 2686.753906 0.000000 0.293159 0.000000 0.956064 0.263872 0.263872 0.263872
3170.940918 0.000000 2687.665283 0.000000 0.367967 0.000000 0.929839 0.332763 0.332763 0.332763
3162.126465 0.000000 2625.419922 0.000000 0.916901 0.000000 0.399114 0.585922 0.585922 0.585922
3168.230469 0.000000 2676.484375 0.000000 0.991996 0.000000 0.126271 0.667696 0.667696 0.667696
3155.738037 0.000000 2646.581543 0.000000 0.648832 0.000000 0.760932 0.347886 0.347886 0.347886
3172.641602 0.000000 2675.834961 0.000000 0.610792 0.000000 -0.791791 0.957090 0.957090 0.957090
3163.599609 0.000000 2627.351318 0.000000 0.343626 0.000000 0.939107 0.303431 0.303431 0.303431
3158.834717 0.000000 2626.599609 0.000000 0.712085 0.000000 -0.702094 1.008766 1.008766 1.008766
3163.188721 0.000000 2669.066895 0.000000 0.991591 0.000000 -0.129408 0.745357 0.745357 0.745357
3170.799805 0.000000 2674.896729 0.000000 0.992134 0.000000 0.125178 0.651966 0.651966 0.651966
3175.058594 0.000000 2663.099609 0.000000 0.726381 0.000000 0.687292 0.395425 0.395425 0.395425
3159.892334 0.000000 2627.364502 0.000000 0.781535 0.000000 0.623861 0.432753 0.432753 0.432753
3155.501709 0.000000 2647.427002 0.000000 0.788549 0.000000 0.614972 0.430300 0.430300 0.430300
3256.645264 0.000000 2612.367432 0.000000 0.547951 0.000000 -0.836510 0.783119 0.783119 0.783119
3222.976318 0.000000 2591.441162 0.000000 0.649288 0.000000 0.760543 0.668286 0.668286 0.668286
3201.974854 0.000000 2603.022949 0.000000 0.987798 0.000000 0.155739 0.689889 0.689889 0.689889
3251.701172 0.000000 2596.844727 0.000000 0.670970 0.000000 0.741485 0.644531 0.644531 0.644531
3240.323730 0.000000 2621.959473 0.000000 0.387743 0.000000 0.921767 0.550405 0.550405 0.550405
3260.463379 0.000000 2603.821045 0.000000 0.716388 0.000000 -0.697702 1.044111 1.044111 1.044111
3250.365723 0.000000 2620.407227 0.000000 0.222389 0.000000 -0.974958 1.300060 1.300060 1.300060
3249.762695 0.000000 2573.487793 0.000000 0.964650 0.000000 0.263536 0.689281 0.689281 0.689281
3241.543945 0.000000 2576.418701 0.000000 0.935181 0.000000 0.354171 0.640529 0.640529 0.640529
3213.428711 0.000000 2616.461914 0.000000 0.481697 0.000000 0.876338 0.257573 0.257573 0.257573
3230.719971 0.000000 2595.818848 0.000000 0.261273 0.000000 -0.965265 1.026489 1.026489 1.026489
3255.659180 0.000000 2617.764648 0.000000 0.932159 0.000000 0.362050 0.534908 0.534908 0.534908
3225.410400 0.000000 2596.740967 0.000000 0.422008 0.000000 -0.906592 0.824976 0.824976 0.824976
3258.787598 0.000000 2591.616455 0.000000 0.512583 0.000000 -0.858638 1.051890 1.051890 1.051890
3213.640869 0.000000 2609.921875 0.000000 0.043112 0.000000 -0.999070 0.764074 0.764074 0.764074
3246.322510 0.000000 2577.055664 0.000000 0.282360 0.000000 0.959309 0.677552 0.677552 0.677552
3234.930176 0.000000 2585.593506 0.000000 0.528000 0.000000 0.849244 0.634398 0.634398 0.634398
3227.751709 0.000000 2592.042725 0.000000 0.628946 0.000000 -0.777449 0.894550 0.894550 0.894550
3260.728760 0.000000 2615.943359 0.000000 0.575651 0.000000 0.817696 0.410548 0.410548 0.410548
3257.374268 0.000000 2607.420654 0.000000 0.423122 0.000000 0.906073 0.378981 0.378981 0.378981
3210.628174 0.000000 2593.324707 0.000000 0.082826 0.000000 0.996564 0.426980 0.426980 0.426980
3204.492432 0.000000 2613.102539 0.000000 0.410902 0.000000 0.911680 0.669924 0.669924 0.669924
3263.609375 0.000000 2606.860840 0.000000 0.766025 0.000000 0.642811 0.567009 0.567009 0.567009
3230.574463 0.000000 2604.103027 0.000000 0.337774 0.000000 -0.941227 0.890724 0.890724 0.890724
3262.313721 0.000000 2600.150879 0.000000 0.806362 0.000000 0.591422 0.417993 0.417993 0.417993
3254.080322 0.000000 2622.430176 0.000000 0.320335 0.000000 -0.947304 1.254686 1.254686 1.254686
3222.794189 0.000000 2600.649170 0.000000 0.921347 0.000000 -0.388740 0.811640 0.811640 0.811640
3217.253906 0.000000 2617.669434 0.000000 0.187477 0.000000 -0.982269 1.142039 1.142039 1.142039
3218.711426 0.000000 2602.198486 0.000000 0.444350 0.000000 0.895853 0.639847 0.639847 0.639847
3229.569336 0.000000 2619.336182 0.000000 0.657093 0.000000 0.753809 0.607486 0.607486 0.607486
3244.753418 0.000000 2564.234131 0.000000 0.359739 0.000000 0.933053 0.653756 0.653756 0.653756
3237.207031 0.000000 2602.217529 0.000000 0.305747 0.000000 -0.952113 0.869560 0.869560 0.869560
3209.161621 0.000000 2618.236328 0.000000 0.960788 0.000000 0.277285 0.681341 0.681341 0.681341
3255.571289 0.000000 2587.262695 0.000000 0.929118 0.000000 -0.369784 0.868796 0.868796 0.868796
3212.040039 0.000000 2613.247559 0.000000 0.653187 0.000000 0.757197 0.495838 0.495838 0.495838
3205.248779 0.000000 2601.675781 0.000000 0.958712 0.000000 -0.284377 0.714110 0.714110 0.714110
3207.334717 0.000000 2606.736328 0.000000 0.986290 0.000000 0.165024 0.666972 0.666972 0.666972
3257.270508 0.000000 2621.388672 0.000000 0.682546 0.000000 0.730843 0.334778 0.334778 0.334778
3250.858154 0.000000 2623.878418 0.000000 0.997159 0.000000 0.075330 0.666399 0.666399 0.666399
3244.305664 0.000000 2560.071289 0.000000 0.559407 0.000000 0.828893 0.607789 0.607789 0.607789
3231.157227 0.000000 2612.205078 0.000000 0.494252 0.000000 -0.869319 0.769982 0.769982 0.769982
3213.280762 0.000000 2595.118408 0.000000 0.642226 0.000000 0.766515 0.310785 0.310785 0.310785
3213.301758 0.000000 2585.126709 0.000000 0.733244 0.000000 -0.679966 0.812376 0.812376 0.812376
3247.181396 0.000000 2620.684814 0.000000 0.963442 0.000000 -0.267915 0.820869 0.820869 0.820869
3252.370850 0.000000 2617.659180 0.000000 0.950304 0.000000 0.311322 0.558919 0.558919 0.558919
3233.932373 0.000000 2589.070557 0.000000 0.740511 0.000000 -0.672045 0.960158 0.960158 0.960158
3254.356934 0.000000 2614.923340 0.000000 0.999461 0.000000 0.032844 0.685361 0.685361 0.685361
3205.467529 0.000000 2610.112061 0.000000 0.274770 0.000000 0.961510 0.607395 0.607395 0.607395
3263.100098 0.000000 2618.470459 0.000000 0.883162 0.000000 -0.469068 0.882592 0.882592 0.882592
3215.138184 0.000000 2613.559326 0.000000 0.291063 0.000000 -0.956704 1.228266 1.228266 1.228266
3259.648193 0.000000 2613.040283 0.000000 0.916671 0.000000 0.399643 0.557741 0.557741 0.557741
3259.566895 0.000000 2598.746582 0.000000 0.546637 0.000000 0.837370 0.403418 0.403418 0.403418
3257.664062 0.000000 2615.247559 0.000000 0.952764 0.000000 0.303713 0.622343 0.622343 0.622343
3222.151123 0.000000 2583.355469 0.000000 0.264669 0.000000 -0.964339 0.756925 0.756925 0.756925
3227.829346 0.000000 2594.998291 0.000000 0.129212 0.000000 -0.991617 1.024907 1.024907 1.024907
3235.784912 0.000000 2609.119385 0.000000 0.893811 0.000000 -0.448443 0.717066 0.717066 0.717066
3224.890625 0.000000 2603.964600 0.000000 0.874515 0.000000 0.484998 0.646905 0.646905 0.646905
3219.236816 0.000000 2621.685303 0.000000 0.857186 0.000000 0.515007 0.489160 0.489160 0.489160
3219.368408 0.000000 2605.546631 0.000000 0.299124 0.000000 0.954214 0.321367 0.321367 0.321367
3247.066406 0.000000 2574.245850 0.000000 0.888234 0.000000 0.459392 0.620757 0.620757 0.620757
3263.176270 0.000000 2602.874756 0.000000 0.553797 0.000000 0.832651 0.261551 0.261551 0.261551
3258.520508 0.000000 2610.185059 0.000000 0.309068 0.000000 -0.951040 0.985478 0.985478 0.985478
3224.821777 0.000000 2613.130615 0.000000 0.921024 0.000000 -0.389505 0.730066 0.730066 0.730066
3258.345215 0.000000 2601.899170 0.000000 0.749827 0.000000 -0.661634 1.022192 1.022192 1.022192
3218.725342 0.000000 2585.385498 0.000000 0.135211 0.000000 -0.990817 0.940776 0.940776 0.940776
3242.466064 0.000000 2584.355469 0.000000 0.932120 0.000000 -0.362149 0.714895 0.714895 0.714895
3249.111328 0.000000 2576.144043 0.000000 0.440047 0.000000 -0.897975 0.945550 0.945550 0.945550
3242.903809 0.000000 2620.461426 0.000000 0.205264 0.000000 0.978707 0.499760 0.499760 0.499760
3248.562744 0.000000 2618.309326 0.000000 0.716454 0.000000 -0.697634 1.044070 1.044070 1.044070
3207.838379 0.000000 2582.906494 0.000000 0.882147 0.000000 0.470973 0.593731 0.593731 0.593731
3227.092285 0.000000 2618.222900 0.000000 0.522399 0.000000 -0.852701 0.860607 0.860607 0.860607
3210.295898 0.000000 2587.469727 0.000000 0.501526 0.000000 -0.865142 0.751156 0.751156 0.751156
3260.294434 0.000000 2589.041016 0.000000 0.390565 0.000000 0.920575 0.180852 0.180852 0.180852
3211.019043 0.000000 2582.267578 0.000000 0.988185 0.000000 0.153268 0.679025 0.679025 0.679025
3229.194336 0.000000 2606.420654 0.000000 0.567139 0.000000 0.823622 0.595142 0.595142 0.595142
3248.365479 0.000000 2622.988525 0.000000 0.014587 0.000000 -0.999894 1.393499 1.393499 1.393499
3253.727539 0.000000 2619.854492 0.000000 0.965780 0.000000 0.259362 0.583083 0.583083 0.583083
3210.408936 0.000000 2590.619873 0.000000 0.626067 0.000000 0.779770 0.399931 0.399931 0.399931
3237.556152 0.000000 2586.277588 0.000000 0.743083 0.000000 0.669200 0.580848 0.580848 0.580848
3227.458008 0.000000 2620.812012 0.000000 0.053094 0.000000 0.998590 0.554125 0.554125 0.554125
3232.939941 0.000000 2609.623535 0.000000 0.960486 0.000000 0.278327 0.683241 0.683241 0.683241
3200.084961 0.000000 2601.292480 0.000000 0.444351 0.000000 0.895853 0.546707 0.546707 0.546707
3222.687500 0.000000 2593.850098 0.000000 0.684568 0.000000 0.728949 0.531567 0.531567 0.531567
3263.694824 0.000000 2596.460205 0.000000 0.768730 0.000000 0.639573 0.640577 0.640577 0.640577
3224.618164 0.000000 2599.050781 0.000000 0.624886 0.000000 -0.780716 0.969267 0.969267 0.969267
3221.157471 0.000000 2602.428711 0.000000 0.310200 0.000000 0.950671 0.243668 0.243668 0.243668
3250.638428 0.000000 2599.206543 0.000000 0.989485 0.000000 0.144634 0.653582 0.653582 0.653582
3216.036865 0.000000 2619.841064 0.000000 0.747904 0.000000 -0.663807 0.842080 0.842080 0.842080
3214.705811 0.000000 2577.071777 0.000000 0.740388 0.000000 0.672180 0.636877 0.636877 0.636877
3250.186768 0.000000 2616.689697 0.000000 0.559563 0.000000 0.828788 0.597563 0.597563 0.597563
3263.123535 0.000000 2609.041016 0.000000 0.813988 0.000000 0.580882 0.632843 0.632843 0.632843
3257.258789 0.000000 2585.535889 0.000000 0.054220 0.000000 -0.998529 1.375826 1.375826 1.375826
3231.849365 0.000000 2602.270996 0.000000 0.986995 0.000000 0.160754 0.676581 0.676581 0.676581
3257.202637 0.000000 2623.846680 0.000000 0.682235 0.000000 -0.731133 0.952206 0.952206 0.952206
3221.323486 0.000000 2606.696045 0.000000 0.738452 0.000000 -0.674306 0.787941 0.787941 0.787941
3260.512695 0.000000 2601.554688 0.000000 0.839715 0.000000 -0.543027 0.955811 0.955811 0.955811
3242.766113 0.000000 2617.304199 0.000000 0.869720 0.000000 -0.493546 0.802832 0.802832 0.802832
3242.958252 0.000000 2565.742920 0.000000 0.758647 0.000000 -0.651502 0.758281 0.758281 0.758281
3250.036865 0.000000 2580.506348 0.000000 0.164954 0.000000 0.986301 0.439717 0.439717 0.439717
3217.947021 0.000000 2607.230957 0.000000 0.584269 0.000000 0.811560 0.567629 0.567629 0.567629
3221.890869 0.000000 2609.067383 0.000000 0.849654 0.000000 -0.527340 0.919384 0.919384 0.919384
3235.129883 0.000000 2599.257080 0.000000 0.957458 0.000000 0.288571 0.569548 0.569548 0.569548
3252.094971 0.000000 2621.647461 0.000000 0.914297 0.000000 0.405044 0.514159 0.514159 0.514159
3214.964355 0.000000 2618.015625 0.000000 0.945076 0.000000 -0.326850 0.841981 0.841981 0.841981
3235.583496 0.000000 2587.590088 0.000000 0.955005 0.000000 0.296589 0.599490 0.599490 0.599490
3217.342041 0.000000 2614.497559 0.000000 0.793774 0.000000 -0.608212 0.833682 0.833682 0.833682
3206.319336 0.000000 2599.887207 0.000000 0.896213 0.000000 -0.443625 0.904831 0.904831 0.904831
3262.276367 0.000000 2598.096924 0.000000 0.209645 0.000000 0.977778 0.101251 0.101251 0.101251
3214.805176 0.000000 2583.727051 0.000000 0.983083 0.000000 -0.183161 0.719958 0.719958 0.719958
3220.203369 0.000000 2584.003174 0.000000 0.364382 0.000000 -0.931249 0.817225 0.817225 0.817225
3208.660156 0.000000 2594.055176 0.000000 0.078124 0.000000 0.996944 0.506976 0.506976 0.506976
3206.899170 0.000000 2608.676758 0.000000 0.644727 0.000000 -0.764413 0.944821 0.944821 0.944821
3218.009033 0.000000 2604.065918 0.000000 0.159097 0.000000 0.987263 0.278335 0.278335 0.278335
3255.819580 0.000000 2619.816895 0.000000 0.187403 0.000000 0.982283 0.084010 0.084010 0.084010
3211.336670 0.000000 2577.361572 0.000000 0.827932 0.000000 -0.560828 0.882085 0.882085 0.882085
3259.333008 0.000000 2596.601318 0.000000 0.986260 0.000000 -0.165199 0.718852 0.718852 0.718852
3261.127441 0.000000 2618.118652 0.000000 0.903938 0.000000 -0.427663 0.744792 0.744792 0.744792
3262.798340 0.000000 2616.448975 0.000000 0.318490 0.000000 -0.947926 0.845969 0.845969 0.845969
3261.282471 0.000000 2590.760010 0.000000 0.249932 0.000000 -0.968263 1.287428 1.287428 1.287428
3205.600586 0.000000 2620.533936 0.000000 0.682131 0.000000 -0.731230 0.932184 0.932184 0.932184
3247.324707 0.000000 2583.805420 0.000000 0.045175 0.000000 0.998979 0.476046 0.476046 0.476046
3245.178711 0.000000 2620.881836 0.000000 0.679689 0.000000 -0.733500 1.066960 1.066960 1.066960
3232.163330 0.000000 2599.657227 0.000000 0.928341 0.000000 -0.371729 0.766560 0.766560 0.766560
3212.765625 0.000000 2600.087891 0.000000 0.943653 0.000000 -0.330937 0.757766 0.757766 0.757766
3245.661133 0.000000 2561.647705 0.000000 0.974693 0.000000 -0.223547 0.721276 0.721276 0.721276
3235.666992 0.000000 2601.121094 0.000000 0.565153 0.000000 0.824986 0.547408 0.547408 0.547408
3256.627686 0.000000 2610.430420 0.000000 0.975102 0.000000 0.221755 0.648807 0.648807 0.648807
3258.920166 0.000000 2616.652344 0.000000 0.653878 0.000000 0.756600 0.518549 0.518549 0.518549
3261.110596 0.000000 2614.128662 0.000000 0.988918 0.000000 0.148463 0.654948 0.654948 0.654948
3212.530273 0.000000 2583.444824 0.000000 0.543142 0.000000 -0.839641 0.985635 0.985635 0.985635
3259.037842 0.000000 2584.712158 0.000000 0.055170 0.000000 0.998477 0.056382 0.056382 0.056382
3256.078125 0.000000 2614.244873 0.000000 0.999667 0.000000 0.025809 0.693504 0.693504 0.693504
3262.270996 0.000000 2604.461182 0.000000 0.068902 0.000000 -0.997623 1.369270 1.369270 1.369270
3242.524658 0.000000 2560.571533 0.000000 0.453017 0.000000 -0.891502 0.907735 0.907735 0.907735
3252.752930 0.000000 2615.812988 0.000000 0.693558 0.000000 -0.720401 1.058459 1.058459 1.058459
3250.666260 0.000000 2618.450195 0.000000 0.102850 0.000000 -0.994697 1.354085 1.354085 1.354085
3220.947021 0.000000 2621.109131 0.000000 0.059773 0.000000 -0.998212 0.898043 0.898043 0.898043
3216.140381 0.000000 2607.278076 0.000000 0.758719 0.000000 0.651418 0.600814 0.600814 0.600814
3253.953613 0.000000 2605.046875 0.000000 0.974566 0.000000 0.224100 0.604413 0.604413 0.604413
3216.937744 0.000000 2574.223145 0.000000 0.253654 0.000000 0.967295 0.114286 0.114286 0.114286
3256.039307 0.000000 2616.049561 0.000000 0.176352 0.000000 0.984327 0.390718 0.390718 0.390718
3255.896484 0.000000 2622.571777 0.000000 0.953852 0.000000 0.300276 0.564090 0.564090 0.564090
3250.006836 0.000000 2622.305420 0.000000 0.839818 0.000000 0.542867 0.444274 0.444274 0.444274
3237.622803 0.000000 2597.914062 0.000000 0.573050 0.000000 0.819521 0.545561 0.545561 0.545561
3228.747803 0.000000 2593.488525 0.000000 0.989513 0.000000 -0.144446 0.713679 0.713679 0.713679
3254.225586 0.000000 2616.693115 0.000000 0.860680 0.000000 -0.509146 0.938054 0.938054 0.938054
3258.354980 0.000000 2600.152344 0.000000 0.792023 0.000000 -0.610491 0.992639 0.992639 0.992639
3226.065186 0.000000 2595.145508 0.000000 0.384629 0.000000 0.923071 0.434887 0.434887 0.434887
3213.590088 0.000000 2601.704834 0.000000 0.997928 0.000000 -0.064340 0.711027 0.711027 0.711027
3216.166992 0.000000 2584.854248 0.000000 0.933636 0.000000 0.358223 0.562986 0.562986 0.562986
3259.471680 0.000000 2614.824463 0.000000 0.022383 0.000000 0.999749 0.085743 0.085743 0.085743
3252.015869 0.000000 2619.520264 0.000000 0.719114 0.000000 0.694892 0.357633 0.357633 0.357633
3257.274902 0.000000 2617.249023 0.000000 0.956020 0.000000 -0.293302 0.766068 0.766068 0.766068
3235.999023 0.000000 2574.675049 0.000000 0.112704 0.000000 0.993629 0.511469 0.511469 0.511469
3224.698975 0.000000 2578.231934 0.000000 0.761809 0.000000 0.647801 0.553450 0.553450 0.553450
3234.795166 0.000000 2613.434814 0.000000 0.094391 0.000000 -0.995535 0.911551 0.911551 0.911551
3218.753906 0.000000 2583.031006 0.000000 0.871150 0.000000 -0.491018 0.882980 0.882980 0.882980
3216.396729 0.000000 2575.871338 0.000000 0.942613 0.000000 0.333887 0.548295 0.548295 0.548295
3212.715088 0.000000 2580.428711 0.000000 0.374160 0.000000 -0.927364 1.220804 1.220804 1.220804
3226.865723 0.000000 2593.527344 0.000000 0.729251 0.000000 0.684246 0.535384 0.535384 0.535384
3258.236816 0.000000 2611.846924 0.000000 0.999948 0.000000 0.010183 0.697686 0.697686 0.697686
3207.060547 0.000000 2584.437744 0.000000 0.999211 0.000000 -0.039711 0.704512 0.704512 0.704512
3232.856934 0.000000 2590.326416 0.000000 0.411993 0.000000 -0.911187 0.964396 0.964396 0.964396
3212.294922 0.000000 2596.438965 0.000000 0.021614 0.000000 0.999766 0.515902 0.515902 0.515902
3238.874268 0.000000 2623.343994 0.000000 0.198989 0.000000 0.980002 0.089272 0.089272 0.089272
3258.048828 0.000000 2613.636963 0.000000 0.612871 0.000000 -0.790183 1.015263 1.015263 1.015263
3258.795654 0.000000 2608.373535 0.000000 0.228798 0.000000 0.973474 0.334698 0.334698 0.334698
3252.449951 0.000000 2623.439209 0.000000 0.805370 0.000000 0.592772 0.417247 0.417247 0.417247
3218.819580 0.000000 2577.209717 0.000000 0.845489 0.000000 0.533993 0.470625 0.470625 0.470625
3263.315430 0.000000 2591.658203 0.000000 0.853377 0.000000 0.521295 0.478629 0.478629 0.478629
3248.736084 0.000000 2587.160156 0.000000 0.801998 0.000000 0.597326 0.525477 0.525477 0.525477
3201.272949 0.000000 2600.181396 0.000000 0.045472 0.000000 -0.998966 0.910583 0.910583 0.910583
3217.654297 0.000000 2616.100342 0.000000 0.303631 0.000000 0.952790 0.296308 0.296308 0.296308
3218.707275 0.000000 2599.776611 0.000000 0.987280 0.000000 0.158989 0.654797 0.654797 0.654797
3248.687988 0.000000 2621.326416 0.000000 0.999979 0.000000 -0.006531 0.702910 0.702910 0.702910
3226.285889 0.000000 2604.868164 0.000000 0.220641 0.000000 0.975355 0.511495 0.511495 0.511495
3262.099365 0.000000 2607.585205 0.000000 0.384939 0.000000 -0.922942 0.923947 0.923947 0.923947
3221.654297 0.000000 2577.697998 0.000000 0.603321 0.000000 -0.797499 0.837127 0.837127 0.837127
3217.528809 0.000000 2578.976807 0.000000 0.794425 0.000000 0.607363 0.613306 0.613306 0.613306
3258.874023 0.000000 2603.496338 0.000000 0.869997 0.000000 -0.493057 0.929769 0.929769 0.929769
3207.080566 0.000000 2610.545166 0.000000 0.927926 0.000000 0.372763 0.596529 0.596529 0.596529
3235.534180 0.000000 2589.294678 0.000000 0.933938 0.000000 -0.357436 0.762600 0.762600 0.762600
3244.275391 0.000000 2616.702393 0.000000 0.100432 0.000000 -0.994944 0.874712 0.874712 0.874712
3249.340576 0.000000 2603.249512 0.000000 0.696198 0.000000 0.717850 0.343177 0.343177 0.343177
3247.564209 0.000000 2575.811523 0.000000 0.365676 0.000000 0.930742 0.501367 0.501367 0.501367
3242.444824 0.000000 2593.801025 0.000000 0.454179 0.000000 0.890911 0.413741 0.413741 0.413741
3254.053467 0.000000 2618.278320 0.000000 0.637253 0.000000 -0.770655 1.092099 1.092099 1.092099
3226.881592 0.000000 2578.807617 0.000000 0.055396 0.000000 -0.998464 1.375301 1.375301 1.375301
3220.760498 0.000000 2597.110107 0.000000 0.741635 0.000000 0.670804 0.419873 0.419873 0.419873
3211.493164 0.000000 2591.919434 0.000000 0.529213 0.000000 -0.848489 1.039939 1.039939 1.039939
3214.171143 0.000000 2593.758789 0.000000 0.734288 0.000000 0.678838 0.534391 0.534391 0.534391
3216.518799 0.000000 2612.759277 0.000000 0.778568 0.000000 0.627560 0.606339 0.606339 0.606339
3214.718994 0.000000 2585.929199 0.000000 0.789638 0.000000 -0.613573 0.952817 0.952817 0.952817
3249.732178 0.000000 2577.728271 0.000000 0.676309 0.000000 0.736618 0.517666 0.517666 0.517666
3261.533691 0.000000 2609.456787 0.000000 0.990100 0.000000 -0.140366 0.755622 0.755622 0.755622
3253.790771 0.000000 2580.512451 0.000000 0.762665 0.000000 -0.646793 0.948299 0.948299 0.948299
3253.683838 0.000000 2610.762207 0.000000 0.634441 0.000000 -0.772971 0.885281 0.885281 0.885281
3242.098389 0.000000 2577.940430 0.000000 0.087018 0.000000 -0.996207 1.104482 1.104482 1.104482
3206.207275 0.000000 2582.941895 0.000000 0.100888 0.000000 0.994898 0.381508 0.381508 0.381508
3244.251709 0.000000 2584.237793 0.000000 0.985859 0.000000 0.167580 0.646741 0.646741 0.646741
3235.677246 0.000000 2610.671143 0.000000 0.374209 0.000000 -0.927344 1.133638 1.133638 1.133638
3247.476318 0.000000 2603.549561 0.000000 0.784413 0.000000 -0.620239 0.998150 0.998150 0.998150
3241.906738 0.000000 2588.700439 0.000000 0.776706 0.000000 -0.629863 0.782163 0.782163 0.782163
3261.038574 0.000000 2599.259521 0.000000 0.444853 0.000000 0.895603 0.492480 0.492480 0.492480
3226.411133 0.000000 2603.292725 0.000000 0.688963 0.000000 -0.724796 1.000369 1.000369 1.000369
3254.779297 0.000000 2621.001953 0.000000 0.967575 0.000000 -0.252585 0.813793 0.813793 0.813793
3247.599609 0.000000 2600.627686 0.000000 0.768887 0.000000 0.639385 0.564223 0.564223 0.564223
3232.424316 0.000000 2588.709473 0.000000 0.991753 0.000000 -0.128161 0.745367 0.745367 0.745367
3257.265625 0.000000 2591.190674 0.000000 0.991084 0.000000 0.133240 0.681317 0.681317 0.681317
3206.650391 0.000000 2596.517822 0.000000 0.818431 0.000000 -0.574604 0.972782 0.972782 0.972782
3256.508301 0.000000 2608.810791 0.000000 0.357822 0.000000 0.933790 0.259930 0.259930 0.259930
3221.250244 0.000000 2593.167480 0.000000 0.961396 0.000000 0.275170 0.626438 0.626438 0.626438
3201.862793 0.000000 2614.902100 0.000000 0.578219 0.000000 -0.815882 1.125247 1.125247 1.125247
3202.115967 0.000000 2617.161621 0.000000 0.795929 0.000000 -0.605390 0.939775 0.939775 0.939775
3261.587891 0.000000 2602.756348 0.000000 0.487519 0.000000 0.873112 0.226937 0.226937 0.226937
3234.233398 0.000000 2571.983154 0.000000 0.955511 0.000000 -0.294954 0.822438 0.822438 0.822438
3257.366943 0.000000 2619.701172 0.000000 0.828415 0.000000 0.560115 0.484931 0.484931 0.484931
3226.213135 0.000000 2581.279297 0.000000 0.890821 0.000000 -0.454355 0.816218 0.816218 0.816218
3224.265381 0.000000 2592.340332 0.000000 0.800876 0.000000 0.598830 0.520477 0.520477 0.520477
3249.843262 0.000000 2582.139160 0.000000 0.981704 0.000000 -0.190412 0.728793 0.728793 0.728793
3227.753906 0.000000 2605.817627 0.000000 0.198197 0.000000 -0.980162 0.891714 0.891714 0.891714
3244.815674 0.000000 2587.248779 0.000000 0.583748 0.000000 -0.811935 0.850675 0.850675 0.850675
3226.469971 0.000000 2619.619141 0.000000 0.798776 0.000000 0.601629 0.598468 0.598468 0.598468
3254.128418 0.000000 2587.777832 0.000000 0.664842 0.000000 -0.746984 1.075898 1.075898 1.075898
3229.326416 0.000000 2611.410156 0.000000 0.064526 0.000000 0.997916 0.244620 0.244620 0.244620
3261.768799 0.000000 2588.490967 0.000000 0.924764 0.000000 -0.380540 0.873284 0.873284 0.873284
3244.053711 0.000000 2597.417480 0.000000 0.686446 0.000000 0.727181 0.337162 0.337162 0.337162
3228.863770 0.000000 2621.509766 0.000000 0.999946 0.000000 0.010418 0.696614 0.696614 0.696614
3229.720703 0.000000 2594.628174 0.000000 0.967479 0.000000 -0.252950 0.791169 0.791169 0.791169
3240.587158 0.000000 2577.779297 0.000000 0.979996 0.000000 0.199016 0.667087 0.667087 0.667087
3248.850586 0.000000 2583.361328 0.000000 0.034485 0.000000 -0.999405 0.930895 0.930895 0.930895
3251.899902 0.000000 2604.841797 0.000000 0.826178 0.000000 0.563409 0.491858 0.491858 0.491858
3248.706299 0.000000 2574.539795 0.000000 0.961836 0.000000 -0.273626 0.784763 0.784763 0.784763
3225.988525 0.000000 2598.114502 0.000000 0.722706 0.000000 -0.691156 0.929372 0.929372 0.929372
3256.880859 0.000000 2605.978027 0.000000 0.871922 0.000000 -0.489645 0.848439 0.848439 0.848439
3245.982910 0.000000 2584.565430 0.000000 0.938587 0.000000 -0.345044 0.811432 0.811432 0.811432
3259.874512 0.000000 2600.207275 0.000000 0.996147 0.000000 0.087699 0.660868 0.660868 0.660868
3259.617920 0.000000 2590.370850 0.000000 0.991438 0.000000 0.130579 0.655374 0.655374 0.655374
3263.472412 0.000000 2586.211426 0.000000 0.678587 0.000000 -0.734520 1.048888 1.048888 1.048888
3214.616699 0.000000 2580.799805 0.000000 0.208257 0.000000 -0.978074 0.902170 0.902170 0.902170
3212.323242 0.000000 2590.675293 0.000000 0.300062 0.000000 0.953920 0.469899 0.469899 0.469899
3260.000488 0.000000 2605.294434 0.000000 0.973263 0.000000 -0.229692 0.803280 0.803280 0.803280
3244.445557 0.000000 2589.692871 0.000000 0.409066 0.000000 0.912505 0.356527 0.356527 0.356527
3248.698975 0.000000 2619.762939 0.000000 0.995860 0.000000 -0.090900 0.740564 0.740564 0.740564
3229.901123 0.000000 2615.458496 0.000000 0.287763 0.000000 -0.957702 1.064304 1.064304 1.064304
3252.507812 0.000000 2612.024170 0.000000 0.837694 0.000000 -0.546139 0.957464 0.957464 0.957464
3220.808350 0.000000 2582.672607 0.000000 0.971070 0.000000 -0.238795 0.795654 0.795654 0.795654
3234.312744 0.000000 2610.146973 0.000000 0.335245 0.000000 0.942131 0.251139 0.251139 0.251139
3210.654541 0.000000 2617.183594 0.000000 0.599277 0.000000 -0.800541 1.113636 1.113636 1.113636
3229.094238 0.000000 2595.990479 0.000000 0.342390 0.000000 -0.939558 1.135415 1.135415 1.135415
3224.446289 0.000000 2611.709229 0.000000 0.790558 0.000000 0.612387 0.557178 0.557178 0.557178
3227.072754 0.000000 2623.397949 0.000000 0.968942 0.000000 -0.247287 0.795634 0.795634 0.795634
3203.701416 0.000000 2617.917969 0.000000 0.341695 0.000000 -0.939811 1.150629 1.150629 1.150629
3233.600830 0.000000 2599.136230 0.000000 0.199907 0.000000 -0.979815 0.939337 0.939337 0.939337
3263.432861 0.000000 2601.389404 0.000000 0.894968 0.000000 -0.446131 0.906078 0.906078 0.906078
3255.323242 0.000000 2612.965820 0.000000 0.851320 0.000000 0.524647 0.453876 0.453876 0.453876
3224.510498 0.000000 2616.633545 0.000000 0.745777 0.000000 -0.666196 0.835061 0.835061 0.835061
3219.373535 0.000000 2606.995117 0.000000 0.098889 0.000000 -0.995099 1.355860 1.355860 1.355860
3231.682861 0.000000 2592.103760 0.000000 0.029628 0.000000 0.999561 0.422589 0.422589 0.422589
3218.741455 0.000000 2614.047363 0.000000 0.866405 0.000000 -0.499343 0.815127 0.815127 0.815127
3250.383057 0.000000 2579.065918 0.000000 0.189505 0.000000 -0.981880 1.090729 1.090729 1.090729
3243.005127 0.000000 2576.593018 0.000000 0.428744 0.000000 0.903426 0.392564 0.392564 0.392564
3246.680908 0.000000 2602.043701 0.000000 0.475058 0.000000 -0.879954 1.179398 1.179398 1.179398
3228.846680 0.000000 2598.889160 0.000000 0.645242 0.000000 -0.763978 0.892970 0.892970 0.892970
3251.906250 0.000000 2586.441406 0.000000 0.515698 0.000000 -0.856771 1.018285 1.018285 1.018285
3233.632324 0.000000 2593.577148 0.000000 0.439668 0.000000 0.898160 0.393921 0.393921 0.393921
3263.784668 0.000000 2593.010986 0.000000 0.999323 0.000000 -0.036791 0.716399 0.716399 0.716399
3253.903320 0.000000 2584.227295 0.000000 0.884163 0.000000 0.467179 0.483378 0.483378 0.483378
3217.362061 0.000000 2585.768555 0.000000 0.034067 0.000000 0.999420 0.125292 0.125292 0.125292
3255.868164 0.000000 2585.727051 0.000000 0.946063 0.000000 -0.323983 0.847031 0.847031 0.847031
3213.036621 0.000000 2617.902832 0.000000 0.980307 0.000000 0.197481 0.617667 0.617667 0.617667
3200.535156 0.000000 2612.744873 0.000000 0.746597 0.000000 -0.665276 1.024361 1.024361 1.024361
3212.522705 0.000000 2610.896484 0.000000 0.712368 0.000000 0.701806 0.512389 0.512389 0.512389
3212.215820 0.000000 2619.633057 0.000000 0.504903 0.000000 0.863176 0.235860 0.235860 0.235860
3220.766357 0.000000 2605.237305 0.000000 0.855653 0.000000 -0.517550 0.795066 0.795066 0.795066
3257.827637 0.000000 2581.686523 0.000000 0.431155 0.000000 -0.902278 0.894641 0.894641 0.894641
3237.188721 0.000000 2596.565430 0.000000 0.587849 0.000000 0.808971 0.548483 0.548483 0.548483
3212.000732 0.000000 2616.867676 0.000000 0.148660 0.000000 0.988888 0.111212 0.111212 0.111212
3227.161377 0.000000 2580.198730 0.000000 0.516608 0.000000 0.856222 0.446713 0.446713 0.446713
3214.453857 0.000000 2615.438232 0.000000 0.585447 0.000000 -0.810710 0.965989 0.965989 0.965989
3217.938721 0.000000 2584.198730 0.000000 0.603027 0.000000 -0.797721 1.045376 1.045376 1.045376
3255.996826 0.000000 2607.521973 0.000000 0.397388 0.000000 0.917651 0.182117 0.182117 0.182117
3230.649170 0.000000 2620.191162 0.000000 0.996148 0.000000 -0.087690 0.739128 0.739128 0.739128
3209.675293 0.000000 2596.550049 0.000000 0.613348 0.000000 -0.789813 0.949816 0.949816 0.949816
3225.066650 0.000000 2610.393555 0.000000 0.978789 0.000000 0.204869 0.655288 0.655288 0.655288
3236.157227 0.000000 2586.272705 0.000000 0.308536 0.000000 -0.951213 0.904317 0.904317 0.904317
3219.990723 0.000000 2620.068848 0.000000 0.938581 0.000000 0.345058 0.562704 0.562704 0.562704
3262.711182 0.000000 2605.819092 0.000000 0.521172 0.000000 0.853451 0.244307 0.244307 0.244307
3263.314453 0.000000 2619.834717 0.000000 0.976486 0.000000 -0.215581 0.781262 0.781262 0.781262
3259.179199 0.000000 2587.989258 0.000000 0.511732 0.000000 0.859145 0.474213 0.474213 0.474213
3228.114502 0.000000 2613.463867 0.000000 0.746724 0.000000 0.665134 0.375724 0.375724 0.375724
3213.877441 0.000000 2588.985352 0.000000 0.555826 0.000000 -0.831298 0.859509 0.859509 0.859509
3259.762207 0.000000 2609.393799 0.000000 0.842689 0.000000 0.538401 0.545003 0.545003 0.545003
3256.092773 0.000000 2604.849365 0.000000 0.993965 0.000000 -0.109697 0.731887 0.731887 0.731887
3211.114258 0.000000 2589.214111 0.000000 0.452684 0.000000 0.891671 0.405608 0.405608 0.405608
3225.186768 0.000000 2605.764160 0.000000 0.985603 0.000000 0.169076 0.641214 0.641214 0.641214
3259.757080 0.000000 2617.893799 0.000000 0.810898 0.000000 0.585188 0.567815 0.567815 0.567815
3217.375488 0.000000 2619.250244 0.000000 0.938247 0.000000 0.345966 0.630855 0.630855 0.630855
3212.361084 0.000000 2598.780273 0.000000 0.588700 0.000000 0.808352 0.519041 0.519041 0.519041
3263.269531 0.000000 2599.083008 0.000000 0.822971 0.000000 0.568083 0.433927 0.433927 0.433927
3214.655762 0.000000 2610.848145 0.000000 0.494991 0.000000 0.868898 0.401895 0.401895 0.401895
3212.430664 0.000000 2615.363525 0.000000 0.942832 0.000000 -0.333269 0.851412 0.851412 0.851412
3261.958008 0.000000 2601.448975 0.000000 0.950768 0.000000 -0.309902 0.840415 0.840415 0.840415
3245.421387 0.000000 2619.567627 0.000000 0.956477 0.000000 0.291809 0.568040 0.568040 0.568040
3211.753662 0.000000 2594.714600 0.000000 0.629475 0.000000 0.777021 0.304977 0.304977 0.304977
3251.150146 0.000000 2587.667480 0.000000 0.146507 0.000000 -0.989210 1.140401 1.140401 1.140401
3252.627441 0.000000 2578.347168 0.000000 0.292252 0.000000 0.956341 0.270228 0.270228 0.270228
3235.419434 0.000000 2596.105957 0.000000 0.527918 0.000000 0.849296 0.451754 0.451754 0.451754
3245.794189 0.000000 2597.669922 0.000000 0.403491 0.000000 -0.914983 1.214915 1.214915 1.214915
3210.420654 0.000000 2618.681885 0.000000 0.998935 0.000000 -0.046146 0.716619 0.716619 0.716619
3212.326172 0.000000 2581.875732 0.000000 0.719206 0.000000 -0.694797 1.036938 1.036938 1.036938
3240.872803 0.000000 2591.456055 0.000000 0.556821 0.000000 -0.830633 0.907280 0.907280 0.907280
3209.628906 0.000000 2607.043457 0.000000 0.936757 0.000000 -0.349980 0.761860 0.761860 0.761860
3253.351318 0.000000 2621.165771 0.000000 0.461753 0.000000 0.887009 0.213891 0.213891 0.213891
3249.625732 0.000000 2584.779297 0.000000 0.873581 0.000000 0.486679 0.473491 0.473491 0.473491
3221.492432 0.000000 2599.931152 0.000000 0.915914 0.000000 0.401376 0.515945 0.515945 0.515945
3248.485352 0.000000 2604.362305 0.000000 0.999738 0.000000 0.022882 0.689802 0.689802 0.689802
3253.366943 0.000000 2586.724365 0.000000 0.987233 0.000000 0.159284 0.659185 0.659185 0.659185
3216.231445 0.000000 2618.534668 0.000000 0.971192 0.000000 -0.238300 0.747095 0.747095 0.747095
3256.803711 0.000000 2618.499756 0.000000 0.164139 0.000000 -0.986437 1.208588 1.208588 1.208588
3214.883057 0.000000 2612.257568 0.000000 0.825922 0.000000 0.563785 0.451924 0.451924 0.451924
3254.045654 0.000000 2606.477295 0.000000 0.823400 0.000000 0.567461 0.431096 0.431096 0.431096
3259.596191 0.000000 2611.730713 0.000000 0.789981 0.000000 0.613131 0.550053 0.550053 0.550053
3263.351807 0.000000 2588.206543 0.000000 0.015182 0.000000 0.999885 0.006766 0.006766 0.006766
3231.587891 0.000000 2609.636475 0.000000 0.998579 0.000000 -0.053300 0.718918 0.718918 0.718918
3255.022217 0.000000 2579.285156 0.000000 0.097397 0.000000 0.995246 0.246867 0.246867 0.246867
3248.268066 0.000000 2597.623047 0.000000 0.494978 0.000000 0.868905 0.387169 0.387169 0.387169
3251.389404 0.000000 2580.531494 0.000000 0.918400 0.000000 -0.395652 0.775353 0.775353 0.775353
3251.174072 0.000000 2584.635254 0.000000 0.999530 0.000000 0.030643 0.686342 0.686342 0.686342
3214.776855 0.000000 2619.368896 0.000000 0.967274 0.000000 -0.253734 0.809391 0.809391 0.809391
3257.969482 0.000000 2586.589111 0.000000 0.872304 0.000000 0.488964 0.515181 0.515181 0.515181
3248.973633 0.000000 2617.088135 0.000000 0.753046 0.000000 -0.657967 1.012487 1.012487 1.012487
3254.945801 0.000000 2623.444092 0.000000 0.997308 0.000000 0.073330 0.667292 0.667292 0.667292
3244.887207 0.000000 2600.049316 0.000000 0.907797 0.000000 0.419409 0.599406 0.599406 0.599406
3226.656250 0.000000 2612.507324 0.000000 0.255722 0.000000 -0.966751 1.284762 1.284762 1.284762
3227.219727 0.000000 2622.122803 0.000000 0.909834 0.000000 0.414973 0.536229 0.536229 0.536229
3234.480957 0.000000 2598.161133 0.000000 0.987566 0.000000 -0.157207 0.770349 0.770349 0.770349
3213.858887 0.000000 2613.220703 0.000000 0.716492 0.000000 -0.697595 0.883491 0.883491 0.883491
3210.745850 0.000000 2576.231445 0.000000 0.725294 0.000000 -0.688440 0.932225 0.932225 0.932225
3259.822510 0.000000 2602.628174 0.000000 0.361925 0.000000 0.932207 0.165032 0.165032 0.165032
3244.168457 0.000000 2620.091309 0.000000 0.323726 0.000000 -0.946151 1.253090 1.253090 1.253090
3206.314209 0.000000 2607.503662 0.000000 0.125436 0.000000 -0.992102 0.987885 0.987885 0.987885
3248.771484 0.000000 2580.695068 0.000000 0.147480 0.000000 0.989065 0.267363 0.267363 0.267363
3214.166260 0.000000 2578.225830 0.000000 0.974383 0.000000 0.224893 0.598915 0.598915 0.598915
3257.728027 0.000000 2609.043945 0.000000 0.902913 0.000000 -0.429824 0.862278 0.862278 0.862278
3242.214844 0.000000 2591.046143 0.000000 0.185673 0.000000 0.982612 0.083225 0.083225 0.083225
3234.197266 0.000000 2587.840088 0.000000 0.820090 0.000000 0.572235 0.496646 0.496646 0.496646
3243.195312 0.000000 2623.506592 0.000000 0.986156 0.000000 -0.165819 0.732897 0.732897 0.732897
3231.078125 0.000000 2594.618652 0.000000 0.486950 0.000000 -0.873430 0.965449 0.965449 0.965449
3224.185303 0.000000 2579.387939 0.000000 0.595914 0.000000 0.803048 0.506097 0.506097 0.506097
3251.259033 0.000000 2622.576660 0.000000 0.890378 0.000000 -0.455221 0.910616 0.910616 0.910616
3254.141357 0.000000 2613.680908 0.000000 0.935229 0.000000 -0.354043 0.861270 0.861270 0.861270
3215.860596 0.000000 2614.616455 0.000000 0.697309 0.000000 0.716770 0.475148 0.475148 0.475148
3248.619141 0.000000 2605.621094 0.000000 0.119151 0.000000 -0.992876 1.346776 1.346776 1.346776
3261.581543 0.000000 2616.958252 0.000000 0.906636 0.000000 -0.421914 0.894098 0.894098 0.894098
3220.538818 0.000000 2599.121826 0.000000 0.899720 0.000000 0.436467 0.498721 0.498721 0.498721
3249.870117 0.000000 2575.156982 0.000000 0.061127 0.000000 0.998130 0.238314 0.238314 0.238314
3221.349365 0.000000 2601.197510 0.000000 0.103111 0.000000 0.994670 0.415331 0.415331 0.415331
3249.521484 0.000000 2602.005127 0.000000 0.493094 0.000000 -0.869976 1.170212 1.170212 1.170212
3242.215088 0.000000 2618.448730 0.000000 0.124664 0.000000 0.992199 0.055699 0.055699 0.055699
3221.174072 0.000000 2603.662842 0.000000 0.310041 0.000000 0.950723 0.243607 0.243607 0.243607
3256.668701 0.000000 2586.648926 0.000000 0.153334 0.000000 0.988174 0.187453 0.187453 0.187453
3229.563721 0.000000 2600.846191 0.000000 0.367197 0.000000 -0.930143 1.232445 1.232445 1.232445
3262.034668 0.000000 2593.915527 0.000000 0.436243 0.000000 -0.899829 1.198832 1.198832 1.198832
3211.643799 0.000000 2603.946533 0.000000 0.107370 0.000000 0.994219 0.047940 0.047940 0.047940
3242.533691 0.000000 2562.614746 0.000000 0.838364 0.000000 0.545110 0.533759 0.533759 0.533759
3247.615234 0.000000 2621.985596 0.000000 0.245803 0.000000 0.969320 0.110672 0.110672 0.110672
3209.376709 0.000000 2602.915527 0.000000 0.869603 0.000000 -0.493751 0.895831 0.895831 0.895831
3234.910400 0.000000 2618.278564 0.000000 0.897540 0.000000 -0.440933 0.869179 0.869179 0.869179
3210.454834 0.000000 2602.240967 0.000000 0.338547 0.000000 -0.940949 1.246090 1.246090 1.246090
3263.892334 0.000000 2590.294678 0.000000 0.346597 0.000000 -0.938014 1.191234 1.191234 1.191234
3218.274658 0.000000 2598.613037 0.000000 0.913193 0.000000 0.407528 0.581166 0.581166 0.581166
3262.556152 0.000000 2590.612305 0.000000 0.395472 0.000000 -0.918478 1.169984 1.169984 1.169984
3244.719971 0.000000 2590.909180 0.000000 0.962396 0.000000 0.271650 0.631730 0.631730 0.631730
3233.070801 0.000000 2572.371826 0.000000 0.757948 0.000000 -0.652315 0.973216 0.973216 0.973216
3243.131348 0.000000 2591.985352 0.000000 0.994919 0.000000 -0.100676 0.744941 0.744941 0.744941
3258.392822 0.000000 2590.456055 0.000000 0.911595 0.000000 -0.411090 0.844371 0.844371 0.844371
3260.389160 0.000000 2606.936279 0.000000 0.999945 0.000000 -0.010524 0.704690 0.704690 0.704690
3230.406250 0.000000 2591.647461 0.000000 0.943735 0.000000 0.330703 0.576895 0.576895 0.576895
3212.084717 0.000000 2612.041016 0.000000 0.883813 0.000000 -0.467840 0.815709 0.815709 0.815709
3206.279053 0.000000 2598.695068 0.000000 0.985961 0.000000 0.166975 0.625240 0.625240 0.625240
3261.112061 0.000000 2600.496582 0.000000 0.879736 0.000000 0.475462 0.479193 0.479193 0.479193
3255.930908 0.000000 2621.315674 0.000000 0.917453 0.000000 0.397844 0.517662 0.517662 0.517662
3258.031738 0.000000 2606.413086 0.000000 0.753578 0.000000 0.657359 0.459317 0.459317 0.459317
3205.140625 0.000000 2596.841309 0.000000 0.986574 0.000000 0.163313 0.665024 0.665024 0.665024
3228.832520 0.000000 2620.306885 0.000000 0.948456 0.000000 -0.316909 0.804819 0.804819 0.804819
3222.376465 0.000000 2601.824219 0.000000 0.053981 0.000000 0.998542 0.275885 0.275885 0.275885
3223.063477 0.000000 2592.699463 0.000000 0.259855 0.000000 0.965648 0.430287 0.430287 0.430287
3213.434814 0.000000 2621.115234 0.000000 0.534750 0.000000 0.845011 0.383363 0.383363 0.383363
3211.397461 0.000000 2581.093018 0.000000 0.948154 0.000000 0.317811 0.600524 0.600524 0.600524
3241.521240 0.000000 2622.687500 0.000000 0.988994 0.000000 -0.147953 0.758650 0.758650 0.758650
3213.589600 0.000000 2579.566895 0.000000 0.992133 0.000000 -0.125192 0.733781 0.733781 0.733781
3252.976318 0.000000 2618.854492 0.000000 0.856516 0.000000 0.516121 0.458326 0.458326 0.458326
3255.233154 0.000000 2582.932617 0.000000 0.817428 0.000000 -0.576031 0.961758 0.961758 0.961758
3249.615723 0.000000 2619.014893 0.000000 0.989386 0.000000 0.145314 0.635013 0.635013 0.635013
3261.768555 0.000000 2589.695312 0.000000 0.392287 0.000000 0.919843 0.181683 0.181683 0.181683
3234.497314 0.000000 2586.702393 0.000000 0.723012 0.000000 -0.690835 0.954562 0.954562 0.954562
3260.304443 0.000000 2591.421387 0.000000 0.107028 0.000000 0.994256 0.047787 0.047787 0.047787
3229.926514 0.000000 2598.416748 0.000000 0.251248 0.000000 0.967923 0.407739 0.407739 0.407739
3253.190674 0.000000 2581.547852 0.000000 0.807869 0.000000 0.589362 0.477508 0.477508 0.477508
3210.445068 0.000000 2598.529297 0.000000 0.303636 0.000000 -0.952788 0.975745 0.975745 0.975745
3257.878174 0.000000 2584.530273 0.000000 0.659450 0.000000 -0.751749 1.079105 1.079105 1.079105
3211.532471 0.000000 2600.245117 0.000000 0.463615 0.000000 -0.886037 0.951148 0.951148 0.951148
3210.352783 0.000000 2594.475098 0.000000 0.381840 0.000000 -0.924228 1.223346 1.223346 1.223346
3263.714844 0.000000 2605.160400 0.000000 0.296201 0.000000 -0.955126 1.265992 1.265992 1.265992
3236.729492 0.000000 2619.972168 0.000000 0.876431 0.000000 0.481528 0.591130 0.591130 0.591130
3232.202393 0.000000 2574.229004 0.000000 0.349712 0.000000 -0.936857 1.066890 1.066890 1.066890
3214.157227 0.000000 2592.492920 0.000000 0.797003 0.000000 0.603975 0.556075 0.556075 0.556075
3213.694336 0.000000 2583.203369 0.000000 0.853667 0.000000 0.520820 0.542995 0.542995 0.542995
3229.353271 0.000000 2614.128418 0.000000 0.973733 0.000000 -0.227692 0.765433 0.765433 0.765433
3221.864746 0.000000 2582.072266 0.000000 0.987906 0.000000 -0.155054 0.761759 0.761759 0.761759
3200.110596 0.000000 2615.287842 0.000000 0.580940 0.000000 -0.813946 1.123759 1.123759 1.123759
3225.113770 0.000000 2580.936523 0.000000 0.950173 0.000000 0.311723 0.606375 0.606375 0.606375
3223.683838 0.000000 2601.541260 0.000000 0.815932 0.000000 0.578148 0.527630 0.527630 0.527630
3255.984619 0.000000 2623.980225 0.000000 0.753331 0.000000 -0.657641 1.019824 1.019824 1.019824
3208.230957 0.000000 2602.297607 0.000000 0.636020 0.000000 0.771673 0.365725 0.365725 0.365725
3214.403320 0.000000 2584.807129 0.000000 0.786201 0.000000 -0.617971 0.954953 0.954953 0.954953
3254.828613 0.000000 2619.204102 0.000000 0.379643 0.000000 0.925133 0.173534 0.173534 0.173534
3210.366943 0.000000 2600.944092 0.000000 0.011688 0.000000 -0.999932 1.059657 1.059657 1.059657
3261.183350 0.000000 2604.875244 0.000000 0.962001 0.000000 0.273047 0.576756 0.576756 0.576756
3223.031982 0.000000 2622.914307 0.000000 0.265414 0.000000 -0.964135 1.068654 1.068654 1.068654
3253.607178 0.000000 2623.549316 0.000000 0.114899 0.000000 -0.993377 1.348684 1.348684 1.348684
3244.550537 0.000000 2595.463379 0.000000 0.609596 0.000000 -0.792712 0.970310 0.970310 0.970310
3219.322998 0.000000 2576.085205 0.000000 0.989929 0.000000 0.141566 0.642162 0.642162 0.642162
3259.334229 0.000000 2601.262451 0.000000 0.867207 0.000000 -0.497948 0.932278 0.932278 0.932278
3232.897461 0.000000 2622.758301 0.000000 0.361599 0.000000 0.932334 0.250916 0.250916 0.250916
3221.120117 0.000000 2609.921631 0.000000 0.949974 0.000000 -0.312328 0.825454 0.825454 0.825454
3239.427246 0.000000 2621.214355 0.000000 0.820738 0.000000 0.571304 0.514028 0.514028 0.514028
3250.050049 0.000000 2586.974854 0.000000 0.030567 0.000000 -0.999533 1.176426 1.176426 1.176426
3239.085449 0.000000 2619.234619 0.000000 0.504034 0.000000 -0.863684 1.164588 1.164588 1.164588
3250.829346 0.000000 2621.487305 0.000000 0.584636 0.000000 -0.811296 1.121732 1.121732 1.121732
3251.564209 0.000000 2620.596680 0.000000 0.859111 0.000000 0.511790 0.460576 0.460576 0.460576
3244.093994 0.000000 2594.075684 0.000000 0.849095 0.000000 0.528239 0.535635 0.535635 0.535635
3249.468750 0.000000 2623.329346 0.000000 0.797346 0.000000 0.603523 0.411268 0.411268 0.411268
3236.124268 0.000000 2623.603271 0.000000 0.987308 0.000000 0.158815 0.633943 0.633943 0.633943
3253.249512 0.000000 2607.367188 0.000000 0.909129 0.000000 -0.416516 0.812617 0.812617 0.812617
3208.320557 0.000000 2597.340332 0.000000 0.548238 0.000000 -0.836322 0.971775 0.971775 0.971775
3227.999512 0.000000 2617.492920 0.000000 0.997903 0.000000 -0.064730 0.724225 0.724225 0.724225
3234.422119 0.000000 2570.809570 0.000000 0.999951 0.000000 -0.009948 0.704068 0.704068 0.704068
3217.442871 0.000000 2573.097900 0.000000 0.214864 0.000000 -0.976644 1.303497 1.303497 1.303497
3231.458252 0.000000 2621.108154 0.000000 0.934099 0.000000 0.357014 0.537313 0.537313 0.537313
3247.723145 0.000000 2619.139404 0.000000 0.101050 0.000000 -0.994881 1.354892 1.354892 1.354892
3243.959229 0.000000 2563.389404 0.000000 0.060242 0.000000 0.998184 0.264440 0.264440 0.264440
3249.353516 0.000000 2586.093750 0.000000 0.607878 0.000000 0.794031 0.449893 0.449893 0.449893
3229.648926 0.000000 2622.512207 0.000000 0.724128 0.000000 -0.689666 1.039140 1.039140 1.039140
3231.331055 0.000000 2607.727051 0.000000 0.043425 0.000000 -0.999057 1.199138 1.199138 1.199138
3215.143799 0.000000 2587.042480 0.000000 0.755077 0.000000 0.655636 0.537556 0.537556 0.537556
3228.777344 0.000000 2616.056885 0.000000 0.880829 0.000000 -0.473435 0.835316 0.835316 0.835316
3211.191162 0.000000 2596.683838 0.000000 0.925538 0.000000 -0.378654 0.815372 0.815372 0.815372
3207.269775 0.000000 2599.254883 0.000000 0.723563 0.000000 0.690259 0.360496 0.360496 0.360496
3231.066650 0.000000 2619.145020 0.000000 0.645079 0.000000 0.764116 0.397556 0.397556 0.397556
3218.736572 0.000000 2620.653809 0.000000 0.989201 0.000000 -0.146563 0.757324 0.757324 0.757324
3206.307129 0.000000 2601.048584 0.000000 0.106015 0.000000 -0.994365 1.217015 1.217015 1.217015
3228.268311 0.000000 2601.663574 0.000000 0.631240 0.000000 0.775588 0.304435 0.304435 0.304435
3233.209961 0.000000 2620.701660 0.000000 0.613180 0.000000 -0.789943 1.105846 1.105846 1.105846
3232.375488 0.000000 2592.980957 0.000000 0.737724 0.000000 -0.675102 0.903337 0.903337 0.903337
3252.956787 0.000000 2622.441895 0.000000 0.341896 0.000000 -0.939738 1.244503 1.244503 1.244503
3263.977783 0.000000 2587.192627 0.000000 0.911549 0.000000 0.411191 0.520785 0.520785 0.520785
3218.037842 0.000000 2577.993652 0.000000 0.568364 0.000000 0.822777 0.306543 0.306543 0.306543
3217.479004 0.000000 2576.379883 0.000000 0.989323 0.000000 -0.145737 0.765177 0.765177 0.765177
3263.284180 0.000000 2603.994629 0.000000 0.912381 0.000000 0.409343 0.512061 0.512061 0.512061
3231.654541 0.000000 2610.868896 0.000000 0.026457 0.000000 -0.999650 1.153408 1.153408 1.153408
3250.780029 0.000000 2604.590576 0.000000 0.965023 0.000000 -0.262164 0.792251 0.792251 0.792251
3213.728027 0.000000 2618.821533 0.000000 0.739062 0.000000 -0.673638 1.029377 1.029377 1.029377
3257.081787 0.000000 2622.748047 0.000000 0.982831 0.000000 -0.184507 0.757077 0.757077 0.757077
3229.437988 0.000000 2623.607910 0.000000 0.998796 0.000000 -0.049067 0.721874 0.721874 0.721874
3237.738770 0.000000 2623.594727 0.000000 0.187161 0.000000 -0.982329 1.272610 1.272610 1.272610
3218.817139 0.000000 2607.943604 0.000000 0.393515 0.000000 -0.919318 1.219763 1.219763 1.219763
3262.106689 0.000000 2591.629395 0.000000 0.989191 0.000000 -0.146631 0.759408 0.759408 0.759408
3254.573975 0.000000 2586.780518 0.000000 0.949596 0.000000 0.313476 0.557909 0.557909 0.557909
3263.581055 0.000000 2600.116211 0.000000 0.917962 0.000000 -0.396668 0.881767 0.881767 0.881767
3253.484863 0.000000 2579.431641 0.000000 0.843577 0.000000 -0.537009 0.891202 0.891202 0.891202
3249.736328 0.000000 2617.864990 0.000000 0.967119 0.000000 -0.254325 0.811898 0.811898 0.811898
3259.737061 0.000000 2585.606934 0.000000 0.557939 0.000000 -0.829882 1.115701 1.115701 1.115701
3210.363525 0.000000 2597.432861 0.000000 0.195504 0.000000 -0.980703 1.108208 1.108208 1.108208
3211.544434 0.000000 2602.556152 0.000000 0.375796 0.000000 -0.926702 1.228317 1.228317 1.228317
3252.291260 0.000000 2614.821533 0.000000 0.795475 0.000000 -0.605986 0.990110 0.990110 0.990110
3256.466309 0.000000 2584.787598 0.000000 0.999794 0.000000 0.020308 0.690949 0.690949 0.690949
3253.139404 0.000000 2616.828613 0.000000 0.892237 0.000000 -0.451567 0.908789 0.908789 0.908789
3228.312256 0.000000 2611.024414 0.000000 0.738345 0.000000 -0.674423 0.923781 0.923781 0.923781
3258.339111 0.000000 2585.543457 0.000000 0.601458 0.000000 -0.798904 1.093013 1.093013 1.093013
3207.534180 0.000000 2609.571777 0.000000 0.897663 0.000000 0.440683 0.571598 0.571598 0.571598
3211.972900 0.000000 2576.490723 0.000000 0.838707 0.000000 0.544583 0.523877 0.523877 0.523877
3244.286865 0.000000 2591.960449 0.000000 0.821510 0.000000 0.570194 0.549433 0.549433 0.549433
3259.132812 0.000000 2604.647217 0.000000 0.857553 0.000000 -0.514395 0.834080 0.834080 0.834080
3219.029297 0.000000 2604.389160 0.000000 0.411852 0.000000 -0.911251 1.042560 1.042560 1.042560
3249.069580 0.000000 2596.385986 0.000000 0.946288 0.000000 -0.323326 0.797814 0.797814 0.797814
3247.467041 0.000000 2584.885986 0.000000 0.794813 0.000000 0.606854 0.505130 0.505130 0.505130
3206.153076 0.000000 2597.481934 0.000000 0.798598 0.000000 0.601864 0.412195 0.412195 0.412195
3207.305176 0.000000 2600.321533 0.000000 0.963095 0.000000 0.269160 0.603797 0.603797 0.603797
3251.575928 0.000000 2579.042969 0.000000 0.899865 0.000000 0.436168 0.572223 0.572223 0.572223
3236.718506 0.000000 2600.806885 0.000000 0.997931 0.000000 -0.064292 0.724848 0.724848 0.724848
3233.506836 0.000000 2574.737305 0.000000 0.056725 0.000000 -0.998390 1.157743 1.157743 1.157743
3212.122314 0.000000 2579.507568 0.000000 0.672423 0.000000 0.740167 0.475731 0.475731 0.475731
3255.389160 0.000000 2615.207520 0.000000 0.066892 0.000000 0.997760 0.029831 0.029831 0.029831
3219.020996 0.000000 2612.965576 0.000000 0.798642 0.000000 0.601807 0.482195 0.482195 0.482195
3246.183838 0.000000 2620.329346 0.000000 0.937551 0.000000 0.347847 0.541678 0.541678 0.541678
3259.571777 0.000000 2607.616455 0.000000 0.825358 0.000000 -0.564610 0.901308 0.901308 0.901308
3252.646729 0.000000 2620.373047 0.000000 0.341572 0.000000 0.939856 0.155343 0.155343 0.155343
3233.800293 0.000000 2622.169922 0.000000 0.454682 0.000000 0.890654 0.289075 0.289075 0.289075
3242.461670 0.000000 2619.470215 0.000000 0.999145 0.000000 -0.041342 0.718429 0.718429 0.718429
3219.738037 0.000000 2582.581543 0.000000 0.871276 0.000000 0.490793 0.517112 0.517112 0.517112
3261.060791 0.000000 2593.250732 0.000000 0.949493 0.000000 0.313789 0.565014 0.565014 0.565014
3206.124756 0.000000 2610.964600 0.000000 0.492335 0.000000 0.870406 0.413949 0.413949 0.413949
3247.298828 0.000000 2618.151367 0.000000 0.985552 0.000000 0.169375 0.624155 0.624155 0.624155
3217.234375 0.000000 2575.229736 0.000000 0.931883 0.000000 -0.362759 0.865431 0.865431 0.865431
3246.300537 0.000000 2596.443359 0.000000 0.548281 0.000000 -0.836294 1.042731 1.042731 1.042731
3239.287109 0.000000 2622.360107 0.000000 0.773546 0.000000 -0.633740 1.005873 1.005873 1.005873
3258.850830 0.000000 2581.843994 0.000000 0.513236 0.000000 0.858247 0.373614 0.373614 0.373614
3206.449219 0.000000 2609.716553 0.000000 0.609611 0.000000 0.792701 0.442491 0.442491 0.442491
3252.916504 0.000000 2605.242188 0.000000 0.156406 0.000000 0.987693 0.102105 0.102105 0.102105
3245.597656 0.000000 2595.416992 0.000000 0.948271 0.000000 0.317462 0.604589 0.604589 0.604589
3232.966553 0.000000 2601.773682 0.000000 0.477133 0.000000 0.878831 0.291061 0.291061 0.291061
3255.278809 0.000000 2616.756348 0.000000 0.464646 0.000000 0.885496 0.215346 0.215346 0.215346
3201.038330 0.000000 2613.952637 0.000000 0.453305 0.000000 -0.891355 1.190343 1.190343 1.190343
3248.399414 0.000000 2584.371826 0.000000 0.754692 0.000000 0.656079 0.381099 0.381099 0.381099
3256.648926 0.000000 2620.493652 0.000000 0.597649 0.000000 0.801758 0.285458 0.285458 0.285458
3258.448730 0.000000 2607.411377 0.000000 0.993611 0.000000 0.112861 0.662050 0.662050 0.662050
3220.660400 0.000000 2609.002930 0.000000 0.570497 0.000000 0.821300 0.319389 0.319389 0.319389
3250.906982 0.000000 2619.447021 0.000000 0.051416 0.000000 -0.998677 1.377077 1.377077 1.377077
3229.778076 0.000000 2620.717529 0.000000 0.529294 0.000000 0.848438 0.370715 0.370715 0.370715
3224.187988 0.000000 2581.724121 0.000000 0.105199 0.000000 -0.994451 1.132794 1.132794 1.132794
3205.160156 0.000000 2619.534424 0.000000 0.907888 0.000000 -0.419214 0.892772 0.892772 0.892772
3251.659180 0.000000 2599.326904 0.000000 0.198684 0.000000 -0.980064 1.138386 1.138386 1.138386
3247.334229 0.000000 2596.224121 0.000000 0.859700 0.000000 0.510800 0.514493 0.514493 0.514493
3252.489014 0.000000 2580.792725 0.000000 0.939390 0.000000 0.342850 0.576464 0.576464 0.576464
3244.107910 0.000000 2596.379883 0.000000 0.812996 0.000000 -0.582269 0.976969 0.976969 0.976969
3262.054932 0.000000 2618.621094 0.000000 0.998861 0.000000 -0.047713 0.717851 0.717851 0.717851
3250.011963 0.000000 2605.939697 0.000000 0.714541 0.000000 -0.699594 0.969462 0.969462 0.969462
3226.168457 0.000000 2610.438477 0.000000 0.699293 0.000000 -0.714835 0.943557 0.943557 0.943557
3255.040527 0.000000 2622.009521 0.000000 0.910628 0.000000 -0.413228 0.889838 0.889838 0.889838
3251.781250 0.000000 2618.514160 0.000000 0.569846 0.000000 -0.821752 1.129804 1.129804 1.129804
3222.541504 0.000000 2623.900879 0.000000 0.473158 0.000000 0.880978 0.394830 0.394830 0.394830
3211.365479 0.000000 2590.246582 0.000000 0.885230 0.000000 -0.465154 0.862335 0.862335 0.862335
3258.787109 0.000000 2615.633789 0.000000 0.936826 0.000000 0.349795 0.558238 0.558238 0.558238
3213.265625 0.000000 2592.995361 0.000000 0.535137 0.000000 -0.844765 1.148364 1.148364 1.148364
3255.784424 0.000000 2618.757812 0.000000 0.655900 0.000000 0.754848 0.318795 0.318795 0.318795
3204.576416 0.000000 2620.539307 0.000000 0.579764 0.000000 0.814785 0.430379 0.430379 0.430379
3240.115967 0.000000 2619.141602 0.000000 0.709484 0.000000 0.704722 0.351500 0.351500 0.351500
3259.048340 0.000000 2613.899170 0.000000 0.115261 0.000000 0.993335 0.196442 0.196442 0.196442
3234.565918 0.000000 2619.215820 0.000000 0.273774 0.000000 0.961794 0.220781 0.220781 0.220781
3260.551270 0.000000 2614.952148 0.000000 0.998485 0.000000 0.055027 0.683355 0.683355 0.683355
3253.288330 0.000000 2614.862305 0.000000 0.351299 0.000000 -0.936263 1.240036 1.240036 1.240036
3255.035156 0.000000 2614.165527 0.000000 0.059446 0.000000 -0.998232 1.373493 1.373493 1.373493
3261.145508 0.000000 2592.092285 0.000000 0.618308 0.000000 0.785936 0.317596 0.317596 0.317596
3233.359619 0.000000 2610.527100 0.000000 0.137323 0.000000 0.990526 0.061390 0.061390 0.061390
3249.729492 0.000000 2621.303955 0.000000 0.023332 0.000000 -0.999728 1.389602 1.389602 1.389602
3238.142822 0.000000 2618.873535 0.000000 0.964606 0.000000 0.263695 0.581082 0.581082 0.581082
3225.632568 0.000000 2599.156250 0.000000 0.640669 0.000000 -0.767817 0.963140 0.963140 0.963140
3212.253906 0.000000 2592.589355 0.000000 0.286026 0.000000 -0.958222 1.270732 1.270732 1.270732
3226.073242 0.000000 2602.289062 0.000000 0.932360 0.000000 -0.361530 0.837047 0.837047 0.837047
3227.627441 0.000000 2614.454590 0.000000 0.287780 0.000000 0.957697 0.130084 0.130084 0.130084
3227.954346 0.000000 2578.675537 0.000000 0.998923 0.000000 -0.046407 0.720688 0.720688 0.720688
3226.080811 0.000000 2623.600586 0.000000 0.588264 0.000000 -0.808669 1.060479 1.060479 1.060479
3204.534912 0.000000 2618.641113 0.000000 0.278212 0.000000 0.960520 0.125639 0.125639 0.125639
3260.720703 0.000000 2589.939697 0.000000 0.949808 0.000000 -0.312834 0.841234 0.841234 0.841234
3216.727539 0.000000 2616.504639 0.000000 0.382922 0.000000 -0.923781 1.076682 1.076682 1.076682
3262.039062 0.000000 2599.087402 0.000000 0.974365 0.000000 0.224972 0.600069 0.600069 0.600069
3261.489746 0.000000 2603.794922 0.000000 0.820344 0.000000 0.571871 0.428705 0.428705 0.428705
3258.655762 0.000000 2612.781982 0.000000 0.759857 0.000000 -0.650090 0.944881 0.944881 0.944881
3220.968750 0.000000 2598.205078 0.000000 0.846512 0.000000 -0.532369 0.950177 0.950177 0.950177
3209.409668 0.000000 2582.151367 0.000000 0.769074 0.000000 -0.639159 0.937509 0.937509 0.937509
3221.143066 0.000000 2583.625732 0.000000 0.530722 0.000000 -0.847546 1.101202 1.101202 1.101202
3215.667969 0.000000 2585.699951 0.000000 0.708988 0.000000 0.705220 0.400432 0.400432 0.400432
3244.341797 0.000000 2619.119629 0.000000 0.999991 0.000000 -0.004303 0.701918 0.701918 0.701918
3225.593994 0.000000 2609.451172 0.000000 0.654672 0.000000 0.755913 0.376483 0.376483 0.376483
3218.585205 0.000000 2606.406494 0.000000 0.999155 0.000000 0.041089 0.681684 0.681684 0.681684
3252.984619 0.000000 2612.881104 0.000000 0.748142 0.000000 0.663539 0.376675 0.376675 0.376675
3254.835938 0.000000 2584.933350 0.000000 0.960507 0.000000 -0.278256 0.825659 0.825659 0.825659
3213.618652 0.000000 2580.916016 0.000000 0.743502 0.000000 0.668734 0.378692 0.378692 0.378692
3238.897949 0.000000 2620.380127 0.000000 0.581231 0.000000 0.813739 0.409294 0.409294 0.409294
3249.027100 0.000000 2622.264404 0.000000 0.644585 0.000000 -0.764533 1.087842 1.087842 1.087842
3224.584229 0.000000 2604.938232 0.000000 0.965099 0.000000 0.261887 0.608312 0.608312 0.608312
3262.799805 0.000000 2593.270752 0.000000 0.049840 0.000000 0.998757 0.022220 0.022220 0.022220
3233.166260 0.000000 2588.077637 0.000000 0.993835 0.000000 0.110867 0.660782 0.660782 0.660782
3249.984863 0.000000 2603.995361 0.000000 0.507274 0.000000 -0.861785 1.162914 1.162914 1.162914
3238.129395 0.000000 2622.675537 0.000000 0.829117 0.000000 0.559076 0.435619 0.435619 0.435619
3231.724609 0.000000 2608.622314 0.000000 0.767726 0.000000 -0.640778 0.946739 0.946739 0.946739
3253.291748 0.000000 2585.694580 0.000000 0.664953 0.000000 0.746886 0.324168 0.324168 0.324168
3248.430176 0.000000 2616.288330 0.000000 0.997325 0.000000 -0.073095 0.731836 0.731836 0.731836
3211.317383 0.000000 2619.202881 0.000000 0.437425 0.000000 -0.899255 1.102505 1.102505 1.102505
3245.027344 0.000000 2621.834961 0.000000 0.991571 0.000000 -0.129567 0.757902 0.757902 0.757902
3213.256592 0.000000 2594.101074 0.000000 0.776866 0.000000 0.629666 0.396468 0.396468 0.396468
3253.862549 0.000000 2615.810059 0.000000 0.822860 0.000000 -0.568244 0.969328 0.969328 0.969328
3228.780518 0.000000 2594.882324 0.000000 0.629370 0.000000 -0.777106 1.017311 1.017311 1.017311
3252.614258 0.000000 2582.459229 0.000000 0.997983 0.000000 0.063479 0.671693 0.671693 0.671693
3254.310059 0.000000 2583.269287 0.000000 0.306816 0.000000 0.951769 0.163171 0.163171 0.163171
3259.718506 0.000000 2615.849365 0.000000 0.959520 0.000000 0.281640 0.586740 0.586740 0.586740
3236.294922 0.000000 2601.858398 0.000000 0.971147 0.000000 -0.238484 0.793002 0.793002 0.793002
3226.508789 0.000000 2616.371094 0.000000 0.465095 0.000000 0.885261 0.293460 0.293460 0.293460
3251.530518 0.000000 2585.526367 0.000000 0.999879 0.000000 -0.015527 0.706920 0.706920 0.706920
3257.475098 0.000000 2609.967773 0.000000 0.943487 0.000000 -0.331410 0.823379 0.823379 0.823379
3212.583740 0.000000 2614.109375 0.000000 0.000070 0.000000 1.000000 0.000100 0.000100 0.000100
3258.375000 0.000000 2614.619873 0.000000 0.703062 0.000000 0.711129 0.386168 0.386168 0.386168
3255.183838 0.000000 2607.020264 0.000000 0.306798 0.000000 -0.951775 1.261039 1.261039 1.261039
3212.358887 0.000000 2595.502686 0.000000 0.982671 0.000000 0.185360 0.616917 0.616917 0.616917
3235.428223 0.000000 2570.219727 0.000000 0.806295 0.000000 -0.591514 0.958829 0.958829 0.958829
3248.338867 0.000000 2603.167969 0.000000 0.433175 0.000000 -0.901310 1.200350 1.200350 1.200350
3207.300781 0.000000 2595.774658 0.000000 0.658777 0.000000 0.752338 0.347285 0.347285 0.347285
3216.080566 0.000000 2574.978027 0.000000 0.856410 0.000000 0.516296 0.458234 0.458234 0.458234
3235.421631 0.000000 2598.156006 0.000000 0.310643 0.000000 -0.950527 1.259238 1.259238 1.259238
3217.017578 0.000000 2584.414062 0.000000 0.859651 0.000000 0.510881 0.499467 0.499467 0.499467
3210.397461 0.000000 2616.273438 0.000000 0.815451 0.000000 -0.578826 0.975085 0.975085 0.975085
3236.243408 0.000000 2622.105225 0.000000 0.983843 0.000000 -0.179032 0.774553 0.774553 0.774553
3206.231201 0.000000 2595.590332 0.000000 0.954051 0.000000 0.299646 0.573957 0.573957 0.573957
3254.682373 0.000000 2617.519287 0.000000 0.444098 0.000000 -0.895978 1.194934 1.194934 1.194934
3212.544189 0.000000 2618.721191 0.000000 0.209336 0.000000 -0.977844 1.306018 1.306018 1.306018
3227.339844 0.000000 2603.435547 0.000000 0.939145 0.000000 -0.343520 0.829916 0.829916 0.829916
3210.611816 0.000000 2591.521240 0.000000 0.621107 0.000000 -0.783725 1.002198 1.002198 1.002198
3244.110352 0.000000 2599.546875 0.000000 0.843790 0.000000 0.536673 0.505962 0.505962 0.505962
3249.385742 0.000000 2620.446533 0.000000 0.498643 0.000000 0.866807 0.232636 0.232636 0.232636
3262.356201 0.000000 2603.488770 0.000000 0.996199 0.000000 0.087110 0.661132 0.661132 0.661132
3207.541504 0.000000 2596.850586 0.000000 0.970721 0.000000 0.240210 0.591897 0.591897 0.591897
3202.742920 0.000000 2617.833984 0.000000 0.757657 0.000000 -0.652653 0.962204 0.962204 0.962204
3262.722412 0.000000 2602.043457 0.000000 0.876208 0.000000 0.481932 0.475909 0.475909 0.475909
3228.027344 0.000000 2594.075928 0.000000 0.476775 0.000000 0.879025 0.317178 0.317178 0.317178
3208.662598 0.000000 2583.419189 0.000000 0.642622 0.000000 -0.766184 0.998985 0.998985 0.998985
3206.117188 0.000000 2594.349609 0.000000 0.806786 0.000000 -0.590844 0.961803 0.961803 0.961803
3247.020264 0.000000 2619.763916 0.000000 0.391379 0.000000 -0.920229 1.220797 1.220797 1.220797
3233.072998 0.000000 2589.415527 0.000000 0.824636 0.000000 0.565663 0.487756 0.487756 0.487756
3227.827393 0.000000 2615.598145 0.000000 0.727117 0.000000 -0.686514 1.037204 1.037204 1.037204
3248.097168 0.000000 2620.499756 0.000000 0.938344 0.000000 0.345703 0.542696 0.542696 0.542696
3261.207031 0.000000 2607.339844 0.000000 0.837815 0.000000 0.545955 0.442634 0.442634 0.442634
3254.763184 0.000000 2615.909912 0.000000 0.654146 0.000000 0.756369 0.317760 0.317760 0.317760
3257.640869 0.000000 2618.844971 0.000000 0.925098 0.000000 0.379728 0.559097 0.559097 0.559097
3258.059814 0.000000 2603.964600 0.000000 0.066155 0.000000 0.997809 0.029503 0.029503 0.029503
3252.924072 0.000000 2584.305420 0.000000 0.790569 0.000000 -0.612373 0.993699 0.993699 0.993699
3244.945312 0.000000 2597.292725 0.000000 0.128401 0.000000 0.991722 0.057378 0.057378 0.057378
3201.002441 0.000000 2615.165283 0.000000 0.089666 0.000000 -0.995972 1.359988 1.359988 1.359988
3225.240723 0.000000 2608.078369 0.000000 0.615875 0.000000 -0.787844 1.042486 1.042486 1.042486
3218.322266 0.000000 2621.538330 0.000000 0.157847 0.000000 0.987464 0.149616 0.149616 0.149616
3245.724854 0.000000 2618.716553 0.000000 0.969339 0.000000 -0.245728 0.810638 0.810638 0.810638
3215.281250 0.000000 2584.516357 0.000000 0.597509 0.000000 -0.801862 1.056086 1.056086 1.056086
3247.378906 0.000000 2602.643066 0.000000 0.357988 0.000000 -0.933726 1.236848 1.236848 1.236848
3232.460693 0.000000 2610.401123 0.000000 0.170192 0.000000 -0.985411 1.323786 1.323786 1.323786
3226.937988 0.000000 2617.335449 0.000000 0.692079 0.000000 -0.721822 1.001591 1.001591 1.001591
3219.721924 0.000000 2577.288574 0.000000 0.550692 0.000000 -0.834709 1.102139 1.102139 1.102139
3233.126953 0.000000 2623.632812 0.000000 0.827004 0.000000 0.562196 0.476717 0.476717 0.476717
3230.173584 0.000000 2590.539551 0.000000 0.053971 0.000000 -0.998542 1.254003 1.254003 1.254003
3262.460693 0.000000 2587.895752 0.000000 0.210494 0.000000 -0.977595 1.274622 1.274622 1.274622
3227.479980 0.000000 2612.825928 0.000000 0.873011 0.000000 0.487701 0.472970 0.472970 0.472970
3257.645020 0.000000 2620.571289 0.000000 0.999354 0.000000 0.035953 0.683975 0.683975 0.683975
3263.828125 0.000000 2602.193604 0.000000 0.118388 0.000000 0.992967 0.052882 0.052882 0.052882
3256.614258 0.000000 2621.994629 0.000000 0.812987 0.000000 0.582282 0.423024 0.423024 0.423024
3217.813477 0.000000 2573.951660 0.000000 0.325590 0.000000 0.945511 0.147788 0.147788 0.147788
3234.007080 0.000000 2599.924072 0.000000 0.431650 0.000000 0.902041 0.198896 0.198896 0.198896
3232.480225 0.000000 2573.245117 0.000000 0.312159 0.000000 0.950030 0.218134 0.218134 0.218134
3262.811768 0.000000 2592.381592 0.000000 0.850661 0.000000 -0.525714 0.946683 0.946683 0.946683
3250.336670 0.000000 2623.140137 0.000000 0.058756 0.000000 0.998272 0.026199 0.026199 0.026199
3241.623535 0.000000 2619.115967 0.000000 0.998847 0.000000 -0.048002 0.721399 0.721399 0.721399
3260.684082 0.000000 2602.856445 0.000000 0.437711 0.000000 0.899116 0.201895 0.201895 0.201895
3254.593262 0.000000 2620.080078 0.000000 0.270718 0.000000 -0.962659 1.277834 1.277834 1.277834
3260.621582 0.000000 2609.694824 0.000000 0.744258 0.000000 -0.667892 0.988859 0.988859 0.988859
3253.214844 0.000000 2618.002441 0.000000 0.249514 0.000000 -0.968371 1.287621 1.287621 1.287621
3263.050537 0.000000 2587.220215 0.000000 0.854033 0.000000 0.520219 0.468620 0.468620 0.468620
3215.797363 0.000000 2612.238525 0.000000 0.771902 0.000000 -0.635742 0.985355 0.985355 0.985355
3260.898193 0.000000 2588.334961 0.000000 0.768691 0.000000 -0.639621 1.008059 1.008059 1.008059
3255.625488 0.000000 2612.094727 0.000000 0.577206 0.000000 -0.816598 1.125800 1.125800 1.125800
3258.111328 0.000000 2601.033691 0.000000 0.345422 0.000000 0.938448 0.157170 0.157170 0.157170
3258.894775 0.000000 2602.597900 0.000000 0.624884 0.000000 0.780718 0.300795 0.300795 0.300795
3253.334229 0.000000 2604.407471 0.000000 0.857377 0.000000 0.514689 0.471353 0.471353 0.471353
3261.892090 0.000000 2605.367676 0.000000 0.471815 0.000000 -0.881698 1.181039 1.181039 1.181039
3216.251709 0.000000 2577.808105 0.000000 0.903848 0.000000 -0.427855 0.897023 0.897023 0.897023
3228.723389 0.000000 2612.375977 0.000000 0.437695 0.000000 0.899124 0.201887 0.201887 0.201887
3211.583252 0.000000 2595.903809 0.000000 0.754342 0.000000 -0.656482 1.017887 1.017887 1.017887
3226.105225 0.000000 2613.197510 0.000000 0.896133 0.000000 -0.443787 0.904911 0.904911 0.904911
3262.703613 0.000000 2600.923096 0.000000 0.720249 0.000000 -0.693716 1.041639 1.041639 1.041639
3260.542480 0.000000 2617.467041 0.000000 0.704319 0.000000 0.709884 0.348246 0.348246 0.348246
3246.049805 0.000000 2621.213867 0.000000 0.939636 0.000000 0.342177 0.544370 0.544370 0.544370
3217.957520 0.000000 2577.101074 0.000000 0.777782 0.000000 0.628535 0.397117 0.397117 0.397117
3251.561279 0.000000 2623.377930 0.000000 0.904481 0.000000 -0.426513 0.896361 0.896361 0.896361
3253.442139 0.000000 2582.929443 0.000000 0.066951 0.000000 0.997756 0.029858 0.029858 0.029858
3226.418457 0.000000 2579.519531 0.000000 0.545893 0.000000 -0.837855 1.142667 1.142667 1.142667
3242.678467 0.000000 2590.316406 0.000000 0.958210 0.000000 -0.286066 0.829287 0.829287 0.829287
3262.598145 0.000000 2586.229004 0.000000 0.867699 0.000000 0.497090 0.479982 0.479982 0.479982
3216.603271 0.000000 2573.416016 0.000000 0.333961 0.000000 -0.942587 1.248260 1.248260 1.248260
3213.581543 0.000000 2615.618896 0.000000 0.369699 0.000000 0.929152 0.168755 0.168755 0.168755
3211.231201 0.000000 2616.480713 0.000000 0.957896 0.000000 0.287114 0.570226 0.570226 0.570226
3260.047607 0.000000 2588.120117 0.000000 0.910754 0.000000 -0.412950 0.888958 0.888958 0.888958
3255.341797 0.000000 2586.389648 0.000000 0.976872 0.000000 -0.213824 0.796029 0.796029 0.796029
3232.367920 0.000000 2620.813477 0.000000 0.371257 0.000000 -0.928530 1.230498 1.230498 1.230498
3263.934326 0.000000 2593.985107 0.000000 0.004615 0.000000 -0.999989 1.397943 1.397943 1.397943
3254.917480 0.000000 2618.355225 0.000000 0.805767 0.000000 -0.592233 0.982455 0.982455 0.982455
3261.927979 0.000000 2616.174072 0.000000 0.833080 0.000000 0.553153 0.438794 0.438794 0.438794
3232.764404 0.000000 2619.645020 0.000000 0.869241 0.000000 0.494389 0.469549 0.469549 0.469549
3259.639404 0.000000 2603.980957 0.000000 0.380455 0.000000 0.924800 0.173925 0.173925 0.173925
3215.569580 0.000000 2619.119141 0.000000 0.888884 0.000000 0.458133 0.497074 0.497074 0.497074
3243.011230 0.000000 2618.142334 0.000000 0.718100 0.000000 0.695940 0.356983 0.356983 0.356983
3253.488037 0.000000 2605.846680 0.000000 0.800437 0.000000 -0.599416 0.971838 0.971838 0.971838
3263.947021 0.000000 2603.216553 0.000000 0.914937 0.000000 0.403596 0.514864 0.514864 0.514864
3243.364258 0.000000 2619.744385 0.000000 0.941003 0.000000 -0.338399 0.853839 0.853839 0.853839
3227.563232 0.000000 2579.433594 0.000000 0.803306 0.000000 0.595567 0.415698 0.415698 0.415698
3233.532471 0.000000 2611.345947 0.000000 0.188019 0.000000 0.982165 0.084289 0.084289 0.084289
3254.801025 0.000000 2612.255859 0.000000 0.177448 0.000000 -0.984130 1.320502 1.320502 1.320502
3252.122314 0.000000 2622.624268 0.000000 0.998675 0.000000 -0.051470 0.722947 0.722947 0.722947
3201.389648 0.000000 2612.653076 0.000000 0.297862 0.000000 0.954609 0.134783 0.134783 0.134783
3261.154785 0.000000 2589.136719 0.000000 0.999663 0.000000 0.025966 0.688473 0.688473 0.688473
3212.582031 0.000000 2594.596191 0.000000 0.312523 0.000000 0.949910 0.141644 0.141644 0.141644
3246.711914 0.000000 2603.160156 0.000000 0.576482 0.000000 0.817110 0.273805 0.273805 0.273805
3248.901123 0.000000 2602.554443 0.000000 0.088551 0.000000 0.996072 0.039513 0.039513 0.039513
3240.647949 0.000000 2619.831787 0.000000 0.005484 0.000000 0.999985 0.002444 0.002444 0.002444
3253.969727 0.000000 2620.632324 0.000000 0.710377 0.000000 -0.703821 1.047934 1.047934 1.047934
3254.127930 0.000000 2621.561279 0.000000 0.638126 0.000000 -0.769932 1.091594 1.091594 1.091594
3255.517578 0.000000 2620.591553 0.000000 0.995640 0.000000 0.093283 0.658369 0.658369 0.658369
3210.945801 0.000000 2617.952881 0.000000 0.999363 0.000000 0.035684 0.684094 0.684094 0.684094
3262.619385 0.000000 2588.692871 0.000000 0.988432 0.000000 -0.151665 0.767849 0.767849 0.767849
3262.913818 0.000000 2604.992432 0.000000 0.496731 0.000000 0.867905 0.231653 0.231653 0.231653
3261.235107 0.000000 2602.011475 0.000000 0.079229 0.000000 -0.996856 1.364656 1.364656 1.364656
3250.406982 0.000000 2585.076660 0.000000 0.780668 0.000000 0.624947 0.399169 0.399169 0.399169
3253.765625 0.000000 2617.392334 0.000000 0.521073 0.000000 0.853512 0.244255 0.244255 0.244255
3215.835205 0.000000 2579.445312 0.000000 0.948566 0.000000 -0.316580 0.843548 0.843548 0.843548
3216.693604 0.000000 2576.635254 0.000000 0.983522 0.000000 0.180786 0.618990 0.618990 0.618990
3253.784424 0.000000 2585.024414 0.000000 0.685375 0.000000 0.728190 0.336506 0.336506 0.336506
3243.656738 0.000000 2590.033691 0.000000 0.725146 0.000000 -0.688595 1.038481 1.038481 1.038481
3284.968506 0.000000 2619.060791 0.000000 0.733876 0.000000 0.679284 0.697390 0.697390 0.697390
3286.976318 0.000000 2591.441162 0.000000 0.737346 0.000000 -0.675516 0.759622 0.759622 0.759622
3265.974854 0.000000 2603.022949 0.000000 0.751404 0.000000 0.659843 0.378872 0.378872 0.378872
3309.650391 0.000000 2612.468506 0.000000 0.996592 0.000000 0.082493 0.668825 0.668825 0.668825
3314.365723 0.000000 2620.407227 0.000000 0.395718 0.000000 0.918372 0.272840 0.272840 0.272840
3272.561523 0.000000 2609.880859 0.000000 0.396364 0.000000 -0.918094 1.218381 1.218381 1.218381
3287.673828 0.000000 2610.428467 0.000000 0.507165 0.000000 0.861849 0.291496 0.291496 0.291496
3280.207520 0.000000 2586.596191 0.000000 0.391438 0.000000 -0.920205 0.906265 0.906265 0.906265
3264.499756 0.000000 2611.129639 0.000000 0.994611 0.000000 -0.103674 0.712342 0.712342 0.712342
3292.504150 0.000000 2622.992432 0.000000 0.001671 0.000000 0.999999 0.480626 0.480626 0.480626
3302.957764 0.000000 2612.401611 0.000000 0.036926 0.000000 -0.999318 1.201263 1.201263 1.201263
3272.257080 0.000000 2603.504150 0.000000 0.907823 0.000000 -0.419353 0.775624 0.775624 0.775624
3274.362305 0.000000 2621.712891 0.000000 0.781543 0.000000 -0.623851 1.000206 1.000206 1.000206
3308.949707 0.000000 2618.236084 0.000000 0.095811 0.000000 0.995400 0.042762 0.042762 0.042762
3286.067627 0.000000 2604.634521 0.000000 0.950694 0.000000 0.310132 0.586480 0.586480 0.586480
3277.640869 0.000000 2609.921875 0.000000 0.170311 0.000000 -0.985390 0.866328 0.866328 0.866328
3290.162354 0.000000 2587.509766 0.000000 0.267546 0.000000 -0.963545 1.136180 1.136180 1.136180
3324.728760 0.000000 2615.943359 0.000000 0.542504 0.000000 -0.840053 0.781921 0.781921 0.781921
3269.866211 0.000000 2593.456055 0.000000 0.160049 0.000000 0.987109 0.663037 0.663037 0.663037
3298.333984 0.000000 2611.662842 0.000000 0.165964 0.000000 0.986132 0.074303 0.074303 0.074303
3282.959473 0.000000 2589.962646 0.000000 0.913038 0.000000 0.407874 0.687519 0.687519 0.687519
3276.211670 0.000000 2605.101074 0.000000 0.726591 0.000000 -0.687070 1.037545 1.037545 1.037545
3304.809326 0.000000 2603.521240 0.000000 0.481409 0.000000 -0.876496 0.976368 0.976368 0.976368
3308.478271 0.000000 2622.695312 0.000000 0.986508 0.000000 -0.163713 0.724141 0.724141 0.724141
3305.959961 0.000000 2615.235596 0.000000 0.908449 0.000000 0.417995 0.513855 0.513855 0.513855
3318.080322 0.000000 2622.430176 0.000000 0.022013 0.000000 -0.999758 0.973369 0.973369 0.973369
3286.794189 0.000000 2600.649170 0.000000 0.051127 0.000000 -0.998692 0.777016 0.777016 0.777016
3285.898193 0.000000 2622.725342 0.000000 0.982817 0.000000 -0.184581 0.723359 0.723359 0.723359
3264.278320 0.000000 2606.224365 0.000000 0.390533 0.000000 -0.920589 1.051559 1.051559 1.051559
3301.207031 0.000000 2602.217529 0.000000 0.264654 0.000000 -0.964343 0.996012 0.996012 0.996012
3311.768066 0.000000 2615.587402 0.000000 0.997665 0.000000 0.068299 0.689847 0.689847 0.689847
3273.161621 0.000000 2618.236328 0.000000 0.826140 0.000000 -0.563464 0.831803 0.831803 0.831803
3275.433594 0.000000 2601.447021 0.000000 0.344774 0.000000 0.938686 0.276140 0.276140 0.276140
3306.376709 0.000000 2611.435547 0.000000 0.735331 0.000000 0.677708 0.663563 0.663563 0.663563
3277.613281 0.000000 2619.928223 0.000000 0.426314 0.000000 -0.904575 0.814575 0.814575 0.814575
3312.907471 0.000000 2611.574219 0.000000 0.698558 0.000000 -0.715554 0.776645 0.776645 0.776645
3271.334717 0.000000 2606.736328 0.000000 0.684177 0.000000 0.729316 0.554310 0.554310 0.554310
3304.925537 0.000000 2618.553467 0.000000 0.775794 0.000000 -0.630987 0.898087 0.898087 0.898087
3314.858154 0.000000 2623.878418 0.000000 0.355978 0.000000 0.934494 0.375207 0.375207 0.375207
3311.181396 0.000000 2620.684814 0.000000 0.922082 0.000000 -0.386995 0.873609 0.873609 0.873609
3297.669922 0.000000 2618.098877 0.000000 0.770554 0.000000 -0.637375 0.760387 0.760387 0.760387
3268.930664 0.000000 2604.693848 0.000000 0.769722 0.000000 -0.638379 0.991612 0.991612 0.991612
3274.833252 0.000000 2607.841553 0.000000 0.033919 0.000000 0.999425 0.232669 0.232669 0.232669
3269.467529 0.000000 2610.112061 0.000000 0.004279 0.000000 0.999991 0.626084 0.626084 0.626084
3302.004639 0.000000 2619.951172 0.000000 0.210761 0.000000 0.977538 0.498211 0.498211 0.498211
3287.391846 0.000000 2607.405762 0.000000 0.475316 0.000000 -0.879815 0.987560 0.987560 0.987560
3323.648193 0.000000 2613.040283 0.000000 0.774505 0.000000 0.632567 0.539621 0.539621 0.539621
3290.852783 0.000000 2584.675537 0.000000 0.988225 0.000000 0.153011 0.684967 0.684967 0.684967
3292.506104 0.000000 2614.950684 0.000000 0.572105 0.000000 0.820180 0.552099 0.552099 0.552099
3295.893311 0.000000 2585.480469 0.000000 0.962128 0.000000 -0.272597 0.723160 0.723160 0.723160
3319.710205 0.000000 2592.172607 0.000000 0.820156 0.000000 -0.572140 0.745772 0.745772 0.745772
3284.637451 0.000000 2611.133301 0.000000 0.977062 0.000000 0.212957 0.604367 0.604367 0.604367
3299.784912 0.000000 2609.119385 0.000000 0.064718 0.000000 0.997904 0.220991 0.220991 0.220991
3306.505127 0.000000 2597.666260 0.000000 0.776742 0.000000 0.629819 0.667852 0.667852 0.667852
3288.890625 0.000000 2603.964600 0.000000 0.632051 0.000000 0.774927 0.517170 0.517170 0.517170
3322.345215 0.000000 2601.899170 0.000000 0.946590 0.000000 0.322439 0.675903 0.675903 0.675903
3266.896973 0.000000 2600.012695 0.000000 0.071786 0.000000 -0.997420 0.791684 0.791684 0.791684
3303.165039 0.000000 2615.206543 0.000000 0.991155 0.000000 -0.132713 0.715120 0.715120 0.715120
3312.562744 0.000000 2618.309326 0.000000 0.579898 0.000000 0.814689 0.275671 0.275671 0.275671
3278.303711 0.000000 2607.169922 0.000000 0.940424 0.000000 -0.340003 0.785484 0.785484 0.785484
3288.228271 0.000000 2585.582520 0.000000 0.241381 0.000000 -0.970430 0.822910 0.822910 0.822910
3293.050293 0.000000 2586.360352 0.000000 0.647208 0.000000 -0.762313 0.856039 0.856039 0.856039
3271.254883 0.000000 2612.158447 0.000000 0.562723 0.000000 0.826645 0.637078 0.637078 0.637078
3271.835693 0.000000 2585.980225 0.000000 0.959556 0.000000 -0.281518 0.733913 0.733913 0.733913
3293.194336 0.000000 2606.420654 0.000000 0.666335 0.000000 -0.745652 1.016182 1.016182 1.016182
3312.365479 0.000000 2622.988525 0.000000 0.527000 0.000000 -0.849865 1.031939 1.031939 1.031939
3300.481445 0.000000 2613.076660 0.000000 0.193394 0.000000 0.981121 0.572536 0.572536 0.572536
3267.063721 0.000000 2610.984863 0.000000 0.439917 0.000000 -0.898038 0.838383 0.838383 0.838383
3265.475586 0.000000 2608.701904 0.000000 0.363192 0.000000 0.931714 0.308135 0.308135 0.308135
3273.663330 0.000000 2605.650146 0.000000 0.961091 0.000000 -0.276231 0.776788 0.776788 0.776788
3321.340332 0.000000 2597.163330 0.000000 0.943040 0.000000 -0.332680 0.724893 0.724893 0.724893
3296.939941 0.000000 2609.623535 0.000000 0.957846 0.000000 0.287282 0.586443 0.586443 0.586443
3264.084961 0.000000 2601.292480 0.000000 0.966232 0.000000 -0.257674 0.802020 0.802020 0.802020
3282.127686 0.000000 2592.360596 0.000000 0.034730 0.000000 0.999397 0.026218 0.026218 0.026218
3281.605957 0.000000 2594.788574 0.000000 0.910391 0.000000 0.413749 0.520343 0.520343 0.520343
3275.688965 0.000000 2618.299561 0.000000 0.161764 0.000000 -0.986829 0.795985 0.795985 0.795985
3284.507324 0.000000 2591.782227 0.000000 0.796006 0.000000 0.605289 0.510262 0.510262 0.510262
3312.499023 0.000000 2590.730225 0.000000 0.461300 0.000000 0.887244 0.581753 0.581753 0.581753
3279.953857 0.000000 2611.270264 0.000000 0.482481 0.000000 -0.875907 0.852948 0.852948 0.852948
3265.857178 0.000000 2623.164062 0.000000 0.212860 0.000000 -0.977083 1.034204 1.034204 1.034204
3266.518066 0.000000 2605.470703 0.000000 0.092810 0.000000 -0.995684 0.906614 0.906614 0.906614
3311.397461 0.000000 2605.136230 0.000000 0.995073 0.000000 0.099142 0.655920 0.655920 0.655920
3279.776367 0.000000 2615.863770 0.000000 0.266042 0.000000 -0.963962 1.150351 1.150351 1.150351
3301.227295 0.000000 2610.910156 0.000000 0.681814 0.000000 0.731525 0.416070 0.416070 0.416070
3304.944580 0.000000 2609.631592 0.000000 0.427751 0.000000 -0.903897 0.804551 0.804551 0.804551
3273.458496 0.000000 2612.552490 0.000000 0.949164 0.000000 -0.314782 0.753164 0.753164 0.753164
3274.508545 0.000000 2603.506348 0.000000 0.905395 0.000000 0.424569 0.571263 0.571263 0.571263
3286.727051 0.000000 2620.559814 0.000000 0.904907 0.000000 -0.425609 0.842903 0.842903 0.842903
3285.323486 0.000000 2606.696045 0.000000 0.999197 0.000000 0.040061 0.692157 0.692157 0.692157
3306.766113 0.000000 2617.304199 0.000000 0.937188 0.000000 0.348826 0.592274 0.592274 0.592274
3285.890869 0.000000 2609.067383 0.000000 0.938310 0.000000 -0.345796 0.760471 0.760471 0.760471
3296.390625 0.000000 2579.297119 0.000000 0.559359 0.000000 -0.828925 0.780262 0.780262 0.780262
3288.865479 0.000000 2601.229492 0.000000 0.914895 0.000000 -0.403691 0.779156 0.779156 0.779156
3305.259033 0.000000 2613.231201 0.000000 0.033066 0.000000 -0.999453 1.296581 1.296581 1.296581
3316.094971 0.000000 2621.647461 0.000000 0.863738 0.000000 0.503942 0.594778 0.594778 0.594778
3307.357422 0.000000 2613.305176 0.000000 0.262540 0.000000 0.964921 0.154878 0.154878 0.154878
3264.141846 0.000000 2604.046875 0.000000 0.623912 0.000000 0.781494 0.300241 0.300241 0.300241
3297.223877 0.000000 2587.067871 0.000000 0.792551 0.000000 -0.609806 0.887959 0.887959 0.887959
3281.342041 0.000000 2614.497559 0.000000 0.951848 0.000000 -0.306569 0.814894 0.814894 0.814894
3287.235840 0.000000 2602.692383 0.000000 0.248058 0.000000 -0.968745 0.831500 0.831500 0.831500
3326.276367 0.000000 2598.096924 0.000000 0.373392 0.000000 -0.927674 0.799665 0.799665 0.799665
3310.349854 0.000000 2623.579102 0.000000 0.047202 0.000000 -0.998885 1.378957 1.378957 1.378957
3278.805176 0.000000 2583.727051 0.000000 0.496188 0.000000 0.868215 0.589735 0.589735 0.589735
3302.937500 0.000000 2618.081299 0.000000 0.999832 0.000000 -0.018322 0.702722 0.702722 0.702722
3272.660156 0.000000 2594.055176 0.000000 0.205806 0.000000 -0.978593 0.831056 0.831056 0.831056
3287.571045 0.000000 2623.999268 0.000000 0.505823 0.000000 0.862637 0.605449 0.605449 0.605449
3270.899170 0.000000 2608.676758 0.000000 0.817617 0.000000 0.575763 0.426587 0.426587 0.426587
3273.032959 0.000000 2620.223633 0.000000 0.978845 0.000000 0.204605 0.649585 0.649585 0.649585
3276.525635 0.000000 2603.049805 0.000000 0.537787 0.000000 -0.843081 0.826202 0.826202 0.826202
3309.178711 0.000000 2620.881836 0.000000 0.800667 0.000000 -0.599109 0.986270 0.986270 0.986270
3310.033936 0.000000 2616.538818 0.000000 0.885959 0.000000 -0.463764 0.914902 0.914902 0.914902
3271.172363 0.000000 2601.840332 0.000000 0.262767 0.000000 0.964859 0.581417 0.581417 0.581417
3288.750732 0.000000 2608.860840 0.000000 0.767296 0.000000 0.641293 0.575903 0.575903 0.575903
3300.557861 0.000000 2604.037109 0.000000 0.440285 0.000000 -0.897858 1.196828 1.196828 1.196828
3264.962646 0.000000 2586.655518 0.000000 0.996243 0.000000 -0.086596 0.708031 0.708031 0.708031
3279.311523 0.000000 2594.858398 0.000000 0.544467 0.000000 0.838782 0.426989 0.426989 0.426989
3299.696533 0.000000 2607.146484 0.000000 0.999136 0.000000 -0.041568 0.703488 0.703488 0.703488
3287.797607 0.000000 2605.517090 0.000000 0.501866 0.000000 -0.864945 1.076217 1.076217 1.076217
3272.723389 0.000000 2608.026367 0.000000 0.900535 0.000000 0.434783 0.499555 0.499555 0.499555
3267.909180 0.000000 2603.003174 0.000000 0.765892 0.000000 0.642970 0.464451 0.464451 0.464451
3270.783691 0.000000 2604.857666 0.000000 0.501039 0.000000 0.865425 0.341718 0.341718 0.341718
3276.237549 0.000000 2621.247070 0.000000 0.259611 0.000000 0.965713 0.382225 0.382225 0.382225
3285.630127 0.000000 2590.114014 0.000000 0.953794 0.000000 -0.300461 0.789065 0.789065 0.789065
3284.047119 0.000000 2623.361084 0.000000 0.930954 0.000000 0.365138 0.652969 0.652969 0.652969
3287.842773 0.000000 2622.045654 0.000000 0.940754 0.000000 0.339089 0.668562 0.668562 0.668562
3276.667725 0.000000 2608.010498 0.000000 0.439031 0.000000 -0.898472 0.832654 0.832654 0.832654
3305.965576 0.000000 2605.952148 0.000000 0.449079 0.000000 0.893492 0.244239 0.244239 0.244239
3300.288086 0.000000 2621.088379 0.000000 0.983709 0.000000 -0.179770 0.750541 0.750541 0.750541
3314.666260 0.000000 2618.450195 0.000000 0.939390 0.000000 -0.342850 0.767884 0.767884 0.767884
3310.597412 0.000000 2618.934082 0.000000 0.509448 0.000000 -0.860502 1.031402 1.031402 1.031402
3291.452637 0.000000 2616.471924 0.000000 0.095137 0.000000 -0.995464 0.929494 0.929494 0.929494
3274.793701 0.000000 2620.008057 0.000000 0.994315 0.000000 -0.106482 0.747542 0.747542 0.747542
3319.896484 0.000000 2622.571777 0.000000 0.962923 0.000000 -0.269778 0.748215 0.748215 0.748215
3289.196777 0.000000 2618.473389 0.000000 0.335262 0.000000 -0.942125 1.099459 1.099459 1.099459
3314.006836 0.000000 2622.305420 0.000000 0.876007 0.000000 -0.482298 0.835446 0.835446 0.835446
3276.453613 0.000000 2593.579346 0.000000 0.131169 0.000000 0.991360 0.310143 0.310143 0.310143
3267.894775 0.000000 2609.421387 0.000000 0.570359 0.000000 -0.821395 0.817909 0.817909 0.817909
3280.166992 0.000000 2584.854248 0.000000 0.545042 0.000000 0.838409 0.460194 0.460194 0.460194
3277.917725 0.000000 2605.395508 0.000000 0.457374 0.000000 -0.889274 1.188306 1.188306 1.188306
3283.760254 0.000000 2586.815186 0.000000 0.465393 0.000000 -0.885104 0.851930 0.851930 0.851930
3298.207031 0.000000 2608.348877 0.000000 0.633565 0.000000 -0.773690 0.981370 0.981370 0.981370
3296.671143 0.000000 2611.298828 0.000000 0.344779 0.000000 -0.938684 0.915124 0.915124 0.915124
3279.082520 0.000000 2608.763428 0.000000 0.222240 0.000000 0.974992 0.099871 0.099871 0.099871
3274.372803 0.000000 2613.970703 0.000000 0.765011 0.000000 0.644017 0.619292 0.619292 0.619292
3269.992188 0.000000 2603.308350 0.000000 0.690982 0.000000 0.722872 0.447259 0.447259 0.447259
3272.515381 0.000000 2587.549561 0.000000 0.792577 0.000000 0.609771 0.627801 0.627801 0.627801
3310.327637 0.000000 2614.562500 0.000000 0.855099 0.000000 0.518465 0.619035 0.619035 0.619035
3271.060547 0.000000 2584.437744 0.000000 0.470672 0.000000 0.882308 0.571569 0.571569 0.571569
3307.396240 0.000000 2618.882080 0.000000 0.131009 0.000000 -0.991381 0.858476 0.858476 0.858476
3302.154297 0.000000 2613.863037 0.000000 0.515710 0.000000 0.856763 0.363738 0.363738 0.363738
3322.048828 0.000000 2613.636963 0.000000 0.810067 0.000000 0.586337 0.553282 0.553282 0.553282
3316.449951 0.000000 2623.439209 0.000000 0.987740 0.000000 0.156108 0.653705 0.653705 0.653705
3291.840088 0.000000 2587.705078 0.000000 0.093797 0.000000 -0.995591 1.195540 1.195540 1.195540
3269.232666 0.000000 2608.370117 0.000000 0.434529 0.000000 0.900658 0.531480 0.531480 0.531480
3264.049805 0.000000 2607.859131 0.000000 0.997882 0.000000 0.065056 0.680431 0.680431 0.680431
3270.542969 0.000000 2589.213135 0.000000 0.351244 0.000000 -0.936284 0.911789 0.911789 0.911789
3275.856201 0.000000 2609.413330 0.000000 0.114919 0.000000 -0.993375 0.967101 0.967101 0.967101
3265.272949 0.000000 2600.181396 0.000000 0.631260 0.000000 0.775572 0.352533 0.352533 0.352533
3312.687988 0.000000 2621.326416 0.000000 0.462017 0.000000 0.886871 0.219741 0.219741 0.219741
3264.910400 0.000000 2589.812988 0.000000 0.999999 0.000000 -0.001573 0.700308 0.700308 0.700308
3271.080566 0.000000 2610.545166 0.000000 0.869079 0.000000 0.494674 0.469402 0.469402 0.469402
3265.974854 0.000000 2607.032471 0.000000 0.382032 0.000000 -0.924149 1.054330 1.054330 1.054330
3274.083252 0.000000 2609.289062 0.000000 0.899025 0.000000 0.437897 0.616829 0.616829 0.616829
3308.275391 0.000000 2616.702393 0.000000 0.222903 0.000000 -0.974841 0.902294 0.902294 0.902294
3313.340576 0.000000 2603.249512 0.000000 0.872290 0.000000 -0.488988 0.899115 0.899115 0.899115
3264.013428 0.000000 2609.497314 0.000000 0.822288 0.000000 -0.569071 0.897836 0.897836 0.897836
3294.749756 0.000000 2586.662842 0.000000 0.982815 0.000000 0.184591 0.661715 0.661715 0.661715
3306.444824 0.000000 2593.801025 0.000000 0.159858 0.000000 -0.987140 1.000672 1.000672 1.000672
3275.493164 0.000000 2591.919434 0.000000 0.751423 0.000000 -0.659821 1.021115 1.021115 1.021115
3278.171143 0.000000 2593.758789 0.000000 0.098305 0.000000 0.995156 0.450417 0.450417 0.450417
3264.217285 0.000000 2622.801758 0.000000 0.846405 0.000000 0.532540 0.561617 0.561617 0.561617
3285.395020 0.000000 2594.897949 0.000000 0.966499 0.000000 0.256671 0.665070 0.665070 0.665070
3270.228760 0.000000 2585.871338 0.000000 0.767338 0.000000 0.641243 0.617276 0.617276 0.617276
3304.843750 0.000000 2584.094727 0.000000 0.922417 0.000000 0.386195 0.651495 0.651495 0.651495
3291.211182 0.000000 2586.224609 0.000000 0.921233 0.000000 0.389012 0.565934 0.565934 0.565934
3299.677246 0.000000 2610.671143 0.000000 0.833581 0.000000 0.552397 0.439199 0.439199 0.439199
3311.476318 0.000000 2603.549561 0.000000 0.416490 0.000000 0.909140 0.508541 0.508541 0.508541
3305.906738 0.000000 2588.700439 0.000000 0.523048 0.000000 0.852303 0.407557 0.407557 0.407557
3311.599609 0.000000 2600.627686 0.000000 0.050807 0.000000 -0.998708 1.032034 1.032034 1.032034
3302.063477 0.000000 2587.765625 0.000000 0.677577 0.000000 -0.735451 1.068242 1.068242 1.068242
3299.378174 0.000000 2622.538818 0.000000 0.434107 0.000000 0.900861 0.437313 0.437313 0.437313
3275.160645 0.000000 2606.311768 0.000000 0.963991 0.000000 -0.265936 0.781850 0.781850 0.781850
3285.250244 0.000000 2593.167480 0.000000 0.999766 0.000000 0.021621 0.690364 0.690364 0.690364
3275.676270 0.000000 2584.958252 0.000000 0.888688 0.000000 -0.458512 0.808213 0.808213 0.808213
3278.886719 0.000000 2591.556641 0.000000 0.565220 0.000000 -0.824940 1.098401 1.098401 1.098401
3305.455078 0.000000 2619.991211 0.000000 0.391272 0.000000 0.920275 0.360938 0.360938 0.360938
3268.005371 0.000000 2605.927246 0.000000 0.587056 0.000000 0.809546 0.302680 0.302680 0.302680
3310.397705 0.000000 2622.033203 0.000000 0.366203 0.000000 0.930535 0.167079 0.167079 0.167079
3279.086182 0.000000 2588.352539 0.000000 0.497125 0.000000 -0.867679 0.940498 0.940498 0.940498
3286.105957 0.000000 2610.727295 0.000000 0.618006 0.000000 -0.786173 1.055691 1.055691 1.055691
3311.635254 0.000000 2617.103027 0.000000 0.706365 0.000000 0.707848 0.349533 0.349533 0.349533
3297.489014 0.000000 2585.015137 0.000000 0.375621 0.000000 -0.926773 1.072989 1.072989 1.072989
3288.677490 0.000000 2587.107178 0.000000 0.990333 0.000000 -0.138710 0.752043 0.752043 0.752043
3293.240234 0.000000 2604.851074 0.000000 0.960757 0.000000 0.277393 0.655300 0.655300 0.655300
3271.401611 0.000000 2590.693848 0.000000 0.371245 0.000000 -0.928535 1.151448 1.151448 1.151448
3270.622070 0.000000 2592.082764 0.000000 0.979865 0.000000 0.199659 0.610423 0.610423 0.610423
3308.053711 0.000000 2597.417480 0.000000 0.649194 0.000000 -0.760623 1.085149 1.085149 1.085149
3265.272949 0.000000 2592.719971 0.000000 0.203870 0.000000 -0.978998 1.308507 1.308507 1.308507
3272.273438 0.000000 2605.061279 0.000000 0.999730 0.000000 -0.023233 0.706375 0.706375 0.706375
3272.677002 0.000000 2584.361572 0.000000 0.877502 0.000000 -0.479572 0.887054 0.887054 0.887054
3313.668457 0.000000 2589.731934 0.000000 0.491435 0.000000 0.870914 0.345318 0.345318 0.345318
3319.795654 0.000000 2596.659180 0.000000 0.972279 0.000000 -0.233822 0.742894 0.742894 0.742894
3273.839600 0.000000 2592.017822 0.000000 0.494635 0.000000 -0.869101 1.169422 1.169422 1.169422
3314.010254 0.000000 2595.873535 0.000000 0.751824 0.000000 -0.659364 0.939060 0.939060 0.939060
3320.880859 0.000000 2605.978027 0.000000 0.900638 0.000000 0.434570 0.531086 0.531086 0.531086
3304.586914 0.000000 2614.628174 0.000000 0.181009 0.000000 0.983481 0.100527 0.100527 0.100527
3324.508545 0.000000 2597.530518 0.000000 0.992506 0.000000 0.122194 0.680947 0.680947 0.680947
3302.766846 0.000000 2602.892090 0.000000 0.593689 0.000000 0.804695 0.502253 0.502253 0.502253
3272.863281 0.000000 2590.730957 0.000000 0.936176 0.000000 0.351531 0.539926 0.539926 0.539926
3276.323242 0.000000 2590.675293 0.000000 0.580104 0.000000 -0.814542 1.124216 1.124216 1.124216
3312.698975 0.000000 2619.762939 0.000000 0.881069 0.000000 0.472988 0.480445 0.480445 0.480445
3293.901123 0.000000 2615.458496 0.000000 0.985643 0.000000 0.168840 0.673909 0.673909 0.673909
3298.312744 0.000000 2610.146973 0.000000 0.884822 0.000000 0.465930 0.484008 0.484008 0.484008
3288.446289 0.000000 2611.709229 0.000000 0.947584 0.000000 -0.319507 0.840946 0.840946 0.840946
3280.702637 0.000000 2591.989990 0.000000 0.990413 0.000000 -0.138141 0.761758 0.761758 0.761758
3281.000000 0.000000 2593.445801 0.000000 0.990561 0.000000 0.137075 0.659628 0.659628 0.659628
3276.657227 0.000000 2606.532227 0.000000 0.269870 0.000000 -0.962897 1.130836 1.130836 1.130836
3272.099121 0.000000 2613.376953 0.000000 0.093300 0.000000 -0.995638 0.945272 0.945272 0.945272
3302.177490 0.000000 2584.940918 0.000000 0.811152 0.000000 -0.584836 0.978377 0.978377 0.978377
3264.595215 0.000000 2602.631348 0.000000 0.952174 0.000000 0.305557 0.561620 0.561620 0.561620
3304.443115 0.000000 2604.912109 0.000000 0.905114 0.000000 -0.425169 0.881118 0.881118 0.881118
3288.510498 0.000000 2616.633545 0.000000 0.821798 0.000000 0.569779 0.489169 0.489169 0.489169
3302.755371 0.000000 2605.856201 0.000000 0.055743 0.000000 0.998445 0.313446 0.313446 0.313446
3303.275635 0.000000 2586.864746 0.000000 0.065647 0.000000 -0.997843 1.370724 1.370724 1.370724
3275.665527 0.000000 2587.936279 0.000000 0.883861 0.000000 -0.467749 0.916909 0.916909 0.916909
3310.680908 0.000000 2602.043701 0.000000 0.986455 0.000000 0.164034 0.672355 0.672355 0.672355
3283.482666 0.000000 2592.798584 0.000000 0.982626 0.000000 0.185598 0.618114 0.618114 0.618114
3271.141357 0.000000 2587.238770 0.000000 0.369159 0.000000 -0.929366 1.158552 1.158552 1.158552
3307.361328 0.000000 2615.482422 0.000000 0.571405 0.000000 0.820668 0.439261 0.439261 0.439261
3281.362061 0.000000 2585.768555 0.000000 0.023051 0.000000 -0.999734 1.073264 1.073264 1.073264
3320.991211 0.000000 2603.664062 0.000000 0.799271 0.000000 -0.600971 0.938859 0.938859 0.938859
3271.332275 0.000000 2593.546387 0.000000 0.934304 0.000000 0.356478 0.537568 0.537568 0.537568
3308.781982 0.000000 2613.654297 0.000000 0.199047 0.000000 0.979990 0.182700 0.182700 0.182700
3287.453857 0.000000 2604.112305 0.000000 0.628788 0.000000 0.777577 0.379309 0.379309 0.379309
3284.249023 0.000000 2585.499512 0.000000 0.128715 0.000000 0.991682 0.390097 0.390097 0.390097
3290.045654 0.000000 2617.204834 0.000000 0.098632 0.000000 -0.995124 0.928948 0.928948 0.928948
3278.453857 0.000000 2615.438232 0.000000 0.587997 0.000000 -0.808863 1.026027 1.026027 1.026027
3281.938721 0.000000 2584.198730 0.000000 0.154247 0.000000 -0.988032 1.041475 1.041475 1.041475
3303.822754 0.000000 2613.468994 0.000000 0.958604 0.000000 -0.284744 0.794359 0.794359 0.794359
3289.066650 0.000000 2610.393555 0.000000 0.972732 0.000000 -0.231933 0.801444 0.801444 0.801444
3265.188477 0.000000 2605.016357 0.000000 0.119442 0.000000 0.992841 0.053355 0.053355 0.053355
3300.157227 0.000000 2586.272705 0.000000 0.643743 0.000000 -0.765242 0.858379 0.858379 0.858379
3289.106689 0.000000 2602.589844 0.000000 0.367969 0.000000 -0.929838 0.946215 0.946215 0.946215
3279.239014 0.000000 2606.135986 0.000000 0.283982 0.000000 -0.958830 1.016106 1.016106 1.016106
3327.314453 0.000000 2619.834717 0.000000 0.965818 0.000000 0.259222 0.654634 0.654634 0.654634
3277.877441 0.000000 2588.985352 0.000000 0.348664 0.000000 -0.937248 1.241289 1.241289 1.241289
3304.349854 0.000000 2602.175049 0.000000 0.295861 0.000000 -0.955231 1.028589 1.028589 1.028589
3320.092773 0.000000 2604.849365 0.000000 0.573271 0.000000 0.819366 0.339184 0.339184 0.339184
3286.552734 0.000000 2606.055908 0.000000 0.850538 0.000000 0.525914 0.551928 0.551928 0.551928
3283.148438 0.000000 2591.371826 0.000000 0.609560 0.000000 0.792740 0.295314 0.295314 0.295314
3275.114258 0.000000 2589.214111 0.000000 0.194886 0.000000 0.980826 0.087407 0.087407 0.087407
3285.948730 0.000000 2587.820557 0.000000 0.937183 0.000000 -0.348837 0.786558 0.786558 0.786558
3284.306152 0.000000 2590.407227 0.000000 0.180463 0.000000 -0.983582 1.105474 1.105474 1.105474
3290.920654 0.000000 2615.203125 0.000000 0.602582 0.000000 -0.798057 1.010057 1.010057 1.010057
3309.421387 0.000000 2619.567627 0.000000 0.583639 0.000000 -0.812013 1.122279 1.122279 1.122279
3277.228027 0.000000 2604.237793 0.000000 0.962547 0.000000 0.271116 0.577650 0.577650 0.577650
3306.990234 0.000000 2589.521240 0.000000 0.932500 0.000000 0.361170 0.566971 0.566971 0.566971
3265.499512 0.000000 2601.547607 0.000000 0.151383 0.000000 0.988475 0.144587 0.144587 0.144587
3309.794189 0.000000 2597.669922 0.000000 0.102859 0.000000 -0.994696 1.354081 1.354081 1.354081
3273.628906 0.000000 2607.043457 0.000000 0.973673 0.000000 -0.227947 0.774350 0.774350 0.774350
3317.351318 0.000000 2621.165771 0.000000 0.941032 0.000000 -0.338317 0.768758 0.768758 0.768758
3273.367432 0.000000 2604.281982 0.000000 0.998094 0.000000 0.061710 0.683058 0.683058 0.683058
3279.686279 0.000000 2609.955078 0.000000 0.070209 0.000000 -0.997532 1.368687 1.368687 1.368687
3295.923340 0.000000 2587.204590 0.000000 0.781881 0.000000 -0.623427 0.838807 0.838807 0.838807
3282.427734 0.000000 2593.716309 0.000000 0.690175 0.000000 0.723643 0.345108 0.345108 0.345108
3285.369873 0.000000 2584.583252 0.000000 0.983515 0.000000 0.180828 0.660915 0.660915 0.660915
3313.377930 0.000000 2598.681641 0.000000 0.597422 0.000000 0.801927 0.352004 0.352004 0.352004
3312.268066 0.000000 2597.623047 0.000000 0.689217 0.000000 -0.724555 0.845871 0.845871 0.845871
3274.675293 0.000000 2585.960693 0.000000 0.106873 0.000000 0.994273 0.367464 0.367464 0.367464
3314.770996 0.000000 2597.765625 0.000000 0.952687 0.000000 0.303953 0.620121 0.620121 0.620121
3305.802002 0.000000 2602.403564 0.000000 0.639212 0.000000 0.769031 0.473087 0.473087 0.473087
3315.930176 0.000000 2595.597656 0.000000 0.009010 0.000000 0.999959 0.181423 0.181423 0.181423
3312.973633 0.000000 2617.088135 0.000000 0.603451 0.000000 0.797400 0.467732 0.467732 0.467732
3287.135010 0.000000 2608.821045 0.000000 0.996554 0.000000 -0.082943 0.719881 0.719881 0.719881
3318.945801 0.000000 2623.444092 0.000000 0.413408 0.000000 -0.910546 0.902029 0.902029 0.902029
3290.656250 0.000000 2612.507324 0.000000 0.225375 0.000000 -0.974272 1.061565 1.061565 1.061565
3285.041992 0.000000 2607.947754 0.000000 0.819695 0.000000 0.572801 0.580621 0.580621 0.580621
3304.626953 0.000000 2589.090820 0.000000 0.768612 0.000000 0.639715 0.501060 0.501060 0.501060
3327.594482 0.000000 2597.781494 0.000000 0.731197 0.000000 -0.682166 0.979445 0.979445 0.979445
3285.801025 0.000000 2591.947754 0.000000 0.830985 0.000000 -0.556294 0.872166 0.872166 0.872166
3308.168457 0.000000 2620.091309 0.000000 0.052317 0.000000 0.998631 0.023325 0.023325 0.023325
3310.214600 0.000000 2605.538330 0.000000 0.112771 0.000000 0.993621 0.052909 0.052909 0.052909
3287.910889 0.000000 2594.134766 0.000000 0.902235 0.000000 0.431245 0.555848 0.555848 0.555848
3272.531494 0.000000 2606.321045 0.000000 0.821723 0.000000 0.569887 0.503959 0.503959 0.503959
3308.214111 0.000000 2612.405762 0.000000 0.004354 0.000000 0.999991 0.108702 0.108702 0.108702
3306.214844 0.000000 2591.046143 0.000000 0.848151 0.000000 0.529755 0.500958 0.500958 0.500958
3296.668457 0.000000 2606.016846 0.000000 0.974908 0.000000 0.222606 0.620361 0.620361 0.620361
3315.259033 0.000000 2622.576660 0.000000 0.772731 0.000000 0.634734 0.514930 0.514930 0.514930
3279.860596 0.000000 2614.616455 0.000000 0.517952 0.000000 -0.855410 1.055136 1.055136 1.055136
3298.543457 0.000000 2584.354248 0.000000 0.129910 0.000000 -0.991526 1.341944 1.341944 1.341944
3313.521484 0.000000 2602.005127 0.000000 0.333724 0.000000 0.942671 0.220443 0.220443 0.220443
3288.090576 0.000000 2600.279785 0.000000 0.816085 0.000000 -0.577931 0.817376 0.817376 0.817376
3273.113770 0.000000 2621.941895 0.000000 0.620881 0.000000 -0.783905 0.920423 0.920423 0.920423
3301.625488 0.000000 2603.366211 0.000000 0.756117 0.000000 -0.654437 0.862083 0.862083 0.862083
3275.643799 0.000000 2603.946533 0.000000 0.073631 0.000000 0.997286 0.260461 0.260461 0.260461
3296.462891 0.000000 2584.318115 0.000000 0.917295 0.000000 -0.398208 0.828834 0.828834 0.828834
3300.439209 0.000000 2582.709961 0.000000 0.011994 0.000000 -0.999928 1.277517 1.277517 1.277517
3276.913086 0.000000 2588.007080 0.000000 0.833006 0.000000 0.553264 0.438735 0.438735 0.438735
3306.388672 0.000000 2614.086182 0.000000 0.222007 0.000000 -0.975045 1.064848 1.064848 1.064848
3293.170410 0.000000 2578.592041 0.000000 0.688287 0.000000 0.725438 0.502834 0.502834 0.502834
3286.606689 0.000000 2595.096436 0.000000 0.978716 0.000000 0.205221 0.633177 0.633177 0.633177
3280.008301 0.000000 2590.974121 0.000000 0.993825 0.000000 -0.110961 0.749550 0.749550 0.749550
3311.615234 0.000000 2621.985596 0.000000 0.762574 0.000000 -0.646900 1.007362 1.007362 1.007362
3274.454834 0.000000 2602.240967 0.000000 0.776766 0.000000 -0.629789 0.900020 0.900020 0.900020
3310.096924 0.000000 2617.803223 0.000000 0.491174 0.000000 -0.871061 1.171195 1.171195 1.171195
3315.525391 0.000000 2593.613037 0.000000 0.489441 0.000000 0.872037 0.427859 0.427859 0.427859
3293.656738 0.000000 2580.264160 0.000000 0.982389 0.000000 0.186846 0.656315 0.656315 0.656315
3286.667969 0.000000 2621.762451 0.000000 0.356524 0.000000 0.934286 0.307907 0.307907 0.307907
3307.131348 0.000000 2591.985352 0.000000 0.156888 0.000000 0.987616 0.196164 0.196164 0.196164
3280.431396 0.000000 2595.282715 0.000000 0.855885 0.000000 -0.517166 0.928920 0.928920 0.928920
3306.312256 0.000000 2612.627930 0.000000 0.455730 0.000000 0.890118 0.241561 0.241561 0.241561
3286.286133 0.000000 2607.921875 0.000000 0.857123 0.000000 -0.515112 0.844690 0.844690 0.844690
3303.745361 0.000000 2609.714355 0.000000 0.916589 0.000000 -0.399831 0.848081 0.848081 0.848081
3301.606445 0.000000 2604.693848 0.000000 0.505072 0.000000 -0.863077 1.164052 1.164052 1.164052
3272.982178 0.000000 2592.903809 0.000000 0.837620 0.000000 0.546253 0.442475 0.442475 0.442475
3305.650391 0.000000 2604.762695 0.000000 0.457961 0.000000 -0.888972 1.151650 1.151650 1.151650
3326.477539 0.000000 2596.906738 0.000000 0.215708 0.000000 0.976458 0.196224 0.196224 0.196224
3304.488770 0.000000 2586.648438 0.000000 0.115401 0.000000 -0.993319 1.348459 1.348459 1.348459
3277.434814 0.000000 2621.115234 0.000000 0.484825 0.000000 0.874611 0.441385 0.441385 0.441385
3287.914551 0.000000 2620.822021 0.000000 0.489787 0.000000 0.871842 0.355788 0.355788 0.355788
3297.225098 0.000000 2582.231934 0.000000 0.011833 0.000000 0.999930 0.005273 0.005273 0.005273
3309.058838 0.000000 2593.150879 0.000000 0.972357 0.000000 -0.233498 0.751894 0.751894 0.751894
3313.615723 0.000000 2619.014893 0.000000 0.703710 0.000000 -0.710487 1.052136 1.052136 1.052136
3264.010742 0.000000 2600.083740 0.000000 0.601542 0.000000 -0.798841 1.062243 1.062243 1.062243
3277.191895 0.000000 2586.432617 0.000000 0.676817 0.000000 0.736151 0.360215 0.360215 0.360215
3275.532471 0.000000 2600.245117 0.000000 0.216194 0.000000 -0.976350 1.170490 1.170490 1.170490
3271.099854 0.000000 2603.729736 0.000000 0.998428 0.000000 0.056042 0.676776 0.676776 0.676776
3277.694336 0.000000 2583.203369 0.000000 0.419991 0.000000 -0.907528 1.206846 1.206846 1.206846
3310.463379 0.000000 2604.373779 0.000000 0.015517 0.000000 -0.999880 1.390367 1.390367 1.390367
3316.534668 0.000000 2594.570557 0.000000 0.283392 0.000000 -0.959004 1.094762 1.094762 1.094762
3289.113770 0.000000 2580.936523 0.000000 0.198993 0.000000 -0.980001 1.281986 1.281986 1.281986
3307.827148 0.000000 2614.382568 0.000000 0.968345 0.000000 -0.249614 0.768337 0.768337 0.768337
3264.108643 0.000000 2592.716553 0.000000 0.930037 0.000000 0.367466 0.532316 0.532316 0.532316
3274.366943 0.000000 2600.944092 0.000000 0.270922 0.000000 0.962601 0.249136 0.249136 0.249136
3325.919434 0.000000 2613.302734 0.000000 0.993515 0.000000 0.113697 0.667941 0.667941 0.667941
3317.607178 0.000000 2623.549316 0.000000 0.803659 0.000000 -0.595089 0.888244 0.888244 0.888244
3308.550537 0.000000 2595.463379 0.000000 0.506968 0.000000 0.861965 0.236927 0.236927 0.236927
3303.427246 0.000000 2621.214355 0.000000 0.787397 0.000000 0.616446 0.478291 0.478291 0.478291
3314.829346 0.000000 2621.487305 0.000000 0.833395 0.000000 -0.552677 0.914901 0.914901 0.914901
3315.564209 0.000000 2620.596680 0.000000 0.242429 0.000000 -0.970169 1.186605 1.186605 1.186605
3308.093994 0.000000 2594.075684 0.000000 0.985001 0.000000 0.172548 0.622720 0.622720 0.622720
3313.468750 0.000000 2623.329346 0.000000 0.674593 0.000000 0.738190 0.428632 0.428632 0.428632
3292.142090 0.000000 2580.817139 0.000000 0.104543 0.000000 0.994520 0.359245 0.359245 0.359245
3284.794434 0.000000 2587.309570 0.000000 0.962392 0.000000 0.271666 0.633169 0.633169 0.633169
3270.470215 0.000000 2605.968018 0.000000 0.956685 0.000000 0.291126 0.598817 0.598817 0.598817
3317.642334 0.000000 2594.335205 0.000000 0.784615 0.000000 -0.619983 0.905681 0.905681 0.905681
3296.899902 0.000000 2585.984863 0.000000 0.753491 0.000000 0.657458 0.474318 0.474318 0.474318
3311.723145 0.000000 2619.139404 0.000000 0.160452 0.000000 0.987044 0.249184 0.249184 0.249184
3321.850586 0.000000 2602.907959 0.000000 0.818556 0.000000 0.574427 0.473297 0.473297 0.473297
3286.255859 0.000000 2597.567139 0.000000 0.768755 0.000000 -0.639543 0.866134 0.866134 0.866134
3314.350342 0.000000 2593.764648 0.000000 0.980856 0.000000 -0.194734 0.750348 0.750348 0.750348
3304.587891 0.000000 2587.784912 0.000000 0.704830 0.000000 -0.709376 1.051432 1.051432 1.051432
3301.502930 0.000000 2621.005859 0.000000 0.804621 0.000000 -0.593789 0.877767 0.877767 0.877767
3295.066650 0.000000 2619.145020 0.000000 0.999117 0.000000 0.042014 0.684870 0.684870 0.684870
3278.343750 0.000000 2595.582031 0.000000 0.599513 0.000000 -0.800365 0.954590 0.954590 0.954590
3307.855225 0.000000 2617.794678 0.000000 0.838665 0.000000 0.544647 0.525866 0.525866 0.525866
3283.088623 0.000000 2584.189697 0.000000 0.449973 0.000000 -0.893042 1.056946 1.056946 1.056946
3306.120605 0.000000 2616.354004 0.000000 0.591298 0.000000 -0.806453 0.983626 0.983626 0.983626
3316.956787 0.000000 2622.441895 0.000000 0.149758 0.000000 0.988723 0.280475 0.280475 0.280475
3300.842529 0.000000 2606.976074 0.000000 0.916220 0.000000 -0.400675 0.814551 0.814551 0.814551
3300.306885 0.000000 2605.241943 0.000000 0.805753 0.000000 0.592252 0.417535 0.417535 0.417535
3303.256592 0.000000 2608.017334 0.000000 0.908539 0.000000 -0.417801 0.855169 0.855169 0.855169
3320.937012 0.000000 2613.504639 0.000000 0.606954 0.000000 -0.794737 0.987346 0.987346 0.987346
3280.054443 0.000000 2594.011719 0.000000 0.988231 0.000000 -0.152971 0.764680 0.764680 0.764680
3316.749512 0.000000 2592.189209 0.000000 0.804366 0.000000 0.594135 0.416492 0.416492 0.416492
3287.239746 0.000000 2611.429199 0.000000 0.447884 0.000000 -0.894091 1.135043 1.135043 1.135043
3286.719238 0.000000 2609.820801 0.000000 0.354077 0.000000 -0.935216 0.989426 0.989426 0.989426
3292.998047 0.000000 2607.576416 0.000000 0.999415 0.000000 -0.034210 0.712856 0.712856 0.712856
3313.736328 0.000000 2617.864990 0.000000 0.979203 0.000000 -0.202883 0.751413 0.751413 0.751413
3275.814941 0.000000 2607.230957 0.000000 0.007626 0.000000 0.999971 0.224672 0.224672 0.224672
3302.684814 0.000000 2585.907959 0.000000 0.737176 0.000000 -0.675701 1.030623 1.030623 1.030623
3275.544434 0.000000 2602.556152 0.000000 0.597386 0.000000 -0.801953 0.973206 0.973206 0.973206
3268.867432 0.000000 2603.542969 0.000000 0.927168 0.000000 -0.374645 0.820126 0.820126 0.820126
3304.951172 0.000000 2615.697754 0.000000 0.167252 0.000000 -0.985914 1.305503 1.305503 1.305503
3297.229248 0.000000 2580.005859 0.000000 0.662154 0.000000 -0.749368 1.077500 1.077500 1.077500
3271.534180 0.000000 2609.571777 0.000000 0.948650 0.000000 -0.316327 0.843430 0.843430 0.843430
3274.208008 0.000000 2611.551514 0.000000 0.082581 0.000000 0.996584 0.187679 0.187679 0.187679
3265.325195 0.000000 2606.070068 0.000000 0.977559 0.000000 -0.210661 0.763799 0.763799 0.763799
3265.093018 0.000000 2607.672607 0.000000 0.927384 0.000000 -0.374112 0.815256 0.815256 0.815256
3288.048096 0.000000 2587.957764 0.000000 0.997118 0.000000 -0.075867 0.728400 0.728400 0.728400
3310.183838 0.000000 2620.329346 0.000000 0.567104 0.000000 0.823646 0.277168 0.277168 0.277168
3280.759033 0.000000 2615.366211 0.000000 0.853827 0.000000 -0.520556 0.901886 0.901886 0.901886
3284.891113 0.000000 2613.939209 0.000000 0.915691 0.000000 0.401884 0.560508 0.560508 0.560508
3304.443604 0.000000 2612.573242 0.000000 0.398223 0.000000 -0.917289 1.150510 1.150510 1.150510
3275.216309 0.000000 2621.058838 0.000000 0.751839 0.000000 -0.659346 1.020834 1.020834 1.020834
3314.672852 0.000000 2591.672852 0.000000 0.831050 0.000000 -0.556198 0.962836 0.962836 0.962836
3282.097168 0.000000 2591.242676 0.000000 0.416121 0.000000 -0.909309 1.204755 1.204755 1.204755
3270.124756 0.000000 2610.964600 0.000000 0.846845 0.000000 -0.531839 0.949898 0.949898 0.949898
3300.641602 0.000000 2611.834961 0.000000 0.982485 0.000000 0.186341 0.635143 0.635143 0.635143
3311.345459 0.000000 2623.195312 0.000000 0.288260 0.000000 0.957552 0.130307 0.130307 0.130307
3308.397461 0.000000 2610.062744 0.000000 0.904571 0.000000 0.426323 0.546834 0.546834 0.546834
3311.298828 0.000000 2618.151367 0.000000 0.133727 0.000000 -0.991018 1.159457 1.159457 1.159457
3265.064453 0.000000 2603.564209 0.000000 0.960404 0.000000 0.278611 0.574176 0.574176 0.574176
3270.449219 0.000000 2609.716553 0.000000 0.703098 0.000000 0.711093 0.347481 0.347481 0.347481
3309.597656 0.000000 2595.416992 0.000000 0.114655 0.000000 -0.993405 1.348793 1.348793 1.348793
3299.234375 0.000000 2608.134766 0.000000 0.975370 0.000000 -0.220576 0.770738 0.770738 0.770738
3285.541992 0.000000 2611.614502 0.000000 0.993805 0.000000 0.111134 0.650372 0.650372 0.650372
3288.187988 0.000000 2581.724121 0.000000 0.757366 0.000000 -0.652991 1.002159 1.002159 1.002159
3324.099121 0.000000 2613.968750 0.000000 0.711896 0.000000 -0.702285 0.919068 0.919068 0.919068
3303.407471 0.000000 2607.001221 0.000000 0.740452 0.000000 0.672109 0.371544 0.371544 0.371544
3266.913574 0.000000 2603.510010 0.000000 0.967815 0.000000 -0.251661 0.785804 0.785804 0.785804
3299.558350 0.000000 2584.395020 0.000000 0.547928 0.000000 -0.836525 1.141583 1.141583 1.141583
3305.420166 0.000000 2612.081787 0.000000 0.642181 0.000000 -0.766553 1.038869 1.038869 1.038869
3273.841553 0.000000 2608.295410 0.000000 0.017996 0.000000 0.999838 0.008020 0.008020 0.008020
3278.697754 0.000000 2609.714355 0.000000 0.912910 0.000000 0.408160 0.512639 0.512639 0.512639
3308.107910 0.000000 2596.379883 0.000000 0.728982 0.000000 0.684533 0.364009 0.364009 0.364009
3296.422852 0.000000 2582.916748 0.000000 0.222170 0.000000 -0.975008 1.300160 1.300160 1.300160
3275.365479 0.000000 2590.246582 0.000000 0.121918 0.000000 0.992540 0.054466 0.054466 0.054466
3322.787109 0.000000 2615.633789 0.000000 0.992304 0.000000 0.123827 0.644677 0.644677 0.644677
3304.115967 0.000000 2619.141602 0.000000 0.322638 0.000000 0.946523 0.339615 0.339615 0.339615
3313.630615 0.000000 2599.655029 0.000000 0.006036 0.000000 -0.999982 1.285194 1.285194 1.285194
3285.257568 0.000000 2591.065186 0.000000 0.979730 0.000000 0.200322 0.641138 0.641138 0.641138
3272.845215 0.000000 2588.553955 0.000000 0.992975 0.000000 0.118321 0.647148 0.647148 0.647148
3297.242188 0.000000 2608.600098 0.000000 0.574127 0.000000 -0.818766 1.073834 1.073834 1.073834
3313.729492 0.000000 2621.303955 0.000000 0.916071 0.000000 -0.401015 0.881716 0.881716 0.881716
3269.808838 0.000000 2605.214600 0.000000 0.794620 0.000000 0.607107 0.425224 0.425224 0.425224
3270.092041 0.000000 2602.262207 0.000000 0.135203 0.000000 -0.990818 1.294418 1.294418 1.294418
3319.013672 0.000000 2594.757568 0.000000 0.674598 0.000000 -0.738186 0.981524 0.981524 0.981524
3264.096680 0.000000 2590.468994 0.000000 0.997228 0.000000 0.074409 0.666810 0.666810 0.666810
3312.355713 0.000000 2599.927979 0.000000 0.493351 0.000000 -0.869830 1.094499 1.094499 1.094499
3291.627441 0.000000 2614.454590 0.000000 0.749005 0.000000 0.662565 0.456992 0.456992 0.456992
3291.954346 0.000000 2578.675537 0.000000 0.867515 0.000000 -0.497410 0.919265 0.919265 0.919265
3299.462402 0.000000 2582.325928 0.000000 0.730192 0.000000 0.683242 0.364797 0.364797 0.364797
3273.093018 0.000000 2608.957275 0.000000 0.853389 0.000000 0.521274 0.455640 0.455640 0.455640
3272.683350 0.000000 2585.437012 0.000000 0.282599 0.000000 0.959238 0.219696 0.219696 0.219696
3289.060791 0.000000 2617.464111 0.000000 0.862904 0.000000 -0.505368 0.884251 0.884251 0.884251
3301.403076 0.000000 2582.350342 0.000000 0.751470 0.000000 -0.659768 0.966940 0.966940 0.966940
3278.491943 0.000000 2614.392578 0.000000 0.976971 0.000000 -0.213371 0.774403 0.774403 0.774403
3302.077881 0.000000 2608.206787 0.000000 0.943332 0.000000 -0.331850 0.821776 0.821776 0.821776
3271.601562 0.000000 2605.791992 0.000000 0.546671 0.000000 0.837347 0.360073 0.360073 0.360073
3308.341797 0.000000 2619.119629 0.000000 0.743345 0.000000 0.668908 0.373467 0.373467 0.373467
3276.500732 0.000000 2585.696045 0.000000 0.982046 0.000000 0.188639 0.615429 0.615429 0.615429
3298.783203 0.000000 2609.239014 0.000000 0.999996 0.000000 0.002841 0.699096 0.699096 0.699096
3321.674072 0.000000 2612.693115 0.000000 0.999128 0.000000 -0.041741 0.713061 0.713061 0.713061
3307.301270 0.000000 2616.488770 0.000000 0.774202 0.000000 0.632939 0.492799 0.492799 0.492799
3287.096436 0.000000 2581.161377 0.000000 0.938164 0.000000 0.346190 0.588181 0.588181 0.588181
3300.294922 0.000000 2583.755127 0.000000 0.914915 0.000000 -0.403647 0.853937 0.853937 0.853937
3302.897949 0.000000 2620.380127 0.000000 0.791121 0.000000 0.611660 0.480315 0.480315 0.480315
3303.997803 0.000000 2584.615234 0.000000 0.587037 0.000000 0.809560 0.279588 0.279588 0.279588
3273.620605 0.000000 2593.658936 0.000000 0.104989 0.000000 -0.994473 1.353127 1.353127 1.353127
3276.498535 0.000000 2584.431152 0.000000 0.808843 0.000000 -0.588024 0.980132 0.980132 0.980132
3317.829346 0.000000 2593.173828 0.000000 0.507247 0.000000 0.861800 0.237072 0.237072 0.237072
3313.027100 0.000000 2622.264404 0.000000 0.958570 0.000000 0.284856 0.605602 0.605602 0.605602
3273.563477 0.000000 2590.025879 0.000000 0.088507 0.000000 0.996076 0.039493 0.039493 0.039493
3312.946289 0.000000 2588.132812 0.000000 0.999963 0.000000 0.008658 0.697095 0.697095 0.697095
3277.444336 0.000000 2584.160400 0.000000 0.998408 0.000000 0.056410 0.674848 0.674848 0.674848
3277.627930 0.000000 2606.420410 0.000000 0.757241 0.000000 0.653135 0.463681 0.463681 0.463681
3305.007568 0.000000 2605.756104 0.000000 0.971242 0.000000 0.238093 0.600851 0.600851 0.600851
3313.984863 0.000000 2603.995361 0.000000 0.877108 0.000000 0.480293 0.504759 0.504759 0.504759
3289.491455 0.000000 2619.401611 0.000000 0.644795 0.000000 0.764356 0.417193 0.417193 0.417193
3267.065430 0.000000 2602.550537 0.000000 0.189891 0.000000 0.981805 0.234635 0.234635 0.234635
3298.004639 0.000000 2585.855957 0.000000 0.817978 0.000000 0.575250 0.426867 0.426867 0.426867
3268.967041 0.000000 2605.679199 0.000000 0.999349 0.000000 0.036085 0.684799 0.684799 0.684799
3271.967285 0.000000 2608.709473 0.000000 0.986088 0.000000 0.166225 0.625579 0.625579 0.625579
3309.027344 0.000000 2621.834961 0.000000 0.800799 0.000000 0.598934 0.413828 0.413828 0.413828
3284.251221 0.000000 2612.268555 0.000000 0.865356 0.000000 -0.501158 0.877053 0.877053 0.877053
3268.802734 0.000000 2602.577393 0.000000 0.571132 0.000000 0.820858 0.398784 0.398784 0.398784
3298.290283 0.000000 2583.346436 0.000000 0.021323 0.000000 -0.999773 1.390497 1.390497 1.390497
3323.718506 0.000000 2615.849365 0.000000 0.410142 0.000000 -0.912022 1.211671 1.211671 1.211671
3296.524658 0.000000 2606.995605 0.000000 0.728019 0.000000 -0.685557 0.967974 0.967974 0.967974
3271.374023 0.000000 2602.783691 0.000000 0.229297 0.000000 0.973357 0.145234 0.145234 0.145234
3275.068848 0.000000 2586.905518 0.000000 0.715474 0.000000 0.698640 0.355305 0.355305 0.355305
3322.375000 0.000000 2614.619873 0.000000 0.058632 0.000000 -0.998280 1.373857 1.373857 1.373857
3286.946045 0.000000 2605.013184 0.000000 0.522794 0.000000 0.852459 0.332556 0.332556 0.332556
3301.423096 0.000000 2584.346924 0.000000 0.932257 0.000000 -0.361797 0.864971 0.864971 0.864971
3274.606689 0.000000 2588.362305 0.000000 0.987715 0.000000 0.156267 0.630076 0.630076 0.630076
3297.379150 0.000000 2607.607666 0.000000 0.676410 0.000000 -0.736525 0.993712 0.993712 0.993712
3269.943359 0.000000 2604.255615 0.000000 0.927219 0.000000 0.374520 0.538323 0.538323 0.538323
3312.338867 0.000000 2603.167969 0.000000 0.320946 0.000000 -0.947098 1.184827 1.184827 1.184827
3303.140381 0.000000 2584.997559 0.000000 0.908464 0.000000 -0.417963 0.892158 0.892158 0.892158
3271.300781 0.000000 2595.774658 0.000000 0.793846 0.000000 -0.608119 0.991306 0.991306 0.991306
3302.325195 0.000000 2584.012451 0.000000 0.129975 0.000000 -0.991517 1.341914 1.341914 1.341914
3277.905273 0.000000 2591.326416 0.000000 0.780554 0.000000 0.625088 0.399088 0.399088 0.399088
3270.231201 0.000000 2595.590332 0.000000 0.805976 0.000000 -0.591948 0.982297 0.982297 0.982297
3278.938477 0.000000 2590.601562 0.000000 0.287716 0.000000 -0.957716 1.225244 1.225244 1.225244
3277.014404 0.000000 2605.649902 0.000000 0.997424 0.000000 0.071730 0.668007 0.668007 0.668007
3321.088623 0.000000 2605.061279 0.000000 0.943801 0.000000 0.330515 0.573435 0.573435 0.573435
3274.611816 0.000000 2591.521240 0.000000 0.926790 0.000000 0.375580 0.528421 0.528421 0.528421
3309.271973 0.000000 2611.562744 0.000000 0.485782 0.000000 -0.874080 1.069866 1.069866 1.069866
3313.385742 0.000000 2620.446533 0.000000 0.332628 0.000000 -0.943058 1.242433 1.242433 1.242433
3271.429688 0.000000 2592.633789 0.000000 0.465557 0.000000 0.885018 0.215804 0.215804 0.215804
3275.265137 0.000000 2621.981934 0.000000 0.875826 0.000000 0.482626 0.475556 0.475556 0.475556
3301.309082 0.000000 2585.296143 0.000000 0.888458 0.000000 0.458957 0.487512 0.487512 0.487512
3276.971924 0.000000 2582.624756 0.000000 0.304734 0.000000 0.952437 0.137995 0.137995 0.137995
3272.023926 0.000000 2610.627930 0.000000 0.395052 0.000000 -0.918659 1.219017 1.219017 1.219017
3302.322998 0.000000 2586.829102 0.000000 0.939572 0.000000 -0.342350 0.855712 0.855712 0.855712
3270.117188 0.000000 2594.349609 0.000000 0.899380 0.000000 -0.437168 0.901626 0.901626 0.901626
3305.483887 0.000000 2614.268799 0.000000 0.269078 0.000000 -0.963118 1.260441 1.260441 1.260441
3284.320801 0.000000 2593.242920 0.000000 0.761980 0.000000 0.647600 0.386082 0.386082 0.386082
3312.097168 0.000000 2620.499756 0.000000 0.321916 0.000000 0.946768 0.152574 0.152574 0.152574
3265.158447 0.000000 2590.788818 0.000000 0.628629 0.000000 -0.777705 1.097063 1.097063 1.097063
3297.807861 0.000000 2609.351807 0.000000 0.990225 0.000000 -0.139482 0.754536 0.754536 0.754536
3314.008301 0.000000 2590.616211 0.000000 0.948488 0.000000 0.316812 0.556343 0.556343 0.556343
3308.945312 0.000000 2597.292725 0.000000 0.636521 0.000000 0.771259 0.307478 0.307478 0.307478
3306.054443 0.000000 2589.636230 0.000000 0.910900 0.000000 -0.412628 0.853122 0.853122 0.853122
3270.308838 0.000000 2586.775879 0.000000 0.996785 0.000000 -0.080118 0.730836 0.730836 0.730836
3302.003906 0.000000 2606.395508 0.000000 0.974894 0.000000 0.222668 0.599933 0.599933 0.599933
3309.724854 0.000000 2618.716553 0.000000 0.414960 0.000000 0.909840 0.190686 0.190686 0.190686
3306.787598 0.000000 2588.516357 0.000000 0.425310 0.000000 0.905048 0.292660 0.292660 0.292660
3288.740479 0.000000 2580.117188 0.000000 0.736990 0.000000 -0.675904 1.015181 1.015181 1.015181
3265.516113 0.000000 2593.602539 0.000000 0.964330 0.000000 0.264704 0.580616 0.580616 0.580616
3310.947021 0.000000 2616.450928 0.000000 0.928168 0.000000 0.372161 0.530064 0.530064 0.530064
3270.625244 0.000000 2591.170410 0.000000 0.812027 0.000000 -0.583620 0.936326 0.936326 0.936326
3299.781738 0.000000 2585.367188 0.000000 0.345910 0.000000 0.938268 0.157402 0.157402 0.157402
3298.799805 0.000000 2610.896729 0.000000 0.616813 0.000000 -0.787110 1.103793 1.103793 1.103793
3276.944580 0.000000 2589.986816 0.000000 0.999038 0.000000 0.043858 0.680449 0.680449 0.680449
3268.029053 0.000000 2605.035889 0.000000 0.838567 0.000000 0.544798 0.457345 0.457345 0.457345
3315.699707 0.000000 2590.244141 0.000000 0.461694 0.000000 -0.887039 1.186139 1.186139 1.186139
3273.050293 0.000000 2591.615723 0.000000 0.698008 0.000000 0.716090 0.344302 0.344302 0.344302
3276.612793 0.000000 2587.132568 0.000000 0.550633 0.000000 0.834747 0.294380 0.294380 0.294380
3282.074707 0.000000 2590.346924 0.000000 0.984909 0.000000 0.173074 0.623090 0.623090 0.623090
3265.246582 0.000000 2591.690186 0.000000 0.590143 0.000000 -0.807299 1.118700 1.118700 1.118700
3277.844238 0.000000 2585.853516 0.000000 0.997287 0.000000 0.073617 0.667164 0.667164 0.667164
3315.493896 0.000000 2591.361572 0.000000 0.558524 0.000000 -0.829488 1.135915 1.135915 1.135915
3272.149170 0.000000 2593.238770 0.000000 0.422185 0.000000 -0.906510 1.205769 1.205769 1.205769
3264.312988 0.000000 2604.897949 0.000000 0.722831 0.000000 -0.691025 1.039977 1.039977 1.039977
3310.049805 0.000000 2621.213867 0.000000 0.994766 0.000000 -0.102182 0.744721 0.744721 0.744721
3316.175537 0.000000 2592.933838 0.000000 0.688859 0.000000 0.724896 0.338643 0.338643 0.338643
3270.624268 0.000000 2593.006104 0.000000 0.603962 0.000000 -0.797013 1.111023 1.111023 1.111023
3276.263916 0.000000 2591.524902 0.000000 0.162902 0.000000 -0.986642 1.327080 1.327080 1.327080
3275.901367 0.000000 2620.453369 0.000000 0.154145 0.000000 -0.988048 1.331033 1.331033 1.331033
3290.418457 0.000000 2579.519531 0.000000 0.150045 0.000000 -0.988679 1.298135 1.298135 1.298135
3272.157959 0.000000 2590.222656 0.000000 0.929851 0.000000 -0.367936 0.867910 0.867910 0.867910
3274.373779 0.000000 2589.746826 0.000000 0.444378 0.000000 0.895839 0.205206 0.205206 0.205206
3301.968750 0.000000 2605.482910 0.000000 0.790728 0.000000 0.612168 0.406417 0.406417 0.406417
3271.456787 0.000000 2611.313232 0.000000 0.895717 0.000000 -0.444624 0.905328 0.905328 0.905328
3296.903809 0.000000 2580.819824 0.000000 0.966230 0.000000 0.257683 0.583858 0.583858 0.583858
3280.865234 0.000000 2594.311768 0.000000 0.253963 0.000000 0.967214 0.146577 0.146577 0.146577
3302.910889 0.000000 2587.658691 0.000000 0.579659 0.000000 0.814859 0.275540 0.275540 0.275540
3277.129639 0.000000 2590.990723 0.000000 0.911371 0.000000 -0.411585 0.889034 0.889034 0.889034
3272.089844 0.000000 2591.183594 0.000000 0.148808 0.000000 -0.988866 1.333439 1.333439 1.333439
3291.563232 0.000000 2579.433594 0.000000 0.078014 0.000000 0.996952 0.071322 0.071322 0.071322
3271.566650 0.000000 2594.359863 0.000000 0.997525 0.000000 -0.070311 0.731359 0.731359 0.731359
3310.791504 0.000000 2617.325439 0.000000 0.753133 0.000000 0.657869 0.380041 0.380041 0.380041
3273.656006 0.000000 2591.022461 0.000000 0.509239 0.000000 -0.860625 1.161898 1.161898 1.161898
3273.921387 0.000000 2592.865479 0.000000 0.364406 0.000000 -0.931240 1.233781 1.233781 1.233781
3283.953125 0.000000 2591.177734 0.000000 0.452175 0.000000 0.891929 0.212943 0.212943 0.212943
3289.156250 0.000000 2611.201416 0.000000 0.320020 0.000000 -0.947411 1.239604 1.239604 1.239604
3275.455566 0.000000 2591.077148 0.000000 0.443126 0.000000 -0.896459 1.195417 1.195417 1.195417
3272.988770 0.000000 2589.422119 0.000000 0.186336 0.000000 -0.982486 1.316474 1.316474 1.316474
3273.379883 0.000000 2609.727051 0.000000 0.461969 0.000000 -0.886896 1.186000 1.186000 1.186000
3283.249023 0.000000 2593.658447 0.000000 0.875191 0.000000 0.483778 0.478500 0.478500 0.478500
3274.143799 0.000000 2586.665771 0.000000 0.215663 0.000000 -0.976468 1.303132 1.303132 1.303132
3282.935791 0.000000 2592.174072 0.000000 0.222044 0.000000 0.975037 0.109197 0.109197 0.109197
3264.718994 0.000000 2593.346924 0.000000 0.090910 0.000000 0.995859 0.040569 0.040569 0.040569
3275.791992 0.000000 2588.750732 0.000000 0.707014 0.000000 -0.707199 1.050058 1.050058 1.050058
3279.854736 0.000000 2609.143311 0.000000 0.997521 0.000000 0.070373 0.668614 0.668614 0.668614
3273.416016 0.000000 2611.737061 0.000000 0.058578 0.000000 -0.998283 1.373881 1.373881 1.373881
3305.243896 0.000000 2586.380127 0.000000 0.897936 0.000000 -0.440126 0.903093 0.903093 0.903093
3248.281738 0.000000 2645.950928 0.000000 0.911286 0.000000 -0.411773 0.775651 0.775651 0.775651
3228.366943 0.000000 2631.669678 0.000000 0.960270 0.000000 0.279073 0.636734 0.636734 0.636734
3255.058105 0.000000 2624.751953 0.000000 0.448714 0.000000 0.893675 0.207365 0.207365 0.207365
3239.929932 0.000000 2649.592041 0.000000 0.877421 0.000000 -0.479721 0.841650 0.841650 0.841650
3228.772461 0.000000 2639.317139 0.000000 0.706492 0.000000 -0.707721 0.800307 0.800307 0.800307
3247.553467 0.000000 2625.431885 0.000000 0.772365 0.000000 -0.635179 0.715636 0.715636 0.715636
3230.719971 0.000000 2659.818848 0.000000 0.255424 0.000000 0.966829 0.661007 0.661007 0.661007
3259.670166 0.000000 2630.378418 0.000000 0.697764 0.000000 -0.716328 0.861877 0.861877 0.861877
3223.480469 0.000000 2629.307617 0.000000 0.690843 0.000000 -0.723005 0.796036 0.796036 0.796036
3258.787598 0.000000 2655.616455 0.000000 0.994644 0.000000 -0.103356 0.715019 0.715019 0.715019
3233.121826 0.000000 2656.121582 0.000000 0.864722 0.000000 -0.502251 0.865524 0.865524 0.865524
3262.972656 0.000000 2653.459717 0.000000 0.904284 0.000000 0.426931 0.626769 0.626769 0.626769
3251.606689 0.000000 2627.285156 0.000000 0.948597 0.000000 -0.316488 0.843505 0.843505 0.843505
3256.031250 0.000000 2628.688721 0.000000 0.999976 0.000000 -0.006979 0.700561 0.700561 0.700561
3258.227295 0.000000 2647.046387 0.000000 0.671651 0.000000 -0.740868 0.882264 0.882264 0.882264
3251.167236 0.000000 2634.150879 0.000000 0.666157 0.000000 -0.745812 0.848574 0.848574 0.848574
3251.088623 0.000000 2624.206299 0.000000 0.878387 0.000000 0.477950 0.477932 0.477932 0.477932
3223.735352 0.000000 2626.405029 0.000000 0.079368 0.000000 -0.996845 1.364594 1.364594 1.364594
3248.612061 0.000000 2642.905029 0.000000 0.163017 0.000000 0.986623 0.178706 0.178706 0.178706
3259.632568 0.000000 2633.393555 0.000000 0.999927 0.000000 -0.012075 0.704790 0.704790 0.704790
3229.908691 0.000000 2629.035156 0.000000 0.062187 0.000000 -0.998065 0.958362 0.958362 0.958362
3235.375244 0.000000 2627.457275 0.000000 0.586370 0.000000 -0.810043 0.825409 0.825409 0.825409
3263.176270 0.000000 2666.874756 0.000000 0.966554 0.000000 -0.256464 0.729462 0.729462 0.729462
3258.773682 0.000000 2658.637207 0.000000 0.977491 0.000000 -0.210977 0.716346 0.716346 0.716346
3248.732422 0.000000 2628.006348 0.000000 0.996994 0.000000 -0.077478 0.730631 0.730631 0.730631
3249.111328 0.000000 2640.144043 0.000000 0.014477 0.000000 0.999895 0.490576 0.490576 0.490576
3261.166260 0.000000 2637.213135 0.000000 0.946507 0.000000 0.322683 0.582865 0.582865 0.582865
3260.294434 0.000000 2653.041016 0.000000 0.374849 0.000000 0.927086 0.171227 0.171227 0.171227
3263.945312 0.000000 2645.680908 0.000000 0.948636 0.000000 -0.316369 0.825448 0.825448 0.825448
3250.477783 0.000000 2630.194336 0.000000 0.127623 0.000000 0.991823 0.258745 0.258745 0.258745
3250.325928 0.000000 2647.655273 0.000000 0.460505 0.000000 -0.887657 0.764898 0.764898 0.764898
3239.549561 0.000000 2652.288574 0.000000 0.987912 0.000000 -0.155013 0.734543 0.734543 0.734543
3237.556152 0.000000 2650.277588 0.000000 0.993518 0.000000 -0.113673 0.732650 0.732650 0.732650
3263.694824 0.000000 2660.460205 0.000000 0.913067 0.000000 -0.407811 0.788824 0.788824 0.788824
3249.436279 0.000000 2632.522949 0.000000 0.645602 0.000000 -0.763674 0.909570 0.909570 0.909570
3241.591064 0.000000 2651.176758 0.000000 0.827765 0.000000 0.561075 0.463691 0.463691 0.463691
3261.418213 0.000000 2632.048340 0.000000 0.217012 0.000000 0.976169 0.265243 0.265243 0.265243
3236.436768 0.000000 2659.163086 0.000000 0.993588 0.000000 -0.113064 0.709505 0.709505 0.709505
3234.254395 0.000000 2639.647949 0.000000 0.506483 0.000000 -0.862250 0.789031 0.789031 0.789031
3257.476807 0.000000 2630.478516 0.000000 0.600845 0.000000 0.799365 0.601261 0.601261 0.601261
3253.523193 0.000000 2629.213379 0.000000 0.838410 0.000000 -0.545040 0.866216 0.866216 0.866216
3250.036865 0.000000 2644.506348 0.000000 0.629209 0.000000 0.777236 0.407509 0.407509 0.407509
3252.954102 0.000000 2625.288330 0.000000 0.978073 0.000000 -0.208265 0.793494 0.793494 0.793494
3239.047119 0.000000 2658.402344 0.000000 0.703294 0.000000 0.710899 0.617083 0.617083 0.617083
3256.225830 0.000000 2626.558105 0.000000 0.988852 0.000000 -0.148901 0.751715 0.751715 0.751715
3239.178955 0.000000 2665.458984 0.000000 0.882255 0.000000 -0.470771 0.769385 0.769385 0.769385
3249.481201 0.000000 2635.448486 0.000000 0.908319 0.000000 -0.418279 0.752792 0.752792 0.752792
3263.178223 0.000000 2658.425781 0.000000 0.960131 0.000000 -0.279551 0.788134 0.788134 0.788134
3228.762695 0.000000 2634.758301 0.000000 0.897097 0.000000 0.441834 0.535248 0.535248 0.535248
3263.277100 0.000000 2626.149902 0.000000 0.605886 0.000000 -0.795552 1.058502 1.058502 1.058502
3229.637451 0.000000 2637.138672 0.000000 0.165084 0.000000 0.986280 0.550228 0.550228 0.550228
3252.408691 0.000000 2643.720215 0.000000 0.305421 0.000000 -0.952217 1.017186 1.017186 1.017186
3261.282471 0.000000 2654.760010 0.000000 0.775226 0.000000 -0.631683 0.904322 0.904322 0.904322
3256.273926 0.000000 2646.336670 0.000000 0.040399 0.000000 0.999184 0.536857 0.536857 0.536857
3260.566406 0.000000 2626.398193 0.000000 0.078444 0.000000 -0.996918 0.840825 0.840825 0.840825
3239.011230 0.000000 2630.859131 0.000000 0.003494 0.000000 0.999994 0.450752 0.450752 0.450752
3237.409912 0.000000 2642.502686 0.000000 0.928297 0.000000 0.371839 0.613445 0.613445 0.613445
3228.665771 0.000000 2627.388184 0.000000 0.786447 0.000000 0.617658 0.517335 0.517335 0.517335
3235.666992 0.000000 2665.121094 0.000000 0.743243 0.000000 0.669022 0.431034 0.431034 0.431034
3251.163330 0.000000 2631.918213 0.000000 0.838439 0.000000 -0.544996 0.876274 0.876274 0.876274
3242.524658 0.000000 2624.571533 0.000000 0.161441 0.000000 0.986882 0.224887 0.224887 0.224887
3258.614990 0.000000 2631.862549 0.000000 0.381074 0.000000 -0.924545 0.939177 0.939177 0.939177
3262.291504 0.000000 2646.420898 0.000000 0.954682 0.000000 -0.297627 0.802985 0.802985 0.802985
3257.576660 0.000000 2627.857910 0.000000 0.647678 0.000000 -0.761914 0.999746 0.999746 0.999746
3263.509033 0.000000 2628.986816 0.000000 0.928026 0.000000 -0.372515 0.819408 0.819408 0.819408
3236.533936 0.000000 2648.764404 0.000000 0.883246 0.000000 0.468910 0.524299 0.524299 0.524299
3246.441895 0.000000 2629.300537 0.000000 0.724243 0.000000 -0.689545 0.775791 0.775791 0.775791
3258.581055 0.000000 2653.277832 0.000000 0.257250 0.000000 -0.966345 0.885524 0.885524 0.885524
3263.042236 0.000000 2644.141846 0.000000 0.833267 0.000000 0.552870 0.471705 0.471705 0.471705
3260.734619 0.000000 2638.837891 0.000000 0.755215 0.000000 -0.655477 0.816175 0.816175 0.816175
3223.963623 0.000000 2624.739014 0.000000 0.982830 0.000000 0.184515 0.623462 0.623462 0.623462
3237.024658 0.000000 2627.940674 0.000000 0.624540 0.000000 0.780992 0.565300 0.565300 0.565300
3263.160156 0.000000 2624.092773 0.000000 0.416945 0.000000 -0.908932 0.853499 0.853499 0.853499
3229.899902 0.000000 2630.886719 0.000000 0.100559 0.000000 0.994931 0.371160 0.371160 0.371160
3230.382568 0.000000 2643.266357 0.000000 0.412826 0.000000 0.910810 0.491854 0.491854 0.491854
3229.074219 0.000000 2633.167480 0.000000 0.595141 0.000000 0.803621 0.461857 0.461857 0.461857
3250.398438 0.000000 2628.572754 0.000000 0.083398 0.000000 -0.996516 0.998906 0.998906 0.998906
3241.912842 0.000000 2646.699219 0.000000 0.357893 0.000000 -0.933763 1.097933 1.097933 1.097933
3235.534180 0.000000 2653.294678 0.000000 0.941963 0.000000 0.335717 0.547430 0.547430 0.547430
3251.911377 0.000000 2629.391113 0.000000 0.033245 0.000000 0.999447 0.390996 0.390996 0.390996
3233.931396 0.000000 2624.051270 0.000000 0.221938 0.000000 0.975061 0.113858 0.113858 0.113858
3240.843750 0.000000 2648.094727 0.000000 0.835716 0.000000 0.549162 0.440926 0.440926 0.440926
3239.487549 0.000000 2643.103027 0.000000 0.764411 0.000000 -0.644729 0.844488 0.844488 0.844488
3249.732178 0.000000 2641.728271 0.000000 0.981454 0.000000 -0.191697 0.725956 0.725956 0.725956
3261.038574 0.000000 2663.259521 0.000000 0.963353 0.000000 0.268236 0.654915 0.654915 0.654915
3248.985352 0.000000 2629.559814 0.000000 0.490960 0.000000 -0.871182 1.117705 1.117705 1.117705
3231.352539 0.000000 2628.238525 0.000000 0.017724 0.000000 0.999843 0.474728 0.474728 0.474728
3238.063477 0.000000 2651.765625 0.000000 0.769157 0.000000 -0.639060 0.972600 0.972600 0.972600
3232.424316 0.000000 2652.709473 0.000000 0.155330 0.000000 -0.987863 0.979397 0.979397 0.979397
3236.749268 0.000000 2643.931396 0.000000 0.754253 0.000000 0.656584 0.537271 0.537271 0.537271
3222.258545 0.000000 2625.857422 0.000000 0.108439 0.000000 -0.994103 1.303032 1.303032 1.303032
3258.401611 0.000000 2629.248291 0.000000 0.548837 0.000000 0.835929 0.258901 0.258901 0.258901
3228.511475 0.000000 2629.775879 0.000000 0.701456 0.000000 0.712712 0.564127 0.564127 0.564127
3234.062500 0.000000 2643.264893 0.000000 0.935656 0.000000 -0.352913 0.860732 0.860732 0.860732
3249.843262 0.000000 2646.139160 0.000000 0.954266 0.000000 -0.298959 0.814603 0.814603 0.814603
3260.611816 0.000000 2628.808838 0.000000 0.982233 0.000000 -0.187665 0.760704 0.760704 0.760704
3261.768799 0.000000 2652.490967 0.000000 0.022408 0.000000 0.999749 0.009987 0.009987 0.009987
3226.899658 0.000000 2632.076172 0.000000 0.214804 0.000000 -0.976657 0.901175 0.901175 0.901175
3260.576172 0.000000 2651.428955 0.000000 0.499453 0.000000 -0.866341 1.166948 1.166948 1.166948
3230.263428 0.000000 2627.013916 0.000000 0.854473 0.000000 0.519496 0.543439 0.543439 0.543439
3251.314209 0.000000 2625.803955 0.000000 0.997500 0.000000 0.070671 0.668480 0.668480 0.668480
3229.720703 0.000000 2658.628174 0.000000 0.872184 0.000000 -0.489178 0.907239 0.907239 0.907239
3248.850586 0.000000 2647.361328 0.000000 0.457248 0.000000 -0.889339 1.113678 1.113678 1.113678
3223.153076 0.000000 2627.806396 0.000000 0.472602 0.000000 -0.881276 1.180641 1.180641 1.180641
3241.423584 0.000000 2649.518066 0.000000 0.612516 0.000000 -0.790458 1.106220 1.106220 1.106220
3261.229736 0.000000 2633.558838 0.000000 0.661335 0.000000 -0.750090 0.972743 0.972743 0.972743
3260.508545 0.000000 2661.530518 0.000000 0.988854 0.000000 0.148887 0.640977 0.640977 0.640977
3259.617920 0.000000 2654.370850 0.000000 0.891338 0.000000 0.453339 0.631753 0.631753 0.631753
3249.182129 0.000000 2633.999512 0.000000 0.256939 0.000000 0.966428 0.383845 0.383845 0.383845
3253.715820 0.000000 2624.000977 0.000000 0.539372 0.000000 0.842068 0.253874 0.253874 0.253874
3229.094238 0.000000 2659.990479 0.000000 0.804760 0.000000 0.593600 0.442333 0.442333 0.442333
3235.233398 0.000000 2644.315674 0.000000 0.875009 0.000000 0.484106 0.474803 0.474803 0.474803
3238.177490 0.000000 2648.940918 0.000000 0.559445 0.000000 0.828867 0.423380 0.423380 0.423380
3241.574951 0.000000 2644.644531 0.000000 0.360763 0.000000 0.932658 0.202279 0.202279 0.202279
3234.399170 0.000000 2646.221924 0.000000 0.854441 0.000000 -0.519548 0.866125 0.866125 0.866125
3231.413086 0.000000 2642.231445 0.000000 0.999995 0.000000 -0.003185 0.700579 0.700579 0.700579
3239.275635 0.000000 2650.864746 0.000000 0.360130 0.000000 0.932902 0.227213 0.227213 0.227213
3250.383057 0.000000 2643.065918 0.000000 0.322239 0.000000 -0.946658 0.941062 0.941062 0.941062
3249.116943 0.000000 2631.123535 0.000000 0.364005 0.000000 0.931397 0.452907 0.452907 0.452907
3233.632324 0.000000 2657.577148 0.000000 0.036574 0.000000 0.999331 0.217390 0.217390 0.217390
3263.784668 0.000000 2657.010986 0.000000 0.920974 0.000000 0.389625 0.565011 0.565011 0.565011
3237.798096 0.000000 2664.925781 0.000000 0.768865 0.000000 -0.639411 0.884278 0.884278 0.884278
3251.099121 0.000000 2635.605713 0.000000 0.245198 0.000000 0.969473 0.466470 0.466470 0.466470
3239.215088 0.000000 2662.185059 0.000000 0.476622 0.000000 0.879108 0.534834 0.534834 0.534834
3237.188721 0.000000 2660.565430 0.000000 0.307742 0.000000 -0.951470 1.260597 1.260597 1.260597
3236.157227 0.000000 2650.272705 0.000000 0.837868 0.000000 0.545872 0.534506 0.534506 0.534506
3234.106934 0.000000 2654.985840 0.000000 0.662887 0.000000 -0.748719 1.077063 1.077063 1.077063
3252.908936 0.000000 2627.972900 0.000000 0.711071 0.000000 -0.703120 0.915310 0.915310 0.915310
3241.770264 0.000000 2630.414307 0.000000 0.694223 0.000000 -0.719760 0.902191 0.902191 0.902191
3238.442383 0.000000 2653.285889 0.000000 0.979133 0.000000 -0.203219 0.745419 0.745419 0.745419
3260.090332 0.000000 2631.669922 0.000000 0.684986 0.000000 0.728556 0.336268 0.336268 0.336268
3236.282715 0.000000 2641.723633 0.000000 0.813109 0.000000 0.582111 0.600105 0.600105 0.600105
3226.942627 0.000000 2624.684814 0.000000 0.564980 0.000000 0.825105 0.499892 0.499892 0.499892
3252.627441 0.000000 2642.347168 0.000000 0.811961 0.000000 -0.583712 0.856853 0.856853 0.856853
3235.419434 0.000000 2660.105957 0.000000 0.362549 0.000000 0.931965 0.486132 0.486132 0.486132
3262.563477 0.000000 2659.697266 0.000000 0.166713 0.000000 -0.986006 1.136525 1.136525 1.136525
3258.325195 0.000000 2633.178955 0.000000 0.402759 0.000000 -0.915306 1.158693 1.158693 1.158693
3260.030273 0.000000 2659.447266 0.000000 0.904022 0.000000 0.427487 0.504703 0.504703 0.504703
3250.154297 0.000000 2627.244385 0.000000 0.980115 0.000000 0.198429 0.610982 0.610982 0.610982
3234.564697 0.000000 2665.930420 0.000000 0.470825 0.000000 -0.882226 1.096561 1.096561 1.096561
3254.007080 0.000000 2630.479980 0.000000 0.144736 0.000000 0.989470 0.122026 0.122026 0.122026
3236.298828 0.000000 2662.586670 0.000000 0.893759 0.000000 -0.448548 0.805673 0.805673 0.805673
3263.455078 0.000000 2647.313965 0.000000 0.875034 0.000000 0.484061 0.527808 0.527808 0.527808
3254.192627 0.000000 2625.741211 0.000000 0.999926 0.000000 0.012180 0.694572 0.694572 0.694572
3233.116699 0.000000 2642.224121 0.000000 0.942305 0.000000 0.334755 0.611117 0.611117 0.611117
3251.669434 0.000000 2630.727051 0.000000 0.620716 0.000000 0.784036 0.424407 0.424407 0.424407
3252.698730 0.000000 2626.569824 0.000000 0.739159 0.000000 0.673531 0.495956 0.495956 0.495956
3222.006104 0.000000 2627.130859 0.000000 0.684106 0.000000 -0.729383 1.064270 1.064270 1.064270
3251.389404 0.000000 2644.531494 0.000000 0.400844 0.000000 -0.916146 1.080574 1.080574 1.080574
3234.480957 0.000000 2662.161133 0.000000 0.894811 0.000000 0.446444 0.524499 0.524499 0.524499
3263.594482 0.000000 2661.781494 0.000000 0.637816 0.000000 0.770189 0.514100 0.514100 0.514100
3232.568115 0.000000 2625.489014 0.000000 0.434937 0.000000 -0.900461 1.187726 1.187726 1.187726
3244.234619 0.000000 2629.481934 0.000000 0.593088 0.000000 -0.805138 0.963328 0.963328 0.963328
3235.194336 0.000000 2640.766113 0.000000 0.129224 0.000000 0.991615 0.433025 0.433025 0.433025
3259.437256 0.000000 2646.748779 0.000000 0.681933 0.000000 -0.731415 0.879213 0.879213 0.879213
3236.824707 0.000000 2651.626465 0.000000 0.695649 0.000000 0.718382 0.470295 0.470295 0.470295
3263.095703 0.000000 2627.402344 0.000000 0.689275 0.000000 -0.724500 1.015786 1.015786 1.015786
3226.528564 0.000000 2627.093262 0.000000 0.980915 0.000000 0.194436 0.621005 0.621005 0.621005
3237.625488 0.000000 2667.366211 0.000000 0.849232 0.000000 -0.528019 0.862345 0.862345 0.862345
3262.034668 0.000000 2657.915527 0.000000 0.169837 0.000000 0.985472 0.227758 0.227758 0.227758
3249.987305 0.000000 2624.744141 0.000000 0.161538 0.000000 0.986867 0.099381 0.099381 0.099381
3241.107910 0.000000 2628.215088 0.000000 0.768942 0.000000 -0.639318 0.893943 0.893943 0.893943
3233.070801 0.000000 2636.371826 0.000000 0.807246 0.000000 0.590215 0.548849 0.548849 0.548849
3250.584473 0.000000 2632.964111 0.000000 0.958991 0.000000 -0.283438 0.810487 0.810487 0.810487
3257.428467 0.000000 2626.648193 0.000000 0.772954 0.000000 0.634463 0.462175 0.462175 0.462175
3262.749023 0.000000 2645.318115 0.000000 0.690955 0.000000 0.722898 0.385118 0.385118 0.385118
3262.477539 0.000000 2660.906738 0.000000 0.999984 0.000000 0.005698 0.698795 0.698795 0.698795
3240.488770 0.000000 2650.648438 0.000000 0.848915 0.000000 -0.528530 0.920910 0.920910 0.920910
3261.768555 0.000000 2653.695312 0.000000 0.816049 0.000000 0.577983 0.425376 0.425376 0.425376
3260.304443 0.000000 2655.421387 0.000000 0.987386 0.000000 0.158331 0.652485 0.652485 0.652485
3229.601318 0.000000 2632.040039 0.000000 0.027761 0.000000 0.999615 0.306300 0.306300 0.306300
3261.158936 0.000000 2650.374268 0.000000 0.992235 0.000000 0.124380 0.644428 0.644428 0.644428
3243.598389 0.000000 2625.037598 0.000000 0.052028 0.000000 0.998646 0.187752 0.187752 0.187752
3232.202393 0.000000 2638.229004 0.000000 0.280548 0.000000 -0.959840 1.246300 1.246300 1.246300
3225.039062 0.000000 2625.239746 0.000000 0.859013 0.000000 -0.511953 0.939509 0.939509 0.939509
3234.777344 0.000000 2664.388428 0.000000 0.602459 0.000000 0.798150 0.360819 0.360819 0.360819
3236.074951 0.000000 2663.961426 0.000000 0.655439 0.000000 0.755248 0.505521 0.505521 0.505521
3222.762939 0.000000 2624.821777 0.000000 0.961394 0.000000 0.275174 0.585027 0.585027 0.585027
3240.547607 0.000000 2632.558594 0.000000 0.355232 0.000000 -0.934778 0.974357 0.974357 0.974357
3262.243164 0.000000 2631.167236 0.000000 0.883365 0.000000 0.468686 0.558489 0.558489 0.558489
3248.266113 0.000000 2633.220947 0.000000 0.747030 0.000000 0.664791 0.524620 0.524620 0.524620
3252.286377 0.000000 2624.212158 0.000000 0.944189 0.000000 0.329405 0.550412 0.550412 0.550412
3233.334717 0.000000 2640.351562 0.000000 0.592491 0.000000 0.805577 0.483933 0.483933 0.483933
3248.774658 0.000000 2625.286133 0.000000 0.701317 0.000000 -0.712849 1.038379 1.038379 1.038379
3261.613281 0.000000 2659.004883 0.000000 0.457330 0.000000 -0.889297 1.184498 1.184498 1.184498
3252.844727 0.000000 2630.110840 0.000000 0.992461 0.000000 -0.122559 0.742300 0.742300 0.742300
3230.563232 0.000000 2636.482666 0.000000 0.663091 0.000000 -0.748539 0.951295 0.951295 0.951295
3240.587891 0.000000 2651.784912 0.000000 0.976583 0.000000 0.215142 0.613980 0.613980 0.613980
3260.229492 0.000000 2636.522461 0.000000 0.171054 0.000000 -0.985262 1.198717 1.198717 1.198717
3232.375488 0.000000 2656.980957 0.000000 0.913374 0.000000 0.407121 0.568103 0.568103 0.568103
3232.359131 0.000000 2627.693604 0.000000 0.587954 0.000000 0.808895 0.316320 0.316320 0.316320
3250.769775 0.000000 2645.497559 0.000000 0.999185 0.000000 -0.040369 0.713267 0.713267 0.713267
3241.120117 0.000000 2645.668457 0.000000 0.960766 0.000000 -0.277362 0.816403 0.816403 0.816403
3262.359619 0.000000 2629.181641 0.000000 0.902516 0.000000 0.430657 0.560727 0.560727 0.560727
3234.904785 0.000000 2654.212646 0.000000 0.975900 0.000000 0.218217 0.601966 0.601966 0.601966
3245.872803 0.000000 2628.279053 0.000000 0.972835 0.000000 -0.231500 0.765731 0.765731 0.765731
3241.854248 0.000000 2631.912109 0.000000 0.113539 0.000000 0.993534 0.333340 0.333340 0.333340
3245.296875 0.000000 2629.253418 0.000000 0.639951 0.000000 0.768416 0.453426 0.453426 0.453426
3260.849609 0.000000 2630.891602 0.000000 0.625259 0.000000 0.780418 0.301009 0.301009 0.301009
3253.484863 0.000000 2643.431641 0.000000 0.846228 0.000000 -0.532821 0.841411 0.841411 0.841411
3229.716797 0.000000 2635.537109 0.000000 0.333964 0.000000 0.942586 0.257093 0.257093 0.257093
3250.165527 0.000000 2631.472656 0.000000 0.675136 0.000000 0.737694 0.446271 0.446271 0.446271
3238.684814 0.000000 2649.907959 0.000000 0.911855 0.000000 0.410512 0.580241 0.580241 0.580241
3260.492676 0.000000 2632.730713 0.000000 0.856795 0.000000 0.515657 0.525790 0.525790 0.525790
3228.036133 0.000000 2660.035889 0.000000 0.568918 0.000000 0.822394 0.446878 0.446878 0.446878
3235.047607 0.000000 2645.374023 0.000000 0.378964 0.000000 0.925411 0.173208 0.173208 0.173208
3230.846436 0.000000 2637.559570 0.000000 0.674279 0.000000 0.738477 0.453176 0.453176 0.453176
3236.718506 0.000000 2664.806885 0.000000 0.983386 0.000000 0.181529 0.651511 0.651511 0.651511
3233.506836 0.000000 2638.737305 0.000000 1.000000 0.000000 0.000461 0.699804 0.699804 0.699804
3229.687256 0.000000 2627.988037 0.000000 0.968571 0.000000 -0.248736 0.768970 0.768970 0.768970
3234.485596 0.000000 2624.961182 0.000000 0.613725 0.000000 0.789520 0.405786 0.405786 0.405786
3259.599854 0.000000 2629.306396 0.000000 0.072578 0.000000 0.997363 0.032371 0.032371 0.032371
3237.811035 0.000000 2628.698242 0.000000 0.975128 0.000000 0.221643 0.636726 0.636726 0.636726
3232.821777 0.000000 2626.514893 0.000000 0.198446 0.000000 0.980112 0.141737 0.141737 0.141737
3249.336182 0.000000 2643.699951 0.000000 0.201575 0.000000 0.979473 0.193235 0.193235 0.193235
3236.386230 0.000000 2629.799316 0.000000 0.268079 0.000000 -0.963397 1.067871 1.067871 1.067871
3261.060791 0.000000 2657.250732 0.000000 0.465581 0.000000 0.885005 0.333539 0.333539 0.333539
3224.655029 0.000000 2626.988037 0.000000 0.960220 0.000000 0.279246 0.573882 0.573882 0.573882
3262.401611 0.000000 2647.450928 0.000000 0.963555 0.000000 -0.267511 0.792286 0.792286 0.792286
3254.480225 0.000000 2631.591797 0.000000 0.851162 0.000000 -0.524904 0.924047 0.924047 0.924047
3228.630615 0.000000 2626.323730 0.000000 0.748398 0.000000 0.663249 0.501040 0.501040 0.501040
3227.599609 0.000000 2627.351318 0.000000 0.767796 0.000000 -0.640695 0.980728 0.980728 0.980728
3256.496094 0.000000 2627.565430 0.000000 0.254436 0.000000 0.967090 0.245490 0.245490 0.245490
3260.573242 0.000000 2629.887207 0.000000 0.932254 0.000000 -0.361805 0.819041 0.819041 0.819041
3236.206543 0.000000 2652.529297 0.000000 0.579299 0.000000 -0.815115 0.979774 0.979774 0.979774
3261.508789 0.000000 2661.219971 0.000000 0.876963 0.000000 -0.480558 0.897987 0.897987 0.897987
3242.737061 0.000000 2625.615234 0.000000 0.654313 0.000000 0.756224 0.410772 0.410772 0.410772
3255.999023 0.000000 2624.360840 0.000000 0.421654 0.000000 0.906757 0.193971 0.193971 0.193971
3261.145508 0.000000 2656.092285 0.000000 0.910335 0.000000 0.413872 0.556080 0.556080 0.556080
3235.462402 0.000000 2646.325928 0.000000 0.347788 0.000000 -0.937573 1.069635 1.069635 1.069635
3263.131348 0.000000 2629.911865 0.000000 0.463492 0.000000 0.886101 0.359384 0.359384 0.359384
3260.720703 0.000000 2653.939697 0.000000 0.112271 0.000000 0.993678 0.050137 0.050137 0.050137
3233.406494 0.000000 2624.911133 0.000000 0.338863 0.000000 -0.940836 1.233095 1.233095 1.233095
3239.719727 0.000000 2661.022461 0.000000 0.860455 0.000000 0.509526 0.461749 0.461749 0.461749
3224.633789 0.000000 2624.016602 0.000000 0.979368 0.000000 0.202085 0.609319 0.609319 0.609319
3260.326172 0.000000 2660.418701 0.000000 0.592183 0.000000 0.805803 0.329916 0.329916 0.329916
3234.827393 0.000000 2652.598145 0.000000 0.351156 0.000000 -0.936317 1.240104 1.240104 1.240104
3238.559082 0.000000 2661.447266 0.000000 0.976220 0.000000 -0.216784 0.797379 0.797379 0.797379
3263.665283 0.000000 2659.274414 0.000000 0.988657 0.000000 -0.150192 0.746898 0.746898 0.746898
3262.799805 0.000000 2657.270752 0.000000 0.995507 0.000000 -0.094688 0.731985 0.731985 0.731985
3240.291992 0.000000 2643.791260 0.000000 0.994559 0.000000 -0.104174 0.737206 0.737206 0.737206
3241.048340 0.000000 2647.121094 0.000000 0.797437 0.000000 -0.603402 0.913951 0.913951 0.913951
3228.780518 0.000000 2658.882324 0.000000 0.809286 0.000000 -0.587415 0.954559 0.954559 0.954559
3223.424316 0.000000 2625.517090 0.000000 0.945516 0.000000 0.325576 0.563230 0.563230 0.563230
3237.423096 0.000000 2648.346924 0.000000 0.738408 0.000000 -0.674355 0.966434 0.966434 0.966434
3235.421631 0.000000 2662.156006 0.000000 0.388060 0.000000 -0.921634 1.144555 1.144555 1.144555
3259.461426 0.000000 2632.432861 0.000000 0.797178 0.000000 0.603744 0.442862 0.442862 0.442862
3240.114014 0.000000 2647.482422 0.000000 0.947705 0.000000 0.319147 0.592711 0.592711 0.592711
3252.023682 0.000000 2625.128174 0.000000 0.116815 0.000000 0.993154 0.052176 0.052176 0.052176
3237.309082 0.000000 2649.296143 0.000000 0.887912 0.000000 -0.460013 0.872085 0.872085 0.872085
3222.834717 0.000000 2626.599609 0.000000 0.899411 0.000000 -0.437104 0.901594 0.901594 0.901594
3228.027344 0.000000 2658.075928 0.000000 0.630659 0.000000 -0.776060 1.060190 1.060190 1.060190
3258.414551 0.000000 2628.293213 0.000000 0.888416 0.000000 0.459040 0.487471 0.487471 0.487471
3250.265381 0.000000 2633.858154 0.000000 0.926030 0.000000 0.377451 0.551195 0.551195 0.551195
3250.564453 0.000000 2626.388916 0.000000 0.873002 0.000000 -0.487717 0.927038 0.927038 0.927038
3238.322998 0.000000 2650.829102 0.000000 0.583463 0.000000 -0.812140 1.072685 1.072685 1.072685
3249.424316 0.000000 2628.734375 0.000000 0.413408 0.000000 0.910546 0.247935 0.247935 0.247935
3228.075439 0.000000 2635.583984 0.000000 0.983455 0.000000 -0.181154 0.765578 0.765578 0.765578
3263.794434 0.000000 2644.788086 0.000000 0.072235 0.000000 -0.997388 1.283982 1.283982 1.283982
3251.478760 0.000000 2633.263428 0.000000 0.999251 0.000000 0.038689 0.685122 0.685122 0.685122
3234.703369 0.000000 2642.613525 0.000000 0.921652 0.000000 0.388018 0.522424 0.522424 0.522424
3231.512451 0.000000 2639.424316 0.000000 0.986388 0.000000 0.164437 0.641110 0.641110 0.641110
3236.288818 0.000000 2660.438477 0.000000 0.131079 0.000000 -0.991372 1.341418 1.341418 1.341418
3248.399170 0.000000 2643.829346 0.000000 0.311859 0.000000 -0.950128 1.164461 1.164461 1.164461
3260.223389 0.000000 2650.473145 0.000000 0.580994 0.000000 -0.813908 1.123730 1.123730 1.123730
3224.614258 0.000000 2626.045166 0.000000 0.571976 0.000000 -0.820270 1.128648 1.128648 1.128648
3235.875244 0.000000 2654.134277 0.000000 0.065077 0.000000 0.997880 0.029021 0.029021 0.029021
3262.180176 0.000000 2644.326904 0.000000 0.830334 0.000000 0.557266 0.469646 0.469646 0.469646
3234.007080 0.000000 2663.924072 0.000000 0.589247 0.000000 -0.807953 1.056726 1.056726 1.056726
3261.496582 0.000000 2651.591309 0.000000 0.608959 0.000000 -0.793202 1.108222 1.108222 1.108222
3249.527832 0.000000 2642.700684 0.000000 0.761419 0.000000 0.648260 0.438696 0.438696 0.438696
3253.807861 0.000000 2624.919922 0.000000 0.286628 0.000000 0.958042 0.129548 0.129548 0.129548
3225.917725 0.000000 2627.756836 0.000000 0.994720 0.000000 0.102624 0.654187 0.654187 0.654187
3250.964844 0.000000 2627.895264 0.000000 0.743065 0.000000 0.669219 0.373280 0.373280 0.373280
3234.334961 0.000000 2644.191650 0.000000 0.813663 0.000000 0.581336 0.423542 0.423542 0.423542
3260.898193 0.000000 2652.334961 0.000000 0.087284 0.000000 0.996183 0.038946 0.038946 0.038946
3236.877686 0.000000 2661.394531 0.000000 0.990539 0.000000 0.137228 0.638653 0.638653 0.638653
3250.824707 0.000000 2625.083008 0.000000 0.467543 0.000000 -0.883970 1.183195 1.183195 1.183195
3238.026123 0.000000 2660.300537 0.000000 0.387949 0.000000 0.921681 0.177543 0.177543 0.177543
3248.142090 0.000000 2629.772705 0.000000 0.954497 0.000000 0.298222 0.580396 0.580396 0.580396
3258.917236 0.000000 2629.955811 0.000000 0.185363 0.000000 -0.982670 1.316916 1.316916 1.316916
3241.535889 0.000000 2648.637695 0.000000 0.831360 0.000000 0.555734 0.437412 0.437412 0.437412
3235.883789 0.000000 2643.729004 0.000000 0.206908 0.000000 -0.978360 1.307124 1.307124 1.307124
3229.839844 0.000000 2659.549316 0.000000 0.894688 0.000000 -0.446692 0.887745 0.887745 0.887745
3223.892334 0.000000 2627.364502 0.000000 0.776146 0.000000 -0.630554 1.004041 1.004041 1.004041
3234.907715 0.000000 2643.534912 0.000000 0.662188 0.000000 0.749337 0.322521 0.322521 0.322521
3260.047607 0.000000 2652.120117 0.000000 0.916690 0.000000 0.399598 0.516810 0.516810 0.516810
3255.015381 0.000000 2625.582275 0.000000 0.931343 0.000000 -0.364144 0.866094 0.866094 0.866094
3240.745117 0.000000 2648.999756 0.000000 0.985793 0.000000 -0.167966 0.775208 0.775208 0.775208
3251.818115 0.000000 2626.462158 0.000000 0.447653 0.000000 -0.894207 1.193164 1.193164 1.193164
3261.154785 0.000000 2653.136719 0.000000 0.394885 0.000000 -0.918730 1.219098 1.219098 1.219098
3260.883789 0.000000 2659.377197 0.000000 0.252515 0.000000 -0.967593 1.281641 1.281641 1.281641
3254.528076 0.000000 2624.058838 0.000000 0.924237 0.000000 -0.381820 0.874584 0.874584 0.874584
3284.968506 0.000000 2683.060791 0.000000 0.725047 0.000000 0.688699 0.577858 0.577858 0.577858
3292.366943 0.000000 2631.669678 0.000000 0.574833 0.000000 0.818271 0.569360 0.569360 0.569360
3275.378418 0.000000 2624.790527 0.000000 0.474135 0.000000 0.880452 0.519345 0.519345 0.519345
3281.064209 0.000000 2641.424316 0.000000 0.910928 0.000000 0.412565 0.633856 0.633856 0.633856
3280.442627 0.000000 2669.369873 0.000000 0.998892 0.000000 -0.047065 0.713905 0.713905 0.713905
3306.987793 0.000000 2631.951660 0.000000 0.445553 0.000000 0.895256 0.649610 0.649610 0.649610
3273.671875 0.000000 2634.250977 0.000000 0.899128 0.000000 -0.437686 0.736418 0.736418 0.736418
3285.572998 0.000000 2624.357666 0.000000 0.946612 0.000000 0.322377 0.562330 0.562330 0.562330
3324.556885 0.000000 2684.735352 0.000000 0.536375 0.000000 -0.843980 0.779008 0.779008 0.779008
3313.762695 0.000000 2637.487793 0.000000 0.177207 0.000000 -0.984174 0.773013 0.773013 0.773013
3305.543945 0.000000 2640.418701 0.000000 0.429648 0.000000 0.902996 0.451907 0.451907 0.451907
3280.207520 0.000000 2650.596191 0.000000 0.868351 0.000000 -0.495951 0.748064 0.748064 0.748064
3272.797852 0.000000 2644.335449 0.000000 0.994028 0.000000 -0.109129 0.717963 0.717963 0.717963
3311.553467 0.000000 2625.431885 0.000000 0.870161 0.000000 -0.492768 0.889100 0.889100 0.889100
3294.719971 0.000000 2659.818848 0.000000 0.403207 0.000000 0.915109 0.184946 0.184946 0.184946
3294.703125 0.000000 2672.679688 0.000000 0.972665 0.000000 0.232212 0.696724 0.696724 0.696724
3316.888672 0.000000 2631.308105 0.000000 0.061758 0.000000 -0.998091 1.206324 1.206324 1.206324
3286.726562 0.000000 2638.325928 0.000000 0.817224 0.000000 0.576321 0.465999 0.465999 0.465999
3293.504639 0.000000 2625.727539 0.000000 0.345665 0.000000 0.938358 0.240289 0.240289 0.240289
3270.784424 0.000000 2628.691895 0.000000 0.872897 0.000000 -0.487904 0.927134 0.927134 0.927134
3297.672363 0.000000 2664.879639 0.000000 0.917878 0.000000 0.396862 0.678605 0.678605 0.678605
3326.173340 0.000000 2675.099121 0.000000 0.461179 0.000000 -0.887307 0.715259 0.715259 0.715259
3267.025879 0.000000 2653.487305 0.000000 0.900063 0.000000 -0.435759 0.900928 0.900928 0.900928
3306.893799 0.000000 2645.241943 0.000000 0.394698 0.000000 -0.918811 1.219189 1.219189 1.219189
3277.661377 0.000000 2645.948975 0.000000 0.967306 0.000000 -0.253614 0.814267 0.814267 0.814267
3270.586426 0.000000 2639.758545 0.000000 0.995264 0.000000 0.097208 0.677370 0.677370 0.677370
3311.760254 0.000000 2630.595703 0.000000 0.961307 0.000000 -0.275480 0.762430 0.762430 0.762430
3283.874268 0.000000 2645.486328 0.000000 0.899962 0.000000 0.435968 0.673984 0.673984 0.673984
3300.396973 0.000000 2640.374512 0.000000 0.433947 0.000000 0.900938 0.600006 0.600006 0.600006
3272.725830 0.000000 2678.708008 0.000000 0.259452 0.000000 0.965756 0.537663 0.537663 0.537663
3310.322510 0.000000 2641.055664 0.000000 0.849341 0.000000 -0.527845 0.947800 0.947800 0.947800
3308.443604 0.000000 2636.538574 0.000000 0.800631 0.000000 -0.599157 0.900969 0.900969 0.900969
3290.162354 0.000000 2651.509766 0.000000 0.848394 0.000000 -0.529366 0.724372 0.724372 0.724372
3315.368652 0.000000 2641.918701 0.000000 0.236727 0.000000 0.971576 0.446310 0.446310 0.446310
3308.970947 0.000000 2649.687256 0.000000 0.546306 0.000000 0.837586 0.561193 0.561193 0.561193
3298.333984 0.000000 2675.662842 0.000000 0.484496 0.000000 0.874793 0.666499 0.666499 0.666499
3326.265381 0.000000 2634.700684 0.000000 0.282330 0.000000 0.959318 0.405918 0.405918 0.405918
3326.278564 0.000000 2639.923340 0.000000 0.849961 0.000000 0.526846 0.651515 0.651515 0.651515
3283.843750 0.000000 2672.372314 0.000000 0.944726 0.000000 -0.327861 0.721015 0.721015 0.721015
3317.978271 0.000000 2636.223877 0.000000 0.418761 0.000000 0.908097 0.618410 0.618410 0.618410
3327.609375 0.000000 2670.860840 0.000000 0.184693 0.000000 0.982796 0.654011 0.654011 0.654011
3326.972656 0.000000 2653.459717 0.000000 0.134744 0.000000 -0.990880 0.727598 0.727598 0.727598
3294.574463 0.000000 2668.103027 0.000000 0.944027 0.000000 -0.329867 0.816907 0.816907 0.816907
3292.427734 0.000000 2643.569092 0.000000 0.514690 0.000000 0.857377 0.627989 0.627989 0.627989
3315.606689 0.000000 2627.285156 0.000000 0.682366 0.000000 -0.731011 0.959314 0.959314 0.959314
3287.028320 0.000000 2642.613525 0.000000 0.047559 0.000000 0.998868 0.290059 0.290059 0.290059
3285.874756 0.000000 2678.274414 0.000000 0.983914 0.000000 -0.178644 0.709103 0.709103 0.709103
3268.120850 0.000000 2625.254639 0.000000 0.497765 0.000000 0.867312 0.303732 0.303732 0.303732
3286.794189 0.000000 2664.649170 0.000000 0.710947 0.000000 -0.703245 0.785871 0.785871 0.785871
3283.933838 0.000000 2658.131104 0.000000 0.836448 0.000000 -0.548047 0.733450 0.733450 0.733450
3289.606445 0.000000 2624.135986 0.000000 0.797130 0.000000 -0.603808 0.782702 0.782702 0.782702
3280.064697 0.000000 2660.701904 0.000000 0.316763 0.000000 0.948505 0.167634 0.167634 0.167634
3267.216064 0.000000 2629.769775 0.000000 0.661772 0.000000 -0.749706 0.793321 0.793321 0.793321
3307.523193 0.000000 2664.381348 0.000000 0.558506 0.000000 -0.829501 0.946169 0.946169 0.946169
3294.089600 0.000000 2663.723145 0.000000 0.329006 0.000000 -0.944328 0.985017 0.985017 0.985017
3291.031494 0.000000 2628.294678 0.000000 0.984589 0.000000 0.174882 0.621664 0.621664 0.621664
3297.075439 0.000000 2632.515869 0.000000 0.467589 0.000000 -0.883946 0.758739 0.758739 0.758739
3297.726562 0.000000 2670.735107 0.000000 0.083826 0.000000 0.996480 0.382991 0.382991 0.382991
3269.425049 0.000000 2643.414551 0.000000 0.470573 0.000000 -0.882361 1.160889 1.160889 1.160889
3316.006104 0.000000 2645.699219 0.000000 0.761630 0.000000 -0.648013 0.717248 0.717248 0.717248
3269.248779 0.000000 2665.675781 0.000000 0.867381 0.000000 -0.497644 0.747335 0.747335 0.747335
3271.334717 0.000000 2670.736328 0.000000 0.999973 0.000000 0.007391 0.699445 0.699445 0.699445
3279.162842 0.000000 2638.655762 0.000000 0.293488 0.000000 -0.955963 1.042579 1.042579 1.042579
3276.911865 0.000000 2642.607422 0.000000 0.976165 0.000000 -0.217029 0.788698 0.788698 0.788698
3315.167236 0.000000 2634.150879 0.000000 0.455647 0.000000 0.890160 0.337438 0.337438 0.337438
3270.541992 0.000000 2632.038086 0.000000 0.563270 0.000000 0.826273 0.530055 0.530055 0.530055
3273.046387 0.000000 2637.519043 0.000000 0.064349 0.000000 0.997927 0.373562 0.373562 0.373562
3290.095947 0.000000 2641.210938 0.000000 0.491894 0.000000 0.870655 0.406426 0.406426 0.406426
3264.023926 0.000000 2652.332275 0.000000 0.008685 0.000000 -0.999962 1.076729 1.076729 1.076729
3264.769775 0.000000 2624.060547 0.000000 0.240728 0.000000 -0.970592 1.008591 1.008591 1.008591
3273.876465 0.000000 2627.766846 0.000000 0.120741 0.000000 0.992684 0.383303 0.383303 0.383303
3282.536133 0.000000 2625.220215 0.000000 0.679141 0.000000 0.734008 0.671193 0.671193 0.671193
3273.304443 0.000000 2641.271240 0.000000 0.838144 0.000000 -0.545449 0.849217 0.849217 0.849217
3315.088623 0.000000 2624.206299 0.000000 0.243003 0.000000 0.970026 0.607355 0.607355 0.607355
3277.661133 0.000000 2626.814941 0.000000 0.983720 0.000000 -0.179709 0.735051 0.735051 0.735051
3266.849609 0.000000 2650.401367 0.000000 0.508552 0.000000 0.861031 0.237747 0.237747 0.237747
3302.004639 0.000000 2683.951172 0.000000 0.234413 0.000000 -0.972137 1.149997 1.149997 1.149997
3269.749512 0.000000 2651.520020 0.000000 0.083543 0.000000 0.996504 0.037273 0.037273 0.037273
3273.280762 0.000000 2630.682617 0.000000 0.984643 0.000000 -0.174581 0.714720 0.714720 0.714720
3280.442627 0.000000 2644.322998 0.000000 0.930050 0.000000 0.367433 0.532331 0.532331 0.532331
3286.441162 0.000000 2632.117188 0.000000 0.762464 0.000000 -0.647031 0.834042 0.834042 0.834042
3287.735352 0.000000 2626.405029 0.000000 0.521147 0.000000 0.853467 0.294332 0.294332 0.294332
3283.208252 0.000000 2679.416504 0.000000 0.865001 0.000000 0.501770 0.660500 0.660500 0.660500
3296.840820 0.000000 2661.822021 0.000000 0.945313 0.000000 -0.326165 0.811480 0.811480 0.811480
3309.792725 0.000000 2644.390381 0.000000 0.856745 0.000000 0.515740 0.458524 0.458524 0.458524
3312.612061 0.000000 2642.905029 0.000000 0.224897 0.000000 -0.974382 1.298913 1.298913 1.298913
3291.829346 0.000000 2658.998291 0.000000 0.856280 0.000000 -0.516512 0.861252 0.861252 0.861252
3293.908691 0.000000 2629.035156 0.000000 0.293244 0.000000 0.956038 0.626575 0.626575 0.626575
3299.974365 0.000000 2632.327637 0.000000 0.991379 0.000000 0.131022 0.655681 0.655681 0.655681
3283.236816 0.000000 2685.685303 0.000000 0.625956 0.000000 -0.779858 0.739078 0.739078 0.739078
3311.066406 0.000000 2638.245850 0.000000 0.982517 0.000000 -0.186175 0.732727 0.732727 0.732727
3307.660889 0.000000 2642.414307 0.000000 0.358172 0.000000 -0.933656 1.013636 1.013636 1.013636
3304.309814 0.000000 2646.479004 0.000000 0.721263 0.000000 -0.692662 0.887208 0.887208 0.887208
3291.274902 0.000000 2662.917725 0.000000 0.085158 0.000000 0.996367 0.037995 0.037995 0.037995
3306.466064 0.000000 2648.355469 0.000000 0.957929 0.000000 0.287005 0.614026 0.614026 0.614026
3312.732422 0.000000 2628.006348 0.000000 0.996532 0.000000 0.083211 0.680055 0.680055 0.680055
3303.165039 0.000000 2679.206543 0.000000 0.818887 0.000000 -0.573955 0.724572 0.724572 0.724572
3313.111328 0.000000 2640.144043 0.000000 0.679226 0.000000 0.733929 0.377403 0.377403 0.377403
3289.502441 0.000000 2638.441650 0.000000 0.999794 0.000000 -0.020274 0.705917 0.705917 0.705917
3292.221191 0.000000 2653.343018 0.000000 0.861333 0.000000 0.508041 0.462518 0.462518 0.462518
3271.838379 0.000000 2646.906494 0.000000 0.998995 0.000000 0.044827 0.680017 0.680017 0.680017
3278.303711 0.000000 2671.169922 0.000000 0.997130 0.000000 0.075705 0.675369 0.675369 0.675369
3268.095703 0.000000 2640.938477 0.000000 0.300009 0.000000 0.953936 0.474314 0.474314 0.474314
3307.962891 0.000000 2639.176514 0.000000 0.449416 0.000000 -0.893322 0.908497 0.908497 0.908497
3309.615234 0.000000 2632.481934 0.000000 0.917472 0.000000 -0.397801 0.821545 0.821545 0.821545
3305.066406 0.000000 2643.226807 0.000000 0.999847 0.000000 -0.017492 0.705380 0.705380 0.705380
3275.033447 0.000000 2674.808105 0.000000 0.898061 0.000000 -0.439871 0.836107 0.836107 0.836107
3324.294434 0.000000 2653.041016 0.000000 0.227239 0.000000 -0.973839 0.803157 0.803157 0.803157
3275.019043 0.000000 2646.267578 0.000000 0.447115 0.000000 0.894477 0.402006 0.402006 0.402006
3281.186279 0.000000 2663.220947 0.000000 0.976162 0.000000 -0.217042 0.768057 0.768057 0.768057
3272.166016 0.000000 2656.014404 0.000000 0.326645 0.000000 -0.945147 1.104591 1.104591 1.104591
3309.479980 0.000000 2647.074219 0.000000 0.728636 0.000000 -0.684901 1.036216 1.036216 1.036216
3271.835693 0.000000 2649.980225 0.000000 0.981702 0.000000 -0.190426 0.785382 0.785382 0.785382
3312.365479 0.000000 2686.988525 0.000000 0.853932 0.000000 -0.520385 0.728694 0.728694 0.728694
3283.219727 0.000000 2642.983887 0.000000 0.947402 0.000000 -0.320046 0.723342 0.723342 0.723342
3289.631836 0.000000 2643.833496 0.000000 0.649963 0.000000 0.759966 0.632112 0.632112 0.632112
3323.440430 0.000000 2639.945068 0.000000 0.350664 0.000000 0.936501 0.159662 0.159662 0.159662
3310.050293 0.000000 2664.694336 0.000000 0.872249 0.000000 -0.489061 0.741080 0.741080 0.741080
3303.549561 0.000000 2652.288574 0.000000 0.745905 0.000000 0.666052 0.552237 0.552237 0.552237
3284.696045 0.000000 2626.732422 0.000000 0.909606 0.000000 -0.415471 0.792099 0.792099 0.792099
3317.933594 0.000000 2633.676025 0.000000 0.974433 0.000000 0.224677 0.599014 0.599014 0.599014
3293.998535 0.000000 2641.651611 0.000000 0.999998 0.000000 0.002201 0.699869 0.699869 0.699869
3270.499268 0.000000 2626.274658 0.000000 0.731610 0.000000 -0.681723 0.786519 0.786519 0.786519
3327.694824 0.000000 2660.460205 0.000000 0.754858 0.000000 0.655888 0.661245 0.661245 0.661245
3269.002197 0.000000 2645.888672 0.000000 0.138012 0.000000 -0.990431 0.912767 0.912767 0.912767
3281.605957 0.000000 2658.788574 0.000000 0.996875 0.000000 -0.078993 0.709535 0.709535 0.709535
3319.301025 0.000000 2630.958740 0.000000 0.826394 0.000000 -0.563092 0.741811 0.741811 0.741811
3297.141113 0.000000 2634.909180 0.000000 0.950591 0.000000 -0.310446 0.741373 0.741373 0.741373
3319.374512 0.000000 2670.087402 0.000000 0.953070 0.000000 0.302749 0.680112 0.680112 0.680112
3313.436279 0.000000 2632.522949 0.000000 0.877430 0.000000 -0.479704 0.922958 0.922958 0.922958
3266.928711 0.000000 2627.394775 0.000000 0.388948 0.000000 0.921260 0.501445 0.501445 0.501445
3264.104736 0.000000 2646.272949 0.000000 0.987412 0.000000 0.158172 0.629216 0.629216 0.629216
3269.530029 0.000000 2637.630127 0.000000 0.345332 0.000000 0.938481 0.604199 0.604199 0.604199
3305.916748 0.000000 2687.792969 0.000000 0.105653 0.000000 0.994403 0.193097 0.193097 0.193097
3266.518066 0.000000 2669.470703 0.000000 0.319833 0.000000 -0.947474 1.141762 1.141762 1.141762
3324.650391 0.000000 2647.208740 0.000000 0.656861 0.000000 0.754012 0.652234 0.652234 0.652234
3278.705811 0.000000 2641.071777 0.000000 0.987314 0.000000 0.158779 0.654579 0.654579 0.654579
3268.118164 0.000000 2631.968262 0.000000 0.639082 0.000000 -0.769139 1.045036 1.045036 1.045036
3305.591064 0.000000 2651.176758 0.000000 0.841641 0.000000 -0.540038 0.778760 0.778760 0.778760
3293.129639 0.000000 2661.459229 0.000000 0.973985 0.000000 -0.226614 0.801872 0.801872 0.801872
3288.088867 0.000000 2636.448730 0.000000 0.255273 0.000000 0.966869 0.248083 0.248083 0.248083
3291.232666 0.000000 2626.011719 0.000000 0.719303 0.000000 -0.694696 0.952322 0.952322 0.952322
3275.052979 0.000000 2643.927002 0.000000 0.084645 0.000000 0.996411 0.037766 0.037766 0.037766
3313.723877 0.000000 2625.977539 0.000000 0.870423 0.000000 0.492304 0.470617 0.470617 0.470617
3295.436279 0.000000 2670.529785 0.000000 0.999440 0.000000 -0.033455 0.703216 0.703216 0.703216
3288.026123 0.000000 2640.245850 0.000000 0.200937 0.000000 0.979604 0.503894 0.503894 0.503894
3286.727051 0.000000 2684.559814 0.000000 0.842339 0.000000 0.538949 0.588593 0.588593 0.588593
3271.379395 0.000000 2642.344238 0.000000 0.973579 0.000000 0.228351 0.597333 0.597333 0.597333
3285.323486 0.000000 2670.696045 0.000000 0.205541 0.000000 -0.978648 0.821549 0.821549 0.821549
3296.913086 0.000000 2677.532227 0.000000 0.186195 0.000000 -0.982513 0.939362 0.939362 0.939362
3317.523193 0.000000 2629.213379 0.000000 0.880248 0.000000 0.474513 0.484858 0.484858 0.484858
3284.252930 0.000000 2664.385742 0.000000 0.436626 0.000000 0.899643 0.610049 0.610049 0.610049
3306.958252 0.000000 2629.742920 0.000000 0.660814 0.000000 -0.750549 1.078295 1.078295 1.078295
3281.947021 0.000000 2671.230957 0.000000 0.993860 0.000000 -0.110649 0.729646 0.729646 0.729646
3292.133301 0.000000 2624.063477 0.000000 0.512418 0.000000 0.858736 0.310141 0.310141 0.310141
3284.696533 0.000000 2637.479004 0.000000 0.745396 0.000000 0.666622 0.647719 0.647719 0.647719
3315.831055 0.000000 2636.888428 0.000000 0.759218 0.000000 0.650836 0.444872 0.444872 0.444872
3303.047119 0.000000 2658.402344 0.000000 0.059443 0.000000 -0.998232 1.024862 1.024862 1.024862
3283.236084 0.000000 2660.138916 0.000000 0.360072 0.000000 -0.932925 0.866009 0.866009 0.866009
3316.094971 0.000000 2685.647461 0.000000 0.528901 0.000000 -0.848683 0.839922 0.839922 0.839922
3310.709229 0.000000 2627.361328 0.000000 0.149023 0.000000 0.988834 0.526141 0.526141 0.526141
3286.452393 0.000000 2676.231689 0.000000 0.034382 0.000000 0.999409 0.592600 0.592600 0.592600
3296.663818 0.000000 2668.757080 0.000000 0.946570 0.000000 0.322499 0.632286 0.632286 0.632286
3308.365723 0.000000 2634.361084 0.000000 0.512080 0.000000 0.858937 0.423745 0.423745 0.423745
3271.298828 0.000000 2681.259277 0.000000 0.863207 0.000000 -0.504851 0.871095 0.871095 0.871095
3309.095215 0.000000 2630.429688 0.000000 0.696921 0.000000 -0.717148 0.964136 0.964136 0.964136
3296.228516 0.000000 2658.147949 0.000000 0.058303 0.000000 -0.998299 1.374003 1.374003 1.374003
3313.481201 0.000000 2635.448486 0.000000 0.201866 0.000000 -0.979413 1.118229 1.118229 1.118229
3271.627930 0.000000 2633.790527 0.000000 0.890829 0.000000 -0.454338 0.782421 0.782421 0.782421
3267.038818 0.000000 2642.729980 0.000000 0.808069 0.000000 0.589087 0.651562 0.651562 0.651562
3269.300781 0.000000 2630.270996 0.000000 0.136766 0.000000 0.990603 0.136299 0.136299 0.136299
3327.129150 0.000000 2637.933594 0.000000 0.850100 0.000000 0.526622 0.452842 0.452842 0.452842
3327.277100 0.000000 2626.149902 0.000000 0.669103 0.000000 -0.743170 0.761493 0.761493 0.761493
3270.319336 0.000000 2663.887207 0.000000 0.556285 0.000000 0.830991 0.262883 0.262883 0.262883
3326.276367 0.000000 2662.096924 0.000000 0.871866 0.000000 0.489745 0.639180 0.639180 0.639180
3290.763428 0.000000 2677.840820 0.000000 0.502781 0.000000 0.864414 0.426333 0.426333 0.426333
3310.349854 0.000000 2687.579102 0.000000 0.093536 0.000000 0.995616 0.511558 0.511558 0.511558
3266.551514 0.000000 2661.985840 0.000000 0.999883 0.000000 0.015278 0.697624 0.697624 0.697624
3278.805176 0.000000 2647.727051 0.000000 0.929814 0.000000 0.368031 0.611083 0.611083 0.611083
3302.937500 0.000000 2682.081299 0.000000 0.295886 0.000000 0.955223 0.271510 0.271510 0.271510
3272.660156 0.000000 2658.055176 0.000000 0.664654 0.000000 0.747151 0.323989 0.323989 0.323989
3277.405518 0.000000 2624.711426 0.000000 0.916480 0.000000 -0.400082 0.728773 0.728773 0.728773
3268.935547 0.000000 2627.539551 0.000000 0.972568 0.000000 -0.232618 0.804621 0.804621 0.804621
3317.255371 0.000000 2659.462891 0.000000 0.742030 0.000000 0.670366 0.498419 0.498419 0.498419
3270.814697 0.000000 2644.963379 0.000000 0.600140 0.000000 -0.799895 1.113156 1.113156 1.113156
3319.819580 0.000000 2683.816895 0.000000 0.984806 0.000000 -0.173658 0.712811 0.712811 0.712811
3275.336670 0.000000 2641.361572 0.000000 0.285753 0.000000 0.958303 0.592544 0.592544 0.592544
3323.333008 0.000000 2660.601318 0.000000 0.662820 0.000000 0.748779 0.636410 0.636410 0.636410
3274.413086 0.000000 2663.727295 0.000000 0.956757 0.000000 0.290890 0.670083 0.670083 0.670083
3266.014893 0.000000 2625.634277 0.000000 0.999485 0.000000 0.032101 0.692257 0.692257 0.692257
3265.257568 0.000000 2629.175293 0.000000 0.970899 0.000000 -0.239488 0.755365 0.755365 0.755365
3289.045654 0.000000 2627.978516 0.000000 0.293298 0.000000 -0.956021 1.267346 1.267346 1.267346
3271.333984 0.000000 2661.928467 0.000000 0.116964 0.000000 -0.993136 1.111516 1.111516 1.111516
3266.145996 0.000000 2631.474854 0.000000 0.779432 0.000000 -0.626487 0.789922 0.789922 0.789922
3291.983887 0.000000 2641.642334 0.000000 0.139295 0.000000 -0.990251 1.097639 1.097639 1.097639
3267.782715 0.000000 2638.982422 0.000000 0.894703 0.000000 -0.446661 0.864264 0.864264 0.864264
3301.411133 0.000000 2624.264648 0.000000 0.808401 0.000000 0.588632 0.615310 0.615310 0.615310
3278.747803 0.000000 2643.323242 0.000000 0.999318 0.000000 0.036914 0.694644 0.694644 0.694644
3294.527100 0.000000 2678.125488 0.000000 0.362551 0.000000 0.931964 0.534358 0.534358 0.534358
3275.593994 0.000000 2626.826416 0.000000 0.711644 0.000000 -0.702540 0.958647 0.958647 0.958647
3311.324707 0.000000 2647.805420 0.000000 0.309004 0.000000 0.951061 0.155367 0.155367 0.155367
3273.799072 0.000000 2639.354736 0.000000 0.995276 0.000000 0.097085 0.691503 0.691503 0.691503
3285.727051 0.000000 2628.411865 0.000000 0.996080 0.000000 -0.088458 0.708204 0.708204 0.708204
3273.409668 0.000000 2661.948486 0.000000 0.999971 0.000000 0.007645 0.696593 0.696593 0.696593
3299.213135 0.000000 2637.156250 0.000000 0.948039 0.000000 0.318153 0.561936 0.561936 0.561936
3304.527588 0.000000 2661.613281 0.000000 0.020981 0.000000 0.999780 0.009350 0.009350 0.009350
3271.172363 0.000000 2665.840332 0.000000 0.895151 0.000000 0.445764 0.550625 0.550625 0.550625
3304.439209 0.000000 2680.656738 0.000000 0.919005 0.000000 0.394246 0.664590 0.664590 0.664590
3271.294678 0.000000 2683.354248 0.000000 0.374794 0.000000 0.927108 0.455301 0.455301 0.455301
3264.962646 0.000000 2650.655518 0.000000 0.897413 0.000000 -0.441191 0.890845 0.890845 0.890845
3280.769531 0.000000 2629.663330 0.000000 0.977183 0.000000 -0.212401 0.730297 0.730297 0.730297
3294.964600 0.000000 2661.805420 0.000000 0.181055 0.000000 0.983473 0.081132 0.081132 0.081132
3291.034912 0.000000 2630.167969 0.000000 0.976428 0.000000 0.215843 0.639929 0.639929 0.639929
3292.665771 0.000000 2627.388184 0.000000 0.542222 0.000000 0.840235 0.314666 0.314666 0.314666
3299.666992 0.000000 2665.121094 0.000000 0.154283 0.000000 0.988027 0.583703 0.583703 0.583703
3319.034180 0.000000 2653.043701 0.000000 0.979777 0.000000 -0.200094 0.725700 0.725700 0.725700
3277.460449 0.000000 2678.480469 0.000000 0.998181 0.000000 0.060295 0.686715 0.686715 0.686715
3269.422119 0.000000 2670.547852 0.000000 0.989833 0.000000 0.142232 0.684287 0.684287 0.684287
3312.911133 0.000000 2624.058350 0.000000 0.314646 0.000000 0.949209 0.142640 0.142640 0.142640
3281.864014 0.000000 2645.527832 0.000000 0.863590 0.000000 0.504195 0.464505 0.464505 0.464505
3276.237549 0.000000 2685.247070 0.000000 0.942311 0.000000 -0.334739 0.762632 0.762632 0.762632
3291.278076 0.000000 2660.911133 0.000000 0.996754 0.000000 -0.080505 0.735914 0.735914 0.735914
3278.558105 0.000000 2685.532715 0.000000 0.789895 0.000000 -0.613243 0.874206 0.874206 0.874206
3297.143066 0.000000 2680.294189 0.000000 0.909025 0.000000 -0.416741 0.742819 0.742819 0.742819
3276.530273 0.000000 2647.444824 0.000000 0.841874 0.000000 -0.539674 0.954034 0.954034 0.954034
3298.241943 0.000000 2641.576172 0.000000 0.088447 0.000000 -0.996081 1.272462 1.272462 1.272462
3314.967041 0.000000 2640.028076 0.000000 0.116923 0.000000 -0.993141 0.976892 0.976892 0.976892
3298.613037 0.000000 2633.561035 0.000000 0.051341 0.000000 0.998681 0.187520 0.187520 0.187520
3281.879639 0.000000 2661.442383 0.000000 0.996729 0.000000 0.080814 0.665502 0.665502 0.665502
3272.145020 0.000000 2627.062500 0.000000 0.849598 0.000000 0.527431 0.578636 0.578636 0.578636
3305.965576 0.000000 2669.952148 0.000000 0.999521 0.000000 0.030958 0.691667 0.691667 0.691667
3300.288086 0.000000 2685.088379 0.000000 0.976993 0.000000 0.213270 0.679718 0.679718 0.679718
3279.580566 0.000000 2645.932129 0.000000 0.463596 0.000000 0.886046 0.214818 0.214818 0.214818
3303.861816 0.000000 2684.110352 0.000000 0.630038 0.000000 -0.776564 0.984371 0.984371 0.984371
3283.892578 0.000000 2667.777588 0.000000 0.840042 0.000000 0.542522 0.548679 0.548679 0.548679
3271.461426 0.000000 2630.388916 0.000000 0.295527 0.000000 0.955335 0.262500 0.262500 0.262500
3269.793945 0.000000 2624.602295 0.000000 0.932991 0.000000 -0.359899 0.838972 0.838972 0.838972
3268.914795 0.000000 2653.138184 0.000000 0.211342 0.000000 -0.977412 1.305103 1.305103 1.305103
3294.597656 0.000000 2674.468750 0.000000 0.957552 0.000000 0.288259 0.644811 0.644811 0.644811
3284.947021 0.000000 2685.109131 0.000000 0.992307 0.000000 0.123803 0.651629 0.651629 0.651629
3278.274902 0.000000 2660.720947 0.000000 0.170533 0.000000 -0.985352 0.932333 0.932333 0.932333
3280.140381 0.000000 2671.278076 0.000000 0.937047 0.000000 0.349202 0.604620 0.604620 0.604620
3302.379150 0.000000 2685.715332 0.000000 0.539284 0.000000 0.842124 0.379805 0.379805 0.379805
3310.762695 0.000000 2642.841797 0.000000 0.988045 0.000000 -0.154166 0.768977 0.768977 0.768977
3286.064941 0.000000 2640.063232 0.000000 0.662650 0.000000 -0.748930 0.923364 0.923364 0.923364
3272.834717 0.000000 2632.392578 0.000000 0.008831 0.000000 0.999961 0.304199 0.304199 0.304199
3271.399658 0.000000 2638.179443 0.000000 0.996871 0.000000 -0.079050 0.718393 0.718393 0.718393
3296.468994 0.000000 2660.093262 0.000000 0.512559 0.000000 0.858652 0.353514 0.353514 0.353514
3272.625732 0.000000 2629.010254 0.000000 0.416744 0.000000 0.909024 0.406900 0.406900 0.406900
3279.590088 0.000000 2662.449707 0.000000 0.524252 0.000000 0.851563 0.245917 0.245917 0.245917
3306.635986 0.000000 2636.448975 0.000000 0.573296 0.000000 -0.819349 0.827540 0.827540 0.827540
3268.579590 0.000000 2649.981934 0.000000 0.333024 0.000000 0.942918 0.151297 0.151297 0.151297
3286.837402 0.000000 2633.938477 0.000000 0.931558 0.000000 -0.363593 0.770884 0.770884 0.770884
3292.747803 0.000000 2657.488525 0.000000 0.700844 0.000000 0.713315 0.346070 0.346070 0.346070
3270.887939 0.000000 2658.876709 0.000000 0.752255 0.000000 -0.658872 0.912445 0.912445 0.912445
3268.144531 0.000000 2683.563965 0.000000 0.588261 0.000000 0.808671 0.486016 0.486016 0.486016
3316.341553 0.000000 2662.448242 0.000000 0.663226 0.000000 -0.748419 1.076862 1.076862 1.076862
3277.569824 0.000000 2639.357422 0.000000 0.436873 0.000000 0.899523 0.559241 0.559241 0.559241
3299.225342 0.000000 2669.491699 0.000000 0.423533 0.000000 -0.905881 0.810925 0.810925 0.810925
3269.853027 0.000000 2641.358887 0.000000 0.998275 0.000000 0.058705 0.689530 0.689530 0.689530
3307.778564 0.000000 2646.714355 0.000000 0.763522 0.000000 -0.645782 1.012856 1.012856 1.012856
3296.451660 0.000000 2671.948242 0.000000 0.683945 0.000000 -0.729533 0.874325 0.874325 0.874325
3289.542725 0.000000 2626.331543 0.000000 0.793716 0.000000 0.608289 0.408599 0.408599 0.408599
3268.034912 0.000000 2651.657227 0.000000 0.960829 0.000000 0.277143 0.574857 0.574857 0.574857
3266.026855 0.000000 2652.033203 0.000000 0.916502 0.000000 0.400030 0.516600 0.516600 0.516600
3290.065186 0.000000 2659.145508 0.000000 0.976739 0.000000 0.214431 0.635796 0.635796 0.635796
3310.441895 0.000000 2629.300537 0.000000 0.384402 0.000000 0.923166 0.510887 0.510887 0.510887
3300.594482 0.000000 2625.954834 0.000000 0.415469 0.000000 0.909607 0.546283 0.546283 0.546283
3316.555420 0.000000 2635.181152 0.000000 0.566427 0.000000 0.824112 0.415615 0.415615 0.415615
3304.067139 0.000000 2644.725342 0.000000 0.430218 0.000000 -0.902725 0.969601 0.969601 0.969601
3280.166992 0.000000 2648.854248 0.000000 0.042060 0.000000 -0.999115 0.870981 0.870981 0.870981
3316.742676 0.000000 2647.416260 0.000000 0.282740 0.000000 -0.959197 0.888509 0.888509 0.888509
3308.454590 0.000000 2640.836426 0.000000 0.200062 0.000000 -0.979783 1.310240 1.310240 1.310240
3324.235107 0.000000 2656.623047 0.000000 0.908139 0.000000 -0.418668 0.774737 0.774737 0.774737
3309.733154 0.000000 2639.358643 0.000000 0.579896 0.000000 0.814691 0.285654 0.285654 0.285654
3315.993164 0.000000 2653.338867 0.000000 0.323918 0.000000 0.946085 0.361694 0.361694 0.361694
3296.671143 0.000000 2675.298828 0.000000 0.407327 0.000000 -0.913282 0.830776 0.830776 0.830776
3299.999023 0.000000 2638.675049 0.000000 0.515994 0.000000 -0.856592 1.117047 1.117047 1.117047
3298.795166 0.000000 2677.434814 0.000000 0.452383 0.000000 0.891824 0.565270 0.565270 0.565270
3319.512695 0.000000 2634.395264 0.000000 0.630545 0.000000 0.776153 0.304036 0.304036 0.304036
3322.821289 0.000000 2684.197754 0.000000 0.338261 0.000000 0.941052 0.496504 0.496504 0.496504
3303.609375 0.000000 2654.005859 0.000000 0.918285 0.000000 0.395919 0.658028 0.658028 0.658028
3268.041260 0.000000 2654.871094 0.000000 0.763283 0.000000 0.646064 0.386979 0.386979 0.386979
3287.963623 0.000000 2624.739014 0.000000 0.135876 0.000000 -0.990726 1.276588 1.276588 1.276588
3276.715088 0.000000 2644.428711 0.000000 0.690028 0.000000 0.723783 0.339363 0.339363 0.339363
3290.865723 0.000000 2657.527344 0.000000 0.966689 0.000000 0.255954 0.594606 0.594606 0.594606
3276.970703 0.000000 2640.933838 0.000000 0.244836 0.000000 -0.969565 1.000668 1.000668 1.000668
3306.856201 0.000000 2686.255371 0.000000 0.997735 0.000000 0.067264 0.677531 0.677531 0.677531
3289.441162 0.000000 2629.584473 0.000000 0.623357 0.000000 0.781937 0.299924 0.299924 0.299924
3271.060547 0.000000 2648.437744 0.000000 0.534642 0.000000 -0.845079 1.148625 1.148625 1.148625
3293.899902 0.000000 2630.886719 0.000000 0.306503 0.000000 -0.951870 0.871654 0.871654 0.871654
3274.583252 0.000000 2629.308350 0.000000 0.826877 0.000000 -0.562383 0.868047 0.868047 0.868047
3310.590332 0.000000 2624.062744 0.000000 0.522220 0.000000 0.852811 0.325174 0.325174 0.325174
3308.166992 0.000000 2644.029297 0.000000 0.966463 0.000000 0.256807 0.584261 0.584261 0.584261
3311.947266 0.000000 2641.355469 0.000000 0.909006 0.000000 -0.416783 0.891579 0.891579 0.891579
3327.485352 0.000000 2635.846680 0.000000 0.578776 0.000000 -0.815486 0.918304 0.918304 0.918304
3264.332520 0.000000 2644.064209 0.000000 0.664239 0.000000 0.747520 0.489000 0.489000 0.489000
3266.964111 0.000000 2624.039307 0.000000 0.747515 0.000000 -0.664245 0.875203 0.875203 0.875203
3316.368652 0.000000 2632.999023 0.000000 0.360416 0.000000 -0.932792 1.235689 1.235689 1.235689
3270.542969 0.000000 2653.213135 0.000000 0.798900 0.000000 -0.601464 0.987582 0.987582 0.987582
3314.398438 0.000000 2628.572754 0.000000 0.832562 0.000000 0.553931 0.614845 0.614845 0.614845
3311.482666 0.000000 2644.351074 0.000000 0.226902 0.000000 -0.973918 1.297996 1.297996 1.297996
3305.912842 0.000000 2646.699219 0.000000 0.996967 0.000000 0.077828 0.680939 0.680939 0.680939
3282.707275 0.000000 2663.776611 0.000000 0.321846 0.000000 0.946792 0.402374 0.402374 0.402374
3265.989990 0.000000 2648.870850 0.000000 0.947637 0.000000 -0.319350 0.833490 0.833490 0.833490
3273.521973 0.000000 2642.874512 0.000000 0.298983 0.000000 -0.954258 1.264693 1.264693 1.264693
3273.773682 0.000000 2653.053223 0.000000 0.870121 0.000000 0.492837 0.621647 0.621647 0.621647
3281.528809 0.000000 2642.976807 0.000000 0.950986 0.000000 -0.309235 0.831311 0.831311 0.831311
3264.910400 0.000000 2653.812988 0.000000 0.741317 0.000000 0.671155 0.522558 0.522558 0.522558
3264.223633 0.000000 2625.596436 0.000000 0.172747 0.000000 0.984966 0.375256 0.375256 0.375256
3315.911377 0.000000 2629.391113 0.000000 0.147959 0.000000 0.988993 0.493697 0.493697 0.493697
3313.340576 0.000000 2667.249512 0.000000 0.936609 0.000000 0.350376 0.639944 0.639944 0.639944
3294.749756 0.000000 2650.662842 0.000000 0.999446 0.000000 -0.033292 0.713733 0.713733 0.713733
3267.634766 0.000000 2648.617432 0.000000 0.786463 0.000000 0.617638 0.403326 0.403326 0.403326
3306.626953 0.000000 2643.655762 0.000000 0.860344 0.000000 -0.509714 0.839270 0.839270 0.839270
3310.590332 0.000000 2645.795410 0.000000 0.466612 0.000000 0.884462 0.216336 0.216336 0.216336
3311.564209 0.000000 2639.811523 0.000000 0.098651 0.000000 0.995122 0.442758 0.442758 0.442758
3306.444824 0.000000 2657.801025 0.000000 0.490416 0.000000 -0.871489 0.914524 0.914524 0.914524
3290.881592 0.000000 2642.807617 0.000000 0.978465 0.000000 -0.206415 0.739604 0.739604 0.739604
3309.573975 0.000000 2637.717773 0.000000 0.467818 0.000000 0.883825 0.360913 0.360913 0.360913
3278.718994 0.000000 2649.929199 0.000000 0.940139 0.000000 -0.340791 0.772321 0.772321 0.772321
3270.228760 0.000000 2649.871338 0.000000 0.546927 0.000000 -0.837180 1.142116 1.142116 1.142116
3313.732178 0.000000 2641.728271 0.000000 0.524112 0.000000 0.851649 0.301055 0.301055 0.301055
3325.727295 0.000000 2683.601074 0.000000 0.728425 0.000000 -0.685126 0.850370 0.850370 0.850370
3270.207275 0.000000 2646.941895 0.000000 0.891123 0.000000 0.453762 0.490114 0.490114 0.490114
3308.251709 0.000000 2648.237793 0.000000 0.064816 0.000000 -0.997897 0.910540 0.910540 0.910540
3311.476318 0.000000 2667.549561 0.000000 0.935161 0.000000 -0.354224 0.798080 0.798080 0.798080
3293.386963 0.000000 2652.114990 0.000000 0.753448 0.000000 -0.657507 1.019745 1.019745 1.019745
3305.906738 0.000000 2652.700439 0.000000 0.791638 0.000000 -0.610991 0.845886 0.845886 0.845886
3311.189209 0.000000 2655.611084 0.000000 0.503504 0.000000 0.863993 0.293474 0.293474 0.293474
3288.103271 0.000000 2632.625488 0.000000 0.228068 0.000000 -0.973645 1.297463 1.297463 1.297463
3282.285645 0.000000 2628.907715 0.000000 0.819595 0.000000 -0.572944 0.971878 0.971878 0.971878
3309.278564 0.000000 2642.251465 0.000000 0.965438 0.000000 0.260631 0.582497 0.582497 0.582497
3312.985352 0.000000 2629.559814 0.000000 0.693583 0.000000 -0.720377 0.892576 0.892576 0.892576
3318.779297 0.000000 2685.001953 0.000000 0.783842 0.000000 0.620960 0.573551 0.573551 0.573551
3269.067383 0.000000 2656.073486 0.000000 0.459407 0.000000 -0.888226 1.187287 1.187287 1.187287
3319.039551 0.000000 2632.511230 0.000000 0.205518 0.000000 0.978653 0.092243 0.092243 0.092243
3274.033203 0.000000 2624.003174 0.000000 0.100813 0.000000 -0.994905 0.946587 0.946587 0.946587
3302.063477 0.000000 2651.765625 0.000000 0.421903 0.000000 0.906641 0.547236 0.547236 0.547236
3319.052246 0.000000 2654.676270 0.000000 0.999064 0.000000 -0.043258 0.718149 0.718149 0.718149
3287.735840 0.000000 2683.378906 0.000000 0.260323 0.000000 -0.965522 1.081572 1.081572 1.081572
3270.650391 0.000000 2660.517822 0.000000 0.908667 0.000000 -0.417522 0.821939 0.821939 0.821939
3286.230957 0.000000 2636.845703 0.000000 0.823471 0.000000 0.567358 0.431152 0.431152 0.431152
3265.042725 0.000000 2647.553223 0.000000 0.626918 0.000000 0.779085 0.301958 0.301958 0.301958
3267.129639 0.000000 2645.852295 0.000000 0.719002 0.000000 0.695008 0.475736 0.475736 0.475736
3300.749268 0.000000 2643.931396 0.000000 0.195793 0.000000 0.980645 0.519947 0.519947 0.519947
3286.258545 0.000000 2625.857422 0.000000 0.569755 0.000000 -0.821814 1.087711 1.087711 1.087711
3325.587891 0.000000 2666.756348 0.000000 0.340588 0.000000 0.940213 0.488364 0.488364 0.488364
3308.760010 0.000000 2645.510010 0.000000 0.582040 0.000000 0.813160 0.276844 0.276844 0.276844
3305.455078 0.000000 2683.991211 0.000000 0.964788 0.000000 0.263029 0.636741 0.636741 0.636741
3298.233398 0.000000 2635.983154 0.000000 0.610230 0.000000 0.792224 0.468280 0.468280 0.468280
3321.366943 0.000000 2683.701172 0.000000 0.935021 0.000000 -0.354592 0.760812 0.760812 0.760812
3268.005371 0.000000 2669.927246 0.000000 0.975697 0.000000 -0.219123 0.798448 0.798448 0.798448
3310.397705 0.000000 2686.033203 0.000000 0.173580 0.000000 0.984820 0.521865 0.521865 0.521865
3289.645508 0.000000 2632.990967 0.000000 0.729090 0.000000 -0.684418 1.035921 1.035921 1.035921
3323.866211 0.000000 2641.439209 0.000000 0.727315 0.000000 0.686304 0.421087 0.421087 0.421087
3314.960205 0.000000 2638.465088 0.000000 0.407550 0.000000 -0.913183 1.212937 1.212937 1.212937
3298.062500 0.000000 2643.264893 0.000000 0.767371 0.000000 0.641203 0.499289 0.499289 0.499289
3305.560791 0.000000 2660.404297 0.000000 0.697481 0.000000 -0.716603 1.056026 1.056026 1.056026
3286.105957 0.000000 2674.727295 0.000000 0.998171 0.000000 -0.060457 0.726958 0.726958 0.726958
3293.995117 0.000000 2653.582031 0.000000 0.989502 0.000000 0.144517 0.635372 0.635372 0.635372
3324.030273 0.000000 2683.251709 0.000000 0.983602 0.000000 -0.180352 0.736128 0.736128 0.736128
3270.824951 0.000000 2636.741699 0.000000 0.831399 0.000000 -0.555676 0.783400 0.783400 0.783400
3271.378662 0.000000 2679.444580 0.000000 0.259923 0.000000 0.965629 0.341163 0.341163 0.341163
3271.401611 0.000000 2654.693848 0.000000 0.956202 0.000000 0.292706 0.567622 0.567622 0.567622
3270.622070 0.000000 2656.082764 0.000000 0.743250 0.000000 -0.669014 1.026597 1.026597 1.026597
3293.326416 0.000000 2675.410156 0.000000 0.749064 0.000000 0.662497 0.574715 0.574715 0.574715
3290.899658 0.000000 2632.076172 0.000000 0.925874 0.000000 -0.377833 0.872663 0.872663 0.872663
3272.273438 0.000000 2669.061279 0.000000 0.189819 0.000000 -0.981819 1.189504 1.189504 1.189504
3307.443848 0.000000 2662.875000 0.000000 0.973335 0.000000 0.229388 0.596858 0.596858 0.596858
3313.668457 0.000000 2653.731934 0.000000 0.289201 0.000000 -0.957269 0.972349 0.972349 0.972349
3311.081299 0.000000 2670.603516 0.000000 0.215384 0.000000 0.976529 0.489451 0.489451 0.489451
3293.720703 0.000000 2658.628174 0.000000 0.999658 0.000000 0.026168 0.689023 0.689023 0.689023
3301.161133 0.000000 2682.708252 0.000000 0.998320 0.000000 -0.057946 0.708308 0.708308 0.708308
3304.587158 0.000000 2641.779297 0.000000 0.246978 0.000000 0.969021 0.409070 0.409070 0.409070
3287.153076 0.000000 2627.806396 0.000000 0.277148 0.000000 0.960827 0.188266 0.188266 0.188266
3265.592529 0.000000 2646.009033 0.000000 0.989211 0.000000 0.146499 0.634479 0.634479 0.634479
3286.059814 0.000000 2682.038818 0.000000 0.564660 0.000000 0.825324 0.416683 0.416683 0.416683
3268.263916 0.000000 2647.189941 0.000000 0.672349 0.000000 0.740234 0.558722 0.558722 0.558722
3273.839600 0.000000 2656.017822 0.000000 0.203096 0.000000 -0.979159 1.146497 1.146497 1.146497
3267.979004 0.000000 2661.181396 0.000000 0.336501 0.000000 0.941683 0.509066 0.509066 0.509066
3314.010254 0.000000 2659.873535 0.000000 0.044177 0.000000 0.999024 0.174430 0.174430 0.174430
3325.229736 0.000000 2633.558838 0.000000 0.971841 0.000000 -0.235637 0.773995 0.773995 0.773995
3309.982910 0.000000 2648.565430 0.000000 0.252525 0.000000 -0.967590 0.883917 0.883917 0.883917
3302.766846 0.000000 2666.892090 0.000000 0.763293 0.000000 -0.646053 0.935681 0.935681 0.935681
3272.863281 0.000000 2654.730957 0.000000 0.792836 0.000000 0.609435 0.576310 0.576310 0.576310
3273.964111 0.000000 2645.256592 0.000000 0.697680 0.000000 -0.716409 0.831195 0.831195 0.831195
3278.616699 0.000000 2644.799805 0.000000 0.194719 0.000000 0.980859 0.087331 0.087331 0.087331
3280.090820 0.000000 2642.661133 0.000000 0.231090 0.000000 -0.972932 1.258678 1.258678 1.258678
3268.512695 0.000000 2629.017334 0.000000 0.287280 0.000000 -0.957847 1.270149 1.270149 1.270149
3323.242676 0.000000 2685.629883 0.000000 0.803821 0.000000 0.594872 0.594227 0.594227 0.594227
3293.901123 0.000000 2679.458496 0.000000 0.003361 0.000000 -0.999994 1.004054 1.004054 1.004054
3304.999512 0.000000 2657.449707 0.000000 0.886447 0.000000 -0.462830 0.880796 0.880796 0.880796
3324.278320 0.000000 2645.796631 0.000000 0.289035 0.000000 0.957318 0.499059 0.499059 0.499059
3284.808350 0.000000 2646.672607 0.000000 0.717883 0.000000 -0.696163 1.043156 1.043156 1.043156
3313.182129 0.000000 2633.999512 0.000000 0.031396 0.000000 -0.999507 1.386007 1.386007 1.386007
3310.372803 0.000000 2631.219727 0.000000 0.934554 0.000000 -0.355823 0.781377 0.781377 0.781377
3293.094238 0.000000 2659.990479 0.000000 0.998936 0.000000 -0.046119 0.719350 0.719350 0.719350
3288.446289 0.000000 2675.709229 0.000000 0.381872 0.000000 0.924215 0.504266 0.504266 0.504266
3299.233398 0.000000 2644.315674 0.000000 0.597305 0.000000 0.802014 0.407247 0.407247 0.407247
3296.401123 0.000000 2678.963379 0.000000 0.462099 0.000000 -0.886828 0.888657 0.888657 0.888657
3292.080811 0.000000 2666.833496 0.000000 0.976977 0.000000 -0.213343 0.795809 0.795809 0.795809
3309.431641 0.000000 2635.395508 0.000000 0.995262 0.000000 0.097234 0.673960 0.673960 0.673960
3272.545898 0.000000 2675.398926 0.000000 0.069187 0.000000 0.997604 0.411350 0.411350 0.411350
3272.099121 0.000000 2677.376953 0.000000 0.175740 0.000000 -0.984437 1.226257 1.226257 1.226257
3325.105225 0.000000 2635.677246 0.000000 0.681867 0.000000 -0.731476 0.929418 0.929418 0.929418
3269.150635 0.000000 2639.948242 0.000000 0.554898 0.000000 0.831918 0.262140 0.262140 0.262140
3264.595215 0.000000 2666.631348 0.000000 0.994670 0.000000 -0.103113 0.722926 0.722926 0.722926
3304.443115 0.000000 2668.912109 0.000000 0.317986 0.000000 -0.948096 1.035654 1.035654 1.035654
3279.828369 0.000000 2668.037598 0.000000 0.999239 0.000000 -0.039000 0.706135 0.706135 0.706135
3305.667236 0.000000 2685.453125 0.000000 0.947162 0.000000 0.320755 0.576744 0.576744 0.576744
3295.682861 0.000000 2656.103760 0.000000 0.999307 0.000000 -0.037223 0.716591 0.716591 0.716591
3305.574951 0.000000 2644.644531 0.000000 0.747846 0.000000 0.663873 0.526185 0.526185 0.526185
3319.302246 0.000000 2636.822021 0.000000 0.280910 0.000000 0.959734 0.126891 0.126891 0.126891
3317.792725 0.000000 2639.449219 0.000000 0.318310 0.000000 0.947987 0.373154 0.373154 0.373154
3281.839600 0.000000 2669.772217 0.000000 0.999164 0.000000 -0.040870 0.712074 0.712074 0.712074
3310.680908 0.000000 2666.043701 0.000000 0.286903 0.000000 -0.957960 1.046668 1.046668 1.046668
3313.116943 0.000000 2631.123535 0.000000 0.911895 0.000000 -0.410423 0.786473 0.786473 0.786473
3292.846680 0.000000 2662.889160 0.000000 0.667811 0.000000 0.744331 0.325876 0.325876 0.325876
3297.632324 0.000000 2657.577148 0.000000 0.924868 0.000000 0.380288 0.571832 0.571832 0.571832
3267.444336 0.000000 2668.375488 0.000000 0.465559 0.000000 0.885017 0.314543 0.314543 0.314543
3317.903320 0.000000 2648.227295 0.000000 0.702647 0.000000 0.711539 0.514606 0.514606 0.514606
3302.817139 0.000000 2680.566406 0.000000 0.670256 0.000000 0.742130 0.555321 0.555321 0.555321
3271.141357 0.000000 2651.238770 0.000000 0.107954 0.000000 -0.994156 1.262335 1.262335 1.262335
3289.864014 0.000000 2639.797119 0.000000 0.602346 0.000000 0.798235 0.430229 0.430229 0.430229
3301.798096 0.000000 2664.925781 0.000000 0.323316 0.000000 -0.946291 1.253283 1.253283 1.253283
3308.427979 0.000000 2631.669434 0.000000 0.538890 0.000000 -0.842376 1.030848 1.030848 1.030848
3291.249023 0.000000 2674.797852 0.000000 0.606217 0.000000 -0.795299 0.859084 0.859084 0.859084
3275.022705 0.000000 2647.688232 0.000000 0.950304 0.000000 -0.311324 0.785202 0.785202 0.785202
3315.099121 0.000000 2635.605713 0.000000 0.584448 0.000000 0.811431 0.387345 0.387345 0.387345
3322.171875 0.000000 2636.140625 0.000000 0.931802 0.000000 -0.362968 0.770107 0.770107 0.770107
3306.370605 0.000000 2639.203369 0.000000 0.073575 0.000000 -0.997290 0.982571 0.982571 0.982571
3271.332275 0.000000 2657.546387 0.000000 0.060444 0.000000 0.998172 0.026952 0.026952 0.026952
3268.507324 0.000000 2642.354248 0.000000 0.484970 0.000000 0.874531 0.246100 0.246100 0.246100
3303.215088 0.000000 2662.185059 0.000000 0.835343 0.000000 0.549728 0.440624 0.440624 0.440624
3304.115723 0.000000 2659.853271 0.000000 0.901092 0.000000 0.433629 0.533830 0.533830 0.533830
3276.215820 0.000000 2683.633057 0.000000 0.540870 0.000000 0.841106 0.516628 0.516628 0.516628
3312.367188 0.000000 2626.637207 0.000000 0.894285 0.000000 0.447498 0.493241 0.493241 0.493241
3284.249023 0.000000 2649.499512 0.000000 0.718682 0.000000 0.695339 0.562942 0.562942 0.562942
3301.188721 0.000000 2660.565430 0.000000 0.793990 0.000000 -0.607931 0.855307 0.855307 0.855307
3323.829590 0.000000 2637.577393 0.000000 0.843564 0.000000 0.537028 0.593002 0.593002 0.593002
3273.675293 0.000000 2660.550049 0.000000 0.110386 0.000000 -0.993889 1.350708 1.350708 1.350708
3289.066650 0.000000 2674.393555 0.000000 0.993795 0.000000 0.111231 0.681495 0.681495 0.681495
3272.499268 0.000000 2645.701172 0.000000 0.817846 0.000000 0.575437 0.599278 0.599278 0.599278
3265.188477 0.000000 2669.016357 0.000000 0.751834 0.000000 0.659353 0.424457 0.424457 0.424457
3288.021729 0.000000 2638.872070 0.000000 0.330613 0.000000 -0.943766 1.060093 1.060093 1.060093
3279.239014 0.000000 2670.135986 0.000000 0.829962 0.000000 -0.557820 0.892351 0.892351 0.892351
3327.314453 0.000000 2683.834717 0.000000 0.543044 0.000000 -0.839705 1.022249 1.022249 1.022249
3298.106934 0.000000 2654.985840 0.000000 0.912319 0.000000 -0.409481 0.775940 0.775940 0.775940
3317.721680 0.000000 2662.491211 0.000000 0.774031 0.000000 0.633147 0.394468 0.394468 0.394468
3292.114502 0.000000 2677.463867 0.000000 0.629847 0.000000 0.776719 0.345603 0.345603 0.345603
3316.908936 0.000000 2627.972900 0.000000 0.483309 0.000000 -0.875450 0.953445 0.953445 0.953445
3287.600098 0.000000 2635.157471 0.000000 0.737247 0.000000 0.675623 0.509433 0.509433 0.509433
3279.935059 0.000000 2663.751465 0.000000 0.642766 0.000000 0.766063 0.311098 0.311098 0.311098
3312.336182 0.000000 2656.432129 0.000000 0.479007 0.000000 -0.877811 0.978949 0.978949 0.978949
3271.412354 0.000000 2640.994385 0.000000 0.254675 0.000000 -0.967027 1.106228 1.106228 1.106228
3304.349854 0.000000 2666.175049 0.000000 0.788039 0.000000 0.615626 0.404465 0.404465 0.404465
3271.500732 0.000000 2643.731689 0.000000 0.138683 0.000000 0.990337 0.062002 0.062002 0.062002
3302.442383 0.000000 2653.285889 0.000000 0.524979 0.000000 0.851115 0.493610 0.493610 0.493610
3326.438232 0.000000 2636.711670 0.000000 0.999978 0.000000 0.006612 0.697053 0.697053 0.697053
3287.030029 0.000000 2641.192871 0.000000 0.999867 0.000000 -0.016329 0.704309 0.704309 0.704309
3322.565918 0.000000 2641.059326 0.000000 0.805511 0.000000 -0.592580 0.933877 0.933877 0.933877
3325.721191 0.000000 2643.452393 0.000000 0.997377 0.000000 0.072383 0.687466 0.687466 0.687466
3320.314453 0.000000 2639.458252 0.000000 0.443812 0.000000 0.896120 0.315588 0.315588 0.315588
3266.467285 0.000000 2638.657715 0.000000 0.939568 0.000000 0.342361 0.576037 0.576037 0.576037
3273.439209 0.000000 2659.211182 0.000000 0.811679 0.000000 -0.584103 0.977975 0.977975 0.977975
3290.920654 0.000000 2679.203125 0.000000 0.555123 0.000000 0.831768 0.418473 0.418473 0.418473
3276.430664 0.000000 2679.363525 0.000000 0.997623 0.000000 0.068908 0.684815 0.684815 0.684815
3313.614990 0.000000 2655.479492 0.000000 0.522285 0.000000 0.852771 0.359112 0.359112 0.359112
3281.302490 0.000000 2660.139404 0.000000 0.927316 0.000000 -0.374279 0.863579 0.863579 0.863579
3304.438232 0.000000 2687.294922 0.000000 0.821054 0.000000 -0.570851 0.910223 0.910223 0.910223
3307.085449 0.000000 2660.461426 0.000000 0.998261 0.000000 -0.058951 0.726286 0.726286 0.726286
3294.304932 0.000000 2669.693604 0.000000 0.919965 0.000000 -0.392001 0.840083 0.840083 0.840083
3299.419434 0.000000 2660.105957 0.000000 0.995626 0.000000 -0.093433 0.721094 0.721094 0.721094
3322.325195 0.000000 2633.178955 0.000000 0.995941 0.000000 -0.090010 0.740166 0.740166 0.740166
3298.491699 0.000000 2638.322021 0.000000 0.838272 0.000000 -0.545252 0.933813 0.933813 0.933813
3274.420654 0.000000 2682.681885 0.000000 0.627567 0.000000 0.778562 0.405256 0.405256 0.405256
3276.326172 0.000000 2645.875732 0.000000 0.896601 0.000000 0.442840 0.495559 0.495559 0.495559
3284.183594 0.000000 2644.144287 0.000000 0.980965 0.000000 0.194183 0.627939 0.627939 0.627939
3304.872803 0.000000 2655.456055 0.000000 0.985025 0.000000 0.172412 0.643676 0.643676 0.643676
3273.628906 0.000000 2671.043457 0.000000 0.949307 0.000000 0.314352 0.588793 0.588793 0.588793
3312.170654 0.000000 2635.606445 0.000000 0.770896 0.000000 -0.636961 0.911189 0.911189 0.911189
3314.154297 0.000000 2627.244385 0.000000 0.728573 0.000000 0.684968 0.461323 0.461323 0.461323
3273.367432 0.000000 2668.281982 0.000000 0.001052 0.000000 0.999999 0.143118 0.143118 0.143118
3273.651855 0.000000 2674.638916 0.000000 0.046044 0.000000 0.998939 0.406894 0.406894 0.406894
3297.907227 0.000000 2669.250977 0.000000 0.878542 0.000000 0.477666 0.597306 0.597306 0.597306
3294.547852 0.000000 2666.655762 0.000000 0.864492 0.000000 0.502647 0.465303 0.465303 0.465303
3274.634033 0.000000 2625.917969 0.000000 0.590295 0.000000 -0.807187 0.857597 0.857597 0.857597
3278.062988 0.000000 2663.833984 0.000000 0.999897 0.000000 0.014324 0.693616 0.693616 0.693616
3324.343506 0.000000 2634.588379 0.000000 0.313987 0.000000 0.949427 0.350090 0.350090 0.350090
3299.731201 0.000000 2678.437988 0.000000 0.608070 0.000000 0.793883 0.541320 0.541320 0.541320
3269.145264 0.000000 2626.228516 0.000000 0.818134 0.000000 -0.575027 0.973012 0.973012 0.973012
3285.172607 0.000000 2676.573730 0.000000 0.514080 0.000000 0.857742 0.449589 0.449589 0.449589
3293.352783 0.000000 2667.436279 0.000000 0.793022 0.000000 0.609193 0.408091 0.408091 0.408091
3270.380127 0.000000 2633.353027 0.000000 0.281439 0.000000 0.959579 0.475348 0.475348 0.475348
3307.948486 0.000000 2685.439453 0.000000 0.686222 0.000000 0.727392 0.534882 0.534882 0.534882
3322.912598 0.000000 2638.726562 0.000000 0.973517 0.000000 0.228613 0.597213 0.597213 0.597213
3302.663086 0.000000 2663.960938 0.000000 0.518510 0.000000 0.855072 0.242918 0.242918 0.242918
3299.875488 0.000000 2679.811035 0.000000 0.783283 0.000000 -0.621665 0.816067 0.816067 0.816067
3295.923340 0.000000 2667.591064 0.000000 0.798803 0.000000 -0.601593 0.987654 0.987654 0.987654
3292.377686 0.000000 2637.503906 0.000000 0.682093 0.000000 -0.731265 0.889199 0.889199 0.889199
3295.923340 0.000000 2651.204590 0.000000 0.976232 0.000000 0.216726 0.609901 0.609901 0.609901
3316.971191 0.000000 2661.257568 0.000000 0.378933 0.000000 -0.925424 1.018150 1.018150 1.018150
3300.083984 0.000000 2681.911865 0.000000 0.750438 0.000000 -0.660941 0.895591 0.895591 0.895591
3275.405762 0.000000 2628.116943 0.000000 0.479125 0.000000 -0.877747 1.001377 1.001377 1.001377
3300.298828 0.000000 2662.586670 0.000000 0.418180 0.000000 0.908364 0.192265 0.192265 0.192265
3275.454834 0.000000 2642.676514 0.000000 0.969141 0.000000 -0.246508 0.810996 0.810996 0.810996
3292.814453 0.000000 2636.135742 0.000000 0.453860 0.000000 0.891073 0.446319 0.446319 0.446319
3283.934326 0.000000 2665.679688 0.000000 0.656120 0.000000 -0.754656 1.000377 1.000377 1.000377
3279.786133 0.000000 2628.774658 0.000000 0.885408 0.000000 0.464815 0.596086 0.596086 0.596086
3277.469238 0.000000 2629.991455 0.000000 0.701732 0.000000 -0.712441 0.963298 0.963298 0.963298
3285.369873 0.000000 2648.583252 0.000000 0.949516 0.000000 -0.313719 0.756882 0.756882 0.756882
3316.698730 0.000000 2626.569824 0.000000 0.379985 0.000000 0.924992 0.419306 0.419306 0.419306
3286.006104 0.000000 2627.130859 0.000000 0.768019 0.000000 0.640427 0.424271 0.424271 0.424271
3318.326660 0.000000 2634.942139 0.000000 0.769507 0.000000 0.638638 0.391297 0.391297 0.391297
3319.022217 0.000000 2643.285156 0.000000 0.903049 0.000000 -0.429537 0.783796 0.783796 0.783796
3317.711182 0.000000 2632.309570 0.000000 0.985328 0.000000 0.170672 0.623569 0.623569 0.623569
3314.770996 0.000000 2661.765625 0.000000 0.999771 0.000000 0.021420 0.692550 0.692550 0.692550
3288.487549 0.000000 2637.677979 0.000000 0.945953 0.000000 0.324303 0.586295 0.586295 0.586295
3319.561035 0.000000 2664.211670 0.000000 0.681630 0.000000 0.731697 0.393032 0.393032 0.393032
3305.802002 0.000000 2666.403564 0.000000 0.370264 0.000000 -0.928927 1.230974 1.230974 1.230974
3315.930176 0.000000 2659.597656 0.000000 0.665647 0.000000 -0.746267 0.990029 0.990029 0.990029
3293.813721 0.000000 2638.518066 0.000000 0.209127 0.000000 -0.977889 1.192021 1.192021 1.192021
3287.135010 0.000000 2672.821045 0.000000 0.980311 0.000000 0.197460 0.651022 0.651022 0.651022
3264.067871 0.000000 2628.574951 0.000000 0.999971 0.000000 0.007559 0.698269 0.698269 0.698269
3290.656250 0.000000 2676.507324 0.000000 0.189839 0.000000 0.981815 0.338303 0.338303 0.338303
3286.331055 0.000000 2683.332275 0.000000 0.999834 0.000000 0.018231 0.694679 0.694679 0.694679
3298.480957 0.000000 2662.161133 0.000000 0.736700 0.000000 -0.676219 0.853139 0.853139 0.853139
3307.433594 0.000000 2628.499268 0.000000 0.608001 0.000000 0.793936 0.291240 0.291240 0.291240
3277.858887 0.000000 2677.220703 0.000000 0.568018 0.000000 0.823016 0.495584 0.495584 0.495584
3304.626953 0.000000 2653.090820 0.000000 0.355109 0.000000 0.934825 0.431945 0.431945 0.431945
3308.422363 0.000000 2632.937256 0.000000 0.982375 0.000000 -0.186920 0.755860 0.755860 0.755860
3291.425293 0.000000 2634.912109 0.000000 0.715823 0.000000 0.698281 0.475755 0.475755 0.475755
3295.649170 0.000000 2677.443359 0.000000 0.976026 0.000000 -0.217654 0.764801 0.764801 0.764801
3312.771484 0.000000 2644.695068 0.000000 0.891569 0.000000 -0.452885 0.884806 0.884806 0.884806
3310.214600 0.000000 2669.538330 0.000000 0.513457 0.000000 0.858116 0.357470 0.357470 0.357470
3295.429443 0.000000 2669.030029 0.000000 0.750833 0.000000 0.660492 0.449094 0.449094 0.449094
3272.531494 0.000000 2670.321045 0.000000 0.268536 0.000000 -0.963270 1.151725 1.151725 1.151725
3299.194336 0.000000 2640.766113 0.000000 0.528706 0.000000 -0.848805 1.091515 1.091515 1.091515
3307.195312 0.000000 2687.506592 0.000000 0.194450 0.000000 0.980912 0.241008 0.241008 0.241008
3295.078125 0.000000 2658.618652 0.000000 0.351009 0.000000 -0.936372 1.240174 1.240174 1.240174
3304.177490 0.000000 2664.694092 0.000000 0.999801 0.000000 -0.019933 0.708884 0.708884 0.708884
3296.668457 0.000000 2670.016846 0.000000 0.024383 0.000000 0.999703 0.370297 0.370297 0.370297
3268.295654 0.000000 2624.018799 0.000000 0.820163 0.000000 -0.572131 0.929922 0.929922 0.929922
3315.259033 0.000000 2686.576660 0.000000 0.989657 0.000000 -0.143452 0.731697 0.731697 0.731697
3293.368896 0.000000 2656.244629 0.000000 0.866064 0.000000 -0.499933 0.933299 0.933299 0.933299
3284.538818 0.000000 2663.121826 0.000000 0.062402 0.000000 -0.998051 1.008409 1.008409 1.008409
3284.611328 0.000000 2632.234375 0.000000 0.998991 0.000000 0.044920 0.690027 0.690027 0.690027
3290.528564 0.000000 2627.093262 0.000000 0.988402 0.000000 0.151863 0.649912 0.649912 0.649912
3286.921631 0.000000 2643.940186 0.000000 0.931546 0.000000 0.363624 0.599842 0.599842 0.599842
3276.369629 0.000000 2687.919922 0.000000 0.252273 0.000000 -0.967656 0.985127 0.985127 0.985127
3314.504639 0.000000 2664.449707 0.000000 0.298842 0.000000 -0.954303 1.264760 1.264760 1.264760
3288.090576 0.000000 2664.279785 0.000000 0.020424 0.000000 -0.999791 1.190402 1.190402 1.190402
3293.563721 0.000000 2664.846191 0.000000 0.713974 0.000000 0.700172 0.354349 0.354349 0.354349
3313.987305 0.000000 2624.744141 0.000000 0.994200 0.000000 0.107550 0.651979 0.651979 0.651979
3275.643799 0.000000 2667.946533 0.000000 0.969506 0.000000 0.245066 0.649809 0.649809 0.649809
3292.345947 0.000000 2625.262451 0.000000 0.821671 0.000000 -0.569963 0.928926 0.928926 0.928926
3306.533691 0.000000 2626.614746 0.000000 0.579047 0.000000 -0.815294 1.124794 1.124794 1.124794
3280.764648 0.000000 2661.953125 0.000000 0.722853 0.000000 -0.691002 1.025298 1.025298 1.025298
3295.381836 0.000000 2653.429443 0.000000 0.244091 0.000000 -0.969752 1.290115 1.290115 1.290115
3306.687744 0.000000 2665.352295 0.000000 0.988117 0.000000 -0.153701 0.738833 0.738833 0.738833
3271.718018 0.000000 2631.695801 0.000000 0.967551 0.000000 -0.252676 0.787943 0.787943 0.787943
3291.887695 0.000000 2632.825928 0.000000 0.628185 0.000000 -0.778064 1.097318 1.097318 1.097318
3319.158691 0.000000 2638.957031 0.000000 0.859674 0.000000 -0.510843 0.897706 0.897706 0.897706
3278.862305 0.000000 2639.848389 0.000000 0.571573 0.000000 0.820551 0.440998 0.440998 0.440998
3273.376709 0.000000 2666.915527 0.000000 0.701961 0.000000 -0.712215 0.864841 0.864841 0.864841
3274.454834 0.000000 2666.240967 0.000000 0.800354 0.000000 -0.599527 0.830331 0.830331 0.830331
3282.274658 0.000000 2662.613037 0.000000 0.999783 0.000000 -0.020846 0.704991 0.704991 0.704991
3305.107910 0.000000 2628.215088 0.000000 0.960975 0.000000 -0.276635 0.824907 0.824907 0.824907
3315.525391 0.000000 2657.613037 0.000000 0.655144 0.000000 -0.755504 1.081651 1.081651 1.081651
3283.537598 0.000000 2630.320312 0.000000 0.013232 0.000000 -0.999912 1.070189 1.070189 1.070189
3308.719971 0.000000 2654.909180 0.000000 0.906465 0.000000 -0.422281 0.811996 0.811996 0.811996
3297.070801 0.000000 2636.371826 0.000000 0.055837 0.000000 0.998440 0.263168 0.263168 0.263168
3314.584473 0.000000 2632.964111 0.000000 0.952923 0.000000 0.303213 0.598249 0.598249 0.598249
3286.667969 0.000000 2685.762451 0.000000 0.690050 0.000000 0.723762 0.541608 0.541608 0.541608
3294.406250 0.000000 2655.647461 0.000000 0.241601 0.000000 0.970376 0.108742 0.108742 0.108742
3276.084717 0.000000 2676.041016 0.000000 0.602269 0.000000 -0.798293 0.895483 0.895483 0.895483
3321.494385 0.000000 2641.803955 0.000000 0.982856 0.000000 -0.184377 0.782637 0.782637 0.782637
3270.279053 0.000000 2662.695068 0.000000 0.299978 0.000000 0.953946 0.135771 0.135771 0.135771
3272.982178 0.000000 2656.903809 0.000000 0.862639 0.000000 0.505819 0.526689 0.526689 0.526689
3325.112061 0.000000 2664.496582 0.000000 0.986202 0.000000 -0.165548 0.747375 0.747375 0.747375
3305.650391 0.000000 2668.762695 0.000000 0.119430 0.000000 0.992843 0.309474 0.309474 0.309474
3279.945557 0.000000 2640.997803 0.000000 0.245158 0.000000 -0.969483 1.076897 1.076897 1.076897
3270.117920 0.000000 2681.454834 0.000000 0.997077 0.000000 -0.076404 0.724726 0.724726 0.724726
3268.257812 0.000000 2657.001709 0.000000 0.900549 0.000000 0.434754 0.499570 0.499570 0.499570
3306.298584 0.000000 2659.447266 0.000000 0.709697 0.000000 0.704507 0.351635 0.351635 0.351635
3319.315430 0.000000 2635.615967 0.000000 0.114571 0.000000 -0.993415 1.348831 1.348831 1.348831
3269.140625 0.000000 2660.841309 0.000000 0.248539 0.000000 0.968622 0.111930 0.111930 0.111930
3311.353271 0.000000 2654.257812 0.000000 0.369320 0.000000 0.929302 0.235262 0.235262 0.235262
3269.069824 0.000000 2638.734619 0.000000 0.998518 0.000000 -0.054429 0.724268 0.724268 0.724268
3319.756592 0.000000 2657.381836 0.000000 0.786377 0.000000 -0.617747 0.996736 0.996736 0.996736
3275.397461 0.000000 2645.093018 0.000000 0.071929 0.000000 -0.997410 1.367918 1.367918 1.367918
3279.742188 0.000000 2685.019287 0.000000 0.928132 0.000000 -0.372252 0.800655 0.800655 0.800655
3305.521240 0.000000 2686.687500 0.000000 0.939631 0.000000 -0.342190 0.820847 0.820847 0.820847
3274.391113 0.000000 2642.061279 0.000000 0.388930 0.000000 -0.921267 1.221983 1.221983 1.221983
3291.194336 0.000000 2664.627930 0.000000 0.909802 0.000000 -0.415043 0.890727 0.890727 0.890727
3309.058838 0.000000 2657.150879 0.000000 0.152739 0.000000 -0.988267 1.331667 1.331667 1.331667
3277.589600 0.000000 2643.566895 0.000000 0.198390 0.000000 0.980123 0.144109 0.144109 0.144109
3289.868896 0.000000 2634.181885 0.000000 0.609940 0.000000 0.792447 0.292329 0.292329 0.292329
3319.233154 0.000000 2646.932617 0.000000 0.009117 0.000000 -0.999958 1.090271 1.090271 1.090271
3291.989746 0.000000 2661.934814 0.000000 0.929657 0.000000 0.368427 0.531855 0.531855 0.531855
3282.959961 0.000000 2664.937500 0.000000 0.874359 0.000000 0.485280 0.522020 0.522020 0.522020
3293.926514 0.000000 2662.416748 0.000000 0.589113 0.000000 0.808051 0.280732 0.280732 0.280732
3319.170410 0.000000 2645.739746 0.000000 0.483907 0.000000 -0.875120 1.014740 1.014740 1.014740
3294.162109 0.000000 2660.853271 0.000000 0.581457 0.000000 0.813577 0.276524 0.276524 0.276524
3275.532471 0.000000 2664.245117 0.000000 0.527554 0.000000 -0.849521 1.093813 1.093813 1.093813
3266.144287 0.000000 2668.259521 0.000000 0.982824 0.000000 0.184543 0.634154 0.634154 0.634154
3264.640381 0.000000 2645.216797 0.000000 0.999134 0.000000 0.041600 0.689601 0.689601 0.689601
3281.643799 0.000000 2644.366943 0.000000 0.812066 0.000000 -0.583565 0.977680 0.977680 0.977680
3314.748535 0.000000 2653.156738 0.000000 0.645579 0.000000 -0.763693 0.936913 0.936913 0.936913
3270.249756 0.000000 2638.630615 0.000000 0.433421 0.000000 0.901191 0.439096 0.439096 0.439096
3277.880127 0.000000 2628.198242 0.000000 0.995847 0.000000 0.091040 0.669729 0.669729 0.669729
3270.187256 0.000000 2642.520996 0.000000 0.586485 0.000000 -0.809960 1.120716 1.120716 1.120716
3296.202393 0.000000 2638.229004 0.000000 0.908429 0.000000 -0.418040 0.885413 0.885413 0.885413
3277.694336 0.000000 2647.203369 0.000000 0.982997 0.000000 -0.183624 0.782296 0.782296 0.782296
3270.377686 0.000000 2630.847656 0.000000 0.925192 0.000000 0.379499 0.565990 0.565990 0.565990
3310.463379 0.000000 2668.373779 0.000000 0.474314 0.000000 0.880356 0.342521 0.342521 0.342521
3295.108887 0.000000 2663.134521 0.000000 0.796346 0.000000 -0.604841 0.849843 0.849843 0.849843
3320.763916 0.000000 2634.311523 0.000000 0.360490 0.000000 -0.932763 1.227251 1.227251 1.227251
3285.864746 0.000000 2646.072266 0.000000 0.988630 0.000000 -0.150368 0.767264 0.767264 0.767264
3272.565430 0.000000 2642.165039 0.000000 0.216516 0.000000 0.976279 0.097257 0.097257 0.097257
3316.534668 0.000000 2658.570557 0.000000 0.989963 0.000000 0.141326 0.661094 0.661094 0.661094
3273.408936 0.000000 2663.126221 0.000000 0.104646 0.000000 -0.994510 1.291796 1.291796 1.291796
3271.564697 0.000000 2652.329102 0.000000 0.965859 0.000000 -0.259069 0.816782 0.816782 0.816782
3269.682861 0.000000 2629.013184 0.000000 0.873209 0.000000 0.487347 0.473151 0.473151 0.473151
3274.366943 0.000000 2664.944092 0.000000 0.445718 0.000000 0.895173 0.269818 0.269818 0.269818
3285.005859 0.000000 2645.093262 0.000000 0.160883 0.000000 -0.986974 1.219633 1.219633 1.219633
3269.166748 0.000000 2658.493896 0.000000 0.956750 0.000000 0.290912 0.568458 0.568458 0.568458
3317.607178 0.000000 2687.549316 0.000000 0.977296 0.000000 -0.211880 0.767905 0.767905 0.767905
3300.074951 0.000000 2663.961426 0.000000 0.305125 0.000000 -0.952312 1.261822 1.261822 1.261822
3286.762939 0.000000 2624.821777 0.000000 0.130060 0.000000 0.991506 0.121053 0.121053 0.121053
3322.258545 0.000000 2639.951904 0.000000 0.137956 0.000000 -0.990438 1.338325 1.338325 1.338325
3327.345459 0.000000 2634.309814 0.000000 0.880736 0.000000 -0.473608 0.812952 0.812952 0.812952
3280.685303 0.000000 2645.457520 0.000000 0.929167 0.000000 0.369661 0.531264 0.531264 0.531264
3308.489990 0.000000 2638.122070 0.000000 0.953823 0.000000 0.300369 0.567245 0.567245 0.567245
3308.550537 0.000000 2659.463379 0.000000 0.974001 0.000000 0.226544 0.625317 0.625317 0.625317
3327.554688 0.000000 2681.387451 0.000000 0.990378 0.000000 -0.138385 0.737606 0.737606 0.737606
3318.072021 0.000000 2664.850342 0.000000 0.974086 0.000000 0.226179 0.614675 0.614675 0.614675
3323.334229 0.000000 2665.262451 0.000000 0.433472 0.000000 -0.901167 0.949121 0.949121 0.949121
3318.421875 0.000000 2667.978516 0.000000 0.339383 0.000000 -0.940648 1.063796 1.063796 1.063796
3306.013916 0.000000 2629.023438 0.000000 0.037053 0.000000 0.999313 0.016516 0.016516 0.016516
3285.120117 0.000000 2673.921631 0.000000 0.795398 0.000000 -0.606087 0.990166 0.990166 0.990166
3312.266113 0.000000 2633.220947 0.000000 0.333012 0.000000 0.942923 0.151291 0.151291 0.151291
3295.536133 0.000000 2660.795166 0.000000 0.792137 0.000000 -0.610343 0.992556 0.992556 0.992556
3303.427246 0.000000 2685.214355 0.000000 0.304247 0.000000 -0.952593 1.103485 1.103485 1.103485
3303.085449 0.000000 2683.234619 0.000000 0.123957 0.000000 0.992288 0.212113 0.212113 0.212113
3308.093994 0.000000 2658.075684 0.000000 0.842227 0.000000 -0.539123 0.886077 0.886077 0.886077
3285.116455 0.000000 2625.511963 0.000000 0.109373 0.000000 0.994001 0.087142 0.087142 0.087142
3323.099854 0.000000 2634.502197 0.000000 0.977534 0.000000 0.210777 0.605361 0.605361 0.605361
3272.320557 0.000000 2661.340332 0.000000 0.899562 0.000000 -0.436794 0.901441 0.901441 0.901441
3320.103516 0.000000 2640.740234 0.000000 0.808307 0.000000 0.588762 0.419462 0.419462 0.419462
3311.752930 0.000000 2624.025635 0.000000 0.896771 0.000000 -0.442496 0.868222 0.868222 0.868222
3287.321777 0.000000 2637.302979 0.000000 0.383160 0.000000 0.923682 0.175230 0.175230 0.175230
3268.109375 0.000000 2659.369385 0.000000 0.514569 0.000000 0.857449 0.240867 0.240867 0.240867
3278.205811 0.000000 2687.881592 0.000000 0.992951 0.000000 0.118523 0.673217 0.673217 0.673217
3314.179932 0.000000 2636.383301 0.000000 0.071719 0.000000 -0.997425 1.239649 1.239649 1.239649
3298.422119 0.000000 2634.809570 0.000000 0.964277 0.000000 0.264895 0.632065 0.632065 0.632065
3312.774658 0.000000 2625.286133 0.000000 0.312654 0.000000 0.949867 0.141705 0.141705 0.141705
3317.642334 0.000000 2658.335205 0.000000 0.739258 0.000000 -0.673422 0.902713 0.902713 0.902713
3292.219482 0.000000 2654.970215 0.000000 0.634415 0.000000 0.772993 0.306262 0.306262 0.306262
3307.383789 0.000000 2649.037598 0.000000 0.879656 0.000000 0.475610 0.553612 0.553612 0.553612
3265.120117 0.000000 2652.708740 0.000000 0.524057 0.000000 -0.851683 0.945794 0.945794 0.945794
3297.005615 0.000000 2659.049805 0.000000 0.775271 0.000000 -0.631629 1.004658 1.004658 1.004658
3265.853760 0.000000 2624.430908 0.000000 0.869754 0.000000 0.493486 0.580045 0.580045 0.580045
3293.821777 0.000000 2639.757812 0.000000 0.507355 0.000000 0.861737 0.324256 0.324256 0.324256
3304.771973 0.000000 2662.772217 0.000000 0.648214 0.000000 0.761458 0.314277 0.314277 0.314277
3307.959229 0.000000 2627.389404 0.000000 0.586764 0.000000 -0.809758 1.120562 1.120562 1.120562
3271.073486 0.000000 2646.059326 0.000000 0.455861 0.000000 0.890051 0.210936 0.210936 0.210936
3304.188721 0.000000 2658.383789 0.000000 0.193468 0.000000 -0.981107 1.209828 1.209828 1.209828
3289.991943 0.000000 2665.263672 0.000000 0.782661 0.000000 0.622449 0.487480 0.487480 0.487480
3316.844727 0.000000 2630.110840 0.000000 0.996379 0.000000 0.085017 0.671439 0.671439 0.671439
3287.114502 0.000000 2639.584717 0.000000 0.953762 0.000000 0.300562 0.583696 0.583696 0.583696
3302.209961 0.000000 2662.915771 0.000000 0.886583 0.000000 -0.462570 0.914302 0.914302 0.914302
3314.350342 0.000000 2657.764648 0.000000 0.848501 0.000000 0.529195 0.451492 0.451492 0.451492
3271.269775 0.000000 2663.254883 0.000000 0.516778 0.000000 0.856120 0.242016 0.242016 0.242016
3273.882812 0.000000 2643.958496 0.000000 0.962943 0.000000 -0.269705 0.821697 0.821697 0.821697
3280.873779 0.000000 2670.411621 0.000000 0.832328 0.000000 -0.554284 0.857087 0.857087 0.857087
3316.864014 0.000000 2634.057373 0.000000 0.823606 0.000000 -0.567163 0.877054 0.877054 0.877054
3272.309326 0.000000 2662.511963 0.000000 0.114053 0.000000 -0.993475 1.287975 1.287975 1.287975
3324.229492 0.000000 2636.522461 0.000000 0.536337 0.000000 -0.844004 1.147731 1.147731 1.147731
3270.307129 0.000000 2665.048584 0.000000 0.931707 0.000000 -0.363212 0.820176 0.820176 0.820176
3271.840332 0.000000 2628.146729 0.000000 0.646776 0.000000 -0.762680 1.086564 1.086564 1.086564
3292.268311 0.000000 2665.663574 0.000000 0.233517 0.000000 -0.972353 1.294967 1.294967 1.294967
3321.543213 0.000000 2632.253906 0.000000 0.301343 0.000000 -0.953516 1.263591 1.263591 1.263591
3273.230713 0.000000 2677.642822 0.000000 0.800567 0.000000 0.599243 0.457449 0.457449 0.457449
3264.174561 0.000000 2629.763916 0.000000 0.411616 0.000000 -0.911357 0.962488 0.962488 0.962488
3288.694824 0.000000 2635.525146 0.000000 0.559304 0.000000 -0.828962 1.135496 1.135496 1.135496
3296.375488 0.000000 2656.980957 0.000000 0.077061 0.000000 0.997026 0.209265 0.209265 0.209265
3316.956787 0.000000 2686.441895 0.000000 0.859702 0.000000 0.510796 0.529485 0.529485 0.529485
3321.356689 0.000000 2643.230957 0.000000 0.395569 0.000000 -0.918436 1.218767 1.218767 1.218767
3309.384033 0.000000 2643.356201 0.000000 0.302673 0.000000 -0.953094 1.262969 1.262969 1.262969
3299.468018 0.000000 2639.639893 0.000000 0.133931 0.000000 0.990991 0.117602 0.117602 0.117602
3293.223145 0.000000 2624.596680 0.000000 0.719988 0.000000 -0.693987 0.989530 0.989530 0.989530
3289.656006 0.000000 2677.958984 0.000000 0.342837 0.000000 0.939395 0.211415 0.211415 0.211415
3279.755615 0.000000 2647.051270 0.000000 0.837810 0.000000 -0.545962 0.836255 0.836255 0.836255
3311.389648 0.000000 2646.618652 0.000000 0.632411 0.000000 -0.774633 1.084051 1.084051 1.084051
3320.290039 0.000000 2643.774414 0.000000 0.160342 0.000000 -0.987062 1.328236 1.328236 1.328236
3267.056641 0.000000 2658.785889 0.000000 0.949066 0.000000 -0.315078 0.778984 0.778984 0.778984
3305.120117 0.000000 2645.668457 0.000000 0.800085 0.000000 -0.599887 0.854032 0.854032 0.854032
3290.405029 0.000000 2660.230469 0.000000 0.179420 0.000000 -0.983773 1.319609 1.319609 1.319609
3319.513916 0.000000 2666.449707 0.000000 0.771628 0.000000 -0.636074 0.904813 0.904813 0.904813
3278.648438 0.000000 2646.531006 0.000000 0.227371 0.000000 0.973808 0.383527 0.383527 0.383527
3318.697021 0.000000 2656.697998 0.000000 0.609153 0.000000 0.793053 0.291887 0.291887 0.291887
3285.668945 0.000000 2684.211182 0.000000 0.395957 0.000000 -0.918269 1.153502 1.153502 1.153502
3272.714355 0.000000 2633.528564 0.000000 0.446815 0.000000 0.894627 0.419336 0.419336 0.419336
3303.694580 0.000000 2667.766846 0.000000 0.085918 0.000000 0.996302 0.201805 0.201805 0.201805
3282.912598 0.000000 2667.322021 0.000000 0.067052 0.000000 0.997750 0.303197 0.303197 0.303197
3272.006592 0.000000 2659.068604 0.000000 0.680020 0.000000 0.733194 0.333241 0.333241 0.333241
3304.678711 0.000000 2684.819580 0.000000 0.852338 0.000000 0.522991 0.492252 0.492252 0.492252
3316.749512 0.000000 2656.189209 0.000000 0.889502 0.000000 -0.456931 0.911472 0.911472 0.911472
3287.239746 0.000000 2675.429199 0.000000 0.018383 0.000000 -0.999831 1.391808 1.391808 1.391808
3267.890625 0.000000 2652.784912 0.000000 0.515553 0.000000 -0.856858 1.158621 1.158621 1.158621
3286.719238 0.000000 2673.820801 0.000000 0.851692 0.000000 0.524043 0.564083 0.564083 0.564083
3268.343018 0.000000 2643.445312 0.000000 0.912265 0.000000 -0.409600 0.879952 0.879952 0.879952
3268.214111 0.000000 2630.277588 0.000000 0.966892 0.000000 -0.255188 0.801464 0.801464 0.801464
3264.120361 0.000000 2649.981445 0.000000 0.993082 0.000000 -0.117420 0.748334 0.748334 0.748334
3268.139160 0.000000 2626.804199 0.000000 0.709950 0.000000 -0.704252 1.048204 1.048204 1.048204
3286.312256 0.000000 2629.378906 0.000000 0.735327 0.000000 0.677712 0.368160 0.368160 0.368160
3266.015137 0.000000 2653.884277 0.000000 0.399673 0.000000 -0.916658 1.216773 1.216773 1.216773
3306.883301 0.000000 2647.351807 0.000000 0.665427 0.000000 0.746463 0.324451 0.324451 0.324451
3265.849854 0.000000 2649.987305 0.000000 0.659107 0.000000 0.752049 0.350441 0.350441 0.350441
3281.147461 0.000000 2671.962891 0.000000 0.297474 0.000000 0.954730 0.360761 0.360761 0.360761
3324.492676 0.000000 2632.730713 0.000000 0.151335 0.000000 -0.988483 1.141370 1.141370 1.141370
3326.470703 0.000000 2681.577881 0.000000 0.840779 0.000000 -0.541379 0.854961 0.854961 0.854961
3307.817627 0.000000 2665.424805 0.000000 0.239038 0.000000 0.971010 0.365448 0.365448 0.365448
3314.350098 0.000000 2634.845947 0.000000 0.129788 0.000000 0.991542 0.224166 0.224166 0.224166
3292.036133 0.000000 2660.035889 0.000000 0.536014 0.000000 -0.844209 1.147901 1.147901 1.147901
3269.013916 0.000000 2631.377197 0.000000 0.554934 0.000000 -0.831894 1.086330 1.086330 1.086330
3302.237549 0.000000 2665.978027 0.000000 0.960114 0.000000 0.279607 0.573714 0.573714 0.573714
3308.286865 0.000000 2655.960449 0.000000 0.993155 0.000000 -0.116804 0.730075 0.730075 0.730075
3314.846436 0.000000 2637.405273 0.000000 0.886044 0.000000 -0.463602 0.873541 0.873541 0.873541
3271.600830 0.000000 2678.388916 0.000000 0.296290 0.000000 0.955098 0.351552 0.351552 0.351552
3295.318115 0.000000 2657.488281 0.000000 0.841320 0.000000 0.540538 0.445509 0.445509 0.445509
3287.062500 0.000000 2636.117676 0.000000 0.580588 0.000000 0.814198 0.276048 0.276048 0.276048
3290.017578 0.000000 2628.693359 0.000000 0.544777 0.000000 0.838581 0.256740 0.256740 0.256740
3299.047607 0.000000 2645.374023 0.000000 0.598792 0.000000 -0.800904 0.992169 0.992169 0.992169
3274.208008 0.000000 2675.551514 0.000000 0.968079 0.000000 0.250645 0.624291 0.624291 0.624291
3311.467041 0.000000 2648.885986 0.000000 0.989190 0.000000 0.146639 0.657564 0.657564 0.657564
3270.153076 0.000000 2661.481934 0.000000 0.998241 0.000000 -0.059279 0.716792 0.716792 0.716792
3271.305176 0.000000 2664.321533 0.000000 0.940001 0.000000 0.341171 0.587438 0.587438 0.587438
3297.578369 0.000000 2660.008789 0.000000 0.924332 0.000000 0.381589 0.568632 0.568632 0.568632
3270.717285 0.000000 2680.334229 0.000000 0.999629 0.000000 -0.027228 0.708804 0.708804 0.708804
3300.718506 0.000000 2664.806885 0.000000 0.003820 0.000000 0.999993 0.001703 0.001703 0.001703
3297.506836 0.000000 2638.737305 0.000000 0.784999 0.000000 -0.619497 0.987221 0.987221 0.987221
3276.122314 0.000000 2643.507568 0.000000 0.054233 0.000000 0.998528 0.085136 0.085136 0.085136
3288.073486 0.000000 2628.422119 0.000000 0.485038 0.000000 -0.874493 1.174328 1.174328 1.174328
3309.413086 0.000000 2640.387207 0.000000 0.999662 0.000000 -0.025995 0.711586 0.711586 0.711586
3293.687256 0.000000 2627.988037 0.000000 0.511657 0.000000 -0.859190 1.099225 1.099225 1.099225
3298.485596 0.000000 2624.961182 0.000000 0.427141 0.000000 0.904185 0.244043 0.244043 0.244043
3270.398926 0.000000 2643.969238 0.000000 0.671789 0.000000 -0.740743 1.071737 1.071737 1.071737
3278.828857 0.000000 2684.428223 0.000000 0.801175 0.000000 0.598430 0.530707 0.530707 0.530707
3319.154785 0.000000 2661.938965 0.000000 0.479486 0.000000 -0.877550 1.154698 1.154698 1.154698
3313.336182 0.000000 2643.699951 0.000000 0.032593 0.000000 -0.999469 1.385473 1.385473 1.385473
3301.837402 0.000000 2681.890137 0.000000 0.858664 0.000000 0.512539 0.554231 0.554231 0.554231
3317.675537 0.000000 2660.417236 0.000000 0.403312 0.000000 -0.915063 1.011021 1.011021 1.011021
3316.792480 0.000000 2664.725586 0.000000 0.834770 0.000000 0.550598 0.440159 0.440159 0.440159
3304.886475 0.000000 2663.830566 0.000000 0.922521 0.000000 -0.385947 0.876575 0.876575 0.876575
3314.672852 0.000000 2655.672852 0.000000 0.940714 0.000000 -0.339201 0.804023 0.804023 0.804023
3288.655029 0.000000 2626.988037 0.000000 0.190085 0.000000 -0.981768 1.314773 1.314773 1.314773
3266.120850 0.000000 2656.030273 0.000000 0.786418 0.000000 -0.617694 0.939692 0.939692 0.939692
3290.545654 0.000000 2631.087402 0.000000 0.900870 0.000000 0.434089 0.576016 0.576016 0.576016
3278.708740 0.000000 2663.024170 0.000000 0.479754 0.000000 -0.877403 1.177016 1.177016 1.177016
3272.488281 0.000000 2643.217773 0.000000 0.683637 0.000000 0.729823 0.335444 0.335444 0.335444
3315.902344 0.000000 2665.434814 0.000000 0.812714 0.000000 -0.582663 0.977185 0.977185 0.977185
3270.603271 0.000000 2629.786621 0.000000 0.641909 0.000000 0.766781 0.310600 0.310600 0.310600
3292.630615 0.000000 2626.323730 0.000000 0.617370 0.000000 -0.786673 1.049680 1.049680 1.049680
3309.597656 0.000000 2659.416992 0.000000 0.971276 0.000000 0.237954 0.621484 0.621484 0.621484
3291.599609 0.000000 2627.351318 0.000000 0.877764 0.000000 0.479094 0.535851 0.535851 0.535851
3298.163086 0.000000 2637.018799 0.000000 0.920549 0.000000 0.390628 0.528876 0.528876 0.528876
3294.517090 0.000000 2677.047119 0.000000 0.983886 0.000000 -0.178794 0.753091 0.753091 0.753091
3264.922607 0.000000 2651.692139 0.000000 0.818626 0.000000 0.574327 0.444476 0.444476 0.444476
3293.800537 0.000000 2651.098633 0.000000 0.505928 0.000000 0.862576 0.285478 0.285478 0.285478
3309.696777 0.000000 2636.504883 0.000000 0.336224 0.000000 0.941782 0.315894 0.315894 0.315894
3305.501709 0.000000 2661.964355 0.000000 0.983474 0.000000 -0.181048 0.781129 0.781129 0.781129
3311.013428 0.000000 2641.827637 0.000000 0.349342 0.000000 0.936995 0.159033 0.159033 0.159033
3294.127930 0.000000 2676.079834 0.000000 0.946962 0.000000 -0.321346 0.796621 0.796621 0.796621
3266.891602 0.000000 2649.379150 0.000000 0.889454 0.000000 0.457025 0.488481 0.488481 0.488481
3285.541992 0.000000 2675.614502 0.000000 0.999968 0.000000 -0.008019 0.703574 0.703574 0.703574
3269.436279 0.000000 2650.526855 0.000000 0.106004 0.000000 0.994366 0.047328 0.047328 0.047328
3314.711670 0.000000 2660.607422 0.000000 0.939086 0.000000 0.343682 0.577990 0.577990 0.577990
3284.660400 0.000000 2673.002930 0.000000 0.280136 0.000000 0.959960 0.126531 0.126531 0.126531
3270.517334 0.000000 2678.894043 0.000000 0.861817 0.000000 0.507220 0.554047 0.554047 0.554047
3266.977295 0.000000 2651.595947 0.000000 0.869049 0.000000 -0.494727 0.930625 0.930625 0.930625
3270.082764 0.000000 2645.800781 0.000000 0.131454 0.000000 0.991322 0.058751 0.058751 0.058751
3268.879395 0.000000 2654.230225 0.000000 0.989685 0.000000 0.143261 0.635938 0.635938 0.635938
3291.133789 0.000000 2640.971924 0.000000 0.122846 0.000000 -0.992426 1.102249 1.102249 1.102249
3315.659180 0.000000 2663.326904 0.000000 0.831769 0.000000 -0.555121 0.941690 0.941690 0.941690
3319.670654 0.000000 2633.311768 0.000000 0.558223 0.000000 0.829691 0.263923 0.263923 0.263923
3273.841553 0.000000 2672.295410 0.000000 0.315811 0.000000 -0.948822 1.066841 1.066841 1.066841
3295.981934 0.000000 2659.145508 0.000000 0.214900 0.000000 -0.976636 1.303480 1.303480 1.303480
3310.520020 0.000000 2640.057617 0.000000 0.018670 0.000000 -0.999826 1.391679 1.391679 1.391679
3281.355713 0.000000 2668.861572 0.000000 0.883888 0.000000 -0.467699 0.843739 0.843739 0.843739
3279.415039 0.000000 2644.148193 0.000000 0.814990 0.000000 -0.579475 0.975439 0.975439 0.975439
3271.800537 0.000000 2644.723877 0.000000 0.557145 0.000000 0.830416 0.263344 0.263344 0.263344
3279.336426 0.000000 2641.949219 0.000000 0.690675 0.000000 -0.723165 0.930270 0.930270 0.930270
3289.163818 0.000000 2636.445801 0.000000 0.436650 0.000000 -0.899631 1.085217 1.085217 1.085217
3267.329590 0.000000 2657.447998 0.000000 0.420050 0.000000 0.907501 0.290571 0.290571 0.290571
3289.635010 0.000000 2676.442383 0.000000 0.996237 0.000000 -0.086667 0.734727 0.734727 0.734727
3326.054932 0.000000 2682.621094 0.000000 0.982053 0.000000 -0.188603 0.761343 0.761343 0.761343
3266.020752 0.000000 2651.003662 0.000000 0.404480 0.000000 0.914547 0.185566 0.185566 0.185566
3310.579590 0.000000 2625.121826 0.000000 0.990634 0.000000 -0.136546 0.750268 0.750268 0.750268
3321.461426 0.000000 2635.391357 0.000000 0.554220 0.000000 -0.832370 1.131349 1.131349 1.131349
3285.494873 0.000000 2631.671875 0.000000 0.769995 0.000000 -0.638049 1.008362 1.008362 1.008362
3298.166748 0.000000 2632.579834 0.000000 0.733704 0.000000 0.679469 0.448036 0.448036 0.448036
3266.153320 0.000000 2636.889160 0.000000 0.825815 0.000000 0.563941 0.518858 0.518858 0.518858
3279.219238 0.000000 2671.719482 0.000000 0.903126 0.000000 -0.429377 0.844258 0.844258 0.844258
3268.148682 0.000000 2639.933594 0.000000 0.540288 0.000000 0.841480 0.254359 0.254359 0.254359
3290.035645 0.000000 2658.108887 0.000000 0.805506 0.000000 0.592587 0.511566 0.511566 0.511566
3269.808838 0.000000 2669.214600 0.000000 0.561248 0.000000 0.827648 0.265550 0.265550 0.265550
3319.013672 0.000000 2658.757568 0.000000 0.607179 0.000000 0.794565 0.290778 0.290778 0.290778
3302.142822 0.000000 2682.873535 0.000000 0.081592 0.000000 0.996666 0.197746 0.197746 0.197746
3289.632568 0.000000 2663.156250 0.000000 0.322307 0.000000 -0.946635 1.223356 1.223356 1.223356
3272.426270 0.000000 2676.404541 0.000000 0.451762 0.000000 -0.892138 1.116002 1.116002 1.116002
3291.797607 0.000000 2657.157959 0.000000 0.395138 0.000000 0.918622 0.225799 0.225799 0.225799
3291.627441 0.000000 2678.454590 0.000000 0.967368 0.000000 0.253376 0.626581 0.626581 0.626581
3299.272705 0.000000 2641.913574 0.000000 0.653966 0.000000 0.756524 0.368634 0.368634 0.368634
3270.573242 0.000000 2652.106934 0.000000 0.491907 0.000000 -0.870648 1.170820 1.170820 1.170820
3288.918213 0.000000 2639.491211 0.000000 0.828154 0.000000 0.560501 0.526354 0.526354 0.526354
3273.093018 0.000000 2672.957275 0.000000 0.938813 0.000000 -0.344428 0.803236 0.803236 0.803236
3318.795898 0.000000 2655.655518 0.000000 0.876590 0.000000 -0.481238 0.910577 0.910577 0.910577
3311.667969 0.000000 2643.263184 0.000000 0.365911 0.000000 -0.930650 1.233060 1.233060 1.233060
3309.113281 0.000000 2633.678711 0.000000 0.070865 0.000000 0.997486 0.254404 0.254404 0.254404
3327.548096 0.000000 2636.877930 0.000000 0.957484 0.000000 -0.288486 0.830413 0.830413 0.830413
3292.872070 0.000000 2654.110107 0.000000 0.879578 0.000000 -0.475755 0.920955 0.920955 0.920955
3299.689941 0.000000 2636.260986 0.000000 0.951475 0.000000 -0.307725 0.833382 0.833382 0.833382
3310.347412 0.000000 2656.157227 0.000000 0.007566 0.000000 0.999971 0.161820 0.161820 0.161820
3310.479736 0.000000 2647.220215 0.000000 0.006073 0.000000 -0.999982 1.378152 1.378152 1.378152
3303.719727 0.000000 2661.022461 0.000000 0.984113 0.000000 0.177546 0.620458 0.620458 0.620458
3271.546387 0.000000 2629.382080 0.000000 0.804148 0.000000 -0.594429 0.983671 0.983671 0.983671
3267.826660 0.000000 2650.649414 0.000000 0.984540 0.000000 -0.175161 0.778462 0.778462 0.778462
3285.143066 0.000000 2647.625732 0.000000 0.835322 0.000000 0.549760 0.440607 0.440607 0.440607
3274.484375 0.000000 2643.132324 0.000000 0.510270 0.000000 0.860014 0.238636 0.238636 0.238636
3295.266602 0.000000 2664.175049 0.000000 0.969460 0.000000 -0.245249 0.810418 0.810418 0.810418
3292.756348 0.000000 2651.305908 0.000000 0.079502 0.000000 0.996835 0.105828 0.105828 0.105828
3268.090820 0.000000 2655.895264 0.000000 0.918020 0.000000 -0.396534 0.881702 0.881702 0.881702
3314.643311 0.000000 2656.834961 0.000000 0.350355 0.000000 -0.936617 1.240485 1.240485 1.240485
3277.618652 0.000000 2644.916016 0.000000 0.670616 0.000000 -0.741805 1.072442 1.072442 1.072442
3311.522705 0.000000 2645.332520 0.000000 0.663672 0.000000 0.748023 0.323404 0.323404 0.323404
3291.442139 0.000000 2629.262451 0.000000 0.688884 0.000000 0.724871 0.338659 0.338659 0.338659
3307.849854 0.000000 2644.982422 0.000000 0.943470 0.000000 -0.331459 0.850557 0.850557 0.850557
3268.989746 0.000000 2652.136230 0.000000 0.590804 0.000000 -0.806815 1.118335 1.118335 1.118335
3309.415283 0.000000 2631.426025 0.000000 0.307188 0.000000 -0.951649 1.115694 1.115694 1.115694
3302.559082 0.000000 2661.447266 0.000000 0.290478 0.000000 0.956882 0.131340 0.131340 0.131340
3309.627441 0.000000 2646.090332 0.000000 0.542938 0.000000 -0.839773 1.144237 1.144237 1.144237
3302.897949 0.000000 2684.380127 0.000000 0.442079 0.000000 0.896976 0.344092 0.344092 0.344092
3273.620605 0.000000 2657.658936 0.000000 0.632206 0.000000 -0.774800 0.989673 0.989673 0.989673
3269.331299 0.000000 2649.323242 0.000000 0.945695 0.000000 -0.325056 0.847536 0.847536 0.847536
3317.829346 0.000000 2657.173828 0.000000 0.999704 0.000000 0.024329 0.689157 0.689157 0.689157
3264.022217 0.000000 2651.219482 0.000000 0.963040 0.000000 -0.269360 0.813911 0.813911 0.813911
3320.469238 0.000000 2641.688965 0.000000 0.974503 0.000000 0.224376 0.599152 0.599152 0.599152
3306.809570 0.000000 2646.262451 0.000000 0.028993 0.000000 0.999580 0.012922 0.012922 0.012922
3274.563965 0.000000 2626.998047 0.000000 0.991545 0.000000 0.129767 0.656790 0.656790 0.656790
3304.291992 0.000000 2643.791260 0.000000 0.867537 0.000000 -0.497372 0.860113 0.860113 0.860113
3312.893799 0.000000 2641.147461 0.000000 0.999972 0.000000 -0.007537 0.702950 0.702950 0.702950
3308.534668 0.000000 2642.883301 0.000000 0.999626 0.000000 0.027346 0.687812 0.687812 0.687812
3297.284180 0.000000 2660.940918 0.000000 0.686615 0.000000 0.727021 0.426883 0.426883 0.426883
3290.878662 0.000000 2656.525146 0.000000 0.972627 0.000000 -0.232373 0.795492 0.795492 0.795492
3270.256104 0.000000 2647.921143 0.000000 0.303131 0.000000 0.952949 0.137245 0.137245 0.137245
3299.520752 0.000000 2633.221436 0.000000 0.910921 0.000000 0.412581 0.556558 0.556558 0.556558
3265.117920 0.000000 2649.358398 0.000000 0.315537 0.000000 0.948913 0.186740 0.186740 0.186740
3289.025146 0.000000 2632.245361 0.000000 0.426859 0.000000 -0.904318 1.203468 1.203468 1.203468
3267.919678 0.000000 2653.830322 0.000000 0.754571 0.000000 -0.656218 1.018983 1.018983 1.018983
3304.302246 0.000000 2654.671143 0.000000 0.999992 0.000000 -0.003898 0.701267 0.701267 0.701267
3306.492432 0.000000 2662.673828 0.000000 0.560168 0.000000 -0.828379 1.135031 1.135031 1.135031
3289.108887 0.000000 2664.052979 0.000000 0.569833 0.000000 -0.821760 1.005081 1.005081 1.005081
3267.329590 0.000000 2638.079346 0.000000 0.896265 0.000000 -0.443519 0.863019 0.863019 0.863019
3310.611816 0.000000 2643.888428 0.000000 0.980149 0.000000 -0.198263 0.788942 0.788942 0.788942
3268.967041 0.000000 2669.679199 0.000000 0.924317 0.000000 -0.381625 0.874489 0.874489 0.874489
3275.317383 0.000000 2683.202881 0.000000 0.880717 0.000000 -0.473642 0.862974 0.862974 0.862974
3285.435059 0.000000 2644.240234 0.000000 0.701171 0.000000 0.712993 0.407309 0.407309 0.407309
3310.099609 0.000000 2657.989014 0.000000 0.412938 0.000000 -0.910759 1.094235 1.094235 1.094235
3292.780518 0.000000 2658.882324 0.000000 0.740423 0.000000 0.672141 0.390847 0.390847 0.390847
3300.294922 0.000000 2665.858398 0.000000 0.618185 0.000000 0.786032 0.296985 0.296985 0.296985
3271.854980 0.000000 2647.873291 0.000000 0.319847 0.000000 0.947469 0.145084 0.145084 0.145084
3292.152832 0.000000 2650.017090 0.000000 0.321932 0.000000 -0.946763 1.195283 1.195283 1.195283
3316.116943 0.000000 2632.076904 0.000000 0.031194 0.000000 0.999513 0.013904 0.013904 0.013904
3308.550293 0.000000 2647.312744 0.000000 0.658799 0.000000 0.752319 0.320509 0.320509 0.320509
3312.419434 0.000000 2665.142822 0.000000 0.670037 0.000000 0.742328 0.406154 0.406154 0.406154
3287.424316 0.000000 2625.517090 0.000000 0.509028 0.000000 -0.860750 1.116712 1.116712 1.116712
3285.876953 0.000000 2685.218750 0.000000 0.896515 0.000000 -0.443013 0.878861 0.878861 0.878861
3311.210205 0.000000 2640.713379 0.000000 0.997451 0.000000 0.071349 0.668177 0.668177 0.668177
3290.854248 0.000000 2661.756592 0.000000 0.633134 0.000000 -0.774042 1.094476 1.094476 1.094476
3313.197998 0.000000 2627.102051 0.000000 0.948226 0.000000 -0.317596 0.844026 0.844026 0.844026
3318.075684 0.000000 2655.050781 0.000000 0.999749 0.000000 0.022421 0.690595 0.690595 0.690595
3292.289551 0.000000 2660.980469 0.000000 0.293822 0.000000 -0.955860 1.267102 1.267102 1.267102
3316.498779 0.000000 2663.739746 0.000000 0.457323 0.000000 -0.889301 1.188332 1.188332 1.188332
3282.822266 0.000000 2629.680908 0.000000 0.362819 0.000000 -0.931859 1.234540 1.234540 1.234540
3294.442627 0.000000 2657.898438 0.000000 0.370980 0.000000 -0.928641 1.230630 1.230630 1.230630
3310.009277 0.000000 2655.224365 0.000000 0.554073 0.000000 -0.832468 1.083299 1.083299 1.083299
3318.316406 0.000000 2637.097168 0.000000 0.883341 0.000000 -0.468731 0.917404 0.917404 0.917404
3292.040039 0.000000 2663.560791 0.000000 0.663649 0.000000 -0.748044 1.076609 1.076609 1.076609
3269.943359 0.000000 2668.255615 0.000000 0.768749 0.000000 0.639551 0.390769 0.390769 0.390769
3286.906006 0.000000 2662.327393 0.000000 0.648975 0.000000 -0.760809 0.990091 0.990091 0.990091
3284.671143 0.000000 2624.646240 0.000000 0.198905 0.000000 0.980019 0.125161 0.125161 0.125161
3277.375732 0.000000 2629.048828 0.000000 0.588715 0.000000 0.808340 0.387441 0.387441 0.387441
3271.845215 0.000000 2648.980469 0.000000 0.793634 0.000000 -0.608395 0.991461 0.991461 0.991461
3311.813965 0.000000 2642.322754 0.000000 0.221583 0.000000 -0.975141 1.300428 1.300428 1.300428
3319.982422 0.000000 2632.420166 0.000000 0.175746 0.000000 0.984435 0.078727 0.078727 0.078727
3308.630615 0.000000 2639.842041 0.000000 0.969772 0.000000 0.244014 0.592735 0.592735 0.592735
3308.388184 0.000000 2641.821777 0.000000 0.298500 0.000000 -0.954410 1.264919 1.264919 1.264919
3283.104980 0.000000 2628.436279 0.000000 0.211295 0.000000 0.977422 0.094875 0.094875 0.094875
3286.200928 0.000000 2639.118652 0.000000 0.565461 0.000000 -0.824775 1.069469 1.069469 1.069469
3270.208252 0.000000 2648.916016 0.000000 0.997161 0.000000 -0.075305 0.733590 0.733590 0.733590
3323.461426 0.000000 2632.432861 0.000000 0.774567 0.000000 0.632492 0.394845 0.394845 0.394845
3315.542969 0.000000 2639.263672 0.000000 0.145790 0.000000 -0.989316 1.334799 1.334799 1.334799
3287.846924 0.000000 2662.466064 0.000000 0.870596 0.000000 0.491998 0.527406 0.527406 0.527406
3280.959717 0.000000 2660.999268 0.000000 0.999933 0.000000 -0.011605 0.704949 0.704949 0.704949
3271.429688 0.000000 2656.633789 0.000000 0.215683 0.000000 0.976463 0.096877 0.096877 0.096877
3269.710205 0.000000 2653.713623 0.000000 0.920265 0.000000 -0.391295 0.879162 0.879162 0.879162
3293.131836 0.000000 2663.766357 0.000000 0.997351 0.000000 -0.072737 0.732442 0.732442 0.732442
3271.285889 0.000000 2653.772949 0.000000 0.071466 0.000000 -0.997443 1.368125 1.368125 1.368125
3304.624756 0.000000 2660.629395 0.000000 0.291721 0.000000 0.956503 0.131919 0.131919 0.131919
3268.306396 0.000000 2660.273926 0.000000 0.633076 0.000000 0.774090 0.305491 0.305491 0.305491
3269.746582 0.000000 2652.670654 0.000000 0.245678 0.000000 0.969352 0.110615 0.110615 0.110615
3269.764160 0.000000 2625.526123 0.000000 0.341186 0.000000 -0.939996 1.161511 1.161511 1.161511
3299.795898 0.000000 2625.498047 0.000000 0.508734 0.000000 0.860924 0.281338 0.281338 0.281338
3276.971924 0.000000 2646.624756 0.000000 0.994042 0.000000 -0.108998 0.748670 0.748670 0.748670
3310.626465 0.000000 2644.835938 0.000000 0.902920 0.000000 -0.429810 0.897987 0.897987 0.897987
3319.067871 0.000000 2637.735107 0.000000 0.882491 0.000000 0.470329 0.481789 0.481789 0.481789
3293.132812 0.000000 2653.213135 0.000000 0.553564 0.000000 0.832806 0.261426 0.261426 0.261426
3286.834717 0.000000 2626.599609 0.000000 0.806271 0.000000 0.591546 0.448898 0.448898 0.448898
3306.038330 0.000000 2645.680908 0.000000 0.958060 0.000000 -0.286566 0.829519 0.829519 0.829519
3322.552490 0.000000 2635.290771 0.000000 0.514649 0.000000 -0.857401 1.159091 1.159091 1.159091
3292.027344 0.000000 2658.075928 0.000000 0.838983 0.000000 0.544158 0.458672 0.458672 0.458672
3311.703125 0.000000 2657.108643 0.000000 0.919815 0.000000 0.392353 0.561193 0.561193 0.561193
3323.820557 0.000000 2638.557373 0.000000 0.789494 0.000000 -0.613758 0.994480 0.994480 0.994480
3285.348633 0.000000 2685.969238 0.000000 0.506858 0.000000 0.862030 0.294988 0.294988 0.294988
3318.165039 0.000000 2665.810791 0.000000 0.631847 0.000000 -0.775093 1.031671 1.031671 1.031671
3321.484619 0.000000 2633.627441 0.000000 0.775039 0.000000 0.631914 0.395178 0.395178 0.395178
3292.487549 0.000000 2652.427002 0.000000 0.073258 0.000000 -0.997313 1.367324 1.367324 1.367324
3279.790283 0.000000 2645.002930 0.000000 0.999020 0.000000 -0.044273 0.719736 0.719736 0.719736
3264.155029 0.000000 2647.274902 0.000000 0.627044 0.000000 0.778984 0.302030 0.302030 0.302030
3268.504639 0.000000 2648.923828 0.000000 0.840672 0.000000 0.541545 0.444976 0.444976 0.444976
3320.204590 0.000000 2670.624756 0.000000 0.446849 0.000000 -0.894609 1.178080 1.178080 1.178080
3280.666992 0.000000 2643.418457 0.000000 0.068580 0.000000 0.997646 0.072588 0.072588 0.072588
3284.025146 0.000000 2685.016846 0.000000 0.805431 0.000000 -0.592689 0.947230 0.947230 0.947230
3292.628418 0.000000 2638.387939 0.000000 0.751686 0.000000 -0.659521 0.960525 0.960525 0.960525
3313.881104 0.000000 2665.160400 0.000000 0.934343 0.000000 0.356375 0.572005 0.572005 0.572005
3271.048828 0.000000 2647.337158 0.000000 0.104572 0.000000 0.994517 0.046686 0.046686 0.046686
3288.643066 0.000000 2629.134033 0.000000 0.991063 0.000000 -0.133394 0.759623 0.759623 0.759623
3316.670898 0.000000 2628.867920 0.000000 0.849100 0.000000 0.528232 0.457832 0.457832 0.457832
3282.188477 0.000000 2665.463867 0.000000 0.028861 0.000000 -0.999583 1.241626 1.241626 1.241626
3298.209717 0.000000 2640.607422 0.000000 0.678611 0.000000 0.734497 0.381400 0.381400 0.381400
3268.891602 0.000000 2624.729492 0.000000 0.978802 0.000000 -0.204807 0.777861 0.777861 0.777861
3308.639160 0.000000 2646.416748 0.000000 0.977293 0.000000 0.211891 0.604853 0.604853 0.604853
3266.286865 0.000000 2652.936279 0.000000 0.529936 0.000000 0.848038 0.248897 0.248897 0.248897
3270.308838 0.000000 2650.775879 0.000000 0.720028 0.000000 -0.693945 0.994869 0.994869 0.994869
3292.514893 0.000000 2656.608887 0.000000 0.619663 0.000000 -0.784868 1.102177 1.102177 1.102177
3313.472656 0.000000 2645.301025 0.000000 0.893887 0.000000 -0.448292 0.882783 0.882783 0.882783
3266.693848 0.000000 2648.308350 0.000000 0.890151 0.000000 0.455665 0.489162 0.489162 0.489162
3317.843750 0.000000 2628.028564 0.000000 0.409171 0.000000 0.912458 0.199906 0.199906 0.199906
3315.439697 0.000000 2662.387207 0.000000 0.870601 0.000000 -0.491989 0.911244 0.911244 0.911244
3294.184326 0.000000 2665.719971 0.000000 0.065802 0.000000 0.997833 0.029345 0.029345 0.029345
3312.399170 0.000000 2643.829346 0.000000 0.885120 0.000000 -0.465363 0.915707 0.915707 0.915707
3288.272949 0.000000 2677.876953 0.000000 0.257614 0.000000 -0.966248 1.224356 1.224356 1.224356
3312.266846 0.000000 2640.461426 0.000000 0.878950 0.000000 -0.476914 0.894610 0.894610 0.894610
3308.862061 0.000000 2638.962402 0.000000 0.636645 0.000000 -0.771157 1.083216 1.083216 1.083216
3288.614258 0.000000 2626.045166 0.000000 0.803240 0.000000 0.595656 0.415649 0.415649 0.415649
3268.739014 0.000000 2651.095703 0.000000 0.977395 0.000000 0.211422 0.605067 0.605067 0.605067
3265.824951 0.000000 2646.885498 0.000000 0.972850 0.000000 -0.231438 0.804080 0.804080 0.804080
3270.625244 0.000000 2655.170410 0.000000 0.939164 0.000000 0.343469 0.543757 0.543757 0.543757
3269.829102 0.000000 2655.592285 0.000000 0.173431 0.000000 0.984846 0.077680 0.077680 0.077680
3271.023438 0.000000 2649.366455 0.000000 0.992787 0.000000 -0.119889 0.753555 0.753555 0.753555
3294.173584 0.000000 2654.539551 0.000000 0.904150 0.000000 -0.427214 0.896707 0.896707 0.896707
3286.721924 0.000000 2628.582520 0.000000 0.496149 0.000000 -0.868237 1.168646 1.168646 1.168646
3265.885742 0.000000 2647.916504 0.000000 0.646495 0.000000 0.762919 0.313272 0.313272 0.313272
3269.016113 0.000000 2655.175537 0.000000 0.915252 0.000000 0.402882 0.515212 0.515212 0.515212
3293.978271 0.000000 2650.066650 0.000000 0.952221 0.000000 -0.305409 0.823666 0.823666 0.823666
3313.527832 0.000000 2642.700684 0.000000 0.634462 0.000000 -0.772954 1.093710 1.093710 1.093710
3309.471680 0.000000 2641.391357 0.000000 0.803170 0.000000 -0.595750 0.984403 0.984403 0.984403
3270.812500 0.000000 2643.165283 0.000000 0.999866 0.000000 0.016395 0.692693 0.692693 0.692693
3289.917725 0.000000 2627.756836 0.000000 0.995994 0.000000 -0.089424 0.739903 0.739903 0.739903
3307.073242 0.000000 2627.353760 0.000000 0.053929 0.000000 0.998545 0.024044 0.024044 0.024044
3268.029053 0.000000 2669.035889 0.000000 0.565245 0.000000 -0.824923 1.132294 1.132294 1.132294
3294.079834 0.000000 2652.703857 0.000000 0.039204 0.000000 -0.999231 1.382525 1.382525 1.382525
3267.792725 0.000000 2649.512939 0.000000 0.794285 0.000000 0.607545 0.409016 0.409016 0.409016
3290.558350 0.000000 2632.897949 0.000000 0.181830 0.000000 0.983330 0.081483 0.081483 0.081483
3290.003906 0.000000 2632.165283 0.000000 0.169300 0.000000 0.985565 0.075811 0.075811 0.075811
3268.917480 0.000000 2657.594238 0.000000 0.953464 0.000000 0.301507 0.563515 0.563515 0.563515
3295.570557 0.000000 2650.300049 0.000000 0.905068 0.000000 -0.425267 0.881163 0.881163 0.881163
3279.018555 0.000000 2663.860840 0.000000 0.632464 0.000000 -0.774590 1.094861 1.094861 1.094861
3307.308838 0.000000 2644.237061 0.000000 0.792860 0.000000 -0.609404 0.992028 0.992028 0.992028
3264.919189 0.000000 2646.611328 0.000000 0.399225 0.000000 0.916853 0.183009 0.183009 0.183009
3318.838623 0.000000 2633.640869 0.000000 0.716720 0.000000 0.697361 0.356101 0.356101 0.356101
3288.769531 0.000000 2633.203369 0.000000 0.951039 0.000000 0.309071 0.559974 0.559974 0.559974
3269.846436 0.000000 2656.545166 0.000000 0.782209 0.000000 0.623017 0.400270 0.400270 0.400270
3265.173096 0.000000 2648.466553 0.000000 0.795144 0.000000 -0.606421 0.967581 0.967581 0.967581
3295.991943 0.000000 2654.106934 0.000000 0.726026 0.000000 -0.687668 1.037911 1.037911 1.037911
3290.501465 0.000000 2629.460449 0.000000 0.999419 0.000000 -0.034069 0.715185 0.715185 0.715185
3312.881104 0.000000 2642.035156 0.000000 0.781644 0.000000 0.623725 0.399866 0.399866 0.399866
3299.353027 0.000000 2638.060059 0.000000 0.723463 0.000000 -0.690363 1.008941 1.008941 1.008941
3284.398193 0.000000 2630.120117 0.000000 0.154897 0.000000 -0.987931 1.330694 1.330694 1.330694
3320.155029 0.000000 2635.031982 0.000000 0.473763 0.000000 -0.880652 1.172523 1.172523 1.172523
3303.058594 0.000000 2663.099609 0.000000 0.966314 0.000000 0.257367 0.584003 0.584003 0.584003
3324.641846 0.000000 2637.932861 0.000000 0.936701 0.000000 -0.350131 0.859408 0.859408 0.859408
3301.182617 0.000000 2662.657227 0.000000 0.626107 0.000000 -0.779737 1.098506 1.098506 1.098506
3317.261475 0.000000 2633.094238 0.000000 0.098269 0.000000 -0.995160 1.356137 1.356137 1.356137
3293.382324 0.000000 2626.850586 0.000000 0.677413 0.000000 -0.735603 1.019229 1.019229 1.019229
3292.723389 0.000000 2676.375977 0.000000 0.938000 0.000000 -0.346635 0.841043 0.841043 0.841043
3267.061035 0.000000 2652.544434 0.000000 0.205173 0.000000 0.978726 0.092086 0.092086 0.092086
3318.088623 0.000000 2659.082764 0.000000 0.995326 0.000000 0.096577 0.656895 0.656895 0.656895
3306.663574 0.000000 2658.662109 0.000000 0.642352 0.000000 0.766410 0.310858 0.310858 0.310858
3307.848633 0.000000 2645.854248 0.000000 0.335775 0.000000 0.941942 0.152597 0.152597 0.152597
3307.324219 0.000000 2661.960693 0.000000 0.526114 0.000000 0.850414 0.246892 0.246892 0.246892
3270.474365 0.000000 2654.130127 0.000000 0.167989 0.000000 -0.985789 1.324781 1.324781 1.324781
3290.925293 0.000000 2663.751221 0.000000 0.975721 0.000000 0.219018 0.601600 0.601600 0.601600
3302.026123 0.000000 2660.300537 0.000000 0.334887 0.000000 0.942258 0.152177 0.152177 0.152177
3308.891357 0.000000 2644.653809 0.000000 0.669027 0.000000 0.743238 0.326605 0.326605 0.326605
3310.189941 0.000000 2642.122070 0.000000 0.651104 0.000000 0.758988 0.315971 0.315971 0.315971
3317.020508 0.000000 2663.014404 0.000000 0.988858 0.000000 -0.148859 0.766584 0.766584 0.766584
3325.590576 0.000000 2636.424072 0.000000 0.976865 0.000000 -0.213856 0.796043 0.796043 0.796043
3306.990234 0.000000 2663.624512 0.000000 0.447433 0.000000 0.894318 0.206726 0.206726 0.206726
3295.048584 0.000000 2665.922119 0.000000 0.872184 0.000000 0.489178 0.472215 0.472215 0.472215
3290.214111 0.000000 2661.087402 0.000000 0.013174 0.000000 -0.999913 1.394129 1.394129 1.394129
3316.175537 0.000000 2656.933838 0.000000 0.472348 0.000000 -0.881412 1.180769 1.180769 1.180769
3293.634766 0.000000 2657.499023 0.000000 0.940034 0.000000 0.341081 0.544890 0.544890 0.544890
3293.839844 0.000000 2659.549316 0.000000 0.993302 0.000000 -0.115544 0.748570 0.748570 0.748570
3280.912598 0.000000 2642.364014 0.000000 0.085899 0.000000 0.996304 0.079844 0.079844 0.079844
3270.624268 0.000000 2657.006104 0.000000 0.328319 0.000000 0.944567 0.149075 0.149075 0.149075
3309.555420 0.000000 2645.220459 0.000000 0.464666 0.000000 -0.885486 1.184644 1.184644 1.184644
3289.218506 0.000000 2634.743896 0.000000 0.093202 0.000000 -0.995647 1.358406 1.358406 1.358406
3325.983398 0.000000 2637.447021 0.000000 0.898135 0.000000 -0.439719 0.902891 0.902891 0.902891
3287.892334 0.000000 2627.364502 0.000000 0.022181 0.000000 0.999754 0.085663 0.085663 0.085663
3311.973145 0.000000 2647.249512 0.000000 0.878837 0.000000 0.477121 0.484437 0.484437 0.484437
3292.590088 0.000000 2655.759033 0.000000 0.718552 0.000000 0.695473 0.357273 0.357273 0.357273
3268.533203 0.000000 2648.011230 0.000000 0.065091 0.000000 0.997879 0.029027 0.029027 0.029027
3274.501221 0.000000 2644.585693 0.000000 0.941845 0.000000 0.336048 0.547273 0.547273 0.547273
3295.616455 0.000000 2659.911865 0.000000 0.998635 0.000000 0.052233 0.676713 0.676713 0.676713
3269.371826 0.000000 2642.207031 0.000000 0.969194 0.000000 0.246299 0.593884 0.593884 0.593884
3271.397461 0.000000 2655.660889 0.000000 0.036730 0.000000 -0.999325 1.383628 1.383628 1.383628
3295.778809 0.000000 2652.113525 0.000000 0.722203 0.000000 0.691681 0.359619 0.359619 0.359619
3306.480225 0.000000 2644.495850 0.000000 0.921089 0.000000 0.389353 0.521778 0.521778 0.521778
3320.715820 0.000000 2671.976074 0.000000 0.011068 0.000000 -0.999939 1.373262 1.373262 1.373262
3269.721924 0.000000 2639.312500 0.000000 0.166857 0.000000 -0.985981 1.325293 1.325293 1.325293
3318.901611 0.000000 2660.546143 0.000000 0.991374 0.000000 0.131060 0.644183 0.644183 0.644183
3294.585449 0.000000 2651.486816 0.000000 0.542471 0.000000 -0.840074 1.111366 1.111366 1.111366
3295.109619 0.000000 2667.267334 0.000000 0.963653 0.000000 -0.267158 0.820518 0.820518 0.820518
3275.816162 0.000000 2644.368652 0.000000 0.580627 0.000000 0.814170 0.276069 0.276069 0.276069
3269.836182 0.000000 2660.332031 0.000000 0.723294 0.000000 -0.690540 1.039678 1.039678 1.039678
3302.630371 0.000000 2664.828857 0.000000 0.692899 0.000000 -0.721035 1.058866 1.058866 1.058866
3285.416748 0.000000 2630.433105 0.000000 0.481543 0.000000 0.876422 0.223893 0.223893 0.223893
3269.774658 0.000000 2626.779785 0.000000 0.079379 0.000000 -0.996845 1.364589 1.364589 1.364589
3313.612061 0.000000 2627.885986 0.000000 0.717058 0.000000 0.697014 0.356316 0.356316 0.356316
3269.505859 0.000000 2628.161377 0.000000 0.843482 0.000000 0.537157 0.447297 0.447297 0.447297
3273.062988 0.000000 2659.985107 0.000000 0.591241 0.000000 0.806495 0.281906 0.281906 0.281906
3303.485352 0.000000 2664.235596 0.000000 0.999868 0.000000 0.016219 0.692772 0.692772 0.692772
3268.410400 0.000000 2661.913086 0.000000 0.270332 0.000000 -0.962767 1.278013 1.278013 1.278013
3319.537598 0.000000 2659.858154 0.000000 0.934385 0.000000 -0.356265 0.862330 0.862330 0.862330
3309.868164 0.000000 2656.954346 0.000000 0.613430 0.000000 -0.789749 1.105705 1.105705 1.105705
3297.472412 0.000000 2658.383545 0.000000 0.662089 0.000000 0.749426 0.322462 0.322462 0.322462
3312.082031 0.000000 2624.770752 0.000000 0.602925 0.000000 -0.797798 1.111603 1.111603 1.111603
3290.439209 0.000000 2662.966553 0.000000 0.208007 0.000000 -0.978127 1.306623 1.306623 1.306623
3305.809570 0.000000 2661.200195 0.000000 0.718187 0.000000 0.695850 0.357039 0.357039 0.357039
3292.896973 0.000000 2666.748535 0.000000 0.034426 0.000000 0.999407 0.015345 0.015345 0.015345
3304.039307 0.000000 2662.395752 0.000000 0.974383 0.000000 0.224895 0.598915 0.598915 0.598915
3305.538818 0.000000 2664.385010 0.000000 0.384964 0.000000 0.922932 0.176100 0.176100 0.176100
3278.331543 0.000000 2644.031982 0.000000 0.195434 0.000000 -0.980717 1.312344 1.312344 1.312344
3304.983643 0.000000 2666.727539 0.000000 0.868733 0.000000 -0.495281 0.930909 0.930909 0.930909
3278.829590 0.000000 2645.609131 0.000000 0.230670 0.000000 0.973032 0.103729 0.103729 0.103729
3318.291016 0.000000 2632.920166 0.000000 0.816834 0.000000 -0.576872 0.974018 0.974018 0.974018
3315.200928 0.000000 2664.920410 0.000000 0.268440 0.000000 -0.963297 1.278889 1.278889 1.278889
3127.376709 0.000000 2708.529785 0.000000 0.801464 0.000000 -0.598043 0.754895 0.754895 0.754895
3102.719971 0.000000 2723.818848 0.000000 0.930559 0.000000 -0.366141 0.728824 0.728824 0.728824
3108.396973 0.000000 2704.374512 0.000000 0.075576 0.000000 -0.997140 1.091935 1.091935 1.091935
3113.306641 0.000000 2718.177979 0.000000 0.567411 0.000000 0.823435 0.644208 0.644208 0.644208
3100.427734 0.000000 2707.569092 0.000000 0.235513 0.000000 0.971871 0.616134 0.616134 0.616134
3104.448730 0.000000 2705.080078 0.000000 0.910445 0.000000 0.413630 0.630693 0.630693 0.630693
3119.066406 0.000000 2702.245850 0.000000 0.867316 0.000000 -0.497759 0.932181 0.932181 0.932181
3111.023926 0.000000 2705.525635 0.000000 0.956228 0.000000 0.292622 0.667823 0.667823 0.667823
3107.569336 0.000000 2706.871094 0.000000 0.604104 0.000000 -0.796905 1.110943 1.110943 1.110943
3111.914551 0.000000 2720.415039 0.000000 0.655791 0.000000 -0.754943 0.919791 0.919791 0.919791
3122.325928 0.000000 2711.655273 0.000000 0.713275 0.000000 0.700884 0.564276 0.564276 0.564276
3109.225830 0.000000 2727.619141 0.000000 0.005482 0.000000 -0.999985 1.033733 1.033733 1.033733
3101.998535 0.000000 2705.651611 0.000000 0.316311 0.000000 -0.948656 0.815681 0.815681 0.815681
3110.188232 0.000000 2718.961670 0.000000 0.851964 0.000000 0.523601 0.479463 0.479463 0.479463
3106.254395 0.000000 2703.647949 0.000000 0.378604 0.000000 -0.925559 1.034778 1.034778 1.034778
3122.036865 0.000000 2708.506348 0.000000 0.992711 0.000000 -0.120522 0.707812 0.707812 0.707812
3104.390625 0.000000 2707.297119 0.000000 0.963864 0.000000 -0.266395 0.739113 0.739113 0.739113
3107.358887 0.000000 2711.342529 0.000000 0.061270 0.000000 0.998121 0.459946 0.459946 0.459946
3118.710205 0.000000 2700.254150 0.000000 0.385269 0.000000 -0.922804 0.903339 0.903339 0.903339
3113.910645 0.000000 2720.270996 0.000000 0.413803 0.000000 -0.910367 1.209880 1.209880 1.209880
3102.964600 0.000000 2725.805420 0.000000 0.493088 0.000000 0.869980 0.366239 0.366239 0.366239
3106.241943 0.000000 2705.576172 0.000000 0.991777 0.000000 0.127979 0.642811 0.642811 0.642811
3124.742676 0.000000 2711.416260 0.000000 0.929178 0.000000 0.369632 0.626556 0.626556 0.626556
3116.454590 0.000000 2704.836426 0.000000 0.350066 0.000000 -0.936725 0.977732 0.977732 0.977732
3107.999023 0.000000 2702.675049 0.000000 0.554386 0.000000 0.832260 0.421656 0.421656 0.421656
3111.609375 0.000000 2718.005859 0.000000 0.458994 0.000000 0.888439 0.262211 0.262211 0.262211
3102.382568 0.000000 2707.266357 0.000000 0.520657 0.000000 -0.853766 0.885961 0.885961 0.885961
3119.564209 0.000000 2703.811523 0.000000 0.271063 0.000000 0.962562 0.122325 0.122325 0.122325
3111.487549 0.000000 2707.103027 0.000000 0.912639 0.000000 0.408766 0.518230 0.518230 0.518230
3125.790771 0.000000 2708.512451 0.000000 0.623716 0.000000 0.781651 0.467918 0.467918 0.467918
3102.891357 0.000000 2704.202393 0.000000 0.984975 0.000000 0.172697 0.654502 0.654502 0.654502
3118.437988 0.000000 2727.150879 0.000000 0.713213 0.000000 0.700948 0.591409 0.591409 0.591409
3106.062500 0.000000 2707.264893 0.000000 0.953563 0.000000 0.301193 0.563661 0.563661 0.563661
3115.443848 0.000000 2726.875000 0.000000 0.776459 0.000000 0.630168 0.608258 0.608258 0.608258
3120.706299 0.000000 2702.539795 0.000000 0.998028 0.000000 -0.062769 0.725027 0.725027 0.725027
3112.999512 0.000000 2721.449707 0.000000 0.020778 0.000000 -0.999784 1.390740 1.390740 1.390740
3121.182129 0.000000 2697.999512 0.000000 0.994338 0.000000 -0.106265 0.725676 0.725676 0.725676
3106.399170 0.000000 2710.221924 0.000000 0.995931 0.000000 -0.090115 0.714350 0.714350 0.714350
3103.413086 0.000000 2706.231445 0.000000 0.694196 0.000000 0.719786 0.553966 0.553966 0.553966
3121.116943 0.000000 2695.123535 0.000000 0.915127 0.000000 -0.403165 0.781948 0.781948 0.781948
3111.215088 0.000000 2726.185059 0.000000 0.970794 0.000000 -0.239913 0.743610 0.743610 0.743610
3112.115723 0.000000 2723.853271 0.000000 0.377567 0.000000 -0.925982 0.939945 0.939945 0.939945
3110.525391 0.000000 2720.406006 0.000000 0.407317 0.000000 -0.913287 0.995758 0.995758 0.995758
3108.282715 0.000000 2705.723633 0.000000 0.982890 0.000000 -0.184195 0.748562 0.748562 0.748562
3123.464600 0.000000 2710.907227 0.000000 0.997306 0.000000 -0.073352 0.712830 0.712830 0.712830
3106.491699 0.000000 2702.322021 0.000000 0.034049 0.000000 -0.999420 1.135064 1.135064 1.135064
3110.663086 0.000000 2727.960938 0.000000 0.211087 0.000000 0.977467 0.455539 0.455539 0.455539
3109.572266 0.000000 2709.314209 0.000000 0.217060 0.000000 0.976158 0.433012 0.433012 0.433012
3108.298828 0.000000 2726.586670 0.000000 0.512811 0.000000 0.858501 0.479900 0.479900 0.479900
3107.194336 0.000000 2704.766113 0.000000 0.524948 0.000000 0.851134 0.246281 0.246281 0.246281
3121.870117 0.000000 2703.156982 0.000000 0.614676 0.000000 0.788780 0.337881 0.337881 0.337881
3111.419189 0.000000 2719.268311 0.000000 0.752558 0.000000 0.658526 0.412315 0.412315 0.412315
3114.687744 0.000000 2729.352295 0.000000 0.295148 0.000000 0.955451 0.251256 0.251256 0.251256
3114.298584 0.000000 2723.447266 0.000000 0.990074 0.000000 0.140544 0.666486 0.666486 0.666486
3109.490234 0.000000 2705.271973 0.000000 0.173945 0.000000 0.984755 0.334066 0.334066 0.334066
3109.036377 0.000000 2703.323975 0.000000 0.442156 0.000000 -0.896938 0.997540 0.997540 0.997540
3125.190674 0.000000 2709.547852 0.000000 0.535645 0.000000 0.844443 0.439929 0.439929 0.439929
3102.162109 0.000000 2724.853271 0.000000 0.260615 0.000000 -0.965443 1.113464 1.113464 1.113464
3108.074951 0.000000 2727.961426 0.000000 0.788875 0.000000 -0.614554 0.841103 0.841103 0.841103
3116.489990 0.000000 2702.122070 0.000000 0.371708 0.000000 0.928350 0.433820 0.433820 0.433820
3120.266113 0.000000 2697.220947 0.000000 0.711605 0.000000 0.702580 0.512127 0.512127 0.512127
3103.536133 0.000000 2724.795166 0.000000 0.882413 0.000000 -0.470476 0.854940 0.854940 0.854940
3107.468018 0.000000 2703.639893 0.000000 0.694289 0.000000 -0.719697 0.927440 0.927440 0.927440
3110.554688 0.000000 2706.505371 0.000000 0.939009 0.000000 -0.343891 0.851535 0.851535 0.851535
3110.373535 0.000000 2721.510498 0.000000 0.656972 0.000000 0.753915 0.480611 0.480611 0.480611
3111.482422 0.000000 2721.412109 0.000000 0.158293 0.000000 -0.987392 1.062693 1.062693 1.062693
3115.817627 0.000000 2729.424805 0.000000 0.823986 0.000000 -0.566610 0.912649 0.912649 0.912649
3107.047607 0.000000 2709.374023 0.000000 0.997488 0.000000 -0.070840 0.719948 0.719948 0.719948
3114.436523 0.000000 2728.321045 0.000000 0.824697 0.000000 -0.565574 0.912206 0.912206 0.912206
3107.272705 0.000000 2705.913574 0.000000 0.011701 0.000000 -0.999932 1.394785 1.394785 1.394785
3119.784668 0.000000 2702.881348 0.000000 0.996473 0.000000 0.083912 0.662562 0.662562 0.662562
3118.733887 0.000000 2703.144775 0.000000 0.999999 0.000000 -0.001260 0.700561 0.700561 0.700561
3116.110352 0.000000 2727.546875 0.000000 0.986083 0.000000 -0.166254 0.768596 0.768596 0.768596
3111.746582 0.000000 2706.195557 0.000000 0.997957 0.000000 -0.063882 0.727593 0.727593 0.727593
3118.122803 0.000000 2702.453125 0.000000 0.983105 0.000000 0.183041 0.617968 0.617968 0.617968
3117.567627 0.000000 2727.422607 0.000000 0.497806 0.000000 0.867288 0.268895 0.268895 0.268895
3106.209717 0.000000 2704.607422 0.000000 0.500412 0.000000 -0.865787 1.166455 1.166455 1.166455
3106.703369 0.000000 2706.613525 0.000000 0.533371 0.000000 0.845882 0.250705 0.250705 0.250705
3120.496338 0.000000 2703.513184 0.000000 0.968777 0.000000 -0.247933 0.799830 0.799830 0.799830
3110.656006 0.000000 2718.207275 0.000000 0.795115 0.000000 0.606459 0.439232 0.439232 0.439232
3107.883789 0.000000 2707.729004 0.000000 0.475205 0.000000 0.879875 0.220677 0.220677 0.220677
3117.782715 0.000000 2726.569824 0.000000 0.213305 0.000000 -0.976986 1.256819 1.256819 1.256819
3116.140137 0.000000 2726.337402 0.000000 0.245782 0.000000 0.969325 0.156885 0.156885 0.156885
3112.825928 0.000000 2720.597900 0.000000 0.333978 0.000000 -0.942581 1.248252 1.248252 1.248252
3106.907715 0.000000 2707.534912 0.000000 0.131514 0.000000 0.991314 0.058777 0.058777 0.058777
3113.820312 0.000000 2721.123535 0.000000 0.245734 0.000000 0.969337 0.110641 0.110641 0.110641
3147.854736 0.000000 2703.435059 0.000000 0.263405 0.000000 -0.964685 0.747865 0.747865 0.747865
3173.428711 0.000000 2693.748779 0.000000 0.162015 0.000000 -0.986788 0.830418 0.830418 0.830418
3198.265381 0.000000 2698.700684 0.000000 0.804978 0.000000 0.593305 0.647830 0.647830 0.647830
3180.305664 0.000000 2688.071289 0.000000 0.195919 0.000000 0.980620 0.349529 0.349529 0.349529
3154.536133 0.000000 2689.220215 0.000000 0.496558 0.000000 -0.868003 0.769806 0.769806 0.769806
3158.151123 0.000000 2711.355469 0.000000 0.849958 0.000000 -0.526850 0.787275 0.787275 0.787275
3171.375244 0.000000 2691.457275 0.000000 0.818205 0.000000 0.574926 0.579043 0.579043 0.579043
3176.309814 0.000000 2710.479004 0.000000 0.962577 0.000000 0.271009 0.683214 0.683214 0.683214
3178.466064 0.000000 2712.355469 0.000000 0.176125 0.000000 0.984368 0.639108 0.639108 0.639108
3197.166260 0.000000 2701.213135 0.000000 0.300924 0.000000 0.953648 0.467852 0.467852 0.467852
3161.502441 0.000000 2702.441650 0.000000 0.811051 0.000000 0.584975 0.502352 0.502352 0.502352
3179.962891 0.000000 2703.176514 0.000000 0.831148 0.000000 0.556052 0.558832 0.558832 0.558832
3178.232910 0.000000 2698.592529 0.000000 0.666808 0.000000 0.745230 0.625055 0.625055 0.625055
3177.066406 0.000000 2707.226807 0.000000 0.943484 0.000000 0.331418 0.651592 0.651592 0.651592
3161.631836 0.000000 2707.833496 0.000000 0.998844 0.000000 0.048074 0.690251 0.690251 0.690251
3173.556152 0.000000 2714.277588 0.000000 0.915958 0.000000 0.401275 0.665364 0.665364 0.665364
3166.625244 0.000000 2696.709473 0.000000 0.128912 0.000000 0.991656 0.589156 0.589156 0.589156
3171.069092 0.000000 2694.123535 0.000000 0.025038 0.000000 -0.999686 0.902600 0.902600 0.902600
3177.591064 0.000000 2715.176758 0.000000 0.090840 0.000000 0.995866 0.588796 0.588796 0.588796
3160.088867 0.000000 2700.448730 0.000000 0.313700 0.000000 -0.949522 0.857498 0.857498 0.857498
3160.026123 0.000000 2704.245850 0.000000 0.761531 0.000000 -0.648128 0.999440 0.999440 0.999440
3199.129150 0.000000 2701.933594 0.000000 0.488344 0.000000 -0.872651 1.087381 1.087381 1.087381
3144.660156 0.000000 2722.055176 0.000000 0.939352 0.000000 0.342954 0.671859 0.671859 0.671859
3183.324707 0.000000 2711.805420 0.000000 0.671770 0.000000 0.740759 0.554217 0.554217 0.554217
3181.661133 0.000000 2689.647705 0.000000 0.298967 0.000000 -0.954264 1.023319 1.023319 1.023319
3142.783691 0.000000 2732.857666 0.000000 0.468071 0.000000 0.883691 0.236010 0.236010 0.236010
3159.907227 0.000000 2711.820557 0.000000 0.805035 0.000000 -0.593227 0.799884 0.799884 0.799884
3178.635986 0.000000 2700.448975 0.000000 0.792979 0.000000 -0.609249 0.844253 0.844253 0.844253
3180.454590 0.000000 2704.836426 0.000000 0.148419 0.000000 0.988925 0.513643 0.513643 0.513643
3181.733154 0.000000 2703.358643 0.000000 0.750208 0.000000 -0.661201 0.846449 0.846449 0.846449
3160.698975 0.000000 2706.231934 0.000000 0.934171 0.000000 0.356825 0.626034 0.626034 0.626034
3148.970703 0.000000 2704.933838 0.000000 0.030996 0.000000 0.999520 0.500872 0.500872 0.500872
3183.482666 0.000000 2708.351074 0.000000 0.617934 0.000000 0.786230 0.524508 0.524508 0.524508
3159.278564 0.000000 2710.189453 0.000000 0.737204 0.000000 0.675671 0.583316 0.583316 0.583316
3173.322754 0.000000 2695.413086 0.000000 0.779686 0.000000 0.626171 0.424484 0.424484 0.424484
3163.274170 0.000000 2703.960449 0.000000 0.102265 0.000000 0.994757 0.410034 0.410034 0.410034
3178.626953 0.000000 2707.655762 0.000000 0.552030 0.000000 0.833824 0.450148 0.450148 0.450148
3182.590332 0.000000 2709.795410 0.000000 0.991084 0.000000 0.133235 0.674078 0.674078 0.674078
3162.881592 0.000000 2706.807617 0.000000 0.161588 0.000000 0.986858 0.338165 0.338165 0.338165
3147.493164 0.000000 2719.919434 0.000000 0.834188 0.000000 0.551480 0.519313 0.519313 0.519313
3164.011963 0.000000 2711.586182 0.000000 0.979506 0.000000 0.201414 0.673419 0.673419 0.673419
3181.573975 0.000000 2701.717773 0.000000 0.971445 0.000000 -0.237265 0.748143 0.748143 0.748143
3176.843750 0.000000 2712.094727 0.000000 0.374794 0.000000 0.927108 0.279035 0.279035 0.279035
3175.487549 0.000000 2707.103027 0.000000 0.941439 0.000000 -0.337184 0.779337 0.779337 0.779337
3178.098389 0.000000 2705.940430 0.000000 0.534794 0.000000 0.844983 0.418560 0.418560 0.418560
3180.251709 0.000000 2712.237793 0.000000 0.478198 0.000000 0.878252 0.561343 0.561343 0.561343
3174.063477 0.000000 2715.765625 0.000000 0.972071 0.000000 -0.234689 0.805570 0.805570 0.805570
3142.650391 0.000000 2724.517822 0.000000 0.443384 0.000000 -0.896332 1.055443 1.055443 1.055443
3162.395020 0.000000 2711.096436 0.000000 0.998278 0.000000 -0.058654 0.708205 0.708205 0.708205
3180.760010 0.000000 2709.510010 0.000000 0.743889 0.000000 -0.668303 0.816398 0.816398 0.816398
3162.213135 0.000000 2709.279297 0.000000 0.623004 0.000000 -0.782218 0.845983 0.845983 0.845983
3180.815674 0.000000 2715.248779 0.000000 0.045872 0.000000 -0.998947 1.336912 1.336912 1.336912
3170.577637 0.000000 2695.650391 0.000000 0.160730 0.000000 0.986998 0.515276 0.515276 0.515276
3145.839600 0.000000 2720.017822 0.000000 0.923868 0.000000 -0.382710 0.812557 0.812557 0.812557
3177.423584 0.000000 2713.518066 0.000000 0.848037 0.000000 0.529937 0.501858 0.501858 0.501858
3162.038086 0.000000 2700.972900 0.000000 0.979317 0.000000 -0.202332 0.741302 0.741302 0.741302
3179.392578 0.000000 2701.793457 0.000000 0.500191 0.000000 0.865915 0.469460 0.469460 0.469460
3171.850098 0.000000 2692.861328 0.000000 0.211704 0.000000 0.977334 0.147253 0.147253 0.147253
3170.354736 0.000000 2692.727783 0.000000 0.080973 0.000000 -0.996716 1.306600 1.306600 1.306600
3198.585205 0.000000 2705.396240 0.000000 0.387249 0.000000 -0.921975 1.099785 1.099785 1.099785
3197.105225 0.000000 2699.677246 0.000000 0.922138 0.000000 0.386861 0.641688 0.641688 0.641688
3174.177490 0.000000 2712.940918 0.000000 0.980022 0.000000 -0.198892 0.789228 0.789228 0.789228
3177.574951 0.000000 2708.644531 0.000000 0.911317 0.000000 0.411704 0.550950 0.550950 0.550950
3175.275635 0.000000 2714.864746 0.000000 0.454596 0.000000 0.890698 0.210303 0.210303 0.210303
3179.005127 0.000000 2704.593018 0.000000 0.261078 0.000000 -0.965318 1.065359 1.065359 1.065359
3161.864014 0.000000 2703.797119 0.000000 0.484263 0.000000 0.874923 0.363040 0.363040 0.363040
3178.370605 0.000000 2703.203369 0.000000 0.983011 0.000000 0.183549 0.655804 0.655804 0.655804
3163.161377 0.000000 2708.198730 0.000000 0.349066 0.000000 -0.937098 0.897342 0.897342 0.897342
3160.021729 0.000000 2702.872070 0.000000 0.193389 0.000000 0.981122 0.264697 0.264697 0.264697
3174.442383 0.000000 2717.285889 0.000000 0.997822 0.000000 -0.065969 0.717998 0.717998 0.717998
3198.438232 0.000000 2700.711670 0.000000 0.995303 0.000000 -0.096810 0.735415 0.735415 0.735415
3171.098389 0.000000 2690.165039 0.000000 0.238720 0.000000 -0.971088 0.962595 0.962595 0.962595
3164.377686 0.000000 2701.503906 0.000000 0.999838 0.000000 0.018000 0.696760 0.696760 0.696760
3172.091797 0.000000 2694.929443 0.000000 0.912772 0.000000 -0.408469 0.871334 0.871334 0.871334
3164.814453 0.000000 2700.135742 0.000000 0.913568 0.000000 0.406687 0.624611 0.624611 0.624611
3146.675293 0.000000 2713.960693 0.000000 0.998785 0.000000 0.049276 0.688370 0.688370 0.688370
3149.179688 0.000000 2700.046631 0.000000 0.684684 0.000000 0.728841 0.515901 0.515901 0.515901
3160.185303 0.000000 2707.387939 0.000000 0.982708 0.000000 0.185164 0.662246 0.662246 0.662246
3181.993896 0.000000 2714.849854 0.000000 0.479799 0.000000 0.877379 0.252935 0.252935 0.252935
3144.982178 0.000000 2720.903809 0.000000 0.534260 0.000000 -0.845320 0.988657 0.988657 0.988657
3146.445068 0.000000 2726.529297 0.000000 0.797642 0.000000 0.603132 0.566492 0.566492 0.566492
3181.427979 0.000000 2688.486572 0.000000 0.540526 0.000000 0.841327 0.444921 0.444921 0.444921
3147.532471 0.000000 2728.245117 0.000000 0.682788 0.000000 -0.730617 1.027851 1.027851 1.027851
3143.099854 0.000000 2731.729736 0.000000 0.325662 0.000000 -0.945486 0.994495 0.994495 0.994495
3146.366943 0.000000 2728.944092 0.000000 0.831917 0.000000 0.554899 0.464587 0.464587 0.464587
3149.642578 0.000000 2702.206299 0.000000 0.707157 0.000000 0.707056 0.362384 0.362384 0.362384
3160.954834 0.000000 2704.932861 0.000000 0.752336 0.000000 0.658780 0.394584 0.394584 0.394584
3142.470215 0.000000 2733.968018 0.000000 0.718530 0.000000 -0.695496 1.029300 1.029300 1.029300
3177.120117 0.000000 2709.668457 0.000000 0.013139 0.000000 -0.999914 1.247149 1.247149 1.247149
3160.984131 0.000000 2711.448975 0.000000 0.904108 0.000000 0.427304 0.593523 0.593523 0.593523
3165.716797 0.000000 2699.537109 0.000000 0.908275 0.000000 0.418373 0.531026 0.531026 0.531026
3184.444580 0.000000 2695.977539 0.000000 0.594683 0.000000 -0.803960 1.000309 1.000309 1.000309
3174.684814 0.000000 2713.907959 0.000000 0.967843 0.000000 0.251554 0.586682 0.586682 0.586682
3142.153076 0.000000 2725.481934 0.000000 0.199207 0.000000 0.979957 0.261784 0.261784 0.261784
3180.604980 0.000000 2689.394043 0.000000 0.197741 0.000000 0.980254 0.350003 0.350003 0.350003
3147.005859 0.000000 2700.876221 0.000000 0.422093 0.000000 -0.906553 1.146306 1.146306 1.146306
3175.051270 0.000000 2709.079590 0.000000 0.286306 0.000000 0.958138 0.259182 0.259182 0.259182
3163.133789 0.000000 2704.971924 0.000000 0.828237 0.000000 -0.560379 0.965082 0.965082 0.965082
3160.021973 0.000000 2705.408447 0.000000 0.561447 0.000000 0.827513 0.286097 0.286097 0.286097
3175.359619 0.000000 2710.918945 0.000000 0.380095 0.000000 -0.924947 1.052895 1.052895 1.052895
3147.365479 0.000000 2718.246582 0.000000 0.352480 0.000000 0.935820 0.325542 0.325542 0.325542
3160.918213 0.000000 2703.491211 0.000000 0.756990 0.000000 -0.653427 0.925247 0.925247 0.925247
3199.548096 0.000000 2700.877930 0.000000 0.969607 0.000000 -0.244667 0.790280 0.790280 0.790280
3143.601562 0.000000 2733.791992 0.000000 0.802084 0.000000 0.597211 0.425971 0.425971 0.425971
3175.997803 0.000000 2712.615234 0.000000 0.777577 0.000000 0.628788 0.396972 0.396972 0.396972
3173.960938 0.000000 2694.677979 0.000000 0.326243 0.000000 -0.945286 1.204289 1.204289 1.204289
3148.786621 0.000000 2703.959473 0.000000 0.503569 0.000000 0.863955 0.251578 0.251578 0.251578
3148.637451 0.000000 2702.887451 0.000000 0.993371 0.000000 0.114952 0.650472 0.650472 0.650472
3199.182617 0.000000 2704.184326 0.000000 0.631609 0.000000 0.775287 0.397671 0.397671 0.397671
3175.737061 0.000000 2709.723633 0.000000 0.170196 0.000000 -0.985410 1.181904 1.181904 1.181904
3175.140381 0.000000 2712.997559 0.000000 0.164491 0.000000 -0.986379 1.326362 1.326362 1.326362
3180.103760 0.000000 2714.112793 0.000000 0.675737 0.000000 0.737143 0.353819 0.353819 0.353819
3174.325195 0.000000 2712.012451 0.000000 0.579484 0.000000 0.814984 0.275444 0.275444 0.275444
3175.266357 0.000000 2708.014160 0.000000 0.998383 0.000000 0.056843 0.680420 0.680420 0.680420
3174.322998 0.000000 2714.829102 0.000000 0.066813 0.000000 0.997766 0.029796 0.029796 0.029796
3181.642578 0.000000 2715.708008 0.000000 0.940562 0.000000 -0.339622 0.844730 0.844730 0.844730
3164.075439 0.000000 2699.583984 0.000000 0.331946 0.000000 0.943298 0.217554 0.217554 0.217554
3172.915039 0.000000 2694.558594 0.000000 0.857454 0.000000 -0.514560 0.920082 0.920082 0.920082
3162.783936 0.000000 2705.860596 0.000000 0.988997 0.000000 -0.147933 0.766167 0.766167 0.766167
3147.765381 0.000000 2701.323730 0.000000 0.622703 0.000000 -0.782458 1.053337 1.053337 1.053337
3143.608887 0.000000 2732.467285 0.000000 0.000847 0.000000 -1.000000 1.372187 1.372187 1.372187
3171.153564 0.000000 2692.346924 0.000000 0.424554 0.000000 -0.905403 1.161069 1.161069 1.161069
3162.516602 0.000000 2704.390869 0.000000 0.060175 0.000000 0.998188 0.026832 0.026832 0.026832
3174.910889 0.000000 2715.658691 0.000000 0.676163 0.000000 0.736752 0.330902 0.330902 0.330902
3161.350098 0.000000 2705.689453 0.000000 0.921391 0.000000 0.388636 0.530495 0.530495 0.530495
3201.500977 0.000000 2703.863037 0.000000 0.869199 0.000000 0.494462 0.681922 0.681922 0.681922
3200.013672 0.000000 2700.653320 0.000000 0.662804 0.000000 -0.748793 1.023873 1.023873 1.023873
3203.782715 0.000000 2702.982422 0.000000 0.714103 0.000000 0.700041 0.565838 0.565838 0.565838
3201.458496 0.000000 2701.745361 0.000000 0.905392 0.000000 0.424577 0.532179 0.532179 0.532179
3202.336914 0.000000 2705.237305 0.000000 0.994777 0.000000 0.102073 0.671767 0.671767 0.671767
3200.479004 0.000000 2704.903564 0.000000 0.079413 0.000000 0.996842 0.108399 0.108399 0.108399
3202.467285 0.000000 2702.657715 0.000000 0.741294 0.000000 0.671180 0.572699 0.572699 0.572699
3202.976562 0.000000 2704.109375 0.000000 0.477432 0.000000 -0.878668 0.996293 0.996293 0.996293
3201.182129 0.000000 2700.645996 0.000000 0.987972 0.000000 0.154631 0.640581 0.640581 0.640581
3200.349365 0.000000 2701.662598 0.000000 0.994993 0.000000 0.099949 0.661683 0.661683 0.661683
3203.362061 0.000000 2705.672119 0.000000 0.754603 0.000000 -0.656181 0.897631 0.897631 0.897631
3201.326416 0.000000 2705.494629 0.000000 0.747157 0.000000 -0.664648 0.988411 0.988411 0.988411
3319.058105 0.000000 2688.751953 0.000000 0.608414 0.000000 -0.793620 0.741654 0.741654 0.741654
3285.572998 0.000000 2688.357666 0.000000 0.064393 0.000000 0.997925 0.334084 0.334084 0.334084
3311.553467 0.000000 2689.431885 0.000000 0.924143 0.000000 -0.382048 0.808241 0.808241 0.808241
3287.480469 0.000000 2693.307617 0.000000 0.047510 0.000000 -0.998871 0.758565 0.758565 0.758565
3282.536133 0.000000 2689.220215 0.000000 0.984307 0.000000 0.176467 0.685739 0.685739 0.685739
3284.696045 0.000000 2690.732422 0.000000 0.291229 0.000000 -0.956653 1.268310 1.268310 1.268310
3313.723877 0.000000 2689.977539 0.000000 0.999987 0.000000 -0.005093 0.701006 0.701006 0.701006
3282.673340 0.000000 2691.353516 0.000000 0.232903 0.000000 0.972500 0.104752 0.104752 0.104752
3310.709229 0.000000 2691.361328 0.000000 0.887656 0.000000 0.460507 0.605494 0.605494 0.605494
3285.727051 0.000000 2692.411865 0.000000 0.176243 0.000000 0.984347 0.592839 0.592839 0.592839
3312.911133 0.000000 2688.058350 0.000000 0.969382 0.000000 0.245559 0.651007 0.651007 0.651007
3310.590332 0.000000 2688.062744 0.000000 0.855296 0.000000 -0.518140 0.850395 0.850395 0.850395
3278.910156 0.000000 2689.695312 0.000000 0.912968 0.000000 0.408031 0.649319 0.649319 0.649319
3304.885254 0.000000 2688.556396 0.000000 0.817857 0.000000 -0.575422 0.785718 0.785718 0.785718
3315.314209 0.000000 2689.803955 0.000000 0.450557 0.000000 -0.892748 0.908256 0.908256 0.908256
3312.367188 0.000000 2690.637207 0.000000 0.717516 0.000000 0.696543 0.584190 0.584190 0.584190
3309.118408 0.000000 2690.937988 0.000000 0.380031 0.000000 0.924974 0.485361 0.485361 0.485361
3283.835938 0.000000 2691.815186 0.000000 0.320847 0.000000 -0.947131 1.254445 1.254445 1.254445
3313.987305 0.000000 2688.744141 0.000000 0.999372 0.000000 -0.035432 0.706998 0.706998 0.706998
3309.427979 0.000000 2688.486572 0.000000 0.988203 0.000000 0.153147 0.646798 0.646798 0.646798
3307.598389 0.000000 2689.037598 0.000000 0.020102 0.000000 -0.999798 1.109205 1.109205 1.109205
3285.116455 0.000000 2689.511963 0.000000 0.314814 0.000000 0.949153 0.396227 0.396227 0.396227
3283.036377 0.000000 2690.264160 0.000000 0.645606 0.000000 -0.763671 1.087247 1.087247 1.087247
3311.752930 0.000000 2688.025635 0.000000 0.848393 0.000000 -0.529367 0.854034 0.854034 0.854034
3308.604980 0.000000 2689.394043 0.000000 0.851862 0.000000 0.523767 0.509250 0.509250 0.509250
3284.901855 0.000000 2691.810303 0.000000 0.965766 0.000000 0.259414 0.583059 0.583059 0.583059
3310.579590 0.000000 2689.121826 0.000000 0.999100 0.000000 0.042415 0.688285 0.688285 0.688285
3283.794189 0.000000 2690.887451 0.000000 0.160878 0.000000 0.986974 0.072005 0.072005 0.072005
3285.497559 0.000000 2690.345459 0.000000 0.998841 0.000000 0.048129 0.678544 0.678544 0.678544
3282.274414 0.000000 2690.604736 0.000000 0.811725 0.000000 -0.584040 0.977940 0.977940 0.977940
3333.573486 0.000000 2623.956787 0.000000 0.980205 0.000000 0.197987 0.677012 0.677012 0.677012
3333.467529 0.000000 2610.112061 0.000000 0.593860 0.000000 0.804568 0.284989 0.284989 0.284989
3330.518066 0.000000 2605.470703 0.000000 0.469570 0.000000 0.882895 0.635710 0.635710 0.635710
3331.909180 0.000000 2603.003174 0.000000 0.467480 0.000000 0.884004 0.565454 0.565454 0.565454
3331.817139 0.000000 2623.135986 0.000000 0.643586 0.000000 -0.765374 0.786824 0.786824 0.786824
3337.408936 0.000000 2616.377930 0.000000 0.949597 0.000000 0.313473 0.657094 0.657094 0.657094
3333.457764 0.000000 2622.255127 0.000000 0.132570 0.000000 -0.991174 0.865841 0.865841 0.865841
3333.454590 0.000000 2611.761719 0.000000 0.079946 0.000000 0.996799 0.038270 0.038270 0.038270
3332.915283 0.000000 2617.099609 0.000000 0.654126 0.000000 -0.756386 1.082251 1.082251 1.082251
3330.832031 0.000000 2601.595947 0.000000 0.891269 0.000000 -0.453475 0.820088 0.820088 0.820088
3331.126709 0.000000 2612.448730 0.000000 0.159574 0.000000 -0.987186 0.934178 0.934178 0.934178
3336.099121 0.000000 2613.376953 0.000000 0.366230 0.000000 -0.930525 1.026014 1.026014 1.026014
3328.778320 0.000000 2619.737305 0.000000 0.948919 0.000000 0.315519 0.557511 0.557511 0.557511
3333.137939 0.000000 2614.422607 0.000000 0.258001 0.000000 0.966145 0.116289 0.116289 0.116289
3332.380615 0.000000 2610.874756 0.000000 0.716024 0.000000 0.698076 0.357006 0.357006 0.357006
3328.025391 0.000000 2617.108398 0.000000 0.720234 0.000000 -0.693731 1.038969 1.038969 1.038969
3332.360352 0.000000 2615.459717 0.000000 0.997220 0.000000 0.074510 0.666765 0.666765 0.666765
3329.275391 0.000000 2618.220947 0.000000 0.671817 0.000000 -0.740718 1.070262 1.070262 1.070262
3329.954346 0.000000 2599.115967 0.000000 0.901243 0.000000 -0.433314 0.819048 0.819048 0.819048
3337.882812 0.000000 2615.100830 0.000000 0.831412 0.000000 -0.555657 0.933718 0.933718 0.933718
3334.117920 0.000000 2617.454834 0.000000 0.763485 0.000000 0.645825 0.387119 0.387119 0.387119
3333.705566 0.000000 2613.046875 0.000000 0.637685 0.000000 -0.770297 1.091849 1.091849 1.091849
3328.010742 0.000000 2600.083740 0.000000 0.858817 0.000000 -0.512283 0.933101 0.933101 0.933101
3331.138428 0.000000 2620.199707 0.000000 0.693267 0.000000 0.720681 0.366677 0.366677 0.366677
3330.288574 0.000000 2615.977051 0.000000 0.392677 0.000000 -0.919676 1.220168 1.220168 1.220168
3332.211182 0.000000 2611.995605 0.000000 0.080640 0.000000 0.996743 0.038579 0.038579 0.038579
3337.230713 0.000000 2613.642822 0.000000 0.758278 0.000000 -0.651931 0.893597 0.893597 0.893597
3336.363525 0.000000 2615.993408 0.000000 0.847000 0.000000 -0.531594 0.922344 0.922344 0.922344
3329.325195 0.000000 2606.070068 0.000000 0.940070 0.000000 0.340982 0.606962 0.606962 0.606962
3334.717285 0.000000 2616.334229 0.000000 0.909282 0.000000 -0.416180 0.891284 0.891284 0.891284
3329.093018 0.000000 2607.672607 0.000000 0.066547 0.000000 0.997783 0.297807 0.297807 0.297807
3329.064453 0.000000 2603.564209 0.000000 0.432078 0.000000 -0.901836 1.008393 1.008393 1.008393
3333.160156 0.000000 2619.534424 0.000000 0.955994 0.000000 -0.293387 0.793147 0.793147 0.793147
3330.522949 0.000000 2614.101807 0.000000 0.938851 0.000000 -0.344324 0.856648 0.856648 0.856648
3332.534912 0.000000 2618.641113 0.000000 0.997817 0.000000 -0.066040 0.720674 0.720674 0.720674
3331.437744 0.000000 2618.877930 0.000000 0.694715 0.000000 -0.719285 1.057743 1.057743 1.057743
3329.560791 0.000000 2619.155762 0.000000 0.669554 0.000000 -0.742764 1.071616 1.071616 1.071616
3329.092041 0.000000 2617.248779 0.000000 0.637288 0.000000 0.770626 0.310996 0.310996 0.310996
3332.179199 0.000000 2614.039551 0.000000 0.255096 0.000000 0.966916 0.114950 0.114950 0.114950
3330.742920 0.000000 2617.833984 0.000000 0.970236 0.000000 -0.242159 0.808998 0.808998 0.808998
3331.129150 0.000000 2615.513428 0.000000 0.385099 0.000000 -0.922875 1.223834 1.223834 1.223834
3332.999756 0.000000 2616.135498 0.000000 0.671853 0.000000 -0.740685 1.071698 1.071698 1.071698
3330.360840 0.000000 2619.679443 0.000000 0.957719 0.000000 0.287705 0.569951 0.569951 0.569951
3330.862305 0.000000 2621.079346 0.000000 0.544095 0.000000 -0.839023 1.112308 1.112308 1.112308
3333.838379 0.000000 2616.625000 0.000000 0.996070 0.000000 0.088567 0.660480 0.660480 0.660480
3337.122559 0.000000 2615.534180 0.000000 0.935605 0.000000 0.353048 0.556859 0.556859 0.556859
3335.569824 0.000000 2616.424561 0.000000 0.932782 0.000000 -0.360442 0.864324 0.864324 0.864324
3328.037109 0.000000 2619.308838 0.000000 0.827558 0.000000 0.561380 0.435421 0.435421 0.435421
3328.799805 0.000000 2600.862305 0.000000 0.481281 0.000000 0.876566 0.236833 0.236833 0.236833
3332.000000 0.000000 2617.106934 0.000000 0.640194 0.000000 0.768213 0.309605 0.309605 0.309605
3333.005371 0.000000 2617.968994 0.000000 0.044712 0.000000 0.999000 0.019932 0.019932 0.019932
3328.775635 0.000000 2618.913574 0.000000 0.006161 0.000000 -0.999981 1.394520 1.394520 1.394520
3329.500977 0.000000 2639.863037 0.000000 0.488051 0.000000 -0.872815 0.787142 0.787142 0.787142
3334.784424 0.000000 2628.691895 0.000000 0.723824 0.000000 0.689985 0.660078 0.660078 0.660078
3329.917480 0.000000 2644.549072 0.000000 0.998733 0.000000 -0.050323 0.704575 0.704575 0.704575
3332.120850 0.000000 2625.254639 0.000000 0.938158 0.000000 -0.346208 0.761164 0.761164 0.761164
3328.278320 0.000000 2670.224365 0.000000 0.877666 0.000000 -0.479273 0.772500 0.772500 0.772500
3334.541992 0.000000 2632.038086 0.000000 0.744095 0.000000 -0.668073 0.760092 0.760092 0.760092
3328.769775 0.000000 2624.060547 0.000000 0.735501 0.000000 -0.677523 0.726018 0.726018 0.726018
3328.017578 0.000000 2682.450195 0.000000 0.119849 0.000000 -0.992792 0.890136 0.890136 0.890136
3328.788086 0.000000 2642.336670 0.000000 0.936320 0.000000 -0.351147 0.762075 0.762075 0.762075
3331.713623 0.000000 2635.047119 0.000000 0.426029 0.000000 0.904709 0.579465 0.579465 0.579465
3335.627930 0.000000 2633.790527 0.000000 0.817738 0.000000 -0.575591 0.750376 0.750376 0.750376
3333.300781 0.000000 2630.270996 0.000000 0.650585 0.000000 0.759433 0.550788 0.550788 0.550788
3328.010498 0.000000 2678.110107 0.000000 0.972317 0.000000 -0.233665 0.725142 0.725142 0.725142
3333.793945 0.000000 2624.602295 0.000000 0.808147 0.000000 -0.588981 0.808962 0.808962 0.808962
3331.894775 0.000000 2673.421387 0.000000 0.284231 0.000000 -0.958756 0.899488 0.899488 0.899488
3328.049805 0.000000 2671.859131 0.000000 0.713853 0.000000 0.700296 0.587469 0.587469 0.587469
3329.974854 0.000000 2671.032471 0.000000 0.955777 0.000000 -0.294092 0.743298 0.743298 0.743298
3332.512695 0.000000 2629.017334 0.000000 0.435960 0.000000 -0.899966 0.893719 0.893719 0.893719
3329.620361 0.000000 2627.822510 0.000000 0.738967 0.000000 -0.673742 0.883453 0.883453 0.883453
3328.025391 0.000000 2681.108398 0.000000 0.406378 0.000000 -0.913705 0.899362 0.899362 0.899362
3333.145264 0.000000 2626.228516 0.000000 0.671933 0.000000 0.740611 0.555712 0.555712 0.555712
3329.805908 0.000000 2643.159180 0.000000 0.981392 0.000000 -0.192014 0.733428 0.733428 0.733428
3328.067871 0.000000 2628.574951 0.000000 0.999181 0.000000 0.040470 0.690803 0.690803 0.690803
3331.247559 0.000000 2626.186279 0.000000 0.059649 0.000000 0.998219 0.134870 0.134870 0.134870
3329.420166 0.000000 2626.665283 0.000000 0.263581 0.000000 0.964637 0.376388 0.376388 0.376388
3330.970215 0.000000 2625.101807 0.000000 0.075301 0.000000 -0.997161 1.301077 1.301077 1.301077
3330.381836 0.000000 2626.616455 0.000000 0.993819 0.000000 -0.111009 0.741601 0.741601 0.741601
"}
