object={
	name="tree_leaf_high_generator_1_0"
	render_pass=Map
	clamp_to_water_level=no
	generated_content=yes
	layer="tree_high_layer"
	pdxmesh="tree_leaf_01_a_mesh"
	count=3074
	transform="3027.843750 0.000000 2608.372314 0.000000 0.706147 0.000000 -0.708065 0.837712 0.837712 0.837712
3050.505127 0.000000 2597.666260 0.000000 0.284033 0.000000 0.958814 0.674459 0.674459 0.674459
3035.092285 0.000000 2618.222900 0.000000 0.012809 0.000000 -0.999918 0.977365 0.977365 0.977365
3037.121582 0.000000 2617.147461 0.000000 0.978765 0.000000 -0.204985 0.832986 0.832986 0.832986
3029.890869 0.000000 2609.067383 0.000000 0.311463 0.000000 0.950258 0.622169 0.622169 0.622169
3038.527100 0.000000 2614.125488 0.000000 0.996335 0.000000 -0.085540 0.815566 0.815566 0.815566
2982.937500 0.000000 2682.081299 0.000000 0.248397 0.000000 0.968658 0.557497 0.557497 0.557497
3027.875244 0.000000 2629.113281 0.000000 0.613040 0.000000 -0.790052 0.870952 0.870952 0.870952
3021.099854 0.000000 2655.974121 0.000000 0.166677 0.000000 0.986012 0.643043 0.643043 0.643043
3058.907471 0.000000 2654.654053 0.000000 0.634234 0.000000 -0.773141 0.934149 0.934149 0.934149
3022.549805 0.000000 2629.160400 0.000000 0.993089 0.000000 -0.117364 0.815037 0.815037 0.815037
3030.687500 0.000000 2657.850098 0.000000 0.623088 0.000000 0.782152 0.688788 0.688788 0.688788
3026.673340 0.000000 2627.353516 0.000000 0.521802 0.000000 0.853066 0.589793 0.589793 0.589793
2988.970947 0.000000 2713.687256 0.000000 0.180202 0.000000 0.983630 0.752819 0.752819 0.752819
2983.352783 0.000000 2688.085938 0.000000 0.956501 0.000000 0.291731 0.770437 0.770437 0.770437
3004.566406 0.000000 2690.398193 0.000000 0.984723 0.000000 -0.174126 0.866415 0.866415 0.866415
2987.168701 0.000000 2714.154297 0.000000 0.946526 0.000000 0.322628 0.712082 0.712082 0.712082
3007.509033 0.000000 2692.986816 0.000000 0.115615 0.000000 -0.993294 1.119641 1.119641 1.119641
2991.482666 0.000000 2708.351074 0.000000 0.994095 0.000000 0.108516 0.770901 0.770901 0.770901
3033.606445 0.000000 2688.135986 0.000000 0.969908 0.000000 -0.243474 0.812771 0.812771 0.812771
3063.571289 0.000000 2715.262695 0.000000 0.357422 0.000000 0.933943 0.735004 0.735004 0.735004
3063.407959 0.000000 2712.139648 0.000000 0.921708 0.000000 0.387884 0.768973 0.768973 0.768973
3056.612061 0.000000 2706.905029 0.000000 0.532737 0.000000 0.846281 0.717379 0.717379 0.717379
3046.862305 0.000000 2724.513672 0.000000 0.388372 0.000000 0.921503 0.668925 0.668925 0.668925
3047.352783 0.000000 2688.085938 0.000000 0.964077 0.000000 -0.265622 0.824163 0.824163 0.824163
3066.024170 0.000000 2732.877197 0.000000 0.848299 0.000000 -0.529518 0.862413 0.862413 0.862413
3070.276367 0.000000 2726.096924 0.000000 0.433290 0.000000 -0.901255 1.239474 1.239474 1.239474
3009.257568 0.000000 2693.175293 0.000000 0.861776 0.000000 -0.507290 0.908386 0.908386 0.908386
3033.606445 0.000000 2752.135986 0.000000 0.592481 0.000000 -0.805584 0.843027 0.843027 0.843027
3043.069092 0.000000 2758.123535 0.000000 0.409689 0.000000 0.912225 0.655466 0.655466 0.655466
3040.228516 0.000000 2786.147949 0.000000 0.751018 0.000000 -0.660281 1.020380 1.020380 1.020380
3030.692871 0.000000 2776.936768 0.000000 0.527678 0.000000 -0.849444 1.207439 1.207439 1.207439
3103.928711 0.000000 2559.411377 0.000000 0.922794 0.000000 -0.385295 0.833178 0.833178 0.833178
3102.372070 0.000000 2557.639160 0.000000 0.264917 0.000000 -0.964271 1.010743 1.010743 1.010743
3112.944580 0.000000 2545.631592 0.000000 0.769655 0.000000 -0.638460 0.899582 0.899582 0.899582
3126.572021 0.000000 2543.742188 0.000000 0.774252 0.000000 -0.632878 0.979291 0.979291 0.979291
3191.659180 0.000000 2553.764648 0.000000 0.945232 0.000000 -0.326399 0.969337 0.969337 0.969337
3184.907471 0.000000 2547.574219 0.000000 0.805834 0.000000 0.592142 0.753170 0.753170 0.753170
3199.100098 0.000000 2554.470459 0.000000 0.226042 0.000000 0.974117 0.692726 0.692726 0.692726
3184.562744 0.000000 2554.309326 0.000000 0.983744 0.000000 -0.179579 0.819473 0.819473 0.819473
3152.036865 0.000000 2555.841064 0.000000 0.248451 0.000000 0.968644 0.177954 0.177954 0.177954
3188.094971 0.000000 2557.647461 0.000000 0.149693 0.000000 -0.988732 1.069530 1.069530 1.069530
3187.077637 0.000000 2548.449463 0.000000 0.965935 0.000000 -0.258785 0.877898 0.877898 0.877898
3191.819580 0.000000 2555.816895 0.000000 0.246212 0.000000 -0.969216 1.190780 1.190780 1.190780
3197.127441 0.000000 2554.118652 0.000000 0.659720 0.000000 -0.751512 0.949455 0.949455 0.949455
3198.489990 0.000000 2557.001465 0.000000 0.763362 0.000000 -0.645971 1.016008 1.016008 1.016008
3188.752930 0.000000 2551.812988 0.000000 0.987265 0.000000 0.159083 0.743841 0.743841 0.743841
3190.225586 0.000000 2552.693115 0.000000 0.998337 0.000000 -0.057640 0.829372 0.829372 0.829372
3188.015869 0.000000 2555.520264 0.000000 0.840132 0.000000 -0.542382 0.930525 0.930525 0.930525
3179.396240 0.000000 2554.882080 0.000000 0.924958 0.000000 -0.380069 0.973642 0.973642 0.973642
3250.365723 0.000000 2556.407227 0.000000 0.952362 0.000000 -0.304969 0.802476 0.802476 0.802476
3204.492432 0.000000 2549.102539 0.000000 0.789938 0.000000 -0.613186 0.832959 0.832959 0.832959
3257.270508 0.000000 2557.388672 0.000000 0.992042 0.000000 0.125910 0.735704 0.735704 0.735704
3233.669922 0.000000 2554.098877 0.000000 0.929108 0.000000 -0.369809 0.838585 0.838585 0.838585
3263.000488 0.000000 2558.940674 0.000000 0.419190 0.000000 -0.907899 1.379703 1.379703 1.379703
3262.933350 0.000000 2549.930420 0.000000 0.700178 0.000000 0.713968 0.476027 0.476027 0.476027
3227.092285 0.000000 2554.222900 0.000000 0.968729 0.000000 0.248122 0.771956 0.771956 0.771956
3232.013184 0.000000 2556.025635 0.000000 0.219286 0.000000 -0.975661 1.487404 1.487404 1.487404
3201.857178 0.000000 2559.164062 0.000000 0.967611 0.000000 -0.252446 0.834151 0.834151 0.834151
3263.123535 0.000000 2545.041016 0.000000 0.825215 0.000000 -0.564819 0.991803 0.991803 0.991803
3233.982910 0.000000 2559.217773 0.000000 0.573540 0.000000 0.819178 0.311088 0.311088 0.311088
3231.389893 0.000000 2554.043213 0.000000 0.969971 0.000000 -0.243220 0.844653 0.844653 0.844653
3209.032959 0.000000 2556.223633 0.000000 0.921761 0.000000 0.387758 0.709336 0.709336 0.709336
3262.798340 0.000000 2552.448975 0.000000 0.000269 0.000000 -1.000000 1.395976 1.395976 1.395976
3206.542969 0.000000 2549.876465 0.000000 0.020044 0.000000 0.999799 0.323028 0.323028 0.323028
3258.920166 0.000000 2552.652344 0.000000 0.610360 0.000000 -0.792124 1.002690 1.002690 1.002690
3261.110596 0.000000 2550.128662 0.000000 0.156024 0.000000 -0.987753 1.387467 1.387467 1.387467
3220.047119 0.000000 2559.361084 0.000000 0.997835 0.000000 -0.065773 0.822348 0.822348 0.822348
3261.247803 0.000000 2558.439453 0.000000 0.081643 0.000000 0.996662 0.511521 0.511521 0.511521
3262.489990 0.000000 2557.001465 0.000000 0.894054 0.000000 0.447959 0.708160 0.708160 0.708160
3239.861816 0.000000 2556.110352 0.000000 0.992806 0.000000 -0.119738 0.857533 0.857533 0.857533
3250.666260 0.000000 2554.450195 0.000000 0.865512 0.000000 0.500888 0.694172 0.694172 0.694172
3203.817139 0.000000 2559.135986 0.000000 0.920588 0.000000 0.390534 0.598068 0.598068 0.598068
3220.947021 0.000000 2557.109131 0.000000 0.826669 0.000000 0.562688 0.638862 0.638862 0.638862
3238.379150 0.000000 2557.715332 0.000000 0.969698 0.000000 0.244306 0.681697 0.681697 0.681697
3227.452637 0.000000 2552.471924 0.000000 0.208646 0.000000 0.977991 0.446731 0.446731 0.446731
3210.793701 0.000000 2556.008057 0.000000 0.976465 0.000000 -0.215675 0.858612 0.858612 0.858612
3217.619873 0.000000 2556.893311 0.000000 0.999973 0.000000 -0.007352 0.803201 0.803201 0.803201
3256.039307 0.000000 2552.049561 0.000000 0.983357 0.000000 0.181682 0.730306 0.730306 0.730306
3255.896484 0.000000 2558.571777 0.000000 0.627980 0.000000 -0.778229 1.254211 1.254211 1.254211
3232.582275 0.000000 2557.634766 0.000000 0.208568 0.000000 0.978008 0.107008 0.107008 0.107008
3252.015869 0.000000 2555.520264 0.000000 0.058104 0.000000 0.998311 0.295469 0.295469 0.295469
3257.274902 0.000000 2553.249023 0.000000 0.160648 0.000000 0.987012 0.262334 0.262334 0.262334
3263.347412 0.000000 2548.326660 0.000000 0.183388 0.000000 -0.983041 1.364856 1.364856 1.364856
3215.334961 0.000000 2559.497803 0.000000 0.728127 0.000000 0.685442 0.499841 0.499841 0.499841
3277.613281 0.000000 2555.928223 0.000000 0.714710 0.000000 -0.699421 1.194494 1.194494 1.194494
3271.353271 0.000000 2557.442627 0.000000 0.992462 0.000000 -0.122549 0.858400 0.858400 0.858400
3277.388672 0.000000 2558.958984 0.000000 0.999999 0.000000 -0.001195 0.800587 0.800587 0.800587
3300.946777 0.000000 2558.797119 0.000000 0.999880 0.000000 0.015503 0.792909 0.792909 0.792909
3300.481445 0.000000 2549.076660 0.000000 0.828034 0.000000 0.560678 0.713220 0.713220 0.713220
3291.458008 0.000000 2556.812012 0.000000 0.620508 0.000000 0.784200 0.340918 0.340918 0.340918
3264.017578 0.000000 2554.450195 0.000000 0.556881 0.000000 -0.830592 0.921373 0.921373 0.921373
3289.739502 0.000000 2558.648682 0.000000 0.276458 0.000000 -0.961026 1.410942 1.410942 1.410942
3273.458496 0.000000 2548.552490 0.000000 0.999803 0.000000 -0.019868 0.803333 0.803333 0.803333
3283.418457 0.000000 2553.545898 0.000000 0.999595 0.000000 -0.028467 0.812624 0.812624 0.812624
3273.032959 0.000000 2556.223633 0.000000 0.049205 0.000000 0.998789 0.505223 0.505223 0.505223
3300.948486 0.000000 2550.992920 0.000000 0.916289 0.000000 -0.400517 0.943206 0.943206 0.943206
3269.600586 0.000000 2556.533936 0.000000 0.278454 0.000000 0.960449 0.511749 0.511749 0.511749
3278.558105 0.000000 2557.532715 0.000000 0.849318 0.000000 -0.527882 1.008807 1.008807 1.008807
3266.026123 0.000000 2556.529297 0.000000 0.142510 0.000000 -0.989793 1.173567 1.173567 1.173567
3281.619873 0.000000 2556.893311 0.000000 0.966468 0.000000 0.256789 0.736202 0.736202 0.736202
3275.608154 0.000000 2558.899170 0.000000 0.645900 0.000000 -0.763422 1.032462 1.032462 1.032462
3307.396240 0.000000 2554.882080 0.000000 0.198507 0.000000 0.980099 0.433089 0.433089 0.433089
3302.874268 0.000000 2559.343994 0.000000 0.750655 0.000000 0.660695 0.590983 0.590983 0.590983
3279.334961 0.000000 2559.497803 0.000000 0.246929 0.000000 0.969033 0.127075 0.127075 0.127075
3568.365479 0.000000 2558.988525 0.000000 0.987705 0.000000 0.156327 0.779308 0.779308 0.779308
3575.819580 0.000000 2555.816895 0.000000 0.469640 0.000000 0.882858 0.607685 0.607685 0.607685
3570.666260 0.000000 2554.450195 0.000000 0.593850 0.000000 0.804576 0.613266 0.613266 0.613266
3566.597412 0.000000 2554.934082 0.000000 0.515443 0.000000 -0.856924 1.130968 1.130968 1.130968
3119.949219 0.000000 2607.976807 0.000000 0.841058 0.000000 0.540945 0.777169 0.777169 0.777169
3120.907471 0.000000 2611.574219 0.000000 0.736541 0.000000 0.676393 0.743621 0.743621 0.743621
3103.094238 0.000000 2574.609375 0.000000 0.979433 0.000000 -0.201770 0.827998 0.827998 0.827998
3129.258789 0.000000 2585.535889 0.000000 0.999917 0.000000 -0.012891 0.805716 0.805716 0.805716
3090.721924 0.000000 2619.512939 0.000000 0.283512 0.000000 -0.958969 1.381832 1.381832 1.381832
3119.367432 0.000000 2610.069336 0.000000 0.989749 0.000000 -0.142818 0.825187 0.825187 0.825187
3116.927002 0.000000 2598.741455 0.000000 0.934032 0.000000 0.357189 0.747476 0.747476 0.747476
3126.253662 0.000000 2585.751465 0.000000 0.646305 0.000000 0.763079 0.524337 0.524337 0.524337
3131.037842 0.000000 2584.712158 0.000000 0.757139 0.000000 0.653253 0.578202 0.578202 0.578202
3124.555420 0.000000 2571.181152 0.000000 0.998997 0.000000 -0.044777 0.814940 0.814940 0.814940
3087.082520 0.000000 2608.763428 0.000000 0.669872 0.000000 0.742477 0.507538 0.507538 0.507538
3144.797852 0.000000 2580.335449 0.000000 0.406211 0.000000 -0.913779 0.816113 0.816113 0.816113
3188.888672 0.000000 2567.308105 0.000000 0.597464 0.000000 -0.801896 0.816725 0.816725 0.816725
3197.435791 0.000000 2580.831055 0.000000 0.463367 0.000000 -0.886167 0.823925 0.823925 0.823925
3147.854736 0.000000 2575.435059 0.000000 0.907258 0.000000 -0.420574 0.813871 0.813871 0.813871
3161.708008 0.000000 2615.805664 0.000000 0.992936 0.000000 0.118650 0.796675 0.796675 0.796675
3146.125244 0.000000 2584.783691 0.000000 0.573951 0.000000 -0.818890 0.842159 0.842159 0.842159
3198.278564 0.000000 2575.923340 0.000000 0.799943 0.000000 0.600076 0.771721 0.771721 0.771721
3198.972656 0.000000 2589.459717 0.000000 0.994984 0.000000 -0.100033 0.851032 0.851032 0.851032
3166.574463 0.000000 2604.103027 0.000000 0.641045 0.000000 -0.767504 1.245602 1.245602 1.245602
3177.959961 0.000000 2615.235596 0.000000 0.155078 0.000000 -0.987902 1.520699 1.520699 1.520699
3155.875244 0.000000 2565.113281 0.000000 0.570265 0.000000 -0.821461 0.861609 0.861609 0.861609
3194.356689 0.000000 2561.698242 0.000000 0.864097 0.000000 0.503325 0.570353 0.570353 0.570353
3184.907471 0.000000 2611.574219 0.000000 0.916241 0.000000 -0.400627 0.827991 0.827991 0.827991
3173.543457 0.000000 2583.342041 0.000000 0.999531 0.000000 -0.030632 0.815359 0.815359 0.815359
3145.304443 0.000000 2577.271240 0.000000 0.994988 0.000000 0.099997 0.791998 0.791998 0.791998
3172.946777 0.000000 2622.797119 0.000000 0.390228 0.000000 0.920718 0.711209 0.711209 0.711209
3174.004639 0.000000 2619.951172 0.000000 0.495688 0.000000 -0.868501 1.302243 1.302243 1.302243
3199.000488 0.000000 2622.940674 0.000000 0.529699 0.000000 -0.848186 1.315688 1.315688 1.315688
3195.566895 0.000000 2598.746582 0.000000 0.999060 0.000000 -0.043356 0.803725 0.803725 0.803725
3198.933350 0.000000 2613.930420 0.000000 0.985195 0.000000 -0.171437 0.877078 0.877078 0.877078
3158.151123 0.000000 2583.355469 0.000000 0.857435 0.000000 0.514592 0.742783 0.742783 0.742783
3194.487793 0.000000 2618.469971 0.000000 0.996867 0.000000 0.079092 0.759677 0.759677 0.759677
3139.198730 0.000000 2592.385498 0.000000 0.994391 0.000000 -0.105767 0.809947 0.809947 0.809947
3161.527588 0.000000 2567.397217 0.000000 0.993866 0.000000 0.110594 0.754626 0.754626 0.754626
3166.910645 0.000000 2580.855225 0.000000 0.562562 0.000000 -0.826755 1.295705 1.295705 1.295705
3163.274902 0.000000 2598.917725 0.000000 0.823722 0.000000 0.566993 0.721738 0.721738 0.721738
3185.111328 0.000000 2576.144043 0.000000 0.248978 0.000000 0.968509 0.636649 0.636649 0.636649
3178.903809 0.000000 2620.461426 0.000000 0.859335 0.000000 -0.511413 0.854681 0.854681 0.854681
3143.838379 0.000000 2582.906494 0.000000 0.610193 0.000000 -0.792252 0.898629 0.898629 0.898629
3177.066406 0.000000 2579.226807 0.000000 0.568453 0.000000 0.822716 0.307932 0.307932 0.307932
3196.294434 0.000000 2589.041016 0.000000 0.463644 0.000000 -0.886022 1.210958 1.210958 1.210958
3199.945312 0.000000 2581.680908 0.000000 0.995487 0.000000 0.094902 0.753872 0.753872 0.753872
3161.631836 0.000000 2579.833496 0.000000 0.444917 0.000000 0.895572 0.673667 0.673667 0.673667
3198.191895 0.000000 2587.004883 0.000000 0.958858 0.000000 -0.283888 0.916129 0.916129 0.916129
3163.797119 0.000000 2604.270020 0.000000 0.999292 0.000000 0.037618 0.781213 0.781213 0.781213
3182.050293 0.000000 2600.694336 0.000000 0.309693 0.000000 0.950837 0.323407 0.323407 0.323407
3145.663330 0.000000 2605.650146 0.000000 0.568417 0.000000 -0.822740 0.942802 0.942802 0.942802
3193.340332 0.000000 2597.163330 0.000000 0.717132 0.000000 -0.696938 1.178866 1.178866 1.178866
3175.393066 0.000000 2575.058594 0.000000 0.944346 0.000000 -0.328954 0.844854 0.844854 0.844854
3195.323730 0.000000 2563.964600 0.000000 0.022442 0.000000 -0.999748 1.056672 1.056672 1.056672
3163.458008 0.000000 2620.812012 0.000000 0.479854 0.000000 0.877348 0.639675 0.639675 0.639675
3199.694824 0.000000 2596.460205 0.000000 0.940747 0.000000 -0.339110 0.976202 0.976202 0.976202
3166.625244 0.000000 2568.709473 0.000000 0.887196 0.000000 0.461392 0.740616 0.740616 0.740616
3163.008545 0.000000 2569.677246 0.000000 0.895182 0.000000 0.445700 0.597020 0.597020 0.597020
3191.301025 0.000000 2566.958740 0.000000 0.995225 0.000000 -0.097603 0.839830 0.839830 0.839830
3191.374512 0.000000 2606.087402 0.000000 0.560364 0.000000 -0.828246 1.297058 1.297058 1.297058
3184.499023 0.000000 2590.730225 0.000000 0.041950 0.000000 -0.999120 1.419850 1.419850 1.419850
3177.916748 0.000000 2623.792969 0.000000 0.254859 0.000000 -0.966978 0.986202 0.986202 0.986202
3195.085938 0.000000 2580.743652 0.000000 0.057340 0.000000 -0.998355 1.380353 1.380353 1.380353
3192.013184 0.000000 2574.074707 0.000000 0.296460 0.000000 -0.955045 1.281863 1.281863 1.281863
3197.343506 0.000000 2606.064209 0.000000 0.996880 0.000000 -0.078938 0.840244 0.840244 0.840244
3177.375977 0.000000 2601.206055 0.000000 0.539710 0.000000 -0.841851 1.263685 1.263685 1.263685
3186.186768 0.000000 2616.689697 0.000000 0.533759 0.000000 0.845636 0.665147 0.665147 0.665147
3141.270508 0.000000 2595.638672 0.000000 0.610317 0.000000 -0.792157 0.944266 0.944266 0.944266
3197.418213 0.000000 2568.048340 0.000000 0.965220 0.000000 0.261440 0.665284 0.665284 0.665284
3199.123535 0.000000 2609.041016 0.000000 0.986282 0.000000 0.165071 0.715544 0.715544 0.715544
3167.849365 0.000000 2602.270996 0.000000 0.543514 0.000000 0.839400 0.616956 0.616956 0.616956
3146.508545 0.000000 2603.506348 0.000000 0.651082 0.000000 -0.759008 0.944580 0.944580 0.944580
3160.026123 0.000000 2576.245850 0.000000 0.936527 0.000000 -0.350597 0.920907 0.920907 0.920907
3165.121582 0.000000 2617.147461 0.000000 0.909106 0.000000 0.416566 0.595762 0.595762 0.595762
3199.981445 0.000000 2569.215332 0.000000 0.833276 0.000000 0.552857 0.518039 0.518039 0.518039
3191.080078 0.000000 2601.417480 0.000000 0.924327 0.000000 -0.381601 0.853956 0.853956 0.853956
3154.337402 0.000000 2566.711670 0.000000 0.633834 0.000000 -0.773469 0.939526 0.939526 0.939526
3174.786133 0.000000 2604.403076 0.000000 0.049493 0.000000 -0.998774 1.425903 1.425903 1.425903
3178.766113 0.000000 2617.304199 0.000000 0.326123 0.000000 -0.945327 1.430812 1.430812 1.430812
3156.252930 0.000000 2600.385742 0.000000 0.681015 0.000000 0.732269 0.644102 0.644102 0.644102
3190.072021 0.000000 2582.322998 0.000000 0.549813 0.000000 0.835288 0.604516 0.604516 0.604516
3183.595947 0.000000 2613.427246 0.000000 0.835247 0.000000 0.549875 0.686044 0.686044 0.686044
3180.927002 0.000000 2598.741455 0.000000 0.231136 0.000000 0.972921 0.169548 0.169548 0.169548
3155.236084 0.000000 2596.138916 0.000000 0.944879 0.000000 0.327421 0.679413 0.679413 0.679413
3187.077637 0.000000 2612.449463 0.000000 0.995368 0.000000 0.096140 0.769230 0.769230 0.769230
3189.023926 0.000000 2608.562012 0.000000 0.996493 0.000000 0.083673 0.757336 0.757336 0.757336
3180.365723 0.000000 2570.361084 0.000000 0.699191 0.000000 0.714935 0.513645 0.513645 0.513645
3175.178955 0.000000 2601.458984 0.000000 0.953627 0.000000 0.300992 0.750540 0.750540 0.750540
3186.479492 0.000000 2585.896729 0.000000 0.308302 0.000000 0.951289 0.533802 0.533802 0.533802
3179.191650 0.000000 2602.497803 0.000000 0.621417 0.000000 0.783480 0.627391 0.627391 0.627391
3199.178223 0.000000 2594.425781 0.000000 0.963582 0.000000 -0.267414 0.893536 0.893536 0.893536
3164.762695 0.000000 2570.758301 0.000000 0.986728 0.000000 -0.162383 0.849190 0.849190 0.849190
3167.389893 0.000000 2618.043213 0.000000 0.690223 0.000000 0.723597 0.622266 0.622266 0.622266
3142.319336 0.000000 2599.887207 0.000000 0.305448 0.000000 0.952209 0.580995 0.580995 0.580995
3182.710205 0.000000 2572.254150 0.000000 0.510560 0.000000 0.859842 0.272899 0.272899 0.272899
3174.937500 0.000000 2618.081299 0.000000 0.997516 0.000000 -0.070445 0.833654 0.833654 0.833654
3195.230469 0.000000 2606.534668 0.000000 0.623680 0.000000 0.781680 0.342981 0.342981 0.342981
3159.571045 0.000000 2623.999268 0.000000 0.889953 0.000000 0.456052 0.717715 0.717715 0.717715
3147.336670 0.000000 2577.361572 0.000000 0.578783 0.000000 0.815481 0.634310 0.634310 0.634310
3195.333008 0.000000 2596.601318 0.000000 0.694909 0.000000 0.719097 0.391289 0.391289 0.391289
3163.983887 0.000000 2577.642334 0.000000 0.865028 0.000000 0.501723 0.680331 0.680331 0.680331
3150.747803 0.000000 2579.323242 0.000000 0.441188 0.000000 -0.897415 1.044714 1.044714 1.044714
3166.527100 0.000000 2614.125488 0.000000 0.967663 0.000000 -0.252248 0.861625 0.861625 0.861625
3196.797852 0.000000 2585.260498 0.000000 0.983788 0.000000 0.179336 0.724374 0.724374 0.724374
3196.702148 0.000000 2594.280029 0.000000 0.898599 0.000000 0.438770 0.568663 0.568663 0.568663
3167.423340 0.000000 2582.722900 0.000000 0.163159 0.000000 0.986600 0.440330 0.440330 0.440330
3197.595703 0.000000 2566.000244 0.000000 0.166550 0.000000 0.986033 0.393557 0.393557 0.393557
3181.178711 0.000000 2620.881836 0.000000 0.966844 0.000000 -0.255367 0.847964 0.847964 0.847964
3182.033936 0.000000 2616.538818 0.000000 0.168762 0.000000 -0.985657 1.230981 1.230981 1.230981
3196.566406 0.000000 2562.398193 0.000000 0.433732 0.000000 0.901042 0.544500 0.544500 0.544500
3176.439209 0.000000 2616.656738 0.000000 0.498881 0.000000 0.866671 0.266009 0.266009 0.266009
3179.334961 0.000000 2609.788086 0.000000 0.832149 0.000000 -0.554553 1.066504 1.066504 1.066504
3185.739746 0.000000 2609.867920 0.000000 0.719913 0.000000 0.694064 0.553329 0.553329 0.553329
3166.964600 0.000000 2597.805420 0.000000 0.103710 0.000000 0.994608 0.413273 0.413273 0.413273
3191.034180 0.000000 2589.043701 0.000000 0.344908 0.000000 0.938636 0.383795 0.383795 0.383795
3153.864014 0.000000 2581.527832 0.000000 0.897800 0.000000 -0.440403 0.950288 0.950288 0.950288
3194.920166 0.000000 2616.652344 0.000000 0.279634 0.000000 -0.960107 1.342525 1.342525 1.342525
3197.110596 0.000000 2614.128662 0.000000 0.963653 0.000000 0.267157 0.688732 0.688732 0.688732
3185.312744 0.000000 2606.751953 0.000000 0.958690 0.000000 0.284452 0.742969 0.742969 0.742969
3157.630127 0.000000 2590.114014 0.000000 0.140296 0.000000 0.990110 0.468690 0.468690 0.468690
3185.188232 0.000000 2600.553467 0.000000 0.915744 0.000000 -0.401763 0.931293 0.931293 0.931293
3198.489990 0.000000 2621.001465 0.000000 0.616767 0.000000 -0.787146 1.178255 1.178255 1.178255
3159.994873 0.000000 2580.666016 0.000000 0.802953 0.000000 -0.596042 0.935188 0.935188 0.935188
3187.059814 0.000000 2603.491699 0.000000 0.419637 0.000000 0.907692 0.486414 0.486414 0.486414
3182.597412 0.000000 2618.934082 0.000000 0.241957 0.000000 -0.970287 1.282148 1.282148 1.282148
3163.452637 0.000000 2616.471924 0.000000 0.221613 0.000000 0.975135 0.331777 0.331777 0.331777
3190.633789 0.000000 2593.806152 0.000000 0.538362 0.000000 -0.842714 1.120295 1.120295 1.120295
3160.912109 0.000000 2588.715332 0.000000 0.765275 0.000000 0.643703 0.501101 0.501101 0.501101
3188.341553 0.000000 2598.448242 0.000000 0.458639 0.000000 0.888623 0.472153 0.472153 0.472153
3182.193848 0.000000 2608.042236 0.000000 0.759484 0.000000 -0.650526 0.976825 0.976825 0.976825
3176.562988 0.000000 2611.533691 0.000000 0.998913 0.000000 -0.046615 0.821887 0.821887 0.821887
3194.354980 0.000000 2600.152344 0.000000 0.925283 0.000000 0.379276 0.670249 0.670249 0.670249
3172.533936 0.000000 2584.764404 0.000000 0.465105 0.000000 0.885255 0.430916 0.430916 0.430916
3195.788574 0.000000 2560.676025 0.000000 0.904034 0.000000 -0.427462 0.992308 0.992308 0.992308
3180.390869 0.000000 2607.976562 0.000000 0.421054 0.000000 0.907035 0.529960 0.529960 0.529960
3190.572021 0.000000 2607.742188 0.000000 0.983241 0.000000 -0.182308 0.893371 0.893371 0.893371
3199.042236 0.000000 2580.141846 0.000000 0.690101 0.000000 0.723713 0.407288 0.407288 0.407288
3170.795166 0.000000 2613.434814 0.000000 0.340134 0.000000 -0.940377 1.242381 1.242381 1.242381
3154.753906 0.000000 2583.031006 0.000000 0.297519 0.000000 -0.954716 1.225696 1.225696 1.225696
3179.594482 0.000000 2606.355225 0.000000 0.013613 0.000000 0.999907 0.414352 0.414352 0.414352
3179.396240 0.000000 2618.882080 0.000000 0.854637 0.000000 -0.519225 0.948292 0.948292 0.948292
3174.874268 0.000000 2623.343994 0.000000 0.848344 0.000000 0.529445 0.608332 0.608332 0.608332
3194.795654 0.000000 2608.373535 0.000000 0.255730 0.000000 -0.966748 1.318911 1.318911 1.318911
3163.840088 0.000000 2587.705078 0.000000 0.219567 0.000000 -0.975598 1.134196 1.134196 1.134196
3166.382568 0.000000 2579.266357 0.000000 0.214891 0.000000 0.976638 0.110304 0.110304 0.110304
3199.347412 0.000000 2612.326660 0.000000 0.753284 0.000000 -0.657695 1.121110 1.121110 1.121110
3174.049561 0.000000 2576.178711 0.000000 0.955175 0.000000 0.296042 0.709961 0.709961 0.709961
3162.285889 0.000000 2604.868164 0.000000 0.694706 0.000000 0.719293 0.399162 0.399162 0.399162
3198.099365 0.000000 2607.585205 0.000000 0.373015 0.000000 0.927825 0.396454 0.396454 0.396454
3119.689453 0.000000 2634.353760 0.000000 0.148513 0.000000 -0.988910 0.899384 0.899384 0.899384
3135.100098 0.000000 2682.470459 0.000000 0.507468 0.000000 -0.861671 1.295743 1.295743 1.295743
3099.829346 0.000000 2658.998291 0.000000 0.037963 0.000000 -0.999279 1.470450 1.470450 1.470450
3130.520508 0.000000 2674.185059 0.000000 0.151244 0.000000 -0.988496 1.468829 1.468829 1.468829
3126.357178 0.000000 2661.203125 0.000000 0.985030 0.000000 -0.172385 0.819031 0.819031 0.819031
3122.907471 0.000000 2654.654053 0.000000 0.557500 0.000000 -0.830177 0.911500 0.911500 0.911500
3129.340332 0.000000 2661.163330 0.000000 0.401018 0.000000 -0.916070 1.359780 1.359780 1.359780
3135.123535 0.000000 2673.041016 0.000000 0.915507 0.000000 0.402303 0.727231 0.727231 0.727231
3129.202637 0.000000 2687.846680 0.000000 0.722582 0.000000 0.691285 0.435663 0.435663 0.435663
3127.080078 0.000000 2665.417480 0.000000 0.873689 0.000000 0.486484 0.730999 0.730999 0.730999
3129.252197 0.000000 2640.563721 0.000000 0.916733 0.000000 -0.399500 0.869769 0.869769 0.869769
3132.512695 0.000000 2665.554688 0.000000 0.993724 0.000000 0.111860 0.755000 0.755000 0.755000
3115.191650 0.000000 2666.497803 0.000000 0.764796 0.000000 0.644273 0.679754 0.679754 0.679754
3135.178223 0.000000 2658.425781 0.000000 0.781316 0.000000 0.624135 0.587302 0.587302 0.587302
3133.127441 0.000000 2682.118652 0.000000 0.586674 0.000000 0.809823 0.539857 0.539857 0.539857
3132.702148 0.000000 2658.280029 0.000000 0.905754 0.000000 -0.423805 0.887407 0.887407 0.887407
3129.163818 0.000000 2657.542480 0.000000 0.857821 0.000000 -0.513948 0.906729 0.906729 0.906729
3129.513916 0.000000 2651.779785 0.000000 0.717362 0.000000 -0.696700 0.949326 0.949326 0.949326
3132.368652 0.000000 2674.595703 0.000000 0.019693 0.000000 0.999806 0.090576 0.090576 0.090576
3134.489990 0.000000 2685.001465 0.000000 0.741581 0.000000 0.670863 0.425478 0.425478 0.425478
3120.299805 0.000000 2652.954590 0.000000 0.533652 0.000000 0.845704 0.576559 0.576559 0.576559
3127.896484 0.000000 2686.571777 0.000000 0.154522 0.000000 0.987989 0.293896 0.293896 0.293896
3130.354980 0.000000 2664.152344 0.000000 0.264083 0.000000 -0.964500 1.211351 1.211351 1.211351
3098.065186 0.000000 2659.145508 0.000000 0.541751 0.000000 -0.840539 1.236642 1.236642 1.236642
3132.235107 0.000000 2656.623047 0.000000 0.407945 0.000000 -0.913006 1.255006 1.255006 1.255006
3128.690674 0.000000 2666.292969 0.000000 0.175544 0.000000 0.984472 0.398985 0.398985 0.398985
3095.878174 0.000000 2631.029297 0.000000 0.139289 0.000000 -0.990252 1.220149 1.220149 1.220149
3130.236816 0.000000 2675.846924 0.000000 0.600047 0.000000 -0.799965 1.237051 1.237051 1.237051
3130.048828 0.000000 2677.636963 0.000000 0.495304 0.000000 0.868720 0.404764 0.404764 0.404764
3171.523926 0.000000 2635.150635 0.000000 0.922747 0.000000 -0.385407 0.805531 0.805531 0.805531
3188.888672 0.000000 2631.308105 0.000000 0.706002 0.000000 -0.708210 0.814146 0.814146 0.814146
3188.456055 0.000000 2649.110840 0.000000 0.986625 0.000000 -0.163008 0.883391 0.883391 0.883391
3151.043945 0.000000 2664.765869 0.000000 0.249115 0.000000 0.968474 0.151933 0.151933 0.151933
3146.125244 0.000000 2648.783691 0.000000 0.724936 0.000000 0.688817 0.413009 0.413009 0.413009
3140.492432 0.000000 2677.102539 0.000000 0.180748 0.000000 0.983529 0.114757 0.114757 0.114757
3185.663330 0.000000 2656.828125 0.000000 0.267842 0.000000 -0.963463 1.461903 1.461903 1.461903
3159.028320 0.000000 2642.613525 0.000000 0.848157 0.000000 0.529744 0.521236 0.521236 0.521236
3177.210205 0.000000 2658.904785 0.000000 0.412482 0.000000 0.910966 0.271455 0.271455 0.271455
3194.515625 0.000000 2642.426025 0.000000 0.598081 0.000000 -0.801436 1.273488 1.273488 1.273488
3179.523193 0.000000 2664.381348 0.000000 0.997209 0.000000 0.074655 0.796269 0.796269 0.796269
3188.006104 0.000000 2645.699219 0.000000 0.891359 0.000000 -0.453298 1.039604 1.039604 1.039604
3151.162842 0.000000 2638.655762 0.000000 0.750902 0.000000 0.660414 0.485917 0.485917 0.485917
3179.883545 0.000000 2656.944336 0.000000 0.638063 0.000000 -0.769984 1.247577 1.247577 1.247577
3174.168701 0.000000 2626.670166 0.000000 0.756111 0.000000 -0.654443 0.866971 0.866971 0.866971
3183.181396 0.000000 2684.684814 0.000000 0.989989 0.000000 -0.141145 0.862791 0.862791 0.862791
3154.536133 0.000000 2625.220215 0.000000 0.912856 0.000000 -0.408283 0.831079 0.831079 0.831079
3184.290527 0.000000 2659.640625 0.000000 0.946106 0.000000 0.323857 0.632033 0.632033 0.632033
3140.930664 0.000000 2668.693848 0.000000 0.120746 0.000000 -0.992683 0.901343 0.901343 0.901343
3146.833252 0.000000 2671.841553 0.000000 0.965618 0.000000 -0.259964 0.824686 0.824686 0.824686
3141.467529 0.000000 2674.112061 0.000000 0.936737 0.000000 0.350034 0.617872 0.617872 0.617872
3191.407959 0.000000 2648.139648 0.000000 0.478557 0.000000 0.878057 0.254144 0.254144 0.254144
3152.442627 0.000000 2644.322998 0.000000 0.946770 0.000000 -0.321910 0.836657 0.836657 0.836657
3162.568115 0.000000 2673.466553 0.000000 0.958502 0.000000 -0.285086 0.947235 0.947235 0.947235
3168.840820 0.000000 2661.822021 0.000000 0.530596 0.000000 -0.847625 1.315149 1.315149 1.315149
3184.612061 0.000000 2642.905029 0.000000 0.140191 0.000000 -0.990124 1.528365 1.528365 1.528365
3158.151123 0.000000 2647.355469 0.000000 0.436286 0.000000 0.899808 0.688222 0.688222 0.688222
3174.862305 0.000000 2660.513672 0.000000 0.269185 0.000000 -0.963089 0.921867 0.921867 0.921867
3171.974365 0.000000 2632.327637 0.000000 0.682907 0.000000 0.730506 0.723114 0.723114 0.723114
3155.368408 0.000000 2669.546631 0.000000 0.605175 0.000000 -0.796093 0.897471 0.897471 0.897471
3175.352783 0.000000 2624.085938 0.000000 0.979582 0.000000 0.201043 0.776551 0.776551 0.776551
3182.680176 0.000000 2657.104980 0.000000 0.968606 0.000000 0.248601 0.672047 0.672047 0.672047
3159.152832 0.000000 2652.548096 0.000000 0.583857 0.000000 0.811856 0.402673 0.402673 0.402673
3138.628174 0.000000 2647.326172 0.000000 0.906415 0.000000 0.422387 0.759936 0.759936 0.759936
3185.111328 0.000000 2640.144043 0.000000 0.539368 0.000000 0.842070 0.424102 0.424102 0.424102
3197.166260 0.000000 2637.213135 0.000000 0.826715 0.000000 0.562622 0.518344 0.518344 0.518344
3164.221191 0.000000 2653.343018 0.000000 0.999095 0.000000 0.042533 0.779691 0.779691 0.779691
3150.303711 0.000000 2671.169922 0.000000 0.933659 0.000000 0.358164 0.760494 0.760494 0.760494
3160.228271 0.000000 2649.582520 0.000000 0.119534 0.000000 -0.992830 0.962285 0.962285 0.962285
3150.434082 0.000000 2667.553955 0.000000 0.650434 0.000000 0.759563 0.360661 0.360661 0.360661
3192.841553 0.000000 2653.619385 0.000000 0.243813 0.000000 0.969822 0.614826 0.614826 0.614826
3141.806641 0.000000 2654.691162 0.000000 0.985878 0.000000 -0.167466 0.866875 0.866875 0.866875
3177.066406 0.000000 2643.226807 0.000000 0.644772 0.000000 0.764375 0.379467 0.379467 0.379467
3147.033447 0.000000 2674.808105 0.000000 0.582661 0.000000 -0.812716 1.283219 1.283219 1.283219
3199.945312 0.000000 2645.680908 0.000000 0.978804 0.000000 -0.204800 0.905047 0.905047 0.905047
3147.019043 0.000000 2646.267578 0.000000 0.549509 0.000000 -0.835487 1.270123 1.270123 1.270123
3153.186279 0.000000 2663.220947 0.000000 0.312374 0.000000 0.949959 0.674863 0.674863 0.674863
3144.166016 0.000000 2656.014404 0.000000 0.764681 0.000000 0.644410 0.443365 0.443365 0.443365
3143.254883 0.000000 2676.158447 0.000000 0.780616 0.000000 0.625011 0.466938 0.466938 0.466938
3182.923584 0.000000 2651.677002 0.000000 0.013260 0.000000 0.999912 0.159181 0.159181 0.159181
3143.835693 0.000000 2649.980225 0.000000 0.994542 0.000000 -0.104336 0.853235 0.853235 0.853235
3165.194336 0.000000 2670.420654 0.000000 0.386954 0.000000 0.922099 0.253918 0.253918 0.253918
3155.219727 0.000000 2642.983887 0.000000 0.987621 0.000000 -0.156860 0.876759 0.876759 0.876759
3188.535400 0.000000 2651.741211 0.000000 0.310571 0.000000 0.950550 0.276133 0.276133 0.276133
3186.325928 0.000000 2647.655273 0.000000 0.981168 0.000000 0.193158 0.701003 0.701003 0.701003
3146.408936 0.000000 2654.619873 0.000000 0.728933 0.000000 -0.684585 1.184027 1.184027 1.184027
3195.440430 0.000000 2639.945068 0.000000 0.779493 0.000000 0.626411 0.455237 0.455237 0.455237
3198.191895 0.000000 2651.004883 0.000000 0.999755 0.000000 -0.022117 0.810161 0.810161 0.810161
3175.549561 0.000000 2652.288574 0.000000 0.062917 0.000000 0.998019 0.062179 0.062179 0.062179
3173.556152 0.000000 2650.277588 0.000000 0.992732 0.000000 -0.120349 0.852045 0.852045 0.852045
3145.663330 0.000000 2669.650146 0.000000 0.189221 0.000000 0.981935 0.320274 0.320274 0.320274
3168.013184 0.000000 2684.025635 0.000000 0.769259 0.000000 -0.638937 1.119777 1.119777 1.119777
3193.340332 0.000000 2661.163330 0.000000 0.340158 0.000000 -0.940368 1.327913 1.327913 1.327913
3190.006348 0.000000 2642.454102 0.000000 0.998606 0.000000 -0.052788 0.823522 0.823522 0.823522
3189.933594 0.000000 2633.676025 0.000000 0.548439 0.000000 -0.836190 0.948340 0.948340 0.948340
3192.498535 0.000000 2635.837402 0.000000 0.773857 0.000000 -0.633360 1.090415 1.090415 1.090415
3141.002197 0.000000 2645.888672 0.000000 0.553499 0.000000 -0.832850 0.933671 0.933671 0.933671
3165.342285 0.000000 2666.044189 0.000000 0.996749 0.000000 0.080566 0.758924 0.758924 0.758924
3195.085938 0.000000 2644.743652 0.000000 0.140690 0.000000 -0.990054 1.528109 1.528109 1.528109
3177.591064 0.000000 2651.176758 0.000000 0.727454 0.000000 0.686156 0.517575 0.517575 0.517575
3165.129639 0.000000 2661.459229 0.000000 0.530627 0.000000 -0.847605 0.975750 0.975750 0.975750
3163.232666 0.000000 2626.011719 0.000000 0.080133 0.000000 -0.996784 1.032209 1.032209 1.032209
3147.052979 0.000000 2643.927002 0.000000 0.646837 0.000000 0.762628 0.470856 0.470856 0.470856
3146.748779 0.000000 2659.632812 0.000000 0.741823 0.000000 0.670596 0.550441 0.550441 0.550441
3145.458496 0.000000 2676.552490 0.000000 0.886084 0.000000 0.463524 0.589189 0.589189 0.589189
3149.959229 0.000000 2651.320801 0.000000 0.275382 0.000000 0.961335 0.580696 0.580696 0.580696
3193.258789 0.000000 2649.535889 0.000000 0.758500 0.000000 -0.651673 1.161492 1.161492 1.161492
3152.518555 0.000000 2666.711426 0.000000 0.996237 0.000000 0.086667 0.761698 0.761698 0.761698
3165.121582 0.000000 2681.147461 0.000000 0.235243 0.000000 -0.971937 1.297976 1.297976 1.297976
3143.379395 0.000000 2642.344238 0.000000 0.980006 0.000000 -0.198969 0.862009 0.862009 0.862009
3157.323486 0.000000 2670.696045 0.000000 0.916844 0.000000 0.399246 0.590835 0.590835 0.590835
3155.554688 0.000000 2635.251221 0.000000 0.331565 0.000000 0.943432 0.172123 0.172123 0.172123
3186.036865 0.000000 2644.506348 0.000000 0.962180 0.000000 0.272416 0.659484 0.659484 0.659484
3179.433838 0.000000 2654.806152 0.000000 0.999158 0.000000 -0.041030 0.815246 0.815246 0.815246
3154.242432 0.000000 2639.581055 0.000000 0.676008 0.000000 -0.736894 0.970428 0.970428 0.970428
3190.072021 0.000000 2646.322998 0.000000 0.997709 0.000000 0.067657 0.765516 0.765516 0.765516
3136.955322 0.000000 2660.559326 0.000000 0.809324 0.000000 -0.587363 1.019425 1.019425 1.019425
3192.390137 0.000000 2642.662354 0.000000 0.838583 0.000000 0.544773 0.506585 0.506585 0.506585
3175.047119 0.000000 2658.402344 0.000000 0.180034 0.000000 0.983660 0.597373 0.597373 0.597373
3154.673340 0.000000 2627.353516 0.000000 0.962051 0.000000 -0.272870 0.840295 0.840295 0.840295
3158.452393 0.000000 2676.231689 0.000000 0.013740 0.000000 -0.999906 1.487268 1.487268 1.487268
3192.225830 0.000000 2626.558105 0.000000 0.901109 0.000000 -0.433592 0.875240 0.875240 0.875240
3168.663818 0.000000 2668.757080 0.000000 0.965937 0.000000 0.258779 0.700669 0.700669 0.700669
3136.141846 0.000000 2668.046875 0.000000 0.244528 0.000000 -0.969642 1.000934 1.000934 1.000934
3186.479492 0.000000 2649.896729 0.000000 0.346040 0.000000 0.938220 0.303967 0.303967 0.303967
3168.228516 0.000000 2658.147949 0.000000 0.816157 0.000000 0.577830 0.494852 0.494852 0.494852
3145.286865 0.000000 2665.684326 0.000000 0.089372 0.000000 -0.995998 1.536671 1.536671 1.536671
3199.178223 0.000000 2658.425781 0.000000 0.699656 0.000000 0.714480 0.480498 0.480498 0.480498
3156.018555 0.000000 2677.322510 0.000000 0.191526 0.000000 0.981488 0.098150 0.098150 0.098150
3169.982910 0.000000 2687.217773 0.000000 0.998765 0.000000 -0.049675 0.824714 0.824714 0.824714
3199.129150 0.000000 2637.933594 0.000000 0.619015 0.000000 0.785379 0.339949 0.339949 0.339949
3153.342041 0.000000 2678.497559 0.000000 0.185313 0.000000 0.982680 0.401842 0.401842 0.401842
3142.319336 0.000000 2663.887207 0.000000 0.790505 0.000000 -0.612455 0.914536 0.914536 0.914536
3159.235840 0.000000 2666.692383 0.000000 0.532533 0.000000 0.846409 0.417031 0.417031 0.417031
3162.763428 0.000000 2677.840820 0.000000 0.990005 0.000000 0.141029 0.742065 0.742065 0.742065
3161.959473 0.000000 2675.441162 0.000000 0.954069 0.000000 -0.299588 0.906344 0.906344 0.906344
3138.551514 0.000000 2661.985840 0.000000 0.788800 0.000000 0.614650 0.497249 0.497249 0.497249
3144.660156 0.000000 2658.055176 0.000000 0.529066 0.000000 -0.848581 0.972023 0.972023 0.972023
3149.871338 0.000000 2637.083252 0.000000 0.594501 0.000000 0.804095 0.473498 0.473498 0.473498
3188.408691 0.000000 2643.720215 0.000000 0.998168 0.000000 -0.060509 0.830836 0.830836 0.830836
3142.899170 0.000000 2672.676758 0.000000 0.165976 0.000000 -0.986130 1.515076 1.515076 1.515076
3163.987549 0.000000 2672.046387 0.000000 0.988640 0.000000 0.150305 0.723159 0.723159 0.723159
3149.557617 0.000000 2675.980957 0.000000 0.842090 0.000000 -0.539337 1.090120 1.090120 1.090120
3142.814697 0.000000 2644.963379 0.000000 0.997079 0.000000 0.076378 0.769003 0.769003 0.769003
3195.333008 0.000000 2660.601318 0.000000 0.276904 0.000000 -0.960898 1.317955 1.317955 1.317955
3157.168213 0.000000 2643.255859 0.000000 0.783828 0.000000 0.620978 0.458777 0.458777 0.458777
3150.747803 0.000000 2643.323242 0.000000 0.160252 0.000000 -0.987076 1.301214 1.301214 1.301214
3176.095703 0.000000 2627.528564 0.000000 0.885777 0.000000 0.464111 0.691076 0.691076 0.691076
3183.324707 0.000000 2647.805420 0.000000 0.450303 0.000000 -0.892876 1.362106 1.362106 1.362106
3196.797852 0.000000 2649.260498 0.000000 0.166837 0.000000 0.985984 0.133011 0.133011 0.133011
3145.799072 0.000000 2639.354736 0.000000 0.153260 0.000000 -0.988186 1.145254 1.145254 1.145254
3192.273926 0.000000 2646.336670 0.000000 0.287442 0.000000 0.957798 0.148488 0.148488 0.148488
3196.702148 0.000000 2658.280029 0.000000 0.966720 0.000000 -0.255838 0.848571 0.848571 0.848571
3145.409668 0.000000 2661.948486 0.000000 0.091774 0.000000 0.995780 0.386482 0.386482 0.386482
3148.525635 0.000000 2667.049805 0.000000 0.345520 0.000000 -0.938411 1.420324 1.420324 1.420324
3176.527588 0.000000 2661.613281 0.000000 0.561269 0.000000 0.827633 0.578035 0.578035 0.578035
3193.513916 0.000000 2651.779785 0.000000 0.796667 0.000000 -0.604418 0.946479 0.946479 0.946479
3143.172363 0.000000 2665.840332 0.000000 0.814179 0.000000 0.580615 0.495635 0.495635 0.495635
3147.952393 0.000000 2650.527100 0.000000 0.173111 0.000000 0.984902 0.448490 0.448490 0.448490
3196.566406 0.000000 2626.398193 0.000000 0.580287 0.000000 -0.814412 1.163053 1.163053 1.163053
3172.557861 0.000000 2668.037109 0.000000 0.625718 0.000000 0.780049 0.558752 0.558752 0.558752
3148.765625 0.000000 2664.087891 0.000000 0.339930 0.000000 -0.940451 1.423355 1.423355 1.423355
3190.253662 0.000000 2649.751465 0.000000 0.996763 0.000000 0.080390 0.759013 0.759013 0.759013
3179.334961 0.000000 2673.788086 0.000000 0.545489 0.000000 -0.838118 1.256528 1.256528 1.256528
3136.010498 0.000000 2678.110107 0.000000 0.874889 0.000000 0.484323 0.549574 0.549574 0.549574
3188.954834 0.000000 2640.762451 0.000000 0.826135 0.000000 0.563472 0.587199 0.587199 0.587199
3144.723389 0.000000 2672.026367 0.000000 0.997051 0.000000 0.076744 0.765325 0.765325 0.765325
3193.930420 0.000000 2634.480957 0.000000 0.961085 0.000000 -0.276254 0.918511 0.918511 0.918511
3173.409912 0.000000 2642.502686 0.000000 0.692151 0.000000 -0.721752 0.952991 0.952991 0.952991
3166.964600 0.000000 2661.805420 0.000000 0.993091 0.000000 -0.117345 0.843693 0.843693 0.843693
3148.901611 0.000000 2634.833984 0.000000 0.862150 0.000000 0.506654 0.638708 0.638708 0.638708
3142.542969 0.000000 2677.876465 0.000000 0.895264 0.000000 0.445535 0.572200 0.572200 0.572200
3139.909180 0.000000 2667.003174 0.000000 0.890300 0.000000 -0.455374 0.898205 0.898205 0.898205
3164.370361 0.000000 2664.443359 0.000000 0.832546 0.000000 -0.553955 1.099011 1.099011 1.099011
3149.460449 0.000000 2678.480469 0.000000 0.927798 0.000000 -0.373083 0.896978 0.896978 0.896978
3141.422119 0.000000 2670.547852 0.000000 0.520437 0.000000 -0.853900 1.243557 1.243557 1.243557
3181.218506 0.000000 2658.373779 0.000000 0.873241 0.000000 -0.487289 1.059222 1.059222 1.059222
3179.168701 0.000000 2650.154297 0.000000 0.948190 0.000000 0.317704 0.643090 0.643090 0.643090
3186.967041 0.000000 2640.028076 0.000000 0.867340 0.000000 -0.497716 0.990409 0.990409 0.990409
3159.994873 0.000000 2644.666016 0.000000 0.334881 0.000000 -0.942260 1.106905 1.106905 1.106905
3195.037842 0.000000 2648.712158 0.000000 0.368331 0.000000 -0.929695 1.407887 1.407887 1.407887
3177.835693 0.000000 2663.400635 0.000000 0.556113 0.000000 0.831107 0.531551 0.531551 0.531551
3193.283447 0.000000 2644.398438 0.000000 0.789414 0.000000 0.613861 0.463385 0.463385 0.463385
3151.580566 0.000000 2645.932129 0.000000 0.936082 0.000000 -0.351783 0.945028 0.945028 0.945028
3184.299805 0.000000 2652.954590 0.000000 0.079783 0.000000 0.996812 0.171697 0.171697 0.171697
3186.666260 0.000000 2682.450195 0.000000 0.910875 0.000000 0.412683 0.687850 0.687850 0.687850
3153.266357 0.000000 2665.045654 0.000000 0.290339 0.000000 -0.956924 1.449971 1.449971 1.449971
3155.892578 0.000000 2667.777588 0.000000 0.819180 0.000000 -0.573537 1.053749 1.053749 1.053749
3194.614990 0.000000 2631.862549 0.000000 0.347352 0.000000 -0.937735 1.152168 1.152168 1.152168
3140.914795 0.000000 2653.138184 0.000000 0.877932 0.000000 -0.478785 1.021370 1.021370 1.021370
3198.291504 0.000000 2646.420898 0.000000 0.940375 0.000000 0.340140 0.637104 0.637104 0.637104
3182.762695 0.000000 2642.841797 0.000000 0.624867 0.000000 0.780731 0.343755 0.343755 0.343755
3158.064941 0.000000 2640.063232 0.000000 0.758350 0.000000 0.651848 0.537656 0.537656 0.537656
3176.426758 0.000000 2634.255127 0.000000 0.532056 0.000000 0.846709 0.479337 0.479337 0.479337
3173.683105 0.000000 2633.140625 0.000000 0.628092 0.000000 -0.778139 1.026178 1.026178 1.026178
3143.399658 0.000000 2638.179443 0.000000 0.968378 0.000000 0.249489 0.727480 0.727480 0.727480
3168.468994 0.000000 2660.093262 0.000000 0.934144 0.000000 0.356896 0.614136 0.614136 0.614136
3161.797607 0.000000 2635.467041 0.000000 0.993756 0.000000 0.111579 0.764716 0.764716 0.764716
3167.677979 0.000000 2636.877686 0.000000 0.231775 0.000000 0.972769 0.340743 0.340743 0.340743
3192.039307 0.000000 2680.049561 0.000000 0.855826 0.000000 0.517264 0.555695 0.555695 0.555695
3158.837402 0.000000 2633.938477 0.000000 0.341590 0.000000 -0.939849 1.110007 1.110007 1.110007
3170.295166 0.000000 2660.802246 0.000000 0.999828 0.000000 -0.018560 0.804337 0.804337 0.804337
3164.747803 0.000000 2657.488525 0.000000 0.116568 0.000000 -0.993183 1.267529 1.267529 1.267529
3160.912109 0.000000 2652.715332 0.000000 0.544877 0.000000 0.838516 0.408687 0.408687 0.408687
3142.887939 0.000000 2658.876709 0.000000 0.911768 0.000000 0.410706 0.654611 0.654611 0.654611
3148.453613 0.000000 2657.579346 0.000000 0.734279 0.000000 0.678848 0.518329 0.518329 0.518329
3141.853027 0.000000 2641.358887 0.000000 0.774938 0.000000 0.632038 0.614160 0.614160 0.614160
3179.778564 0.000000 2646.714355 0.000000 0.722089 0.000000 0.691800 0.497882 0.497882 0.497882
3172.533936 0.000000 2648.764404 0.000000 0.985428 0.000000 0.170092 0.761766 0.761766 0.761766
3181.491455 0.000000 2652.637207 0.000000 0.973791 0.000000 -0.227445 0.916860 0.916860 0.916860
3149.590088 0.000000 2665.704834 0.000000 0.726402 0.000000 -0.687270 1.185906 1.185906 1.185906
3199.042236 0.000000 2644.141846 0.000000 0.002493 0.000000 0.999997 0.001270 0.001270 0.001270
3176.067139 0.000000 2644.725342 0.000000 0.819574 0.000000 0.572973 0.489264 0.489264 0.489264
3149.917725 0.000000 2669.395508 0.000000 0.650590 0.000000 0.759429 0.543349 0.543349 0.543349
3188.742676 0.000000 2647.416260 0.000000 0.929486 0.000000 -0.368857 0.992401 0.992401 0.992401
3196.235107 0.000000 2656.623047 0.000000 0.621625 0.000000 -0.783315 1.017495 1.017495 1.017495
3196.734619 0.000000 2638.837891 0.000000 0.998880 0.000000 -0.047323 0.816925 0.816925 0.816925
3168.582275 0.000000 2685.634766 0.000000 0.581408 0.000000 -0.813612 1.238450 1.238450 1.238450
3187.993164 0.000000 2653.338867 0.000000 0.089156 0.000000 -0.996018 1.217212 1.217212 1.217212
3184.194824 0.000000 2657.896973 0.000000 0.999503 0.000000 0.031521 0.783944 0.783944 0.783944
3193.274902 0.000000 2681.249023 0.000000 0.905789 0.000000 0.423730 0.603370 0.603370 0.603370
3191.512695 0.000000 2634.395264 0.000000 0.813953 0.000000 0.580931 0.489254 0.489254 0.489254
3144.515381 0.000000 2651.549561 0.000000 0.983208 0.000000 -0.182487 0.852780 0.852780 0.852780
3140.041260 0.000000 2654.871094 0.000000 0.644495 0.000000 -0.764609 1.145954 1.145954 1.145954
3162.865723 0.000000 2657.527344 0.000000 0.761263 0.000000 -0.648443 1.029688 1.029688 1.029688
3182.327637 0.000000 2678.562500 0.000000 0.869343 0.000000 -0.494209 0.998225 0.998225 0.998225
3199.160156 0.000000 2624.092773 0.000000 0.756340 0.000000 -0.654178 1.154631 1.154631 1.154631
3143.060547 0.000000 2648.437744 0.000000 0.863209 0.000000 -0.504847 1.069522 1.069522 1.069522
3174.690674 0.000000 2646.110107 0.000000 0.904660 0.000000 0.426134 0.575800 0.575800 0.575800
3159.035400 0.000000 2650.897217 0.000000 0.640265 0.000000 0.768154 0.383622 0.383622 0.383622
3182.635742 0.000000 2659.452881 0.000000 0.963581 0.000000 -0.267418 0.926518 0.926518 0.926518
3195.966553 0.000000 2643.233398 0.000000 0.770867 0.000000 -0.636996 1.151717 1.151717 1.151717
3180.166992 0.000000 2644.029297 0.000000 0.245751 0.000000 -0.969333 1.196203 1.196203 1.196203
3162.067383 0.000000 2664.101074 0.000000 0.868632 0.000000 0.495458 0.657130 0.657130 0.657130
3158.692871 0.000000 2648.936768 0.000000 0.308507 0.000000 -0.951222 1.334817 1.334817 1.334817
3141.232666 0.000000 2672.370117 0.000000 0.280384 0.000000 -0.959888 1.455261 1.455261 1.455261
3199.485352 0.000000 2635.846680 0.000000 0.989769 0.000000 -0.142677 0.849753 0.849753 0.849753
3154.819580 0.000000 2641.209717 0.000000 0.915494 0.000000 0.402331 0.688358 0.688358 0.688358
3136.049805 0.000000 2671.859131 0.000000 0.996253 0.000000 0.086481 0.777172 0.777172 0.777172
3199.315430 0.000000 2655.658203 0.000000 0.954215 0.000000 0.299122 0.709601 0.709601 0.709601
3169.422607 0.000000 2666.711914 0.000000 0.248336 0.000000 -0.968674 1.377289 1.377289 1.377289
3183.482666 0.000000 2644.351074 0.000000 0.812969 0.000000 0.582307 0.483440 0.483440 0.483440
3147.856201 0.000000 2673.413330 0.000000 0.605162 0.000000 0.796102 0.465282 0.465282 0.465282
3177.912842 0.000000 2646.699219 0.000000 0.940208 0.000000 -0.340601 0.977009 0.977009 0.977009
3145.521973 0.000000 2642.874512 0.000000 0.471897 0.000000 0.881653 0.435682 0.435682 0.435682
3184.687988 0.000000 2685.326416 0.000000 0.823286 0.000000 -0.567627 0.968780 0.968780 0.968780
3162.285889 0.000000 2668.868164 0.000000 0.571860 0.000000 0.820351 0.500263 0.500263 0.500263
3141.454590 0.000000 2675.761719 0.000000 0.992316 0.000000 0.123729 0.736824 0.736824 0.736824
3200.229248 0.000000 2584.886719 0.000000 0.993635 0.000000 -0.112644 0.801353 0.801353 0.801353
3202.312744 0.000000 2569.467285 0.000000 0.219507 0.000000 -0.975611 0.824257 0.824257 0.824257
3252.456055 0.000000 2585.110840 0.000000 0.983902 0.000000 -0.178709 0.891508 0.891508 0.891508
3206.586426 0.000000 2575.758545 0.000000 0.759747 0.000000 -0.650219 1.160517 1.160517 1.160517
3236.396973 0.000000 2576.374512 0.000000 0.273307 0.000000 -0.961927 1.459012 1.459012 1.459012
3203.764160 0.000000 2607.516113 0.000000 0.042517 0.000000 -0.999096 1.578340 1.578340 1.578340
3249.663330 0.000000 2592.828125 0.000000 0.276221 0.000000 -0.961094 1.457468 1.457468 1.457468
3262.972656 0.000000 2589.459717 0.000000 0.114022 0.000000 0.993478 0.122196 0.122196 0.122196
3251.606689 0.000000 2563.285156 0.000000 0.280367 0.000000 -0.959893 1.442422 1.442422 1.442422
3240.809326 0.000000 2603.521240 0.000000 0.040994 0.000000 0.999159 0.020884 0.020884 0.020884
3244.478271 0.000000 2622.695312 0.000000 0.034699 0.000000 -0.999398 1.573121 1.573121 1.573121
3249.971924 0.000000 2588.266602 0.000000 0.952312 0.000000 0.305127 0.642082 0.642082 0.642082
3255.588867 0.000000 2603.575195 0.000000 0.451150 0.000000 0.892448 0.238378 0.238378 0.238378
3248.097412 0.000000 2598.939453 0.000000 0.394969 0.000000 0.918694 0.206792 0.206792 0.206792
3262.713379 0.000000 2584.471436 0.000000 0.587167 0.000000 -0.809466 0.858400 0.858400 0.858400
3243.523193 0.000000 2600.381348 0.000000 0.297364 0.000000 0.954764 0.232333 0.232333 0.232333
3207.777588 0.000000 2560.011475 0.000000 0.035917 0.000000 -0.999355 1.492804 1.492804 1.492804
3200.278320 0.000000 2606.224365 0.000000 0.326013 0.000000 0.945365 0.169129 0.169129 0.169129
3258.356689 0.000000 2561.698242 0.000000 0.821380 0.000000 0.570381 0.490873 0.490873 0.490873
3252.006104 0.000000 2581.699219 0.000000 0.034252 0.000000 0.999413 0.017448 0.017448 0.017448
3240.925537 0.000000 2618.553467 0.000000 0.296517 0.000000 -0.955028 1.362992 1.362992 1.362992
3233.277344 0.000000 2573.673096 0.000000 0.935397 0.000000 0.353599 0.615933 0.615933 0.615933
3249.708740 0.000000 2604.947754 0.000000 0.168397 0.000000 0.985719 0.086174 0.086174 0.086174
3226.095947 0.000000 2577.210938 0.000000 0.579185 0.000000 0.815196 0.314606 0.314606 0.314606
3260.531494 0.000000 2608.222412 0.000000 0.986571 0.000000 -0.163335 0.871763 0.871763 0.871763
3238.168701 0.000000 2562.670166 0.000000 0.507572 0.000000 -0.861609 1.328869 1.328869 1.328869
3248.406250 0.000000 2585.438721 0.000000 0.766026 0.000000 -0.642810 1.155570 1.155570 1.155570
3248.290527 0.000000 2595.640625 0.000000 0.902004 0.000000 0.431727 0.577997 0.577997 0.577997
3209.304443 0.000000 2577.271240 0.000000 0.713031 0.000000 -0.701132 1.195715 1.195715 1.195715
3255.016113 0.000000 2609.444336 0.000000 0.929904 0.000000 -0.367803 0.991824 0.991824 0.991824
3212.537354 0.000000 2569.006348 0.000000 0.997128 0.000000 -0.075730 0.807116 0.807116 0.807116
3225.099365 0.000000 2593.670410 0.000000 0.988773 0.000000 -0.149425 0.861110 0.861110 0.861110
3205.467529 0.000000 2610.112061 0.000000 0.274770 0.000000 0.961510 0.141763 0.141763 0.141763
3221.783203 0.000000 2571.341797 0.000000 0.229693 0.000000 0.973263 0.118036 0.118036 0.118036
3213.388672 0.000000 2622.958984 0.000000 0.923628 0.000000 -0.383290 1.000335 1.000335 1.000335
3202.849609 0.000000 2586.401367 0.000000 0.955738 0.000000 -0.294218 0.926447 0.926447 0.926447
3243.747070 0.000000 2588.383545 0.000000 0.794266 0.000000 0.607570 0.467431 0.467431 0.467431
3215.504639 0.000000 2589.846924 0.000000 0.787857 0.000000 -0.615859 1.074299 1.074299 1.074299
3255.407959 0.000000 2584.139648 0.000000 0.776642 0.000000 -0.629943 1.076299 1.076299 1.076299
3222.441162 0.000000 2568.117188 0.000000 0.325901 0.000000 -0.945404 1.413612 1.413612 1.413612
3205.870850 0.000000 2615.686035 0.000000 0.702796 0.000000 0.711391 0.396905 0.396905 0.396905
3237.385498 0.000000 2573.613525 0.000000 0.793434 0.000000 0.608657 0.466734 0.466734 0.466734
3202.457031 0.000000 2618.742920 0.000000 0.278765 0.000000 -0.960359 1.422670 1.422670 1.422670
3223.577881 0.000000 2617.747803 0.000000 0.857669 0.000000 -0.514202 1.014654 1.014654 1.014654
3203.198730 0.000000 2592.385498 0.000000 0.999344 0.000000 0.036206 0.782497 0.782497 0.782497
3230.410400 0.000000 2592.941895 0.000000 0.443763 0.000000 0.896144 0.263017 0.263017 0.263017
3248.732422 0.000000 2564.006348 0.000000 0.906459 0.000000 -0.422293 1.022040 1.022040 1.022040
3225.502441 0.000000 2574.441650 0.000000 0.369474 0.000000 0.929241 0.259419 0.259419 0.259419
3239.023926 0.000000 2577.525635 0.000000 0.548804 0.000000 0.835951 0.422394 0.422394 0.422394
3207.838379 0.000000 2582.906494 0.000000 0.882147 0.000000 0.470973 0.731440 0.731440 0.731440
3214.303711 0.000000 2607.169922 0.000000 0.969650 0.000000 -0.244497 0.902117 0.902117 0.902117
3224.228271 0.000000 2585.582520 0.000000 0.519178 0.000000 -0.854666 0.941242 0.941242 0.941242
3204.095703 0.000000 2576.938477 0.000000 0.999997 0.000000 -0.002290 0.801029 0.801029 0.801029
3214.434082 0.000000 2603.553955 0.000000 0.187291 0.000000 0.982304 0.659191 0.659191 0.659191
3205.806641 0.000000 2590.691162 0.000000 0.995587 0.000000 0.093844 0.755514 0.755514 0.755514
3250.623047 0.000000 2608.116699 0.000000 0.384646 0.000000 0.923064 0.201082 0.201082 0.201082
3263.945312 0.000000 2581.680908 0.000000 0.871505 0.000000 0.490386 0.614719 0.614719 0.614719
3217.186279 0.000000 2599.220947 0.000000 0.913184 0.000000 0.407546 0.740476 0.740476 0.740476
3229.050293 0.000000 2586.360352 0.000000 0.785912 0.000000 0.618338 0.714790 0.714790 0.714790
3235.559570 0.000000 2591.153320 0.000000 0.583223 0.000000 -0.812312 1.282866 1.282866 1.282866
3207.254883 0.000000 2612.158447 0.000000 0.851641 0.000000 -0.524126 1.038000 1.038000 1.038000
3250.325928 0.000000 2583.655273 0.000000 0.941602 0.000000 -0.336727 0.939930 0.939930 0.939930
3259.440430 0.000000 2575.945068 0.000000 0.924735 0.000000 0.380612 0.601141 0.601141 0.601141
3248.187012 0.000000 2602.112305 0.000000 0.962653 0.000000 0.270740 0.660371 0.660371 0.660371
3203.063721 0.000000 2610.984863 0.000000 0.334820 0.000000 0.942282 0.173881 0.173881 0.173881
3246.050293 0.000000 2600.694336 0.000000 0.511055 0.000000 -0.859548 1.326808 1.326808 1.326808
3201.475586 0.000000 2608.701904 0.000000 0.319660 0.000000 0.947532 0.165710 0.165710 0.165710
3239.549561 0.000000 2588.288574 0.000000 0.840378 0.000000 -0.542001 1.071140 1.071140 1.071140
3227.537598 0.000000 2582.039062 0.000000 0.094239 0.000000 -0.995550 1.348469 1.348469 1.348469
3250.907471 0.000000 2590.654053 0.000000 0.624339 0.000000 -0.781154 1.247637 1.247637 1.247637
3214.549805 0.000000 2565.160400 0.000000 0.932269 0.000000 -0.361767 0.851751 0.851751 0.851751
3211.076660 0.000000 2615.520264 0.000000 0.095204 0.000000 -0.995458 1.445354 1.445354 1.445354
3203.484131 0.000000 2616.417969 0.000000 0.666371 0.000000 0.745621 0.371445 0.371445 0.371445
3253.933594 0.000000 2569.676025 0.000000 0.956687 0.000000 0.291118 0.657816 0.657816 0.657816
3256.498535 0.000000 2571.837402 0.000000 0.548978 0.000000 0.835837 0.689312 0.689312 0.689312
3261.251465 0.000000 2578.173584 0.000000 0.371607 0.000000 -0.928390 1.406091 1.406091 1.406091
3259.323730 0.000000 2563.964600 0.000000 0.033863 0.000000 0.999426 0.020319 0.020319 0.020319
3218.127686 0.000000 2592.360596 0.000000 0.966436 0.000000 -0.256906 0.923503 0.923503 0.923503
3241.644287 0.000000 2573.944824 0.000000 0.844200 0.000000 0.536029 0.724297 0.724297 0.724297
3217.605957 0.000000 2594.788574 0.000000 0.997327 0.000000 -0.073062 0.811538 0.811538 0.811538
3227.008545 0.000000 2569.677246 0.000000 0.997325 0.000000 0.073089 0.787727 0.787727 0.787727
3211.688965 0.000000 2618.299561 0.000000 0.145416 0.000000 0.989371 0.074323 0.074323 0.074323
3255.301025 0.000000 2566.958740 0.000000 0.914860 0.000000 0.403770 0.646428 0.646428 0.646428
3231.193359 0.000000 2590.642578 0.000000 0.684611 0.000000 -0.728909 1.106665 1.106665 1.106665
3233.141113 0.000000 2570.909180 0.000000 0.485113 0.000000 0.874452 0.317473 0.317473 0.317473
3255.374512 0.000000 2606.087402 0.000000 0.819201 0.000000 -0.573507 1.111068 1.111068 1.111068
3248.499023 0.000000 2590.730225 0.000000 0.998202 0.000000 0.059945 0.769452 0.769452 0.769452
3225.739502 0.000000 2622.648682 0.000000 0.996040 0.000000 -0.088908 0.811380 0.811380 0.811380
3237.940186 0.000000 2570.897705 0.000000 0.571565 0.000000 -0.820557 1.290138 1.290138 1.290138
3236.208984 0.000000 2581.414795 0.000000 0.999741 0.000000 -0.022779 0.803139 0.803139 0.803139
3205.530029 0.000000 2573.630127 0.000000 0.454086 0.000000 0.890958 0.341064 0.341064 0.341064
3201.857178 0.000000 2623.164062 0.000000 0.845742 0.000000 0.533592 0.702201 0.702201 0.702201
3202.518066 0.000000 2605.470703 0.000000 0.576330 0.000000 0.817217 0.438917 0.438917 0.438917
3260.650391 0.000000 2583.208740 0.000000 0.956255 0.000000 -0.292533 0.837355 0.837355 0.837355
3241.591064 0.000000 2587.176758 0.000000 0.363444 0.000000 0.931616 0.577325 0.577325 0.577325
3230.372070 0.000000 2621.639160 0.000000 0.465352 0.000000 -0.885126 1.353485 1.353485 1.353485
3256.013184 0.000000 2574.074707 0.000000 0.993574 0.000000 -0.113184 0.839645 0.839645 0.839645
3229.129639 0.000000 2597.459229 0.000000 0.004094 0.000000 -0.999992 1.053455 1.053455 1.053455
3224.088867 0.000000 2572.448730 0.000000 0.903816 0.000000 0.427921 0.731113 0.731113 0.731113
3261.343506 0.000000 2606.064209 0.000000 0.955484 0.000000 0.295044 0.746164 0.746164 0.746164
3241.375977 0.000000 2601.206055 0.000000 0.713378 0.000000 -0.700780 1.057439 1.057439 1.057439
3222.142822 0.000000 2580.939209 0.000000 0.685582 0.000000 0.727996 0.384723 0.384723 0.384723
3211.052979 0.000000 2579.927002 0.000000 0.788466 0.000000 -0.615078 0.921729 0.921729 0.921729
3261.418213 0.000000 2568.048340 0.000000 0.910521 0.000000 0.413464 0.628031 0.628031 0.628031
3210.748779 0.000000 2595.632812 0.000000 0.857622 0.000000 -0.514281 1.047056 1.047056 1.047056
3210.508545 0.000000 2603.506348 0.000000 0.957612 0.000000 -0.288060 0.946482 0.946482 0.946482
3224.026123 0.000000 2576.245850 0.000000 0.730621 0.000000 0.682783 0.465265 0.465265 0.465265
3222.727051 0.000000 2620.559814 0.000000 0.538818 0.000000 -0.842422 0.984070 0.984070 0.984070
3229.121582 0.000000 2617.147461 0.000000 0.997537 0.000000 -0.070142 0.822573 0.822573 0.822573
3255.080078 0.000000 2601.417480 0.000000 0.169338 0.000000 -0.985558 1.435012 1.435012 1.435012
3216.452393 0.000000 2572.535400 0.000000 0.353995 0.000000 0.935247 0.556128 0.556128 0.556128
3219.554688 0.000000 2571.251221 0.000000 0.867193 0.000000 -0.497972 1.065475 1.065475 1.065475
3220.252930 0.000000 2600.385742 0.000000 0.602114 0.000000 -0.798410 1.209978 1.209978 1.209978
3243.739990 0.000000 2562.272217 0.000000 0.994078 0.000000 -0.108673 0.819573 0.819573 0.819573
3231.565674 0.000000 2566.771484 0.000000 0.977923 0.000000 -0.208964 0.838681 0.838681 0.838681
3254.072021 0.000000 2582.322998 0.000000 0.467716 0.000000 0.883879 0.247877 0.247877 0.247877
3209.365967 0.000000 2561.547119 0.000000 0.510944 0.000000 -0.859614 0.957029 0.957029 0.957029
3218.518311 0.000000 2610.261475 0.000000 0.983025 0.000000 -0.183472 0.874442 0.874442 0.874442
3244.927002 0.000000 2598.741455 0.000000 0.904726 0.000000 0.425994 0.575879 0.575879 0.575879
3221.859131 0.000000 2598.653564 0.000000 0.998623 0.000000 0.052451 0.780192 0.780192 0.780192
3220.696533 0.000000 2573.479004 0.000000 0.174606 0.000000 0.984638 0.089384 0.089384 0.089384
3200.955322 0.000000 2596.559326 0.000000 0.494147 0.000000 0.869378 0.263231 0.263231 0.263231
3243.452881 0.000000 2595.093018 0.000000 0.484848 0.000000 -0.874599 1.342200 1.342200 1.342200
3256.390137 0.000000 2578.662354 0.000000 0.947855 0.000000 -0.318702 0.915961 0.915961 0.915961
3239.047119 0.000000 2594.402344 0.000000 0.000589 0.000000 -1.000000 1.060295 1.060295 1.060295
3219.236084 0.000000 2596.138916 0.000000 0.328503 0.000000 0.944503 0.600032 0.600032 0.600032
3241.259033 0.000000 2613.231201 0.000000 0.977254 0.000000 0.212074 0.761161 0.761161 0.761161
3222.452393 0.000000 2612.231689 0.000000 0.998637 0.000000 -0.052188 0.815329 0.815329 0.815329
3256.225830 0.000000 2562.558105 0.000000 0.513734 0.000000 -0.857949 1.257249 1.257249 1.257249
3244.365723 0.000000 2570.361084 0.000000 0.635245 0.000000 0.772311 0.488037 0.488037 0.488037
3207.298828 0.000000 2617.259277 0.000000 0.839461 0.000000 -0.543419 1.046696 1.046696 1.046696
3200.141846 0.000000 2604.046875 0.000000 0.654831 0.000000 -0.755775 0.954018 0.954018 0.954018
3239.178955 0.000000 2601.458984 0.000000 0.073279 0.000000 0.997311 0.474006 0.474006 0.474006
3250.479492 0.000000 2585.896729 0.000000 0.093828 0.000000 0.995588 0.047857 0.047857 0.047857
3203.713623 0.000000 2571.047119 0.000000 0.444588 0.000000 -0.895735 1.298847 1.298847 1.298847
3243.191650 0.000000 2602.497803 0.000000 0.674498 0.000000 -0.738276 1.222976 1.222976 1.222976
3249.539307 0.000000 2597.343262 0.000000 0.142569 0.000000 -0.989785 1.527142 1.527142 1.527142
3207.627930 0.000000 2569.790527 0.000000 0.064466 0.000000 0.997920 0.547293 0.547293 0.547293
3209.286865 0.000000 2601.684326 0.000000 0.309667 0.000000 0.950845 0.160348 0.160348 0.160348
3263.178223 0.000000 2594.425781 0.000000 0.806705 0.000000 -0.590954 1.084115 1.084115 1.084115
3220.018555 0.000000 2613.322510 0.000000 0.863477 0.000000 -0.504388 0.990060 0.990060 0.990060
3233.792236 0.000000 2561.831543 0.000000 0.471002 0.000000 -0.882132 1.013618 1.013618 1.013618
3231.389893 0.000000 2618.043213 0.000000 0.912237 0.000000 0.409662 0.648260 0.648260 0.648260
3263.129150 0.000000 2573.933594 0.000000 0.467149 0.000000 0.884178 0.277881 0.277881 0.277881
3223.235840 0.000000 2602.692383 0.000000 0.484224 0.000000 -0.874944 1.170220 1.170220 1.170220
3229.637451 0.000000 2573.138672 0.000000 0.999366 0.000000 -0.035616 0.810174 0.810174 0.810174
3225.959473 0.000000 2611.441162 0.000000 0.107924 0.000000 0.994159 0.095971 0.095971 0.095971
3202.551514 0.000000 2597.985840 0.000000 0.341698 0.000000 -0.939810 1.214931 1.214931 1.214931
3246.710205 0.000000 2572.254150 0.000000 0.963219 0.000000 0.268718 0.755443 0.755443 0.755443
3213.405518 0.000000 2560.711426 0.000000 0.675825 0.000000 0.737062 0.642762 0.642762 0.642762
3210.602051 0.000000 2568.344238 0.000000 0.468834 0.000000 0.883286 0.430185 0.430185 0.430185
3252.408691 0.000000 2579.720215 0.000000 0.874621 0.000000 -0.484807 1.026439 1.026439 1.026439
3259.230469 0.000000 2606.534668 0.000000 0.926886 0.000000 -0.375342 0.929103 0.929103 0.929103
3223.571045 0.000000 2623.999268 0.000000 0.950799 0.000000 0.309808 0.678581 0.678581 0.678581
3227.987549 0.000000 2608.046387 0.000000 0.303503 0.000000 0.952830 0.562991 0.562991 0.562991
3213.557617 0.000000 2611.980957 0.000000 0.998682 0.000000 -0.051323 0.819074 0.819074 0.819074
3234.986816 0.000000 2593.102783 0.000000 0.984939 0.000000 -0.172902 0.888503 0.888503 0.888503
3210.413086 0.000000 2599.727295 0.000000 0.682739 0.000000 -0.730662 1.112537 1.112537 1.112537
3202.014893 0.000000 2561.634277 0.000000 0.837515 0.000000 -0.546414 1.033220 1.033220 1.033220
3207.333984 0.000000 2597.928467 0.000000 0.612428 0.000000 0.790526 0.339333 0.339333 0.339333
3221.168213 0.000000 2579.255859 0.000000 0.679861 0.000000 0.733341 0.624074 0.624074 0.624074
3227.983887 0.000000 2577.642334 0.000000 0.229968 0.000000 0.973198 0.118180 0.118180 0.118180
3242.307129 0.000000 2563.899902 0.000000 0.994247 0.000000 0.107115 0.780709 0.780709 0.780709
3236.948486 0.000000 2614.992920 0.000000 0.564480 0.000000 0.825447 0.611887 0.611887 0.611887
3214.747803 0.000000 2579.323242 0.000000 0.805322 0.000000 0.592837 0.523706 0.523706 0.523706
3241.910645 0.000000 2592.270996 0.000000 0.009832 0.000000 0.999952 0.005007 0.005007 0.005007
3230.527100 0.000000 2614.125488 0.000000 0.471077 0.000000 0.882092 0.249815 0.249815 0.249815
3240.095703 0.000000 2563.528564 0.000000 0.978234 0.000000 0.207503 0.709827 0.709827 0.709827
3260.797852 0.000000 2585.260498 0.000000 0.787683 0.000000 0.616080 0.659478 0.659478 0.659478
3209.799072 0.000000 2575.354736 0.000000 0.939332 0.000000 -0.343009 0.918177 0.918177 0.918177
3256.273926 0.000000 2582.336670 0.000000 0.285536 0.000000 -0.958368 1.165926 1.165926 1.165926
3260.702148 0.000000 2594.280029 0.000000 0.842126 0.000000 -0.539280 1.067334 1.067334 1.067334
3209.409668 0.000000 2597.948486 0.000000 0.999215 0.000000 -0.039623 0.812824 0.812824 0.812824
3235.213135 0.000000 2573.156250 0.000000 0.407389 0.000000 -0.913255 1.275940 1.275940 1.275940
3231.423340 0.000000 2582.722900 0.000000 0.856045 0.000000 0.516902 0.673060 0.673060 0.673060
3247.039795 0.000000 2597.212158 0.000000 0.446136 0.000000 -0.894965 1.125406 1.125406 1.125406
3261.595703 0.000000 2566.000244 0.000000 0.957556 0.000000 0.288246 0.729922 0.729922 0.729922
3246.033936 0.000000 2616.538818 0.000000 0.272570 0.000000 -0.962136 1.386997 1.386997 1.386997
3257.513916 0.000000 2587.779785 0.000000 0.224321 0.000000 0.974515 0.335428 0.335428 0.335428
3207.954834 0.000000 2571.723877 0.000000 0.554999 0.000000 0.831851 0.531185 0.531185 0.531185
3207.172363 0.000000 2601.840332 0.000000 0.397045 0.000000 0.917799 0.514420 0.514420 0.514420
3204.029785 0.000000 2594.202881 0.000000 0.987004 0.000000 0.160696 0.756483 0.756483 0.756483
3224.750732 0.000000 2608.860840 0.000000 0.401560 0.000000 -0.915833 1.290135 1.290135 1.290135
3240.439209 0.000000 2616.656738 0.000000 0.659679 0.000000 0.751547 0.470499 0.470499 0.470499
3207.294678 0.000000 2619.354248 0.000000 0.847931 0.000000 -0.530106 1.038804 1.038804 1.038804
3254.253662 0.000000 2585.751465 0.000000 0.962431 0.000000 -0.271526 0.911487 0.911487 0.911487
3243.334961 0.000000 2609.788086 0.000000 0.420315 0.000000 0.907378 0.361722 0.361722 0.361722
3223.797607 0.000000 2605.517090 0.000000 0.719364 0.000000 0.694634 0.579147 0.579147 0.579147
3235.200195 0.000000 2616.933105 0.000000 0.996011 0.000000 0.089233 0.767699 0.767699 0.767699
3239.011230 0.000000 2566.859131 0.000000 0.664594 0.000000 0.747205 0.370232 0.370232 0.370232
3200.010498 0.000000 2614.110107 0.000000 0.295687 0.000000 0.955285 0.525925 0.525925 0.525925
3229.354248 0.000000 2590.992432 0.000000 0.500621 0.000000 0.865667 0.319284 0.319284 0.319284
3252.954834 0.000000 2576.762451 0.000000 0.806193 0.000000 -0.591652 0.977025 0.977025 0.977025
3216.769531 0.000000 2565.663330 0.000000 0.501004 0.000000 -0.865445 1.046524 1.046524 1.046524
3208.723389 0.000000 2608.026367 0.000000 0.470942 0.000000 0.882164 0.297211 0.297211 0.297211
3237.409912 0.000000 2578.502686 0.000000 0.731823 0.000000 0.681494 0.422621 0.422621 0.422621
3230.964600 0.000000 2597.805420 0.000000 0.326240 0.000000 0.945287 0.483389 0.483389 0.483389
3200.571777 0.000000 2568.710693 0.000000 0.970407 0.000000 0.241476 0.741548 0.741548 0.741548
3212.901611 0.000000 2570.833984 0.000000 0.997586 0.000000 -0.069439 0.815407 0.815407 0.815407
3206.542969 0.000000 2613.876465 0.000000 0.985799 0.000000 -0.167930 0.872791 0.872791 0.872791
3228.370361 0.000000 2600.443359 0.000000 0.963116 0.000000 -0.269086 0.865840 0.865840 0.865840
3213.460449 0.000000 2614.480469 0.000000 0.909721 0.000000 0.415220 0.605017 0.605017 0.605017
3205.422119 0.000000 2606.547852 0.000000 0.547996 0.000000 0.836481 0.364637 0.364637 0.364637
3248.911133 0.000000 2560.058350 0.000000 0.281089 0.000000 -0.959682 1.149273 1.149273 1.149273
3212.237549 0.000000 2621.247070 0.000000 0.995864 0.000000 0.090860 0.753661 0.753661 0.753661
3245.218506 0.000000 2594.373779 0.000000 0.495830 0.000000 -0.868420 1.335782 1.335782 1.335782
3214.558105 0.000000 2621.532715 0.000000 0.104298 0.000000 0.994546 0.053215 0.053215 0.053215
3249.312744 0.000000 2606.751953 0.000000 0.917682 0.000000 0.397316 0.700442 0.700442 0.700442
3221.630127 0.000000 2590.114014 0.000000 0.904943 0.000000 -0.425534 0.938707 0.938707 0.938707
3220.047119 0.000000 2623.361084 0.000000 0.603754 0.000000 0.797171 0.396462 0.396462 0.396462
3261.247803 0.000000 2622.439453 0.000000 0.752718 0.000000 -0.658343 1.051168 1.051168 1.051168
3249.188232 0.000000 2600.553467 0.000000 0.692661 0.000000 0.721263 0.511985 0.511985 0.511985
3243.168701 0.000000 2586.154297 0.000000 0.802659 0.000000 0.596438 0.663431 0.663431 0.663431
3223.842773 0.000000 2622.045654 0.000000 0.987067 0.000000 0.160306 0.737939 0.737939 0.737939
3212.667725 0.000000 2608.010498 0.000000 0.791522 0.000000 0.611141 0.465137 0.465137 0.465137
3217.879639 0.000000 2597.442383 0.000000 0.610184 0.000000 0.792260 0.496804 0.496804 0.496804
3223.994873 0.000000 2580.666016 0.000000 0.559049 0.000000 0.829135 0.302134 0.302134 0.302134
3257.283447 0.000000 2580.398438 0.000000 0.528980 0.000000 0.848634 0.320312 0.320312 0.320312
3241.965576 0.000000 2605.952148 0.000000 0.951686 0.000000 0.307073 0.641041 0.641041 0.641041
3254.156250 0.000000 2574.039062 0.000000 0.045136 0.000000 0.998981 0.486151 0.486151 0.486151
3215.580566 0.000000 2581.932129 0.000000 0.849565 0.000000 0.527484 0.539211 0.539211 0.539211
3217.714355 0.000000 2568.621582 0.000000 0.625259 0.000000 -0.780417 1.080746 1.080746 1.080746
3248.299805 0.000000 2588.954590 0.000000 0.807616 0.000000 0.589709 0.478788 0.478788 0.478788
3207.461426 0.000000 2566.388916 0.000000 0.943462 0.000000 -0.331480 0.972077 0.972077 0.972077
3203.395996 0.000000 2614.598145 0.000000 0.784882 0.000000 -0.619646 1.140358 1.140358 1.140358
3246.597412 0.000000 2618.934082 0.000000 0.235714 0.000000 0.971822 0.190401 0.190401 0.190401
3230.597656 0.000000 2610.468750 0.000000 0.939323 0.000000 0.343035 0.621672 0.621672 0.621672
3223.907227 0.000000 2583.820557 0.000000 0.893449 0.000000 -0.449164 1.037245 1.037245 1.037245
3252.861328 0.000000 2613.891846 0.000000 0.999976 0.000000 0.006990 0.798157 0.798157 0.798157
3238.425781 0.000000 2607.262695 0.000000 0.184204 0.000000 0.982888 0.116491 0.116491 0.116491
3255.004395 0.000000 2599.024414 0.000000 0.144591 0.000000 0.989491 0.506712 0.506712 0.506712
3246.762695 0.000000 2578.841797 0.000000 0.955682 0.000000 -0.294401 0.866248 0.866248 0.866248
3227.350586 0.000000 2574.291992 0.000000 0.989521 0.000000 0.144392 0.759195 0.759195 0.759195
3222.064941 0.000000 2576.063232 0.000000 0.707537 0.000000 0.706676 0.613478 0.613478 0.613478
3229.180664 0.000000 2581.357910 0.000000 0.008843 0.000000 0.999961 0.004504 0.004504 0.004504
3225.977051 0.000000 2592.087402 0.000000 0.409069 0.000000 -0.912504 1.268293 1.268293 1.268293
3251.491211 0.000000 2592.351074 0.000000 0.964142 0.000000 0.265386 0.744208 0.744208 0.744208
3240.426758 0.000000 2570.255127 0.000000 0.403913 0.000000 -0.914797 1.309808 1.309808 1.309808
3237.683105 0.000000 2569.140625 0.000000 0.998448 0.000000 -0.055694 0.827155 0.827155 0.827155
3208.834717 0.000000 2568.392578 0.000000 0.719929 0.000000 -0.694048 1.190679 1.190679 1.190679
3257.576660 0.000000 2563.857910 0.000000 0.982269 0.000000 -0.187475 0.883619 0.883619 0.883619
3207.399658 0.000000 2574.179443 0.000000 0.264439 0.000000 -0.964403 1.463701 1.463701 1.463701
3210.793701 0.000000 2620.008057 0.000000 0.955385 0.000000 0.295364 0.729935 0.729935 0.729935
3242.635986 0.000000 2572.448975 0.000000 0.998024 0.000000 -0.062842 0.832026 0.832026 0.832026
3231.677979 0.000000 2572.877686 0.000000 0.859693 0.000000 0.510812 0.674719 0.674719 0.674719
3253.841553 0.000000 2591.996582 0.000000 0.832195 0.000000 -0.554482 0.959645 0.959645 0.959645
3222.837402 0.000000 2569.938477 0.000000 0.292870 0.000000 -0.956152 1.430818 1.430818 1.430818
3234.295166 0.000000 2596.802246 0.000000 0.530584 0.000000 -0.847632 1.044447 1.044447 1.044447
3238.891357 0.000000 2564.763428 0.000000 0.954885 0.000000 -0.296976 0.925261 0.925261 0.925261
3211.608154 0.000000 2622.899170 0.000000 0.085016 0.000000 0.996380 0.165008 0.165008 0.165008
3206.887939 0.000000 2594.876709 0.000000 0.050637 0.000000 0.998717 0.347624 0.347624 0.347624
3204.144531 0.000000 2619.563965 0.000000 0.938528 0.000000 -0.345204 0.979505 0.979505 0.979505
3212.453613 0.000000 2593.579346 0.000000 0.112067 0.000000 -0.993701 1.286464 1.286464 1.286464
3203.894775 0.000000 2609.421387 0.000000 0.514384 0.000000 -0.857560 1.324833 1.324833 1.324833
3205.853027 0.000000 2577.358887 0.000000 0.595607 0.000000 -0.803276 1.219169 1.219169 1.219169
3213.809570 0.000000 2590.395020 0.000000 0.526716 0.000000 -0.850041 1.126721 1.126721 1.126721
3243.778564 0.000000 2582.714355 0.000000 0.508397 0.000000 -0.861123 1.125317 1.125317 1.125317
3202.070312 0.000000 2590.978516 0.000000 0.633027 0.000000 -0.774129 1.162488 1.162488 1.162488
3245.491455 0.000000 2588.637207 0.000000 0.196415 0.000000 0.980521 0.180217 0.180217 0.180217
3256.983887 0.000000 2560.629883 0.000000 0.952348 0.000000 0.305013 0.674952 0.674952 0.674952
3259.788574 0.000000 2560.676025 0.000000 0.449873 0.000000 0.893093 0.237649 0.237649 0.237649
3246.441895 0.000000 2565.300537 0.000000 0.242894 0.000000 0.970053 0.183194 0.183194 0.183194
3252.555420 0.000000 2571.181152 0.000000 0.134331 0.000000 0.990937 0.318151 0.318151 0.318151
3254.572021 0.000000 2607.742188 0.000000 0.951940 0.000000 -0.306284 0.958537 0.958537 0.958537
3245.344727 0.000000 2591.997559 0.000000 0.081822 0.000000 0.996647 0.041718 0.041718 0.041718
3263.042236 0.000000 2580.141846 0.000000 0.764332 0.000000 0.644822 0.546664 0.546664 0.546664
3252.742676 0.000000 2583.416260 0.000000 0.998229 0.000000 -0.059493 0.830317 0.830317 0.830317
3260.235107 0.000000 2592.623047 0.000000 0.999655 0.000000 -0.026270 0.808029 0.808029 0.808029
3209.552734 0.000000 2583.136230 0.000000 0.910519 0.000000 0.413468 0.618664 0.618664 0.618664
3246.770508 0.000000 2585.830566 0.000000 0.852841 0.000000 -0.522171 0.983245 0.983245 0.983245
3260.734619 0.000000 2574.837891 0.000000 0.877720 0.000000 -0.479174 0.947711 0.947711 0.947711
3232.582275 0.000000 2621.634766 0.000000 0.882874 0.000000 0.469610 0.685767 0.685767 0.685767
3251.993164 0.000000 2589.338867 0.000000 0.427294 0.000000 -0.904113 1.375147 1.375147 1.375147
3248.194824 0.000000 2593.896973 0.000000 0.998217 0.000000 0.059686 0.769584 0.769584 0.769584
3256.690674 0.000000 2602.292969 0.000000 0.222487 0.000000 -0.974936 1.472286 1.472286 1.472286
3255.512695 0.000000 2570.395264 0.000000 0.405436 0.000000 -0.914123 1.242271 1.242271 1.242271
3208.515381 0.000000 2587.549561 0.000000 0.968034 0.000000 0.250821 0.710375 0.710375 0.710375
3204.041260 0.000000 2590.871094 0.000000 0.990160 0.000000 0.139943 0.733540 0.733540 0.733540
3244.822021 0.000000 2601.859619 0.000000 0.787761 0.000000 -0.615981 0.980258 0.980258 0.980258
3246.327637 0.000000 2614.562500 0.000000 0.436419 0.000000 0.899744 0.520591 0.520591 0.520591
3212.970703 0.000000 2576.933838 0.000000 0.758892 0.000000 -0.651216 1.016711 1.016711 1.016711
3243.594482 0.000000 2606.355225 0.000000 0.993249 0.000000 0.116005 0.740786 0.740786 0.740786
3263.160156 0.000000 2560.092773 0.000000 0.082226 0.000000 -0.996614 1.537265 1.537265 1.537265
3245.077393 0.000000 2604.800781 0.000000 0.992082 0.000000 0.125596 0.762777 0.762777 0.762777
3200.178711 0.000000 2574.809570 0.000000 0.980035 0.000000 -0.198827 0.848372 0.848372 0.848372
3223.035400 0.000000 2586.897217 0.000000 0.128336 0.000000 -0.991731 1.295399 1.295399 1.295399
3229.899902 0.000000 2566.886719 0.000000 0.587242 0.000000 -0.809412 1.186157 1.186157 1.186157
3251.039795 0.000000 2606.088623 0.000000 0.426965 0.000000 -0.904268 1.375333 1.375333 1.375333
3232.616455 0.000000 2575.394287 0.000000 0.071747 0.000000 -0.997423 1.267038 1.267038 1.267038
3255.176025 0.000000 2611.319580 0.000000 0.991786 0.000000 0.127905 0.743901 0.743901 0.743901
3229.392090 0.000000 2612.928223 0.000000 0.998023 0.000000 -0.062849 0.829769 0.829769 0.829769
3221.261719 0.000000 2569.323730 0.000000 0.488387 0.000000 -0.872627 1.079600 1.079600 1.079600
3244.166992 0.000000 2580.029297 0.000000 0.999620 0.000000 0.027577 0.791297 0.791297 0.791297
3230.382568 0.000000 2579.266357 0.000000 0.009177 0.000000 -0.999958 1.595326 1.595326 1.595326
3202.395996 0.000000 2593.891602 0.000000 0.168527 0.000000 0.985697 0.122629 0.122629 0.122629
3222.692871 0.000000 2584.936768 0.000000 0.394739 0.000000 0.918793 0.206664 0.206664 0.206664
3205.232666 0.000000 2608.370117 0.000000 0.061760 0.000000 0.998091 0.034488 0.034488 0.034488
3263.485352 0.000000 2571.846680 0.000000 0.945697 0.000000 -0.325050 0.889925 0.889925 0.889925
3200.049805 0.000000 2607.859131 0.000000 0.538687 0.000000 -0.842506 1.310273 1.310273 1.310273
3205.457764 0.000000 2622.255127 0.000000 0.989576 0.000000 0.144012 0.739676 0.739676 0.739676
3202.964111 0.000000 2560.039307 0.000000 0.988047 0.000000 -0.154150 0.862440 0.862440 0.862440
3238.049561 0.000000 2576.178711 0.000000 0.994743 0.000000 -0.102401 0.839132 0.839132 0.839132
3252.368652 0.000000 2568.999023 0.000000 0.108612 0.000000 -0.994084 1.503697 1.503697 1.503697
3229.074219 0.000000 2569.167480 0.000000 0.963778 0.000000 -0.266705 0.887350 0.887350 0.887350
3206.542969 0.000000 2589.213135 0.000000 0.965057 0.000000 0.262039 0.715274 0.715274 0.715274
3233.422607 0.000000 2602.711914 0.000000 0.198501 0.000000 -0.980101 1.344892 1.344892 1.344892
3247.482666 0.000000 2580.351074 0.000000 0.991850 0.000000 0.127411 0.766063 0.766063 0.766063
3211.856201 0.000000 2609.413330 0.000000 0.110128 0.000000 -0.993917 1.543798 1.543798 1.543798
3223.278564 0.000000 2582.189453 0.000000 0.975243 0.000000 0.221137 0.686437 0.686437 0.686437
3204.425293 0.000000 2599.459229 0.000000 0.524967 0.000000 -0.851123 1.310391 1.310391 1.310391
3209.521973 0.000000 2578.874512 0.000000 0.963051 0.000000 0.269320 0.729744 0.729744 0.729744
3209.773682 0.000000 2589.053223 0.000000 0.368908 0.000000 -0.929466 1.386127 1.386127 1.386127
3205.454590 0.000000 2611.761719 0.000000 0.731908 0.000000 0.681403 0.418192 0.418192 0.418192
3233.445801 0.000000 2563.418213 0.000000 0.816939 0.000000 -0.576724 1.075011 1.075011 1.075011
3287.480469 0.000000 2565.307617 0.000000 0.926230 0.000000 0.376958 0.603152 0.603152 0.603152
3321.374268 0.000000 2607.420654 0.000000 0.272947 0.000000 0.962029 0.140797 0.140797 0.140797
3290.408691 0.000000 2606.532959 0.000000 0.385769 0.000000 0.922596 0.201702 0.201702 0.201702
3274.125244 0.000000 2584.783691 0.000000 0.331394 0.000000 0.943493 0.172030 0.172030 0.172030
3274.628174 0.000000 2593.324707 0.000000 0.907332 0.000000 -0.420416 1.020985 1.020985 1.020985
3288.600586 0.000000 2570.100098 0.000000 0.667958 0.000000 0.744199 0.372530 0.372530 0.372530
3303.941406 0.000000 2572.199219 0.000000 0.270123 0.000000 -0.962826 1.434788 1.434788 1.434788
3294.775635 0.000000 2571.332764 0.000000 0.781772 0.000000 -0.623564 1.142906 1.142906 1.142906
3276.546875 0.000000 2589.193848 0.000000 0.192633 0.000000 0.981271 0.098724 0.098724 0.098724
3326.972656 0.000000 2589.459717 0.000000 0.015133 0.000000 -0.999885 1.592292 1.592292 1.592292
3292.427734 0.000000 2579.569092 0.000000 0.105755 0.000000 -0.994392 1.546039 1.546039 1.546039
3282.546143 0.000000 2573.387207 0.000000 0.997665 0.000000 0.068291 0.766284 0.766284 0.766284
3313.971924 0.000000 2588.266602 0.000000 0.239946 0.000000 -0.970786 1.476592 1.476592 1.476592
3327.362305 0.000000 2566.895264 0.000000 0.908759 0.000000 0.417321 0.770767 0.770767 0.770767
3271.777588 0.000000 2560.011475 0.000000 0.984266 0.000000 0.176693 0.709536 0.709536 0.709536
3303.417480 0.000000 2568.753906 0.000000 0.653035 0.000000 0.757328 0.425901 0.425901 0.425901
3272.366455 0.000000 2599.641602 0.000000 0.982872 0.000000 0.184288 0.786673 0.786673 0.786673
3264.013672 0.000000 2572.653320 0.000000 0.293799 0.000000 -0.955867 0.878792 0.878792 0.878792
3316.006104 0.000000 2581.699219 0.000000 0.121684 0.000000 -0.992569 1.465532 1.465532 1.465532
3284.391357 0.000000 2576.639160 0.000000 0.015160 0.000000 -0.999885 1.533246 1.533246 1.533246
3264.023926 0.000000 2588.332275 0.000000 0.798786 0.000000 0.601616 0.743272 0.743272 0.743272
3277.301758 0.000000 2585.126709 0.000000 0.938983 0.000000 0.343965 0.621168 0.621168 0.621168
3273.876465 0.000000 2563.766846 0.000000 0.503784 0.000000 0.863830 0.362619 0.362619 0.362619
3286.163086 0.000000 2596.300293 0.000000 0.931257 0.000000 -0.364364 0.972065 0.972065 0.972065
3318.356934 0.000000 2614.923340 0.000000 0.685906 0.000000 -0.727690 1.215050 1.215050 1.215050
3266.849609 0.000000 2586.401367 0.000000 0.015519 0.000000 0.999880 0.650900 0.650900 0.650900
3307.747070 0.000000 2588.383545 0.000000 0.972961 0.000000 -0.230970 0.821879 0.821879 0.821879
3298.186523 0.000000 2594.909668 0.000000 0.520026 0.000000 -0.854150 0.877710 0.877710 0.877710
3286.441162 0.000000 2568.117188 0.000000 0.504688 0.000000 -0.863302 1.280636 1.280636 1.280636
3301.385498 0.000000 2573.613525 0.000000 0.131695 0.000000 -0.991290 1.532733 1.532733 1.532733
3299.974365 0.000000 2568.327637 0.000000 0.942928 0.000000 0.332997 0.627104 0.627104 0.627104
3294.410400 0.000000 2592.941895 0.000000 0.537303 0.000000 -0.843389 1.254987 1.254987 1.254987
3303.352783 0.000000 2560.085938 0.000000 0.920546 0.000000 0.390634 0.755114 0.755114 0.755114
3294.910645 0.000000 2580.855225 0.000000 0.473193 0.000000 -0.880959 1.348962 1.348962 1.348962
3264.415039 0.000000 2591.452881 0.000000 0.040141 0.000000 0.999194 0.656318 0.656318 0.656318
3274.295898 0.000000 2587.469727 0.000000 0.967939 0.000000 0.251186 0.670687 0.670687 0.670687
3324.294434 0.000000 2589.041016 0.000000 0.967079 0.000000 0.254476 0.668955 0.668955 0.668955
3299.569336 0.000000 2578.871094 0.000000 0.673678 0.000000 -0.739025 1.223542 1.223542 1.223542
3327.945312 0.000000 2581.680908 0.000000 0.901827 0.000000 0.432097 0.744671 0.744671 0.744671
3275.019043 0.000000 2582.267578 0.000000 0.660381 0.000000 0.750930 0.686328 0.686328 0.686328
3303.914551 0.000000 2592.415039 0.000000 0.497721 0.000000 -0.867337 1.238222 1.238222 1.238222
3310.923584 0.000000 2587.677002 0.000000 0.803943 0.000000 -0.594706 1.124370 1.124370 1.124370
3316.535400 0.000000 2587.741211 0.000000 0.613653 0.000000 -0.789576 0.930876 0.930876 0.930876
3277.099854 0.000000 2591.974121 0.000000 0.774406 0.000000 0.632688 0.451122 0.451122 0.451122
3274.408936 0.000000 2590.619873 0.000000 0.652484 0.000000 0.757802 0.362037 0.362037 0.362037
3312.187012 0.000000 2602.112305 0.000000 0.885266 0.000000 0.465084 0.598080 0.598080 0.598080
3317.947998 0.000000 2612.438965 0.000000 0.710259 0.000000 -0.703940 1.185247 1.185247 1.185247
3297.335938 0.000000 2583.397949 0.000000 0.976624 0.000000 0.214955 0.689663 0.689663 0.689663
3314.907471 0.000000 2590.654053 0.000000 0.998448 0.000000 0.055686 0.771625 0.771625 0.771625
3296.013184 0.000000 2620.025635 0.000000 0.428792 0.000000 -0.903403 1.374303 1.374303 1.374303
3270.499268 0.000000 2562.274658 0.000000 0.411813 0.000000 -0.911268 1.383833 1.383833 1.383833
3291.008545 0.000000 2569.677246 0.000000 0.825359 0.000000 -0.564609 1.072005 1.072005 1.072005
3319.301025 0.000000 2566.958740 0.000000 0.998536 0.000000 -0.054092 0.809295 0.809295 0.809295
3297.141113 0.000000 2570.909180 0.000000 0.585953 0.000000 -0.810345 1.281152 1.281152 1.281152
3319.374512 0.000000 2606.087402 0.000000 0.192083 0.000000 -0.981379 1.501561 1.501561 1.501561
3301.940186 0.000000 2570.897705 0.000000 0.864701 0.000000 0.502288 0.531987 0.531987 0.531987
3300.208984 0.000000 2581.414795 0.000000 0.645420 0.000000 0.763828 0.412862 0.412862 0.412862
3305.916748 0.000000 2623.792969 0.000000 0.977986 0.000000 -0.208670 0.907062 0.907062 0.907062
3299.754639 0.000000 2619.327393 0.000000 0.589398 0.000000 -0.807843 0.959661 0.959661 0.959661
3278.705811 0.000000 2577.071777 0.000000 0.553129 0.000000 0.833096 0.412571 0.412571 0.412571
3282.308838 0.000000 2587.684570 0.000000 0.398857 0.000000 0.917013 0.589076 0.589076 0.589076
3268.118164 0.000000 2567.968262 0.000000 0.453997 0.000000 -0.891003 1.201880 1.201880 1.201880
3305.375977 0.000000 2601.206055 0.000000 0.713590 0.000000 0.700563 0.700785 0.700785 0.700785
3274.748779 0.000000 2595.632812 0.000000 0.389506 0.000000 0.921024 0.203767 0.203767 0.203767
3277.959229 0.000000 2587.320801 0.000000 0.999864 0.000000 0.016520 0.791586 0.791586 0.791586
3302.188232 0.000000 2590.961670 0.000000 0.718586 0.000000 0.695438 0.670982 0.670982 0.670982
3282.337402 0.000000 2566.711670 0.000000 0.828113 0.000000 0.560561 0.593204 0.593204 0.593204
3300.436768 0.000000 2595.163086 0.000000 0.804699 0.000000 0.593683 0.549908 0.549908 0.549908
3283.554688 0.000000 2571.251221 0.000000 0.902679 0.000000 0.430315 0.734254 0.734254 0.734254
3277.905029 0.000000 2567.240967 0.000000 0.610508 0.000000 0.792010 0.467729 0.467729 0.467729
3307.433838 0.000000 2590.806152 0.000000 0.152946 0.000000 -0.988235 1.230248 1.230248 1.230248
3282.242432 0.000000 2575.581055 0.000000 0.914813 0.000000 -0.403878 1.011741 1.011741 1.011741
3311.595947 0.000000 2613.427246 0.000000 0.330022 0.000000 -0.943973 1.243795 1.243795 1.243795
3273.365967 0.000000 2561.547119 0.000000 0.351802 0.000000 0.936074 0.613717 0.613717 0.613717
3264.955322 0.000000 2596.559326 0.000000 0.972840 0.000000 -0.231477 0.848054 0.848054 0.848054
3307.452881 0.000000 2595.093018 0.000000 0.377738 0.000000 -0.925913 1.012726 1.012726 1.012726
3303.047119 0.000000 2594.402344 0.000000 0.177019 0.000000 0.984208 0.354907 0.354907 0.354907
3317.023926 0.000000 2608.562012 0.000000 0.972390 0.000000 -0.233361 0.919956 0.919956 0.919956
3303.178955 0.000000 2601.458984 0.000000 0.670346 0.000000 -0.742049 1.038801 1.038801 1.038801
3307.191650 0.000000 2602.497803 0.000000 0.225309 0.000000 0.974287 0.400179 0.400179 0.400179
3278.882080 0.000000 2569.097168 0.000000 0.981992 0.000000 0.188921 0.703201 0.703201 0.703201
3292.762695 0.000000 2570.758301 0.000000 0.814474 0.000000 0.580201 0.596020 0.596020 0.596020
3269.300781 0.000000 2566.270996 0.000000 0.792922 0.000000 0.609323 0.560526 0.560526 0.560526
3297.792236 0.000000 2561.831543 0.000000 0.447696 0.000000 -0.894186 0.994494 0.994494 0.994494
3297.982910 0.000000 2623.217773 0.000000 0.924012 0.000000 0.382365 0.629170 0.629170 0.629170
3270.319336 0.000000 2599.887207 0.000000 0.171140 0.000000 0.985247 0.339030 0.339030 0.339030
3293.637451 0.000000 2573.138672 0.000000 0.888918 0.000000 0.458066 0.691663 0.691663 0.691663
3299.358887 0.000000 2583.342529 0.000000 0.216198 0.000000 0.976350 0.110985 0.110985 0.110985
3290.763428 0.000000 2613.840820 0.000000 0.859010 0.000000 0.511958 0.714125 0.714125 0.714125
3289.959473 0.000000 2611.441162 0.000000 0.972323 0.000000 0.233640 0.747249 0.747249 0.747249
3266.551514 0.000000 2597.985840 0.000000 0.922396 0.000000 0.386245 0.708918 0.708918 0.708918
3277.871338 0.000000 2573.083252 0.000000 0.837166 0.000000 -0.546950 1.010362 1.010362 1.010362
3323.230469 0.000000 2606.534668 0.000000 0.927185 0.000000 0.374603 0.666564 0.666564 0.666564
3284.724854 0.000000 2566.987549 0.000000 0.709225 0.000000 -0.704982 1.146905 1.146905 1.146905
3291.987549 0.000000 2608.046387 0.000000 0.740709 0.000000 -0.671826 1.070721 1.070721 1.070721
3268.935547 0.000000 2563.539551 0.000000 0.970448 0.000000 -0.241311 0.924124 0.924124 0.924124
3319.819580 0.000000 2619.816895 0.000000 0.490724 0.000000 0.871315 0.337290 0.337290 0.337290
3275.336670 0.000000 2577.361572 0.000000 0.993483 0.000000 0.113979 0.757110 0.757110 0.757110
3274.413086 0.000000 2599.727295 0.000000 0.982418 0.000000 -0.186693 0.869763 0.869763 0.869763
3265.257568 0.000000 2565.175293 0.000000 0.205167 0.000000 -0.978727 1.453894 1.453894 1.453894
3289.045654 0.000000 2563.978516 0.000000 0.322207 0.000000 -0.946669 1.432920 1.432920 1.432920
3271.333984 0.000000 2597.928467 0.000000 0.605932 0.000000 0.795517 0.331519 0.331519 0.331519
3326.798340 0.000000 2616.448975 0.000000 0.359117 0.000000 -0.933293 1.083628 1.083628 1.083628
3325.282471 0.000000 2590.760010 0.000000 0.611471 0.000000 -0.791267 1.062546 1.062546 1.062546
3266.145996 0.000000 2567.474854 0.000000 0.900947 0.000000 -0.433930 0.896818 0.896818 0.896818
3278.747803 0.000000 2579.323242 0.000000 0.940675 0.000000 0.339308 0.623691 0.623691 0.623691
3305.910645 0.000000 2592.270996 0.000000 0.668883 0.000000 -0.743367 0.962365 0.962365 0.962365
3275.593994 0.000000 2562.826416 0.000000 0.211516 0.000000 0.977375 0.108544 0.108544 0.108544
3280.616943 0.000000 2561.732422 0.000000 0.683736 0.000000 0.729729 0.437342 0.437342 0.437342
3324.702148 0.000000 2594.280029 0.000000 0.646417 0.000000 -0.762984 1.200424 1.200424 1.200424
3287.948975 0.000000 2595.409424 0.000000 0.749173 0.000000 0.662374 0.431278 0.431278 0.431278
3285.727051 0.000000 2564.411865 0.000000 0.794491 0.000000 -0.607275 1.132380 1.132380 1.132380
3273.409668 0.000000 2597.948486 0.000000 0.058279 0.000000 0.998300 0.334798 0.334798 0.334798
3299.213135 0.000000 2573.156250 0.000000 0.536342 0.000000 0.844001 0.446834 0.446834 0.446834
3295.423340 0.000000 2582.722900 0.000000 0.925587 0.000000 -0.378534 0.997715 0.997715 0.997715
3311.039795 0.000000 2597.212158 0.000000 0.868844 0.000000 0.495085 0.654145 0.654145 0.654145
3304.527588 0.000000 2597.613281 0.000000 0.147768 0.000000 -0.989022 1.132402 1.132402 1.132402
3321.513916 0.000000 2587.779785 0.000000 0.467987 0.000000 0.883736 0.600859 0.600859 0.600859
3271.172363 0.000000 2601.840332 0.000000 0.262767 0.000000 0.964859 0.432524 0.432524 0.432524
3275.952393 0.000000 2586.527100 0.000000 0.898640 0.000000 -0.438687 1.031290 1.031290 1.031290
3299.200195 0.000000 2616.933105 0.000000 0.693764 0.000000 0.720203 0.581588 0.581588 0.581588
3316.954834 0.000000 2576.762451 0.000000 0.019926 0.000000 -0.999801 1.503122 1.503122 1.503122
3324.368652 0.000000 2610.595703 0.000000 0.997604 0.000000 0.069178 0.779812 0.779812 0.779812
3276.901611 0.000000 2570.833984 0.000000 0.756634 0.000000 -0.653839 1.115979 1.115979 1.115979
3320.627686 0.000000 2610.430420 0.000000 0.852946 0.000000 0.521999 0.585014 0.585014 0.585014
3281.864014 0.000000 2581.527832 0.000000 0.977063 0.000000 0.212953 0.706137 0.706137 0.706137
3309.218506 0.000000 2594.373779 0.000000 0.995180 0.000000 0.098070 0.772730 0.772730 0.772730
3297.143066 0.000000 2616.294189 0.000000 0.304683 0.000000 -0.952454 1.442319 1.442319 1.442319
3276.530273 0.000000 2583.444824 0.000000 0.291154 0.000000 0.956676 0.150463 0.150463 0.150463
3281.229248 0.000000 2590.602295 0.000000 0.930483 0.000000 0.366335 0.622463 0.622463 0.622463
3313.188232 0.000000 2600.553467 0.000000 0.524860 0.000000 -0.851189 1.188433 1.188433 1.188433
3307.168701 0.000000 2586.154297 0.000000 0.004070 0.000000 0.999992 0.264920 0.264920 0.264920
3287.485840 0.000000 2597.586914 0.000000 0.999612 0.000000 -0.027848 0.812850 0.812850 0.812850
3298.613037 0.000000 2569.561035 0.000000 0.874442 0.000000 -0.485130 1.057964 1.057964 1.057964
3305.835693 0.000000 2599.400635 0.000000 0.346418 0.000000 -0.938080 1.047935 1.047935 1.047935
3311.443604 0.000000 2568.410645 0.000000 0.822010 0.000000 -0.569473 0.983929 0.983929 0.983929
3272.145020 0.000000 2563.062500 0.000000 0.812214 0.000000 -0.583360 1.061240 1.061240 1.061240
3320.078125 0.000000 2614.244873 0.000000 0.715207 0.000000 0.698913 0.497059 0.497059 0.497059
3279.580566 0.000000 2581.932129 0.000000 0.185203 0.000000 0.982700 0.094871 0.094871 0.094871
3303.861816 0.000000 2620.110352 0.000000 0.611501 0.000000 -0.791244 1.055242 1.055242 1.055242
3281.714355 0.000000 2568.621582 0.000000 0.477046 0.000000 0.878878 0.418360 0.418360 0.418360
3312.299805 0.000000 2588.954590 0.000000 0.162915 0.000000 0.986640 0.083343 0.083343 0.083343
3315.059814 0.000000 2603.491699 0.000000 0.724441 0.000000 -0.689337 1.187357 1.187357 1.187357
3316.752930 0.000000 2615.812988 0.000000 0.103956 0.000000 -0.994582 1.441507 1.441507 1.441507
3322.614990 0.000000 2567.862549 0.000000 0.468659 0.000000 0.883379 0.414976 0.414976 0.414976
3268.914795 0.000000 2589.138184 0.000000 0.976488 0.000000 0.215572 0.728831 0.728831 0.728831
3280.635498 0.000000 2588.423584 0.000000 0.980862 0.000000 0.194703 0.751470 0.751470 0.751470
3316.861328 0.000000 2613.891846 0.000000 0.621979 0.000000 0.783034 0.356246 0.356246 0.356246
3326.291504 0.000000 2582.420898 0.000000 0.047828 0.000000 -0.998856 1.426589 1.426589 1.426589
3302.425781 0.000000 2607.262695 0.000000 0.912130 0.000000 0.409902 0.590806 0.590806 0.590806
3302.379150 0.000000 2621.715332 0.000000 0.955193 0.000000 -0.295984 0.884020 0.884020 0.884020
3274.802002 0.000000 2573.906982 0.000000 0.853231 0.000000 -0.521534 1.003815 1.003815 1.003815
3274.167969 0.000000 2572.009521 0.000000 0.846950 0.000000 0.531672 0.591755 0.591755 0.591755
3291.350586 0.000000 2574.291992 0.000000 0.177604 0.000000 0.984102 0.224406 0.224406 0.224406
3293.180664 0.000000 2581.357910 0.000000 0.705337 0.000000 0.708872 0.398727 0.398727 0.398727
3315.491211 0.000000 2592.351074 0.000000 0.653299 0.000000 -0.757100 1.237415 1.237415 1.237415
3280.937744 0.000000 2574.223145 0.000000 0.600508 0.000000 -0.799619 1.271944 1.271944 1.271944
3301.683105 0.000000 2569.140625 0.000000 0.618504 0.000000 -0.785782 1.260382 1.260382 1.260382
3272.625732 0.000000 2565.010254 0.000000 0.999970 0.000000 0.007736 0.796060 0.796060 0.796060
3318.633789 0.000000 2593.806152 0.000000 0.990220 0.000000 -0.139518 0.871288 0.871288 0.871288
3289.797607 0.000000 2571.467041 0.000000 0.807911 0.000000 0.589305 0.479043 0.479043 0.479043
3295.677979 0.000000 2572.877686 0.000000 0.651386 0.000000 -0.758747 1.071823 1.071823 1.071823
3317.841553 0.000000 2591.996582 0.000000 0.345518 0.000000 -0.938412 1.391134 1.391134 1.391134
3286.837402 0.000000 2569.938477 0.000000 0.474429 0.000000 -0.880294 1.296647 1.296647 1.296647
3298.295166 0.000000 2596.802246 0.000000 0.086346 0.000000 0.996265 0.138897 0.138897 0.138897
3270.887939 0.000000 2594.876709 0.000000 0.921875 0.000000 0.387487 0.597349 0.597349 0.597349
3303.268799 0.000000 2583.941650 0.000000 0.999234 0.000000 -0.039130 0.812507 0.812507 0.812507
3277.809570 0.000000 2590.395020 0.000000 1.000000 0.000000 -0.001006 0.800512 0.800512 0.800512
3318.225586 0.000000 2616.693115 0.000000 0.967592 0.000000 0.252520 0.719442 0.719442 0.719442
3289.542725 0.000000 2562.331543 0.000000 0.473029 0.000000 0.881047 0.250943 0.250943 0.250943
3309.491455 0.000000 2588.637207 0.000000 0.917797 0.000000 0.397051 0.602655 0.602655 0.602655
3308.390869 0.000000 2607.976562 0.000000 0.713028 0.000000 -0.701136 1.029671 1.029671 1.029671
3322.581055 0.000000 2589.277832 0.000000 0.678515 0.000000 0.734587 0.564359 0.564359 0.564359
3318.572021 0.000000 2607.742188 0.000000 0.982896 0.000000 -0.184159 0.894330 0.894330 0.894330
3309.344727 0.000000 2591.997559 0.000000 0.555408 0.000000 0.831578 0.505824 0.505824 0.505824
3310.770508 0.000000 2585.830566 0.000000 0.772542 0.000000 -0.634964 1.150376 1.150376 1.150376
3296.582275 0.000000 2621.634766 0.000000 0.910418 0.000000 0.413689 0.582784 0.582784 0.582784
3315.993164 0.000000 2589.338867 0.000000 0.526369 0.000000 0.850256 0.282315 0.282315 0.282315
3312.194824 0.000000 2593.896973 0.000000 0.996037 0.000000 0.088943 0.771896 0.771896 0.771896
3276.693115 0.000000 2564.323242 0.000000 0.726324 0.000000 -0.687353 1.084554 1.084554 1.084554
3319.512695 0.000000 2570.395264 0.000000 0.745793 0.000000 -0.666178 1.025700 1.025700 1.025700
3282.753906 0.000000 2583.031006 0.000000 0.922786 0.000000 0.385313 0.630940 0.630940 0.630940
3272.515381 0.000000 2587.549561 0.000000 0.792577 0.000000 0.609771 0.466018 0.466018 0.466018
3280.396729 0.000000 2575.871338 0.000000 0.628775 0.000000 0.777587 0.346309 0.346309 0.346309
3283.869141 0.000000 2574.990479 0.000000 0.116529 0.000000 -0.993187 1.540517 1.540517 1.540517
3308.822021 0.000000 2601.859619 0.000000 0.132052 0.000000 -0.991243 1.253893 1.253893 1.253893
3276.715088 0.000000 2580.428711 0.000000 0.348108 0.000000 0.937455 0.239332 0.239332 0.239332
3287.878174 0.000000 2567.029297 0.000000 0.946684 0.000000 -0.322164 0.967056 0.967056 0.967056
3307.594482 0.000000 2606.355225 0.000000 0.998260 0.000000 0.058959 0.784565 0.784565 0.784565
3289.441162 0.000000 2565.584473 0.000000 0.678176 0.000000 -0.734899 1.220433 1.220433 1.220433
3264.178711 0.000000 2574.809570 0.000000 0.358251 0.000000 -0.933625 1.098279 1.098279 1.098279
3302.690674 0.000000 2582.110107 0.000000 0.657886 0.000000 0.753117 0.527485 0.527485 0.527485
3276.294922 0.000000 2596.438965 0.000000 0.539002 0.000000 0.842304 0.373931 0.373931 0.373931
3274.583252 0.000000 2565.308350 0.000000 0.679878 0.000000 -0.733326 1.219253 1.219253 1.219253
3302.874268 0.000000 2623.343994 0.000000 0.918145 0.000000 -0.396244 1.007499 1.007499 1.007499
3310.635742 0.000000 2595.452881 0.000000 0.733297 0.000000 -0.679908 1.124027 1.124027 1.124027
3322.795654 0.000000 2608.373535 0.000000 0.175464 0.000000 -0.984486 1.415482 1.415482 1.415482
3315.804199 0.000000 2600.379639 0.000000 0.925772 0.000000 0.378083 0.667581 0.667581 0.667581
3290.067383 0.000000 2600.101074 0.000000 0.094873 0.000000 0.995489 0.195765 0.195765 0.195765
3294.382568 0.000000 2579.266357 0.000000 0.999960 0.000000 0.008975 0.796397 0.796397 0.796397
3282.819580 0.000000 2577.209717 0.000000 0.856649 0.000000 0.515900 0.547750 0.547750 0.547750
3327.315430 0.000000 2591.658203 0.000000 0.737926 0.000000 0.674882 0.422711 0.422711 0.422711
3312.736084 0.000000 2587.160156 0.000000 0.211539 0.000000 0.977370 0.108556 0.108556 0.108556
3281.245117 0.000000 2560.187012 0.000000 0.768658 0.000000 -0.639660 1.107735 1.107735 1.107735
3293.074219 0.000000 2569.167480 0.000000 0.844074 0.000000 0.536227 0.615752 0.615752 0.615752
3325.202637 0.000000 2612.397461 0.000000 0.680535 0.000000 0.732715 0.456752 0.456752 0.456752
3268.425293 0.000000 2599.459229 0.000000 0.738041 0.000000 -0.674756 1.100282 1.100282 1.100282
3273.773682 0.000000 2589.053223 0.000000 0.671670 0.000000 0.740851 0.481724 0.481724 0.481724
3200.229248 0.000000 2648.886719 0.000000 0.750546 0.000000 0.660818 0.792791 0.792791 0.792791
3225.410400 0.000000 2660.740967 0.000000 0.934353 0.000000 -0.356350 0.985566 0.985566 0.985566
3219.874268 0.000000 2645.486328 0.000000 0.956453 0.000000 0.291887 0.649147 0.649147 0.649147
3234.930176 0.000000 2649.593506 0.000000 0.505466 0.000000 0.862847 0.269887 0.269887 0.269887
3227.751709 0.000000 2656.042725 0.000000 0.464537 0.000000 0.885554 0.246046 0.246046 0.246046
3260.728760 0.000000 2679.943359 0.000000 0.785184 0.000000 0.619262 0.778660 0.778660 0.778660
3239.941406 0.000000 2636.199219 0.000000 0.067637 0.000000 0.997710 0.034474 0.034474 0.034474
3230.775635 0.000000 2635.332764 0.000000 0.667709 0.000000 0.744423 0.372360 0.372360 0.372360
3263.609375 0.000000 2670.860840 0.000000 0.992601 0.000000 0.121425 0.738006 0.738006 0.738006
3230.574463 0.000000 2668.103027 0.000000 0.633998 0.000000 -0.773335 1.250260 1.250260 1.250260
3223.028320 0.000000 2642.613525 0.000000 0.578137 0.000000 0.815940 0.313952 0.313952 0.313952
3232.448730 0.000000 2641.080078 0.000000 0.078238 0.000000 -0.996935 1.560113 1.560113 1.560113
3219.933838 0.000000 2658.131104 0.000000 0.377128 0.000000 -0.926161 0.868583 0.868583 0.868583
3203.216064 0.000000 2629.769775 0.000000 0.442387 0.000000 -0.896824 1.366611 1.366611 1.366611
3258.227295 0.000000 2647.046387 0.000000 0.671651 0.000000 -0.740868 0.844993 0.844993 0.844993
3263.362305 0.000000 2630.895264 0.000000 0.769017 0.000000 -0.639228 1.143498 1.143498 1.143498
3243.523193 0.000000 2664.381348 0.000000 0.104625 0.000000 -0.994512 1.444140 1.444140 1.444140
3207.777588 0.000000 2624.011475 0.000000 0.970028 0.000000 0.242995 0.783332 0.783332 0.783332
3211.433594 0.000000 2665.447021 0.000000 0.689304 0.000000 -0.724472 1.212666 1.212666 1.212666
3208.366455 0.000000 2663.641602 0.000000 0.841039 0.000000 -0.540974 1.088827 1.088827 1.088827
3200.013672 0.000000 2636.653320 0.000000 0.682223 0.000000 -0.731144 1.217621 1.217621 1.217621
3212.911865 0.000000 2642.607422 0.000000 0.736339 0.000000 0.676612 0.421516 0.421516 0.421516
3240.925537 0.000000 2682.553467 0.000000 0.762508 0.000000 0.646978 0.441652 0.441652 0.441652
3216.860352 0.000000 2647.274658 0.000000 0.755091 0.000000 0.655620 0.435852 0.435852 0.435852
3233.277344 0.000000 2637.673096 0.000000 0.011441 0.000000 -0.999935 1.503855 1.503855 1.503855
3220.391357 0.000000 2640.639160 0.000000 0.261601 0.000000 -0.965176 1.465199 1.465199 1.465199
3200.016602 0.000000 2630.866455 0.000000 0.385246 0.000000 0.922814 0.201413 0.201413 0.201413
3213.280762 0.000000 2659.118408 0.000000 0.344094 0.000000 -0.938935 1.408919 1.408919 1.408919
3213.301758 0.000000 2649.126709 0.000000 0.208585 0.000000 0.978004 0.702167 0.702167 0.702167
3233.932373 0.000000 2653.070557 0.000000 0.083525 0.000000 -0.996506 1.518798 1.518798 1.518798
3209.304443 0.000000 2641.271240 0.000000 0.961916 0.000000 -0.273344 0.941007 0.941007 0.941007
3261.974365 0.000000 2628.018555 0.000000 0.821041 0.000000 0.570869 0.531828 0.531828 0.531828
3233.669922 0.000000 2682.098877 0.000000 0.960241 0.000000 0.279173 0.655904 0.655904 0.655904
3204.930664 0.000000 2668.693848 0.000000 0.822636 0.000000 0.568568 0.740815 0.740815 0.740815
3210.833252 0.000000 2671.841553 0.000000 0.127583 0.000000 -0.991828 1.534845 1.534845 1.534845
3263.100098 0.000000 2682.470459 0.000000 0.712352 0.000000 -0.701823 1.135612 1.135612 1.135612
3223.391846 0.000000 2671.405762 0.000000 0.929753 0.000000 0.368183 0.771383 0.771383 0.771383
3234.640137 0.000000 2667.829590 0.000000 0.868394 0.000000 0.495875 0.756477 0.756477 0.756477
3216.442627 0.000000 2644.322998 0.000000 0.165857 0.000000 0.986150 0.084863 0.084863 0.084863
3222.441162 0.000000 2632.117188 0.000000 0.913746 0.000000 0.406287 0.617000 0.617000 0.617000
3262.933350 0.000000 2677.930420 0.000000 0.997592 0.000000 0.069361 0.793207 0.793207 0.793207
3222.151123 0.000000 2647.355469 0.000000 0.496852 0.000000 0.867835 0.264817 0.264817 0.264817
3255.710205 0.000000 2656.172607 0.000000 0.064028 0.000000 -0.997948 1.567368 1.567368 1.567368
3237.385498 0.000000 2637.613525 0.000000 0.432149 0.000000 0.901802 0.227591 0.227591 0.227591
3238.862305 0.000000 2660.513672 0.000000 0.359325 0.000000 0.933212 0.655809 0.655809 0.655809
3235.784912 0.000000 2673.119385 0.000000 0.094926 0.000000 -0.995484 1.448424 1.448424 1.448424
3230.410400 0.000000 2656.941895 0.000000 0.995904 0.000000 0.090422 0.790235 0.790235 0.790235
3230.910645 0.000000 2644.855225 0.000000 0.970646 0.000000 -0.240513 0.822801 0.822801 0.822801
3227.274902 0.000000 2662.917725 0.000000 0.998818 0.000000 -0.048617 0.824770 0.824770 0.824770
3200.415039 0.000000 2655.452881 0.000000 0.766557 0.000000 -0.642176 1.155149 1.155149 1.155149
3225.640625 0.000000 2654.294434 0.000000 0.091806 0.000000 0.995777 0.218133 0.218133 0.218133
3239.165039 0.000000 2679.206543 0.000000 0.769619 0.000000 0.638503 0.447286 0.447286 0.447286
3228.221191 0.000000 2653.343018 0.000000 0.405948 0.000000 0.913896 0.212894 0.212894 0.212894
3214.303711 0.000000 2671.169922 0.000000 0.684387 0.000000 0.729119 0.720041 0.720041 0.720041
3243.962891 0.000000 2639.176514 0.000000 0.698528 0.000000 -0.715582 1.128099 1.128099 1.128099
3227.092285 0.000000 2682.222900 0.000000 0.634113 0.000000 -0.773241 1.163679 1.163679 1.163679
3210.295898 0.000000 2651.469727 0.000000 0.366803 0.000000 -0.930298 1.279817 1.279817 1.279817
3241.066406 0.000000 2643.226807 0.000000 0.229533 0.000000 0.973301 0.117952 0.117952 0.117952
3211.033447 0.000000 2674.808105 0.000000 0.970131 0.000000 -0.242583 0.914515 0.914515 0.914515
3259.354004 0.000000 2687.139893 0.000000 0.165817 0.000000 -0.986157 1.431022 1.431022 1.431022
3235.569336 0.000000 2642.871094 0.000000 0.725002 0.000000 0.688747 0.517760 0.517760 0.517760
3229.050293 0.000000 2650.360352 0.000000 0.278544 0.000000 -0.960423 1.456237 1.456237 1.456237
3239.914551 0.000000 2656.415039 0.000000 0.668616 0.000000 0.743608 0.463408 0.463408 0.463408
3229.194336 0.000000 2670.420654 0.000000 0.619892 0.000000 -0.784687 0.908113 0.908113 0.908113
3219.219727 0.000000 2642.983887 0.000000 0.650870 0.000000 0.759189 0.486641 0.486641 0.486641
3213.099854 0.000000 2655.974121 0.000000 0.053639 0.000000 0.998560 0.097023 0.097023 0.097023
3250.325928 0.000000 2647.655273 0.000000 0.460505 0.000000 -0.887657 0.941794 0.941794 0.941794
3237.225830 0.000000 2663.619141 0.000000 0.726294 0.000000 -0.687385 1.128466 1.128466 1.128466
3225.631836 0.000000 2643.833496 0.000000 0.343050 0.000000 0.939317 0.178336 0.178336 0.178336
3210.408936 0.000000 2654.619873 0.000000 0.142212 0.000000 0.989836 0.072674 0.072674 0.072674
3259.440430 0.000000 2639.945068 0.000000 0.274430 0.000000 -0.961607 1.458418 1.458418 1.458418
3236.481445 0.000000 2677.076660 0.000000 0.536436 0.000000 -0.843941 1.311633 1.311633 1.311633
3239.549561 0.000000 2652.288574 0.000000 0.987912 0.000000 -0.155013 0.817408 0.817408 0.817408
3220.696045 0.000000 2626.732422 0.000000 0.588358 0.000000 0.808601 0.689025 0.689025 0.689025
3213.817627 0.000000 2662.457031 0.000000 0.997734 0.000000 -0.067288 0.809280 0.809280 0.809280
3232.013184 0.000000 2684.025635 0.000000 0.246893 0.000000 -0.969043 1.472945 1.472945 1.472945
3257.340332 0.000000 2661.163330 0.000000 0.999443 0.000000 0.033382 0.794865 0.794865 0.794865
3231.789307 0.000000 2626.738770 0.000000 0.707768 0.000000 0.706445 0.455313 0.455313 0.455313
3253.933594 0.000000 2633.676025 0.000000 0.998524 0.000000 0.054312 0.791861 0.791861 0.791861
3259.323730 0.000000 2627.964600 0.000000 0.853110 0.000000 -0.521731 0.885507 0.885507 0.885507
3227.458008 0.000000 2684.812012 0.000000 0.968246 0.000000 -0.250000 0.898409 0.898409 0.898409
3232.939941 0.000000 2673.623535 0.000000 0.797004 0.000000 -0.603974 1.099183 1.099183 1.099183
3218.127686 0.000000 2656.360596 0.000000 0.113913 0.000000 0.993491 0.584716 0.584716 0.584716
3222.687500 0.000000 2657.850098 0.000000 0.618838 0.000000 0.785518 0.354271 0.354271 0.354271
3200.788086 0.000000 2642.336670 0.000000 0.727517 0.000000 -0.686089 1.138265 1.138265 1.138265
3230.625244 0.000000 2632.709473 0.000000 0.586044 0.000000 -0.810279 1.281096 1.281096 1.281096
3227.008545 0.000000 2633.677246 0.000000 0.789714 0.000000 0.613475 0.690516 0.690516 0.690516
3231.094238 0.000000 2638.609375 0.000000 0.995385 0.000000 -0.095966 0.842040 0.842040 0.842040
3255.301025 0.000000 2630.958740 0.000000 0.328949 0.000000 0.944348 0.170711 0.170711 0.170711
3231.193359 0.000000 2654.642578 0.000000 0.926059 0.000000 0.377379 0.616059 0.616059 0.616059
3235.069092 0.000000 2630.123535 0.000000 0.770922 0.000000 -0.636930 0.910329 0.910329 0.910329
3237.940186 0.000000 2634.897705 0.000000 0.993773 0.000000 0.111426 0.743133 0.743133 0.743133
3236.208984 0.000000 2645.414795 0.000000 0.813639 0.000000 -0.581371 0.894172 0.894172 0.894172
3200.104736 0.000000 2646.272949 0.000000 0.256058 0.000000 0.966661 0.579913 0.579913 0.579913
3215.953857 0.000000 2675.270264 0.000000 0.929947 0.000000 -0.367693 0.848881 0.848881 0.848881
3241.916748 0.000000 2687.792969 0.000000 0.443088 0.000000 -0.896478 1.290718 1.290718 1.290718
3256.013184 0.000000 2638.074707 0.000000 0.965495 0.000000 -0.260423 0.934179 0.934179 0.934179
3229.129639 0.000000 2661.459229 0.000000 0.907173 0.000000 0.420758 0.578823 0.578823 0.578823
3261.343506 0.000000 2670.064209 0.000000 0.381802 0.000000 0.924244 0.199514 0.199514 0.199514
3237.227295 0.000000 2674.910156 0.000000 0.757328 0.000000 0.653035 0.444699 0.444699 0.444699
3241.375977 0.000000 2665.206055 0.000000 0.100579 0.000000 -0.994929 1.078923 1.078923 1.078923
3222.142822 0.000000 2644.939209 0.000000 0.914884 0.000000 0.403717 0.588349 0.588349 0.588349
3211.052979 0.000000 2643.927002 0.000000 0.410826 0.000000 0.911714 0.355409 0.355409 0.355409
3210.748779 0.000000 2659.632812 0.000000 0.213586 0.000000 0.976924 0.109623 0.109623 0.109623
3263.123535 0.000000 2673.041016 0.000000 0.417043 0.000000 0.908887 0.412729 0.412729 0.412729
3213.959229 0.000000 2651.320801 0.000000 0.207426 0.000000 0.978251 0.106414 0.106414 0.106414
3257.258789 0.000000 2649.535889 0.000000 0.285347 0.000000 -0.958424 1.370728 1.370728 1.370728
3231.849365 0.000000 2666.270996 0.000000 0.350156 0.000000 0.936691 0.182194 0.182194 0.182194
3251.010498 0.000000 2658.718994 0.000000 0.305799 0.000000 0.952096 0.555894 0.555894 0.555894
3210.508545 0.000000 2667.506348 0.000000 0.118414 0.000000 0.992964 0.060450 0.060450 0.060450
3238.188232 0.000000 2654.961670 0.000000 0.900101 0.000000 -0.435681 1.029588 1.029588 1.029588
3224.026123 0.000000 2640.245850 0.000000 0.855244 0.000000 0.518225 0.543222 0.543222 0.543222
3263.981445 0.000000 2633.215332 0.000000 0.333358 0.000000 0.942800 0.389436 0.389436 0.389436
3255.080078 0.000000 2665.417480 0.000000 0.969382 0.000000 -0.245557 0.906533 0.906533 0.906533
3207.379395 0.000000 2642.344238 0.000000 0.587279 0.000000 0.809385 0.509925 0.509925 0.509925
3238.786133 0.000000 2668.403076 0.000000 0.316192 0.000000 -0.948695 1.436153 1.436153 1.436153
3232.913086 0.000000 2677.532227 0.000000 0.500426 0.000000 0.865779 0.363081 0.363081 0.363081
3260.512695 0.000000 2665.554688 0.000000 0.836147 0.000000 0.548506 0.504315 0.504315 0.504315
3231.565674 0.000000 2630.771484 0.000000 0.813527 0.000000 -0.581527 0.987164 0.987164 0.987164
3217.947021 0.000000 2671.230957 0.000000 0.845366 0.000000 0.534188 0.580520 0.580520 0.580520
3243.433838 0.000000 2654.806152 0.000000 0.527144 0.000000 0.849776 0.617451 0.617451 0.617451
3218.242432 0.000000 2639.581055 0.000000 0.975196 0.000000 0.221342 0.757207 0.757207 0.757207
3228.133301 0.000000 2624.063477 0.000000 0.295012 0.000000 -0.955493 1.447482 1.447482 1.447482
3232.390625 0.000000 2643.297119 0.000000 0.134627 0.000000 0.990896 0.068774 0.068774 0.068774
3209.365967 0.000000 2625.547119 0.000000 0.340133 0.000000 0.940377 0.394280 0.394280 0.394280
3235.129883 0.000000 2663.257080 0.000000 0.586475 0.000000 0.809967 0.509620 0.509620 0.509620
3243.357422 0.000000 2677.305176 0.000000 0.649045 0.000000 0.760750 0.660150 0.660150 0.660150
3246.709229 0.000000 2627.361328 0.000000 0.768699 0.000000 -0.639611 0.913657 0.913657 0.913657
3232.228516 0.000000 2658.147949 0.000000 0.802522 0.000000 -0.596623 0.897037 0.897037 0.897037
3243.191650 0.000000 2666.497803 0.000000 0.908906 0.000000 -0.417001 0.932301 0.932301 0.932301
3249.539307 0.000000 2661.343262 0.000000 0.405122 0.000000 0.914263 0.371422 0.371422 0.371422
3219.418457 0.000000 2681.545898 0.000000 0.989773 0.000000 -0.142653 0.828589 0.828589 0.828589
3233.223877 0.000000 2651.067871 0.000000 0.090994 0.000000 -0.995851 1.036421 1.036421 1.036421
3203.038818 0.000000 2642.729980 0.000000 0.453541 0.000000 -0.891235 1.215249 1.215249 1.215249
3235.583496 0.000000 2651.590088 0.000000 0.871033 0.000000 0.491224 0.538479 0.538479 0.538479
3220.018555 0.000000 2677.322510 0.000000 0.770754 0.000000 0.637133 0.517174 0.517174 0.517174
3233.792236 0.000000 2625.831543 0.000000 0.999867 0.000000 0.016334 0.797455 0.797455 0.797455
3233.982910 0.000000 2687.217773 0.000000 0.529696 0.000000 -0.848188 1.315690 1.315690 1.315690
3231.389893 0.000000 2682.043213 0.000000 0.817278 0.000000 -0.576244 0.993796 0.993796 0.993796
3235.358887 0.000000 2647.342529 0.000000 0.414772 0.000000 -0.909925 1.375329 1.375329 1.375329
3225.959473 0.000000 2675.441162 0.000000 0.562595 0.000000 0.826733 0.304315 0.304315 0.304315
3214.805176 0.000000 2647.727051 0.000000 0.605507 0.000000 0.795840 0.345953 0.345953 0.345953
3220.203369 0.000000 2648.003174 0.000000 0.130330 0.000000 -0.991471 1.320594 1.320594 1.320594
3238.937500 0.000000 2682.081299 0.000000 0.999573 0.000000 -0.029205 0.809392 0.809392 0.809392
3208.660156 0.000000 2658.055176 0.000000 0.724556 0.000000 0.689216 0.467402 0.467402 0.467402
3213.871338 0.000000 2637.083252 0.000000 0.593576 0.000000 0.804778 0.430132 0.430132 0.430132
3227.987549 0.000000 2672.046387 0.000000 0.930805 0.000000 -0.365516 0.873987 0.873987 0.873987
3213.557617 0.000000 2675.980957 0.000000 0.517227 0.000000 0.855848 0.592794 0.592794 0.592794
3234.986816 0.000000 2657.102783 0.000000 0.110773 0.000000 -0.993846 1.321885 1.321885 1.321885
3201.796631 0.000000 2635.573486 0.000000 0.600685 0.000000 -0.799486 1.129357 1.129357 1.129357
3218.067871 0.000000 2687.289062 0.000000 0.228282 0.000000 0.973595 0.556369 0.556369 0.556369
3255.819580 0.000000 2683.816895 0.000000 0.292982 0.000000 -0.956118 1.026362 1.026362 1.026362
3211.336670 0.000000 2641.361572 0.000000 0.807359 0.000000 -0.590060 1.121434 1.121434 1.121434
3210.413086 0.000000 2663.727295 0.000000 0.886224 0.000000 -0.463257 1.045311 1.045311 1.045311
3201.257568 0.000000 2629.175293 0.000000 0.407853 0.000000 0.913048 0.459864 0.459864 0.459864
3225.045654 0.000000 2627.978516 0.000000 0.914987 0.000000 -0.403483 0.980830 0.980830 0.980830
3207.333984 0.000000 2661.928467 0.000000 0.922490 0.000000 0.386020 0.649609 0.649609 0.649609
3202.145996 0.000000 2631.474854 0.000000 0.925570 0.000000 -0.378577 0.989984 0.989984 0.989984
3221.168213 0.000000 2643.255859 0.000000 0.558849 0.000000 -0.829269 1.276507 1.276507 1.276507
3227.983887 0.000000 2641.642334 0.000000 0.994572 0.000000 0.104050 0.775017 0.775017 0.775017
3203.782715 0.000000 2638.982422 0.000000 0.512281 0.000000 0.858818 0.273919 0.273919 0.273919
3236.948486 0.000000 2678.992920 0.000000 0.616137 0.000000 -0.787639 1.196703 1.196703 1.196703
3214.747803 0.000000 2643.323242 0.000000 0.926510 0.000000 0.376271 0.641283 0.641283 0.641283
3241.910645 0.000000 2656.270996 0.000000 0.094514 0.000000 -0.995524 1.339522 1.339522 1.339522
3230.527100 0.000000 2678.125488 0.000000 0.823097 0.000000 0.567900 0.697470 0.697470 0.697470
3216.616943 0.000000 2625.732422 0.000000 0.981391 0.000000 0.192019 0.758322 0.758322 0.758322
3247.324707 0.000000 2647.805420 0.000000 0.342853 0.000000 0.939389 0.456197 0.456197 0.456197
3209.799072 0.000000 2639.354736 0.000000 0.959034 0.000000 0.283290 0.742635 0.742635 0.742635
3256.273926 0.000000 2646.336670 0.000000 0.040399 0.000000 0.999184 0.405705 0.405705 0.405705
3260.702148 0.000000 2658.280029 0.000000 0.631547 0.000000 -0.775338 1.078212 1.078212 1.078212
3257.163818 0.000000 2657.542480 0.000000 0.820541 0.000000 0.571588 0.643239 0.643239 0.643239
3223.948975 0.000000 2659.409424 0.000000 0.772969 0.000000 -0.634444 1.014138 1.014138 1.014138
3209.409668 0.000000 2661.948486 0.000000 0.980156 0.000000 -0.198230 0.863768 0.863768 0.863768
3235.213135 0.000000 2637.156250 0.000000 0.388854 0.000000 -0.921299 1.129881 1.129881 1.129881
3231.423340 0.000000 2646.722900 0.000000 0.676414 0.000000 0.736521 0.628032 0.628032 0.628032
3240.527588 0.000000 2661.613281 0.000000 0.253766 0.000000 0.967266 0.503395 0.503395 0.503395
3261.595703 0.000000 2630.000244 0.000000 0.992579 0.000000 0.121605 0.774679 0.774679 0.774679
3257.513916 0.000000 2651.779785 0.000000 0.551807 0.000000 -0.833972 1.231389 1.231389 1.231389
3211.952393 0.000000 2650.527100 0.000000 0.778453 0.000000 -0.627703 1.072420 1.072420 1.072420
3224.750732 0.000000 2672.860840 0.000000 0.662186 0.000000 -0.749339 0.975946 0.975946 0.975946
3236.557861 0.000000 2668.037109 0.000000 0.466645 0.000000 -0.884445 1.127309 1.127309 1.127309
3240.439209 0.000000 2680.656738 0.000000 0.997508 0.000000 0.070561 0.764034 0.764034 0.764034
3212.765625 0.000000 2664.087891 0.000000 0.329816 0.000000 0.944045 0.467095 0.467095 0.467095
3200.962646 0.000000 2650.655518 0.000000 0.770108 0.000000 -0.637913 0.979616 0.979616 0.979616
3235.696533 0.000000 2671.146484 0.000000 0.496078 0.000000 0.868278 0.371491 0.371491 0.371491
3243.334961 0.000000 2673.788086 0.000000 0.064008 0.000000 0.997949 0.526151 0.526151 0.526151
3235.200195 0.000000 2680.933105 0.000000 0.342549 0.000000 0.939500 0.492691 0.492691 0.492691
3245.661133 0.000000 2625.647705 0.000000 0.508911 0.000000 0.860819 0.588769 0.588769 0.588769
3229.354248 0.000000 2654.992432 0.000000 0.298198 0.000000 0.954504 0.154217 0.154217 0.154217
3260.368652 0.000000 2674.595703 0.000000 0.085138 0.000000 0.996369 0.426157 0.426157 0.426157
3208.723389 0.000000 2672.026367 0.000000 0.975410 0.000000 -0.220399 0.869238 0.869238 0.869238
3230.964600 0.000000 2661.805420 0.000000 0.053616 0.000000 0.998562 0.130344 0.130344 0.130344
3200.571777 0.000000 2632.710693 0.000000 0.776800 0.000000 -0.629747 1.012250 1.012250 1.012250
3212.901611 0.000000 2634.833984 0.000000 0.916150 0.000000 0.400837 0.697035 0.697035 0.697035
3206.542969 0.000000 2677.876465 0.000000 0.999574 0.000000 0.029192 0.794460 0.794460 0.794460
3227.034912 0.000000 2630.167969 0.000000 0.627411 0.000000 -0.778688 1.070967 1.070967 1.070967
3217.864014 0.000000 2645.527832 0.000000 0.973472 0.000000 0.228806 0.682429 0.682429 0.682429
3227.278076 0.000000 2660.911133 0.000000 0.973352 0.000000 0.229315 0.722828 0.722828 0.722828
3233.143066 0.000000 2680.294189 0.000000 0.547569 0.000000 0.836760 0.295115 0.295115 0.295115
3234.241943 0.000000 2641.576172 0.000000 0.807318 0.000000 0.590117 0.534000 0.534000 0.534000
3220.047119 0.000000 2687.361084 0.000000 0.904430 0.000000 -0.426622 0.906515 0.906515 0.906515
3243.168701 0.000000 2650.154297 0.000000 0.537439 0.000000 -0.843302 1.146697 1.146697 1.146697
3262.489990 0.000000 2685.001465 0.000000 0.038886 0.000000 0.999244 0.019810 0.019810 0.019810
3223.485840 0.000000 2661.586914 0.000000 0.874787 0.000000 0.484508 0.696959 0.696959 0.696959
3223.994873 0.000000 2644.666016 0.000000 0.490407 0.000000 0.871494 0.261043 0.261043 0.261043
3257.283447 0.000000 2644.398438 0.000000 0.027596 0.000000 -0.999619 1.585944 1.585944 1.585944
3208.145020 0.000000 2627.062500 0.000000 0.835107 0.000000 0.550087 0.599907 0.599907 0.599907
3241.965576 0.000000 2669.952148 0.000000 0.043021 0.000000 0.999074 0.351458 0.351458 0.351458
3236.288086 0.000000 2685.088379 0.000000 0.518589 0.000000 0.855024 0.474311 0.474311 0.474311
3254.156250 0.000000 2638.039062 0.000000 0.942291 0.000000 0.334796 0.626132 0.626132 0.626132
3215.580566 0.000000 2645.932129 0.000000 0.406474 0.000000 -0.913662 1.283258 1.283258 1.283258
3239.861816 0.000000 2684.110352 0.000000 0.434440 0.000000 0.900701 0.488687 0.488687 0.488687
3230.191406 0.000000 2624.050049 0.000000 0.668333 0.000000 0.743863 0.372787 0.372787 0.372787
3248.299805 0.000000 2652.954590 0.000000 0.144618 0.000000 -0.989488 1.178705 1.178705 1.178705
3201.458496 0.000000 2637.745361 0.000000 0.999940 0.000000 0.010997 0.794399 0.794399 0.794399
3230.597656 0.000000 2674.468750 0.000000 0.266880 0.000000 0.963730 0.275266 0.275266 0.275266
3223.907227 0.000000 2647.820557 0.000000 0.729939 0.000000 0.683512 0.416723 0.416723 0.416723
3216.140381 0.000000 2671.278076 0.000000 0.004245 0.000000 0.999991 0.189889 0.189889 0.189889
3238.425781 0.000000 2671.262695 0.000000 0.176498 0.000000 -0.984301 1.289789 1.289789 1.289789
3238.379150 0.000000 2685.715332 0.000000 0.683418 0.000000 -0.730027 1.027191 1.027191 1.027191
3255.004395 0.000000 2663.024414 0.000000 0.795953 0.000000 -0.605358 1.044144 1.044144 1.044144
3227.350586 0.000000 2638.291992 0.000000 0.924649 0.000000 0.380821 0.709486 0.709486 0.709486
3222.064941 0.000000 2640.063232 0.000000 0.998541 0.000000 -0.053995 0.827513 0.827513 0.827513
3225.977051 0.000000 2656.087402 0.000000 0.933922 0.000000 -0.357478 0.918280 0.918280 0.918280
3251.491211 0.000000 2656.351074 0.000000 0.869597 0.000000 0.493762 0.653542 0.653542 0.653542
3237.683105 0.000000 2633.140625 0.000000 0.978406 0.000000 0.206693 0.698126 0.698126 0.698126
3232.468994 0.000000 2660.093262 0.000000 0.899900 0.000000 -0.436096 0.960425 0.960425 0.960425
3215.590088 0.000000 2662.449707 0.000000 0.244489 0.000000 -0.969652 1.090835 1.090835 1.090835
3254.633789 0.000000 2657.806152 0.000000 0.456385 0.000000 -0.889782 1.358630 1.358630 1.358630
3231.677979 0.000000 2636.877686 0.000000 0.963316 0.000000 -0.268370 0.868374 0.868374 0.868374
3225.196777 0.000000 2682.473389 0.000000 0.650360 0.000000 0.759626 0.536367 0.536367 0.536367
3222.837402 0.000000 2633.938477 0.000000 0.027886 0.000000 -0.999611 1.474860 1.474860 1.474860
3234.295166 0.000000 2660.802246 0.000000 0.783673 0.000000 0.621173 0.542984 0.542984 0.542984
3237.622803 0.000000 2661.914062 0.000000 0.997157 0.000000 0.075346 0.766410 0.766410 0.766410
3228.747803 0.000000 2657.488525 0.000000 0.905007 0.000000 -0.425397 1.023785 1.023785 1.023785
3224.912109 0.000000 2652.715332 0.000000 0.748099 0.000000 0.663588 0.433351 0.433351 0.433351
3239.268799 0.000000 2647.941650 0.000000 0.985488 0.000000 0.169744 0.728800 0.728800 0.728800
3213.569824 0.000000 2639.357422 0.000000 0.574461 0.000000 -0.818532 1.244293 1.244293 1.244293
3205.853027 0.000000 2641.358887 0.000000 0.605652 0.000000 -0.795729 1.112440 1.112440 1.112440
3213.809570 0.000000 2654.395020 0.000000 0.368023 0.000000 0.929817 0.246789 0.246789 0.246789
3243.778564 0.000000 2646.714355 0.000000 0.917247 0.000000 -0.398318 0.894097 0.894097 0.894097
3202.070312 0.000000 2654.978516 0.000000 0.703627 0.000000 0.710570 0.583755 0.583755 0.583755
3225.542725 0.000000 2626.331543 0.000000 0.063240 0.000000 0.997998 0.143631 0.143631 0.143631
3226.065186 0.000000 2659.145508 0.000000 0.711577 0.000000 -0.702608 1.087853 1.087853 1.087853
3259.788574 0.000000 2624.676025 0.000000 0.962119 0.000000 -0.272629 0.906437 0.906437 0.906437
3258.581055 0.000000 2653.277832 0.000000 0.257250 0.000000 -0.966345 1.158614 1.158614 1.158614
3213.590088 0.000000 2665.704834 0.000000 0.178373 0.000000 -0.983963 1.175176 1.175176 1.175176
3245.344727 0.000000 2655.997559 0.000000 0.281271 0.000000 0.959628 0.337795 0.337795 0.337795
3240.067139 0.000000 2644.725342 0.000000 0.045103 0.000000 -0.998982 1.281449 1.281449 1.281449
3216.166992 0.000000 2648.854248 0.000000 0.642557 0.000000 0.766238 0.355402 0.355402 0.355402
3213.917725 0.000000 2669.395508 0.000000 0.969216 0.000000 -0.246214 0.909805 0.909805 0.909805
3244.454590 0.000000 2640.836426 0.000000 0.994374 0.000000 0.105923 0.761213 0.761213 0.761213
3260.235107 0.000000 2656.623047 0.000000 0.520818 0.000000 -0.853668 1.047221 1.047221 1.047221
3234.207031 0.000000 2672.348877 0.000000 0.793298 0.000000 -0.608833 1.087622 1.087622 1.087622
3232.582275 0.000000 2685.634766 0.000000 0.220062 0.000000 -0.975486 1.486998 1.486998 1.486998
3232.671143 0.000000 2675.298828 0.000000 0.165692 0.000000 0.986178 0.084777 0.084777 0.084777
3248.194824 0.000000 2657.896973 0.000000 0.466271 0.000000 0.884642 0.429195 0.429195 0.429195
3200.522217 0.000000 2634.452148 0.000000 0.241511 0.000000 -0.970398 1.271715 1.271715 1.271715
3235.999023 0.000000 2638.675049 0.000000 0.509805 0.000000 -0.860290 1.224107 1.224107 1.224107
3224.698975 0.000000 2642.231934 0.000000 0.596550 0.000000 0.802576 0.325540 0.325540 0.325540
3234.795166 0.000000 2677.434814 0.000000 0.074172 0.000000 -0.997245 1.484476 1.484476 1.484476
3255.512695 0.000000 2634.395264 0.000000 0.824877 0.000000 0.565312 0.568407 0.568407 0.568407
3218.753906 0.000000 2647.031006 0.000000 0.945286 0.000000 0.326242 0.630748 0.630748 0.630748
3239.609375 0.000000 2654.005859 0.000000 0.905658 0.000000 0.424008 0.576997 0.576997 0.576997
3205.992188 0.000000 2667.308350 0.000000 0.623642 0.000000 0.781710 0.584921 0.584921 0.584921
3208.515381 0.000000 2651.549561 0.000000 0.855323 0.000000 -0.518095 0.945757 0.945757 0.945757
3212.715088 0.000000 2644.428711 0.000000 0.900993 0.000000 0.433834 0.623439 0.623439 0.623439
3226.865723 0.000000 2657.527344 0.000000 0.960951 0.000000 -0.276718 0.942795 0.942795 0.942795
3212.970703 0.000000 2640.933838 0.000000 0.965212 0.000000 -0.261468 0.934731 0.934731 0.934731
3242.856201 0.000000 2686.255371 0.000000 0.070983 0.000000 -0.997477 1.333175 1.333175 1.333175
3225.441162 0.000000 2629.584473 0.000000 0.397771 0.000000 -0.917485 1.391654 1.391654 1.391654
3232.856934 0.000000 2654.326416 0.000000 0.683978 0.000000 0.729503 0.383602 0.383602 0.383602
3238.690674 0.000000 2646.110107 0.000000 0.425796 0.000000 0.904819 0.327914 0.327914 0.327914
3232.616455 0.000000 2639.394287 0.000000 0.463103 0.000000 -0.886305 1.354778 1.354778 1.354778
3210.583252 0.000000 2629.308350 0.000000 0.998954 0.000000 0.045734 0.789035 0.789035 0.789035
3238.154297 0.000000 2677.863037 0.000000 0.736290 0.000000 0.676666 0.433354 0.433354 0.433354
3258.048828 0.000000 2677.636963 0.000000 0.944231 0.000000 -0.329284 0.889132 0.889132 0.889132
3227.840088 0.000000 2651.705078 0.000000 0.990290 0.000000 -0.139014 0.834818 0.834818 0.834818
3246.590332 0.000000 2624.062744 0.000000 0.424344 0.000000 0.905501 0.476535 0.476535 0.476535
3226.067383 0.000000 2664.101074 0.000000 0.851668 0.000000 0.524082 0.519054 0.519054 0.519054
3231.835449 0.000000 2633.839844 0.000000 0.507038 0.000000 -0.861924 1.329185 1.329185 1.329185
3222.692871 0.000000 2648.936768 0.000000 0.517205 0.000000 0.855862 0.369165 0.369165 0.369165
3218.819580 0.000000 2641.209717 0.000000 0.997178 0.000000 0.075067 0.772687 0.772687 0.772687
3200.332520 0.000000 2644.064209 0.000000 0.022763 0.000000 -0.999741 1.251401 1.251401 1.251401
3238.049561 0.000000 2640.178711 0.000000 0.677161 0.000000 0.735834 0.378864 0.378864 0.378864
3247.482666 0.000000 2644.351074 0.000000 0.711469 0.000000 -0.702717 1.070790 1.070790 1.070790
3211.856201 0.000000 2673.413330 0.000000 0.058550 0.000000 -0.998284 1.189612 1.189612 1.189612
3223.278564 0.000000 2646.189453 0.000000 0.932964 0.000000 0.359969 0.612459 0.612459 0.612459
3204.425293 0.000000 2663.459229 0.000000 0.871514 0.000000 -0.490371 1.061022 1.061022 1.061022
3209.773682 0.000000 2653.053223 0.000000 0.986849 0.000000 -0.161643 0.859989 0.859989 0.859989
3262.099365 0.000000 2671.585205 0.000000 0.378603 0.000000 -0.925559 1.402247 1.402247 1.402247
3233.445801 0.000000 2627.418213 0.000000 0.682144 0.000000 0.731218 0.519911 0.519911 0.519911
3302.957764 0.000000 2676.401611 0.000000 0.904825 0.000000 0.425784 0.791216 0.791216 0.791216
3264.934570 0.000000 2680.146240 0.000000 0.701394 0.000000 -0.712774 1.204098 1.204098 1.204098
3290.408691 0.000000 2670.532959 0.000000 0.752321 0.000000 0.658797 0.774144 0.774144 0.774144
3283.843750 0.000000 2672.372314 0.000000 0.944726 0.000000 -0.327861 0.966788 0.966788 0.966788
3291.928955 0.000000 2676.033691 0.000000 0.973349 0.000000 0.229329 0.790295 0.790295 0.790295
3313.663330 0.000000 2656.828125 0.000000 0.218857 0.000000 -0.975757 1.487628 1.487628 1.487628
3320.031250 0.000000 2628.688721 0.000000 0.830045 0.000000 -0.557697 0.830721 0.830721 0.830721
3320.689209 0.000000 2633.062744 0.000000 0.738527 0.000000 0.674224 0.439421 0.439421 0.439421
3293.569336 0.000000 2683.336182 0.000000 0.585564 0.000000 -0.810626 1.243640 1.243640 1.243640
3327.362305 0.000000 2630.895264 0.000000 0.182550 0.000000 -0.983196 0.888659 0.888659 0.888659
3301.207031 0.000000 2666.217529 0.000000 0.458019 0.000000 -0.888943 1.313954 1.313954 1.313954
3276.040039 0.000000 2677.247559 0.000000 0.595286 0.000000 -0.803514 0.857777 0.857777 0.857777
3264.013672 0.000000 2636.653320 0.000000 0.900880 0.000000 -0.434068 1.019708 1.019708 1.019708
3322.356689 0.000000 2625.698242 0.000000 0.067715 0.000000 0.997705 0.076540 0.076540 0.076540
3321.270508 0.000000 2685.388672 0.000000 0.763636 0.000000 0.645647 0.750937 0.750937 0.750937
3304.751221 0.000000 2629.386230 0.000000 0.778517 0.000000 0.627623 0.478837 0.478837 0.478837
3297.277344 0.000000 2637.673096 0.000000 0.059984 0.000000 -0.998199 0.905608 0.905608 0.905608
3307.883545 0.000000 2656.944336 0.000000 0.262035 0.000000 0.965058 0.135030 0.135030 0.135030
3313.708740 0.000000 2668.947754 0.000000 0.656380 0.000000 -0.754430 1.235339 1.235339 1.235339
3312.290527 0.000000 2659.640625 0.000000 0.270010 0.000000 -0.962857 1.460757 1.460757 1.460757
3325.974365 0.000000 2628.018555 0.000000 0.263253 0.000000 0.964727 0.200803 0.200803 0.200803
3274.833252 0.000000 2671.841553 0.000000 0.119760 0.000000 0.992803 0.061140 0.061140 0.061140
3285.783203 0.000000 2635.341797 0.000000 0.940099 0.000000 0.340903 0.774987 0.774987 0.774987
3300.946777 0.000000 2686.797119 0.000000 0.760675 0.000000 0.649133 0.440211 0.440211 0.440211
3307.747070 0.000000 2652.383545 0.000000 0.985189 0.000000 0.171474 0.718430 0.718430 0.718430
3309.261963 0.000000 2673.486816 0.000000 0.487321 0.000000 0.873223 0.702451 0.702451 0.702451
3323.566895 0.000000 2662.746582 0.000000 0.929954 0.000000 -0.367675 0.956411 0.956411 0.956411
3323.632568 0.000000 2633.393555 0.000000 0.979545 0.000000 -0.201227 0.892263 0.892263 0.892263
3284.637451 0.000000 2675.133301 0.000000 0.983423 0.000000 -0.181326 0.889949 0.889949 0.889949
3306.505127 0.000000 2661.666260 0.000000 0.917523 0.000000 -0.397682 0.835941 0.835941 0.835941
3304.175781 0.000000 2670.330566 0.000000 0.085921 0.000000 -0.996302 0.933445 0.933445 0.933445
3267.198730 0.000000 2656.385498 0.000000 0.348945 0.000000 -0.937143 1.418464 1.418464 1.418464
3322.773682 0.000000 2658.637207 0.000000 0.299657 0.000000 -0.954047 1.445005 1.445005 1.445005
3288.821777 0.000000 2677.130615 0.000000 0.996981 0.000000 0.077648 0.764296 0.764296 0.764296
3266.896973 0.000000 2664.012695 0.000000 0.943943 0.000000 -0.330108 0.971336 0.971336 0.971336
3310.680176 0.000000 2657.104980 0.000000 0.954794 0.000000 -0.297269 0.953721 0.953721 0.953721
3306.466064 0.000000 2648.355469 0.000000 0.957929 0.000000 0.287005 0.761047 0.761047 0.761047
3289.640625 0.000000 2654.294434 0.000000 0.704789 0.000000 0.709417 0.398333 0.398333 0.398333
3306.903809 0.000000 2684.461426 0.000000 0.943940 0.000000 -0.330116 0.961934 0.961934 0.961934
3274.295898 0.000000 2651.469727 0.000000 0.818343 0.000000 0.574730 0.502846 0.502846 0.502846
3305.066406 0.000000 2643.226807 0.000000 0.999847 0.000000 -0.017492 0.802201 0.802201 0.802201
3324.294434 0.000000 2653.041016 0.000000 0.227239 0.000000 -0.973839 1.314446 1.314446 1.314446
3327.945312 0.000000 2645.680908 0.000000 0.945311 0.000000 0.326170 0.638750 0.638750 0.638750
3271.254883 0.000000 2676.158447 0.000000 0.397219 0.000000 -0.917724 1.391961 1.391961 1.391961
3318.357178 0.000000 2661.203125 0.000000 0.891341 0.000000 -0.453334 0.856382 0.856382 0.856382
3316.877197 0.000000 2667.650635 0.000000 0.995714 0.000000 0.092488 0.766703 0.766703 0.766703
3314.325928 0.000000 2647.655273 0.000000 0.511799 0.000000 -0.859105 1.326367 1.326367 1.326367
3301.225830 0.000000 2663.619141 0.000000 0.737821 0.000000 0.674996 0.422632 0.422632 0.422632
3312.187012 0.000000 2666.112305 0.000000 0.263590 0.000000 -0.964635 1.297461 1.297461 1.297461
3267.063721 0.000000 2674.984863 0.000000 0.777391 0.000000 0.629017 0.551358 0.551358 0.551358
3297.335938 0.000000 2647.397949 0.000000 0.524096 0.000000 0.851659 0.399012 0.399012 0.399012
3265.475586 0.000000 2672.701904 0.000000 0.959242 0.000000 -0.282587 0.945908 0.945908 0.945908
3273.663330 0.000000 2669.650146 0.000000 0.127191 0.000000 -0.991878 1.535046 1.535046 1.535046
3296.013184 0.000000 2684.025635 0.000000 0.983644 0.000000 0.180123 0.707761 0.707761 0.707761
3303.393066 0.000000 2639.058594 0.000000 0.395367 0.000000 0.918523 0.646521 0.646521 0.646521
3320.498535 0.000000 2635.837402 0.000000 0.922520 0.000000 -0.385949 0.962233 0.962233 0.962233
3291.458008 0.000000 2684.812012 0.000000 0.675712 0.000000 0.737166 0.490432 0.490432 0.490432
3264.017578 0.000000 2682.450195 0.000000 0.758896 0.000000 -0.651212 1.076199 1.076199 1.076199
3264.788086 0.000000 2642.336670 0.000000 0.603232 0.000000 -0.797566 1.111627 1.111627 1.111627
3327.694824 0.000000 2660.460205 0.000000 0.754858 0.000000 0.655888 0.692844 0.692844 0.692844
3291.008545 0.000000 2633.677246 0.000000 0.810450 0.000000 0.585808 0.697498 0.697498 0.697498
3295.094238 0.000000 2638.609375 0.000000 0.925528 0.000000 -0.378679 0.934966 0.934966 0.934966
3293.342285 0.000000 2666.044189 0.000000 0.517336 0.000000 0.855782 0.629743 0.629743 0.629743
3295.193359 0.000000 2654.642578 0.000000 0.277591 0.000000 0.960699 0.143258 0.143258 0.143258
3312.499023 0.000000 2654.730225 0.000000 0.997442 0.000000 0.071487 0.763561 0.763561 0.763561
3289.739502 0.000000 2686.648682 0.000000 0.734697 0.000000 0.678396 0.707676 0.707676 0.707676
3314.638428 0.000000 2663.206543 0.000000 0.924426 0.000000 -0.381361 0.936755 0.936755 0.936755
3301.940186 0.000000 2634.897705 0.000000 0.518727 0.000000 -0.854940 1.322250 1.322250 1.322250
3300.208984 0.000000 2645.414795 0.000000 0.028709 0.000000 0.999588 0.140900 0.140900 0.140900
3324.650391 0.000000 2647.208740 0.000000 0.656861 0.000000 0.754012 0.656701 0.656701 0.656701
3323.085938 0.000000 2644.743652 0.000000 0.945584 0.000000 0.325378 0.631213 0.631213 0.631213
3320.013184 0.000000 2638.074707 0.000000 0.839775 0.000000 -0.542934 0.998305 0.998305 0.998305
3311.397461 0.000000 2669.136230 0.000000 0.454491 0.000000 0.890751 0.240286 0.240286 0.240286
3279.776367 0.000000 2679.863770 0.000000 0.230446 0.000000 0.973085 0.153177 0.153177 0.153177
3325.343506 0.000000 2670.064209 0.000000 0.985515 0.000000 -0.169588 0.827228 0.827228 0.827228
3304.944580 0.000000 2673.631592 0.000000 0.429574 0.000000 0.903032 0.399422 0.399422 0.399422
3269.270508 0.000000 2659.638672 0.000000 0.762344 0.000000 0.647172 0.441522 0.441522 0.441522
3273.458496 0.000000 2676.552490 0.000000 0.942954 0.000000 -0.332922 0.909814 0.909814 0.909814
3277.959229 0.000000 2651.320801 0.000000 0.462948 0.000000 -0.886386 1.354867 1.354867 1.354867
3315.010498 0.000000 2658.718994 0.000000 0.041789 0.000000 0.999126 0.543483 0.543483 0.543483
3321.202637 0.000000 2687.846680 0.000000 0.927080 0.000000 0.374863 0.623490 0.623490 0.623490
3293.121582 0.000000 2681.147461 0.000000 0.661339 0.000000 0.750087 0.368018 0.368018 0.368018
3321.252197 0.000000 2640.563721 0.000000 0.912820 0.000000 0.408362 0.585760 0.585760 0.585760
3298.254395 0.000000 2639.647949 0.000000 0.130345 0.000000 0.991469 0.273659 0.273659 0.273659
3324.512695 0.000000 2665.554688 0.000000 0.680568 0.000000 0.732685 0.497827 0.497827 0.497827
3321.476807 0.000000 2630.478516 0.000000 0.839143 0.000000 0.543911 0.522040 0.522040 0.522040
3307.739990 0.000000 2626.272217 0.000000 0.968173 0.000000 -0.250284 0.900544 0.900544 0.900544
3314.036865 0.000000 2644.506348 0.000000 0.679986 0.000000 -0.733225 1.164931 1.164931 1.164931
3307.433838 0.000000 2654.806152 0.000000 0.904742 0.000000 -0.425959 1.024101 1.024101 1.024101
3285.890869 0.000000 2673.067383 0.000000 0.240620 0.000000 -0.970619 1.476239 1.476239 1.476239
3311.595947 0.000000 2677.427246 0.000000 0.078885 0.000000 0.996884 0.171317 0.171317 0.171317
3323.502441 0.000000 2635.604736 0.000000 0.982541 0.000000 0.186044 0.739452 0.739452 0.739452
3264.955322 0.000000 2660.559326 0.000000 0.228189 0.000000 -0.973617 1.281942 1.281942 1.281942
3307.452881 0.000000 2659.093018 0.000000 0.001451 0.000000 0.999999 0.132382 0.132382 0.132382
3299.129883 0.000000 2663.257080 0.000000 1.000000 0.000000 -0.000753 0.800138 0.800138 0.800138
3320.390137 0.000000 2642.662354 0.000000 0.982526 0.000000 -0.186123 0.895348 0.895348 0.895348
3305.259033 0.000000 2677.231201 0.000000 0.957533 0.000000 0.288323 0.651044 0.651044 0.651044
3307.357422 0.000000 2677.305176 0.000000 0.263345 0.000000 0.964702 0.364963 0.364963 0.364963
3264.141846 0.000000 2668.046875 0.000000 0.854145 0.000000 -0.520034 1.034839 1.034839 1.034839
3303.178955 0.000000 2665.458984 0.000000 0.157913 0.000000 -0.987453 1.237184 1.237184 1.237184
3314.479492 0.000000 2649.896729 0.000000 0.727595 0.000000 0.686007 0.414979 0.414979 0.414979
3287.595215 0.000000 2679.508057 0.000000 0.866006 0.000000 0.500033 0.630576 0.630576 0.630576
3267.038818 0.000000 2642.729980 0.000000 0.808069 0.000000 0.589087 0.679221 0.679221 0.679221
3292.762695 0.000000 2634.758301 0.000000 0.763186 0.000000 0.646179 0.442186 0.442186 0.442186
3297.982910 0.000000 2687.217773 0.000000 0.977982 0.000000 -0.208690 0.907072 0.907072 0.907072
3295.389893 0.000000 2682.043213 0.000000 0.935878 0.000000 -0.352323 0.983373 0.983373 0.983373
3316.408691 0.000000 2643.720215 0.000000 0.001664 0.000000 -0.999999 1.564679 1.564679 1.564679
3270.899170 0.000000 2672.676758 0.000000 0.400583 0.000000 0.916261 0.466771 0.466771 0.466771
3291.987549 0.000000 2672.046387 0.000000 0.731602 0.000000 0.681732 0.620218 0.620218 0.620218
3298.986816 0.000000 2657.102783 0.000000 0.494843 0.000000 -0.868982 1.195435 1.195435 1.195435
3265.796631 0.000000 2635.573486 0.000000 0.546793 0.000000 -0.837268 1.305358 1.305358 1.305358
3325.282471 0.000000 2654.760010 0.000000 0.312767 0.000000 -0.949830 1.317898 1.317898 1.317898
3306.307129 0.000000 2627.899902 0.000000 0.703760 0.000000 0.710438 0.485966 0.485966 0.485966
3305.910645 0.000000 2656.270996 0.000000 0.676379 0.000000 -0.736554 0.958749 0.958749 0.958749
3304.095703 0.000000 2627.528564 0.000000 0.992496 0.000000 -0.122280 0.822035 0.822035 0.822035
3304.875000 0.000000 2631.443604 0.000000 0.969156 0.000000 0.246448 0.673178 0.673178 0.673178
3324.797852 0.000000 2649.260498 0.000000 0.225928 0.000000 0.974144 0.542519 0.542519 0.542519
3320.273926 0.000000 2646.336670 0.000000 0.987309 0.000000 -0.158814 0.869760 0.869760 0.869760
3321.163818 0.000000 2657.542480 0.000000 0.990303 0.000000 -0.138926 0.825053 0.825053 0.825053
3276.525635 0.000000 2667.049805 0.000000 0.873816 0.000000 0.486256 0.678296 0.678296 0.678296
3295.423340 0.000000 2646.722900 0.000000 0.884466 0.000000 0.466604 0.552764 0.552764 0.552764
3311.039795 0.000000 2661.212158 0.000000 0.994500 0.000000 -0.104740 0.850927 0.850927 0.850927
3325.595703 0.000000 2630.000244 0.000000 0.585955 0.000000 0.810343 0.318849 0.318849 0.318849
3275.952393 0.000000 2650.527100 0.000000 0.973160 0.000000 -0.230128 0.912698 0.912698 0.912698
3324.566406 0.000000 2626.398193 0.000000 0.833021 0.000000 0.553241 0.501425 0.501425 0.501425
3268.029785 0.000000 2658.202881 0.000000 0.983195 0.000000 -0.182556 0.893499 0.893499 0.893499
3288.750732 0.000000 2672.860840 0.000000 0.974333 0.000000 0.225110 0.727896 0.727896 0.727896
3276.765625 0.000000 2664.087891 0.000000 0.995838 0.000000 -0.091138 0.835544 0.835544 0.835544
3318.253662 0.000000 2649.751465 0.000000 0.261773 0.000000 0.965129 0.557431 0.557431 0.557431
3313.739746 0.000000 2673.867920 0.000000 0.782840 0.000000 -0.622223 1.124596 1.124596 1.124596
3299.200195 0.000000 2680.933105 0.000000 0.027186 0.000000 -0.999630 1.586153 1.586153 1.586153
3264.010498 0.000000 2678.110107 0.000000 0.511786 0.000000 -0.859113 1.299540 1.299540 1.299540
3293.354248 0.000000 2654.992432 0.000000 0.728650 0.000000 -0.684886 0.992872 0.992872 0.992872
3313.350098 0.000000 2678.158203 0.000000 0.353592 0.000000 -0.935400 1.403859 1.403859 1.403859
3324.368652 0.000000 2674.595703 0.000000 0.510116 0.000000 0.860106 0.431879 0.431879 0.431879
3272.723389 0.000000 2672.026367 0.000000 0.672723 0.000000 -0.739895 1.117734 1.117734 1.117734
3321.930420 0.000000 2634.480957 0.000000 0.570276 0.000000 -0.821453 1.194676 1.194676 1.194676
3301.409912 0.000000 2642.502686 0.000000 0.994949 0.000000 -0.100380 0.825705 0.825705 0.825705
3264.571777 0.000000 2632.710693 0.000000 0.698522 0.000000 0.715589 0.521272 0.521272 0.521272
3270.542969 0.000000 2677.876465 0.000000 0.739240 0.000000 0.673442 0.423704 0.423704 0.423704
3270.783691 0.000000 2668.857666 0.000000 0.109398 0.000000 -0.993998 1.293197 1.293197 1.293197
3309.218506 0.000000 2658.373779 0.000000 0.612999 0.000000 0.790083 0.336059 0.336059 0.336059
3266.026123 0.000000 2684.529297 0.000000 0.479128 0.000000 0.877745 0.254475 0.254475 0.254475
3313.312744 0.000000 2670.751953 0.000000 0.252715 0.000000 -0.967541 1.469882 1.469882 1.469882
3298.241943 0.000000 2641.576172 0.000000 0.088447 0.000000 -0.996081 1.143403 1.143403 1.143403
3313.188232 0.000000 2664.553467 0.000000 0.671956 0.000000 -0.740591 1.091479 1.091479 1.091479
3307.168701 0.000000 2650.154297 0.000000 0.083797 0.000000 -0.996483 1.088061 1.088061 1.088061
3305.835693 0.000000 2663.400635 0.000000 0.950999 0.000000 0.309193 0.693271 0.693271 0.693271
3321.283447 0.000000 2644.398438 0.000000 0.632236 0.000000 -0.774776 1.090325 1.090325 1.090325
3312.299805 0.000000 2652.954590 0.000000 0.954187 0.000000 0.299209 0.671946 0.671946 0.671946
3267.817139 0.000000 2687.135986 0.000000 0.072448 0.000000 0.997372 0.036930 0.036930 0.036930
3281.266357 0.000000 2665.045654 0.000000 0.941983 0.000000 -0.335662 0.923061 0.923061 0.923061
3265.458496 0.000000 2637.745361 0.000000 0.998202 0.000000 -0.059936 0.829346 0.829346 0.829346
3322.614990 0.000000 2631.862549 0.000000 0.247000 0.000000 -0.969015 1.472888 1.472888 1.472888
3267.395996 0.000000 2678.598145 0.000000 0.304669 0.000000 0.952458 0.303771 0.303771 0.303771
3267.746338 0.000000 2644.405518 0.000000 0.907891 0.000000 -0.419206 0.986613 0.986613 0.986613
3326.291504 0.000000 2646.420898 0.000000 0.236473 0.000000 -0.971638 1.196406 1.196406 1.196406
3302.425781 0.000000 2671.262695 0.000000 0.290004 0.000000 0.957025 0.389513 0.389513 0.389513
3289.977051 0.000000 2656.087402 0.000000 0.045517 0.000000 -0.998964 1.363568 1.363568 1.363568
3315.491211 0.000000 2656.351074 0.000000 0.865653 0.000000 -0.500645 0.975936 0.975936 0.975936
3291.452637 0.000000 2680.471924 0.000000 0.613279 0.000000 -0.789867 1.263760 1.263760 1.263760
3317.953613 0.000000 2669.046875 0.000000 0.965269 0.000000 0.261257 0.665381 0.665381 0.665381
3289.797607 0.000000 2635.467041 0.000000 0.720630 0.000000 0.693320 0.521530 0.521530 0.521530
3298.295166 0.000000 2660.802246 0.000000 0.809552 0.000000 -0.587048 0.946611 0.946611 0.946611
3314.006836 0.000000 2686.305420 0.000000 0.243862 0.000000 -0.969810 1.133301 1.133301 1.133301
3301.622803 0.000000 2661.914062 0.000000 0.846498 0.000000 0.532392 0.648625 0.648625 0.648625
3302.891357 0.000000 2628.763428 0.000000 0.840623 0.000000 0.541621 0.671967 0.671967 0.671967
3268.144531 0.000000 2683.563965 0.000000 0.588261 0.000000 0.808671 0.453863 0.453863 0.453863
3304.562988 0.000000 2675.533691 0.000000 0.607421 0.000000 0.794380 0.332474 0.332474 0.332474
3267.894775 0.000000 2673.421387 0.000000 0.409500 0.000000 0.912310 0.430568 0.430568 0.430568
3266.070312 0.000000 2654.978516 0.000000 0.945626 0.000000 -0.325257 0.888661 0.888661 0.888661
3300.533936 0.000000 2648.764404 0.000000 0.935612 0.000000 0.353030 0.668847 0.668847 0.668847
3309.491455 0.000000 2652.637207 0.000000 0.349105 0.000000 0.937084 0.181623 0.181623 0.181623
3320.983887 0.000000 2624.629883 0.000000 0.827423 0.000000 -0.561579 0.965540 0.965540 0.965540
3323.788574 0.000000 2624.676025 0.000000 0.868714 0.000000 0.495314 0.550574 0.550574 0.550574
3308.390869 0.000000 2671.976562 0.000000 0.793036 0.000000 -0.609175 1.040715 1.040715 1.040715
3322.581055 0.000000 2653.277832 0.000000 0.937502 0.000000 0.347981 0.687134 0.687134 0.687134
3318.572021 0.000000 2671.742188 0.000000 0.006647 0.000000 -0.999978 1.549755 1.549755 1.549755
3277.590088 0.000000 2665.704834 0.000000 0.552938 0.000000 -0.833222 1.183585 1.183585 1.183585
3309.344727 0.000000 2655.997559 0.000000 0.729963 0.000000 0.683487 0.416740 0.416740 0.416740
3327.042236 0.000000 2644.141846 0.000000 0.948744 0.000000 -0.316046 0.956062 0.956062 0.956062
3304.067139 0.000000 2644.725342 0.000000 0.430218 0.000000 -0.902725 1.139601 1.139601 1.139601
3277.917725 0.000000 2669.395508 0.000000 0.335764 0.000000 -0.941946 1.087044 1.087044 1.087044
3310.770508 0.000000 2649.830566 0.000000 0.933954 0.000000 0.357394 0.716786 0.716786 0.716786
3324.734619 0.000000 2638.837891 0.000000 0.961299 0.000000 0.275507 0.696869 0.696869 0.696869
3296.582275 0.000000 2685.634766 0.000000 0.957985 0.000000 -0.286819 0.948157 0.948157 0.948157
3312.194824 0.000000 2657.896973 0.000000 0.998779 0.000000 -0.049410 0.825174 0.825174 0.825174
3264.522217 0.000000 2634.452148 0.000000 0.961834 0.000000 -0.273633 0.941161 0.941161 0.941161
3299.999023 0.000000 2638.675049 0.000000 0.515994 0.000000 -0.856592 1.175958 1.175958 1.175958
3269.992188 0.000000 2667.308350 0.000000 0.837093 0.000000 -0.547060 1.010410 1.010410 1.010410
3308.822021 0.000000 2665.859619 0.000000 0.510752 0.000000 0.859728 0.390810 0.390810 0.390810
3310.327637 0.000000 2678.562500 0.000000 0.929287 0.000000 0.369360 0.662482 0.662482 0.662482
3307.594482 0.000000 2670.355225 0.000000 0.644209 0.000000 -0.764850 1.137407 1.137407 1.137407
3309.077393 0.000000 2668.800781 0.000000 0.830921 0.000000 0.556391 0.499497 0.499497 0.499497
3296.856934 0.000000 2654.326416 0.000000 0.635487 0.000000 -0.772112 1.199946 1.199946 1.199946
3264.178711 0.000000 2638.809570 0.000000 0.998013 0.000000 -0.063010 0.832112 0.832112 0.832112
3276.294922 0.000000 2660.438965 0.000000 0.999906 0.000000 0.013722 0.793916 0.793916 0.793916
3296.616455 0.000000 2639.394287 0.000000 0.024438 0.000000 -0.999701 1.587553 1.587553 1.587553
3302.874268 0.000000 2687.343994 0.000000 0.925873 0.000000 0.377834 0.627433 0.627433 0.627433
3310.635742 0.000000 2659.452881 0.000000 0.963295 0.000000 -0.268446 0.938416 0.938416 0.938416
3293.392090 0.000000 2676.928223 0.000000 0.875359 0.000000 -0.483473 1.040874 1.040874 1.040874
3315.804199 0.000000 2664.379639 0.000000 0.359115 0.000000 -0.933293 1.280726 1.280726 1.280726
3323.966553 0.000000 2643.233398 0.000000 0.917725 0.000000 0.397216 0.591962 0.591962 0.591962
3304.363770 0.000000 2672.069336 0.000000 0.564630 0.000000 0.825344 0.454868 0.454868 0.454868
3266.395996 0.000000 2657.891602 0.000000 0.685806 0.000000 -0.727785 1.215120 1.215120 1.215120
3269.232666 0.000000 2672.370117 0.000000 0.784989 0.000000 0.619510 0.519778 0.519778 0.519778
3279.334961 0.000000 2687.497803 0.000000 0.642798 0.000000 0.766036 0.526366 0.526366 0.526366
3264.049805 0.000000 2671.859131 0.000000 0.092825 0.000000 -0.995682 1.378512 1.378512 1.378512
3327.315430 0.000000 2655.658203 0.000000 0.388141 0.000000 0.921600 0.331774 0.331774 0.331774
3287.928223 0.000000 2654.075684 0.000000 0.932938 0.000000 -0.360036 0.927258 0.927258 0.927258
3293.074219 0.000000 2633.167480 0.000000 0.726740 0.000000 0.686913 0.542896 0.542896 0.542896
3269.454590 0.000000 2675.761719 0.000000 0.999979 0.000000 -0.006472 0.802546 0.802546 0.802546
3113.437256 0.000000 2690.075195 0.000000 0.637495 0.000000 0.770454 0.777163 0.777163 0.777163
3115.523193 0.000000 2728.381348 0.000000 0.827397 0.000000 -0.561618 1.060836 1.060836 1.060836
3115.883545 0.000000 2720.944336 0.000000 0.005759 0.000000 -0.999983 0.909401 0.909401 0.909401
3102.910645 0.000000 2708.855225 0.000000 0.999023 0.000000 -0.044183 0.818802 0.818802 0.818802
3115.962891 0.000000 2703.176514 0.000000 0.372403 0.000000 -0.928071 1.405654 1.405654 1.405654
3122.477783 0.000000 2694.194336 0.000000 0.538540 0.000000 0.842600 0.363691 0.363691 0.363691
3124.877197 0.000000 2731.650635 0.000000 0.186138 0.000000 0.982524 0.606568 0.606568 0.606568
3118.050293 0.000000 2728.694336 0.000000 0.810351 0.000000 -0.585945 0.882524 0.882524 0.882524
3092.507324 0.000000 2719.782227 0.000000 0.896920 0.000000 0.442193 0.736877 0.736877 0.736877
3121.436279 0.000000 2696.522949 0.000000 0.861330 0.000000 -0.508046 0.889406 0.889406 0.889406
3113.375977 0.000000 2729.206055 0.000000 0.037458 0.000000 -0.999298 1.084805 1.084805 1.084805
3135.123535 0.000000 2737.041016 0.000000 0.999905 0.000000 -0.013819 0.807038 0.807038 0.807038
3104.913086 0.000000 2741.532227 0.000000 0.915386 0.000000 0.402578 0.721386 0.721386 0.721386
3132.512695 0.000000 2729.554688 0.000000 0.831386 0.000000 0.555695 0.709389 0.709389 0.709389
3124.954102 0.000000 2689.288330 0.000000 0.990815 0.000000 0.135224 0.754759 0.754759 0.754759
3116.927002 0.000000 2726.741455 0.000000 0.997190 0.000000 0.074921 0.766451 0.766451 0.766451
3107.129883 0.000000 2727.257080 0.000000 0.989894 0.000000 -0.141807 0.872466 0.872466 0.872466
3118.709229 0.000000 2691.361328 0.000000 0.468412 0.000000 0.883510 0.401895 0.401895 0.401895
3115.191650 0.000000 2730.497803 0.000000 0.801656 0.000000 -0.597785 1.126324 1.126324 1.126324
3121.481201 0.000000 2699.448486 0.000000 0.162511 0.000000 -0.986707 1.317267 1.317267 1.317267
3105.982910 0.000000 2751.217773 0.000000 0.695403 0.000000 -0.718620 1.120283 1.120283 1.120283
3103.423340 0.000000 2710.722900 0.000000 0.437075 0.000000 -0.899425 1.286972 1.286972 1.286972
3119.039795 0.000000 2725.212158 0.000000 0.691184 0.000000 0.722679 0.388657 0.388657 0.388657
3112.527588 0.000000 2725.613281 0.000000 0.736390 0.000000 -0.676558 1.046361 1.046361 1.046361
3104.163330 0.000000 2727.657227 0.000000 0.245313 0.000000 -0.969444 1.080079 1.080079 1.080079
3109.409912 0.000000 2706.502686 0.000000 0.189318 0.000000 -0.981916 1.053630 1.053630 1.053630
3107.666992 0.000000 2729.121094 0.000000 0.763718 0.000000 0.645550 0.442605 0.442605 0.442605
3121.188232 0.000000 2728.553467 0.000000 0.993004 0.000000 0.118079 0.746814 0.746814 0.746814
3106.613037 0.000000 2697.561035 0.000000 0.411335 0.000000 0.911484 0.394566 0.394566 0.394566
3113.835693 0.000000 2727.400635 0.000000 0.061999 0.000000 -0.998076 1.143522 1.143522 1.143522
3123.163330 0.000000 2695.918213 0.000000 0.373053 0.000000 -0.927810 1.317470 1.317470 1.317470
3109.683105 0.000000 2697.140625 0.000000 0.729076 0.000000 0.684433 0.559109 0.559109 0.559109
3114.635986 0.000000 2700.448975 0.000000 0.804017 0.000000 0.594606 0.535467 0.535467 0.535467
3118.441895 0.000000 2693.300537 0.000000 0.953656 0.000000 -0.300900 0.876914 0.876914 0.876914
3117.733154 0.000000 2703.358643 0.000000 0.561825 0.000000 0.827256 0.432259 0.432259 0.432259
3123.804199 0.000000 2728.379639 0.000000 0.076494 0.000000 -0.997070 1.244665 1.244665 1.244665
3134.099365 0.000000 2735.585205 0.000000 0.151946 0.000000 0.988389 0.375110 0.375110 0.375110
3161.014648 0.000000 2710.339844 0.000000 0.571756 0.000000 0.820424 0.788470 0.788470 0.788470
3178.893799 0.000000 2709.241943 0.000000 0.388146 0.000000 -0.921598 1.396985 1.396985 1.396985
3172.396973 0.000000 2704.374512 0.000000 0.560703 0.000000 -0.828017 1.296850 1.296850 1.296850
3180.443604 0.000000 2700.538574 0.000000 0.732917 0.000000 0.680318 0.418947 0.418947 0.418947
3170.930176 0.000000 2713.593506 0.000000 0.379733 0.000000 0.925096 0.198375 0.198375 0.198375
3165.620605 0.000000 2711.662842 0.000000 0.336911 0.000000 0.941536 0.175011 0.175011 0.175011
3177.306641 0.000000 2718.177979 0.000000 0.690712 0.000000 0.723130 0.388324 0.388324 0.388324
3173.122314 0.000000 2716.998779 0.000000 0.554739 0.000000 0.832025 0.299491 0.299491 0.299491
3152.258057 0.000000 2695.456543 0.000000 0.903088 0.000000 0.429455 0.573929 0.573929 0.573929
3173.207031 0.000000 2730.217529 0.000000 0.987941 0.000000 -0.154829 0.811177 0.811177 0.811177
3191.571289 0.000000 2715.262695 0.000000 0.542937 0.000000 0.839773 0.292301 0.292301 0.292301
3144.186768 0.000000 2724.134277 0.000000 0.878650 0.000000 0.477467 0.764210 0.764210 0.764210
3155.875244 0.000000 2693.113281 0.000000 0.979311 0.000000 -0.202360 0.903778 0.903778 0.903778
3169.277344 0.000000 2701.673096 0.000000 0.101228 0.000000 -0.994863 0.914455 0.914455 0.914455
3145.046387 0.000000 2701.519043 0.000000 0.992333 0.000000 -0.123596 0.853704 0.853704 0.853704
3162.095947 0.000000 2705.210938 0.000000 0.383486 0.000000 -0.923547 1.307860 1.307860 1.307860
3184.406250 0.000000 2713.438721 0.000000 0.673201 0.000000 0.739460 0.376130 0.376130 0.376130
3157.783203 0.000000 2699.341797 0.000000 0.995162 0.000000 -0.098250 0.809434 0.809434 0.809434
3168.272949 0.000000 2688.253662 0.000000 0.275625 0.000000 -0.961265 1.375239 1.375239 1.375239
3149.661133 0.000000 2690.814941 0.000000 0.439345 0.000000 0.898318 0.684104 0.684104 0.684104
3179.747070 0.000000 2716.383545 0.000000 0.022569 0.000000 0.999745 0.011495 0.011495 0.011495
3191.407959 0.000000 2712.139648 0.000000 0.688612 0.000000 -0.725130 1.201811 1.201811 1.201811
3147.949951 0.000000 2700.437256 0.000000 0.939672 0.000000 -0.342078 0.828589 0.828589 0.828589
3162.852783 0.000000 2712.675537 0.000000 0.803089 0.000000 0.595859 0.474898 0.474898 0.474898
3181.792725 0.000000 2708.390381 0.000000 0.939506 0.000000 0.342533 0.644288 0.644288 0.644288
3184.612061 0.000000 2706.905029 0.000000 0.207241 0.000000 -0.978290 1.379429 1.379429 1.379429
3167.893311 0.000000 2713.480469 0.000000 0.094915 0.000000 0.995485 0.646735 0.646735 0.646735
3174.862305 0.000000 2724.513672 0.000000 0.496273 0.000000 0.868167 0.707596 0.707596 0.707596
3176.309814 0.000000 2710.479004 0.000000 0.962577 0.000000 0.271009 0.660228 0.660228 0.660228
3159.152832 0.000000 2716.548096 0.000000 0.250477 0.000000 0.968123 0.681578 0.681578 0.681578
3178.466064 0.000000 2712.355469 0.000000 0.176125 0.000000 0.984368 0.090170 0.090170 0.090170
3175.023926 0.000000 2705.525635 0.000000 0.729339 0.000000 -0.684152 1.112999 1.112999 1.112999
3171.569336 0.000000 2706.871094 0.000000 0.992132 0.000000 -0.125197 0.863930 0.863930 0.863930
3175.914551 0.000000 2720.415039 0.000000 0.611442 0.000000 0.791289 0.335056 0.335056 0.335056
3149.099854 0.000000 2719.974121 0.000000 0.915057 0.000000 0.403324 0.606809 0.606809 0.606809
3186.325928 0.000000 2711.655273 0.000000 0.382302 0.000000 -0.924037 1.400210 1.400210 1.400210
3137.475586 0.000000 2736.701904 0.000000 0.421844 0.000000 0.906668 0.391850 0.391850 0.391850
3175.549561 0.000000 2716.288574 0.000000 0.432017 0.000000 0.901866 0.227517 0.227517 0.227517
3163.537598 0.000000 2710.039062 0.000000 0.515117 0.000000 0.857120 0.275602 0.275602 0.275602
3173.556152 0.000000 2714.277588 0.000000 0.915958 0.000000 0.401275 0.589708 0.589708 0.589708
3175.393066 0.000000 2703.058594 0.000000 0.727004 0.000000 0.686633 0.487098 0.487098 0.487098
3167.789307 0.000000 2690.738770 0.000000 0.908655 0.000000 -0.417548 1.013355 1.013355 1.013355
3197.251465 0.000000 2706.173584 0.000000 0.876432 0.000000 -0.481525 1.026769 1.026769 1.026769
3166.625244 0.000000 2696.709473 0.000000 0.128912 0.000000 0.991656 0.258735 0.258735 0.258735
3163.008545 0.000000 2697.677246 0.000000 0.970058 0.000000 0.242875 0.758352 0.758352 0.758352
3156.507324 0.000000 2719.782227 0.000000 0.998817 0.000000 0.048633 0.791838 0.791838 0.791838
3196.650391 0.000000 2711.208740 0.000000 0.266390 0.000000 -0.963865 1.345729 1.345729 1.345729
3195.085938 0.000000 2708.743652 0.000000 0.996319 0.000000 0.085723 0.769145 0.769145 0.769145
3156.775391 0.000000 2716.481445 0.000000 0.998820 0.000000 -0.048568 0.807375 0.807375 0.807375
3160.088867 0.000000 2700.448730 0.000000 0.313700 0.000000 -0.949522 1.002497 1.002497 1.002497
3141.270508 0.000000 2723.638672 0.000000 0.926256 0.000000 0.376896 0.737483 0.737483 0.737483
3146.748779 0.000000 2723.632812 0.000000 0.766872 0.000000 -0.641800 1.154899 1.154899 1.154899
3193.258789 0.000000 2713.535889 0.000000 0.011110 0.000000 -0.999938 1.064781 1.064781 1.064781
3146.508545 0.000000 2731.506348 0.000000 0.172734 0.000000 0.984968 0.253057 0.253057 0.253057
3174.188232 0.000000 2718.961670 0.000000 1.000000 0.000000 0.000823 0.799581 0.799581 0.799581
3191.080078 0.000000 2729.417480 0.000000 0.913017 0.000000 -0.407922 0.956090 0.956090 0.956090
3193.252197 0.000000 2704.563721 0.000000 0.291597 0.000000 0.956541 0.591205 0.591205 0.591205
3189.523193 0.000000 2693.213379 0.000000 0.119497 0.000000 -0.992835 1.257887 1.257887 1.257887
3155.554688 0.000000 2699.251221 0.000000 0.871959 0.000000 -0.489578 0.876635 0.876635 0.876635
3186.036865 0.000000 2708.506348 0.000000 0.748636 0.000000 -0.662981 1.169135 1.169135 1.169135
3167.565674 0.000000 2694.771484 0.000000 0.951160 0.000000 -0.308697 0.959829 0.959829 0.959829
3179.433838 0.000000 2718.806152 0.000000 0.684358 0.000000 -0.729146 1.216132 1.216132 1.216132
3168.390625 0.000000 2707.297119 0.000000 0.173527 0.000000 -0.984829 1.045425 1.045425 1.045425
3187.831055 0.000000 2700.888428 0.000000 0.417081 0.000000 -0.908869 0.989072 0.989072 0.989072
3192.390137 0.000000 2706.662354 0.000000 0.982162 0.000000 0.188036 0.729729 0.729729 0.729729
3180.365723 0.000000 2698.361084 0.000000 0.485743 0.000000 0.874102 0.353912 0.353912 0.353912
3186.479492 0.000000 2713.896729 0.000000 0.900248 0.000000 -0.435379 1.029417 1.029417 1.029417
3185.481201 0.000000 2699.448486 0.000000 0.523275 0.000000 0.852164 0.304913 0.304913 0.304913
3169.223877 0.000000 2715.067871 0.000000 0.209797 0.000000 -0.977745 1.492351 1.492351 1.492351
3171.583496 0.000000 2715.590088 0.000000 0.328857 0.000000 -0.944380 1.266451 1.266451 1.266451
3164.762695 0.000000 2698.758301 0.000000 0.937482 0.000000 -0.348033 0.981040 0.981040 0.981040
3169.792236 0.000000 2689.831543 0.000000 0.174696 0.000000 -0.984622 1.421400 1.421400 1.421400
3142.319336 0.000000 2727.887207 0.000000 0.999709 0.000000 0.024127 0.790362 0.790362 0.790362
3165.637451 0.000000 2701.138672 0.000000 0.251799 0.000000 0.967780 0.129635 0.129635 0.129635
3171.358887 0.000000 2711.342529 0.000000 0.985881 0.000000 0.167445 0.721038 0.721038 0.721038
3182.710205 0.000000 2700.254150 0.000000 0.801221 0.000000 -0.598369 1.126695 1.126695 1.126695
3149.405518 0.000000 2688.711426 0.000000 0.999814 0.000000 0.019263 0.796499 0.796499 0.796499
3146.602051 0.000000 2696.344238 0.000000 0.893701 0.000000 0.448664 0.694065 0.694065 0.694065
3156.724854 0.000000 2694.987549 0.000000 0.813400 0.000000 -0.581705 1.043027 1.043027 1.043027
3170.986816 0.000000 2721.102783 0.000000 0.427888 0.000000 -0.903832 1.124600 1.124600 1.124600
3197.127441 0.000000 2746.118652 0.000000 0.787034 0.000000 -0.616910 0.950040 0.950040 0.950040
3143.333984 0.000000 2725.928467 0.000000 0.503361 0.000000 0.864076 0.491606 0.491606 0.491606
3198.798340 0.000000 2744.448975 0.000000 0.739704 0.000000 0.672933 0.648148 0.648148 0.648148
3163.983887 0.000000 2705.642334 0.000000 0.988735 0.000000 -0.149674 0.864813 0.864813 0.864813
3173.411133 0.000000 2688.264648 0.000000 0.578135 0.000000 0.815941 0.428315 0.428315 0.428315
3176.875000 0.000000 2695.443604 0.000000 0.987769 0.000000 -0.155922 0.877547 0.877547 0.877547
3196.797852 0.000000 2713.260498 0.000000 0.667655 0.000000 0.744471 0.588677 0.588677 0.588677
3183.039795 0.000000 2725.212158 0.000000 0.087201 0.000000 -0.996191 1.300725 1.300725 1.300725
3193.513916 0.000000 2715.779785 0.000000 0.836884 0.000000 -0.547380 0.994353 0.994353 0.994353
3168.163330 0.000000 2727.657227 0.000000 0.913298 0.000000 0.407291 0.712029 0.712029 0.712029
3143.172363 0.000000 2729.840332 0.000000 0.988213 0.000000 -0.153084 0.853717 0.853717 0.853717
3190.253662 0.000000 2713.751465 0.000000 0.554980 0.000000 0.831864 0.313374 0.313374 0.313374
3189.197510 0.000000 2729.738037 0.000000 0.994929 0.000000 -0.100584 0.830185 0.830185 0.830185
3175.011230 0.000000 2694.859131 0.000000 0.981653 0.000000 0.190675 0.762449 0.762449 0.762449
3152.769531 0.000000 2693.663330 0.000000 0.770385 0.000000 0.637579 0.447898 0.447898 0.447898
3173.409912 0.000000 2706.502686 0.000000 0.984986 0.000000 -0.172632 0.865840 0.865840 0.865840
3163.034912 0.000000 2694.167969 0.000000 0.448078 0.000000 -0.893994 1.186629 1.186629 1.186629
3164.665771 0.000000 2691.388184 0.000000 0.393991 0.000000 0.919114 0.578799 0.578799 0.578799
3191.034180 0.000000 2717.043701 0.000000 0.369772 0.000000 0.929123 0.554780 0.554780 0.554780
3141.422119 0.000000 2734.547852 0.000000 0.865686 0.000000 0.500588 0.563354 0.563354 0.563354
3181.218506 0.000000 2722.373779 0.000000 0.997914 0.000000 0.064555 0.767099 0.767099 0.767099
3194.920166 0.000000 2744.652344 0.000000 0.122507 0.000000 0.992468 0.447180 0.447180 0.447180
3170.241943 0.000000 2705.576172 0.000000 0.993120 0.000000 0.117105 0.773979 0.773979 0.773979
3179.168701 0.000000 2714.154297 0.000000 0.973795 0.000000 0.227428 0.683149 0.683149 0.683149
3186.967041 0.000000 2704.028076 0.000000 0.914056 0.000000 -0.405587 0.911768 0.911768 0.911768
3177.835693 0.000000 2727.400635 0.000000 0.515087 0.000000 0.857138 0.526481 0.526481 0.526481
3193.283447 0.000000 2708.398438 0.000000 0.786363 0.000000 0.617765 0.535339 0.535339 0.535339
3198.270996 0.000000 2732.461182 0.000000 0.644316 0.000000 0.764760 0.492209 0.492209 0.492209
3153.714355 0.000000 2696.621582 0.000000 0.663234 0.000000 0.748412 0.369307 0.369307 0.369307
3166.191406 0.000000 2688.050049 0.000000 0.472726 0.000000 -0.881210 1.202770 1.202770 1.202770
3191.004395 0.000000 2727.024414 0.000000 0.999916 0.000000 0.012978 0.793624 0.793624 0.793624
3182.762695 0.000000 2706.841797 0.000000 0.777264 0.000000 -0.629174 1.109875 1.109875 1.109875
3163.350586 0.000000 2702.291992 0.000000 0.996772 0.000000 0.080286 0.759067 0.759067 0.759067
3158.064941 0.000000 2704.063232 0.000000 0.525385 0.000000 0.850864 0.513425 0.513425 0.513425
3165.180664 0.000000 2709.357910 0.000000 0.125749 0.000000 -0.992062 1.215503 1.215503 1.215503
3199.923828 0.000000 2704.804932 0.000000 0.927980 0.000000 -0.372631 0.987607 0.987607 0.987607
3173.683105 0.000000 2697.140625 0.000000 0.575751 0.000000 0.817625 0.576307 0.576307 0.576307
3174.891357 0.000000 2692.763428 0.000000 0.598587 0.000000 0.801058 0.564345 0.564345 0.564345
3142.887939 0.000000 2722.876709 0.000000 0.742542 0.000000 0.669799 0.619700 0.619700 0.619700
3175.268799 0.000000 2711.941650 0.000000 0.983688 0.000000 -0.179885 0.874776 0.874776 0.874776
3149.809570 0.000000 2718.395020 0.000000 0.544562 0.000000 0.838721 0.337003 0.337003 0.337003
3179.778564 0.000000 2710.714355 0.000000 0.196711 0.000000 0.980462 0.100842 0.100842 0.100842
3172.533936 0.000000 2712.764404 0.000000 0.718939 0.000000 -0.695074 1.083961 1.083961 1.083961
3181.491455 0.000000 2716.637207 0.000000 0.808754 0.000000 0.588147 0.479772 0.479772 0.479772
3172.594482 0.000000 2689.954834 0.000000 0.729544 0.000000 -0.683934 1.093320 1.093320 1.093320
3188.555420 0.000000 2699.181152 0.000000 0.742515 0.000000 0.669830 0.607963 0.607963 0.607963
3199.042236 0.000000 2708.141846 0.000000 0.066242 0.000000 0.997804 0.114892 0.114892 0.114892
3176.067139 0.000000 2708.725342 0.000000 0.056638 0.000000 -0.998395 1.292924 1.292924 1.292924
3188.742676 0.000000 2711.416260 0.000000 0.978202 0.000000 0.207657 0.693466 0.693466 0.693466
3195.471680 0.000000 2742.824463 0.000000 0.073744 0.000000 -0.997277 1.350130 1.350130 1.350130
3196.734619 0.000000 2702.837891 0.000000 0.875093 0.000000 0.483954 0.581060 0.581060 0.581060
3184.194824 0.000000 2721.896973 0.000000 0.230387 0.000000 -0.973099 1.302514 1.302514 1.302514
3175.609375 0.000000 2718.005859 0.000000 0.990254 0.000000 0.139275 0.728836 0.728836 0.728836
3141.992188 0.000000 2731.308350 0.000000 0.578493 0.000000 -0.815687 1.228670 1.228670 1.228670
3180.822021 0.000000 2729.859619 0.000000 0.294261 0.000000 -0.955725 1.158241 1.158241 1.158241
3162.865723 0.000000 2721.527344 0.000000 0.941859 0.000000 -0.336008 0.933459 0.933459 0.933459
3173.024658 0.000000 2691.940674 0.000000 0.529940 0.000000 -0.848035 1.117413 1.117413 1.117413
3159.878174 0.000000 2695.029297 0.000000 0.992646 0.000000 -0.121057 0.853565 0.853565 0.853565
3174.690674 0.000000 2710.110107 0.000000 0.999819 0.000000 -0.019046 0.807875 0.807875 0.807875
3165.899902 0.000000 2694.886719 0.000000 0.367128 0.000000 -0.930170 1.408546 1.408546 1.408546
3168.616455 0.000000 2703.394287 0.000000 0.194599 0.000000 -0.980883 1.357458 1.357458 1.357458
3182.635742 0.000000 2723.452881 0.000000 0.425842 0.000000 0.904797 0.224035 0.224035 0.224035
3163.840088 0.000000 2715.705078 0.000000 0.973324 0.000000 -0.229435 0.902181 0.902181 0.902181
3157.261719 0.000000 2697.323730 0.000000 0.966938 0.000000 0.255013 0.668672 0.668672 0.668672
3180.166992 0.000000 2708.029297 0.000000 0.858478 0.000000 0.512850 0.560160 0.560160 0.560160
3147.362305 0.000000 2698.208984 0.000000 0.392162 0.000000 -0.919896 1.187179 1.187179 1.187179
3166.382568 0.000000 2707.266357 0.000000 0.980662 0.000000 0.195708 0.715809 0.715809 0.715809
3167.835449 0.000000 2697.839844 0.000000 0.369068 0.000000 0.929402 0.352130 0.352130 0.352130
3136.049805 0.000000 2735.859131 0.000000 0.954278 0.000000 -0.298920 0.913375 0.913375 0.913375
3199.315430 0.000000 2719.658203 0.000000 0.919023 0.000000 0.394204 0.604153 0.604153 0.604153
3184.736084 0.000000 2715.160156 0.000000 0.886399 0.000000 -0.462922 1.045119 1.045119 1.045119
3174.049561 0.000000 2704.178711 0.000000 0.401567 0.000000 -0.915829 1.280884 1.280884 1.280884
3165.074219 0.000000 2697.167480 0.000000 0.883939 0.000000 -0.467603 1.047812 1.047812 1.047812
3186.398438 0.000000 2692.572754 0.000000 0.693898 0.000000 -0.720073 1.023178 1.023178 1.023178
3177.912842 0.000000 2710.699219 0.000000 0.613384 0.000000 0.789784 0.336308 0.336308 0.336308
3198.099365 0.000000 2735.585205 0.000000 0.542770 0.000000 -0.839881 1.154465 1.154465 1.154465
3169.445801 0.000000 2691.418213 0.000000 0.795920 0.000000 -0.605402 1.063646 1.063646 1.063646
3087.504639 0.000000 2781.846924 0.000000 0.797963 0.000000 -0.602706 0.847804 0.847804 0.847804
3119.595947 0.000000 2805.427246 0.000000 0.963348 0.000000 0.268254 0.757692 0.757692 0.757692
3119.367432 0.000000 2802.069336 0.000000 0.243413 0.000000 0.969923 0.604184 0.604184 0.604184
3121.350098 0.000000 2806.158203 0.000000 0.734997 0.000000 0.678070 0.596115 0.596115 0.596115
3194.487793 0.000000 2810.469971 0.000000 0.280096 0.000000 -0.959972 0.938794 0.938794 0.938794
3191.080078 0.000000 2793.417480 0.000000 0.137397 0.000000 -0.990516 1.034682 1.034682 1.034682
3179.191650 0.000000 2794.497803 0.000000 0.415897 0.000000 0.909412 0.601589 0.601589 0.601589
3214.736816 0.000000 2699.170654 0.000000 0.686033 0.000000 -0.727570 0.829291 0.829291 0.829291
3227.751709 0.000000 2720.042725 0.000000 0.923128 0.000000 -0.384493 0.812612 0.812612 0.812612
3201.917480 0.000000 2708.549072 0.000000 0.687534 0.000000 -0.726152 1.196054 1.196054 1.196054
3210.125244 0.000000 2712.783691 0.000000 0.418389 0.000000 0.908268 0.219848 0.219848 0.219848
3230.574463 0.000000 2732.103027 0.000000 0.044184 0.000000 -0.999023 0.888420 0.888420 0.888420
3251.606689 0.000000 2691.285156 0.000000 0.578278 0.000000 -0.815840 1.285960 1.285960 1.285960
3241.959961 0.000000 2743.235596 0.000000 0.553190 0.000000 0.833055 0.347706 0.347706 0.347706
3262.313721 0.000000 2728.150879 0.000000 0.723146 0.000000 -0.690695 1.188312 1.188312 1.188312
3256.031250 0.000000 2692.688721 0.000000 0.967671 0.000000 -0.252217 0.929856 0.929856 0.929856
3255.588867 0.000000 2731.575195 0.000000 0.726118 0.000000 -0.687570 0.843911 0.843911 0.843911
3244.753418 0.000000 2692.234131 0.000000 0.908433 0.000000 0.418029 0.580353 0.580353 0.580353
3247.689453 0.000000 2698.353760 0.000000 0.919869 0.000000 -0.392225 1.005271 1.005271 1.005271
3237.207031 0.000000 2730.217529 0.000000 0.363989 0.000000 -0.931403 1.393511 1.393511 1.393511
3227.031494 0.000000 2692.294678 0.000000 0.939091 0.000000 -0.343667 0.966059 0.966059 0.966059
3233.075439 0.000000 2696.515869 0.000000 0.395140 0.000000 0.918621 0.727896 0.727896 0.727896
3205.425049 0.000000 2707.414551 0.000000 0.923395 0.000000 0.383851 0.605651 0.605651 0.605651
3216.860352 0.000000 2711.274658 0.000000 0.344381 0.000000 0.938830 0.697727 0.697727 0.697727
3251.167236 0.000000 2698.150879 0.000000 0.454595 0.000000 0.890698 0.268877 0.268877 0.268877
3213.280762 0.000000 2723.118408 0.000000 0.963102 0.000000 -0.269135 0.819593 0.819593 0.819593
3237.543457 0.000000 2711.342041 0.000000 0.457180 0.000000 -0.889374 1.312208 1.312208 1.312208
3248.406250 0.000000 2713.438721 0.000000 0.140788 0.000000 0.990040 0.685795 0.685795 0.685795
3255.016113 0.000000 2737.444336 0.000000 0.939050 0.000000 0.343781 0.645799 0.645799 0.645799
3254.356934 0.000000 2742.923340 0.000000 0.999897 0.000000 0.014328 0.798598 0.798598 0.798598
3205.749512 0.000000 2715.520020 0.000000 0.254668 0.000000 -0.967029 1.356067 1.356067 1.356067
3234.186523 0.000000 2722.909668 0.000000 0.032125 0.000000 0.999484 0.182310 0.182310 0.182310
3245.360352 0.000000 2734.471680 0.000000 0.958689 0.000000 -0.284457 0.925586 0.925586 0.925586
3263.692627 0.000000 2706.553467 0.000000 0.444217 0.000000 0.895919 0.234429 0.234429 0.234429
3219.208252 0.000000 2743.416504 0.000000 0.574817 0.000000 0.818282 0.688977 0.688977 0.688977
3245.792725 0.000000 2708.390381 0.000000 0.855212 0.000000 0.518279 0.748856 0.748856 0.748856
3222.151123 0.000000 2711.355469 0.000000 0.585018 0.000000 0.811020 0.703652 0.703652 0.703652
3238.862305 0.000000 2724.513672 0.000000 0.010621 0.000000 -0.999944 1.588358 1.588358 1.588358
3240.175781 0.000000 2734.330566 0.000000 0.996991 0.000000 -0.077521 0.808214 0.808214 0.808214
3235.375244 0.000000 2691.457275 0.000000 0.290762 0.000000 -0.956796 1.449746 1.449746 1.449746
3230.410400 0.000000 2720.941895 0.000000 0.256172 0.000000 -0.966631 0.933612 0.933612 0.933612
3263.176270 0.000000 2730.874756 0.000000 0.734072 0.000000 0.679071 0.419812 0.419812 0.419812
3239.352783 0.000000 2688.085938 0.000000 0.788601 0.000000 0.614905 0.502392 0.502392 0.502392
3230.910645 0.000000 2708.855225 0.000000 0.077317 0.000000 0.997007 0.039417 0.039417 0.039417
3248.732422 0.000000 2692.006348 0.000000 0.994876 0.000000 -0.101099 0.850971 0.850971 0.850971
3225.640625 0.000000 2718.294434 0.000000 0.773061 0.000000 -0.634332 1.134863 1.134863 1.134863
3261.166260 0.000000 2701.213135 0.000000 0.210449 0.000000 -0.977605 1.492012 1.492012 1.492012
3210.295898 0.000000 2715.469727 0.000000 0.905755 0.000000 -0.423803 1.022888 1.022888 1.022888
3243.321777 0.000000 2732.613525 0.000000 0.855372 0.000000 -0.518015 0.859815 0.859815 0.859815
3250.623047 0.000000 2736.116699 0.000000 0.175089 0.000000 0.984553 0.173207 0.173207 0.173207
3258.024170 0.000000 2732.877197 0.000000 0.943826 0.000000 0.330443 0.654715 0.654715 0.654715
3263.945312 0.000000 2709.680908 0.000000 0.557270 0.000000 -0.830331 1.220690 1.220690 1.220690
3235.559570 0.000000 2719.153320 0.000000 0.505571 0.000000 0.862785 0.269949 0.269949 0.269949
3246.923584 0.000000 2715.677002 0.000000 0.677952 0.000000 0.735106 0.379412 0.379412 0.379412
3219.219727 0.000000 2706.983887 0.000000 0.981183 0.000000 0.193081 0.775552 0.775552 0.775552
3210.408936 0.000000 2718.619873 0.000000 0.873303 0.000000 0.487177 0.546940 0.546940 0.546940
3262.191895 0.000000 2715.004883 0.000000 0.101339 0.000000 0.994852 0.600453 0.600453 0.600453
3239.549561 0.000000 2716.288574 0.000000 0.982132 0.000000 -0.188192 0.872221 0.872221 0.872221
3250.907471 0.000000 2718.654053 0.000000 0.474171 0.000000 -0.880432 1.232265 1.232265 1.232265
3231.789307 0.000000 2690.738770 0.000000 0.080627 0.000000 -0.996744 1.002371 1.002371 1.002371
3253.933594 0.000000 2697.676025 0.000000 0.387029 0.000000 0.922068 0.307857 0.307857 0.307857
3256.498535 0.000000 2699.837402 0.000000 0.418686 0.000000 -0.908131 1.379985 1.379985 1.379985
3229.998535 0.000000 2705.651611 0.000000 0.642988 0.000000 0.765876 0.676290 0.676290 0.676290
3261.251465 0.000000 2706.173584 0.000000 0.129502 0.000000 0.991579 0.595671 0.595671 0.595671
3259.323730 0.000000 2691.964600 0.000000 0.931014 0.000000 -0.364985 0.951479 0.951479 0.951479
3254.117432 0.000000 2691.095947 0.000000 0.956665 0.000000 -0.291190 0.900911 0.900911 0.900911
3200.788086 0.000000 2706.336670 0.000000 0.628946 0.000000 0.777449 0.346421 0.346421 0.346421
3224.618164 0.000000 2727.050781 0.000000 0.091331 0.000000 0.995821 0.223855 0.223855 0.223855
3231.193359 0.000000 2718.642578 0.000000 0.949995 0.000000 -0.312264 0.849473 0.849473 0.849473
3233.141113 0.000000 2698.909180 0.000000 0.893070 0.000000 -0.449917 0.856855 0.856855 0.856855
3221.157471 0.000000 2730.428711 0.000000 0.895974 0.000000 0.444107 0.741179 0.741179 0.741179
3249.436279 0.000000 2696.522949 0.000000 0.999691 0.000000 0.024855 0.795929 0.795929 0.795929
3236.208984 0.000000 2709.414795 0.000000 0.625531 0.000000 0.780199 0.344188 0.344188 0.344188
3220.775391 0.000000 2716.481445 0.000000 0.804913 0.000000 -0.593393 1.034724 1.034724 1.034724
3241.591064 0.000000 2715.176758 0.000000 0.997212 0.000000 0.074616 0.770913 0.770913 0.770913
3256.013184 0.000000 2702.074707 0.000000 0.072618 0.000000 -0.997360 1.407394 1.407394 1.407394
3224.088867 0.000000 2700.448730 0.000000 0.670514 0.000000 0.741897 0.683136 0.683136 0.683136
3240.944580 0.000000 2737.631592 0.000000 0.992792 0.000000 0.119851 0.743132 0.743132 0.743132
3210.748779 0.000000 2723.632812 0.000000 0.092909 0.000000 0.995675 0.286452 0.286452 0.286452
3263.123535 0.000000 2737.041016 0.000000 0.932773 0.000000 0.360464 0.637967 0.637967 0.637967
3213.959229 0.000000 2715.320801 0.000000 0.189322 0.000000 -0.981915 1.034331 1.034331 1.034331
3251.010498 0.000000 2722.718994 0.000000 0.984179 0.000000 0.177177 0.732764 0.732764 0.732764
3255.080078 0.000000 2729.417480 0.000000 0.837019 0.000000 -0.547174 0.882102 0.882102 0.882102
3257.252197 0.000000 2704.563721 0.000000 0.948246 0.000000 -0.317536 0.844530 0.844530 0.844530
3218.337402 0.000000 2694.711670 0.000000 0.977537 0.000000 0.210763 0.771160 0.771160 0.771160
3207.379395 0.000000 2706.344238 0.000000 0.988316 0.000000 -0.152420 0.860816 0.860816 0.860816
3234.254395 0.000000 2703.647949 0.000000 0.980667 0.000000 -0.195686 0.828323 0.828323 0.828323
3253.523193 0.000000 2693.213379 0.000000 0.835548 0.000000 -0.549417 0.989361 0.989361 0.989361
3220.252930 0.000000 2728.385742 0.000000 0.997273 0.000000 0.073795 0.784805 0.784805 0.784805
3243.739990 0.000000 2690.272217 0.000000 0.903822 0.000000 0.427908 0.574801 0.574801 0.574801
3242.958252 0.000000 2693.742920 0.000000 0.697737 0.000000 -0.716354 1.206705 1.206705 1.206705
3213.905029 0.000000 2695.240967 0.000000 0.617965 0.000000 -0.786205 0.964418 0.964418 0.964418
3247.595947 0.000000 2741.427246 0.000000 0.860380 0.000000 0.509654 0.625902 0.625902 0.625902
3232.390625 0.000000 2707.297119 0.000000 0.441234 0.000000 0.897392 0.363984 0.363984 0.363984
3224.865479 0.000000 2729.229492 0.000000 0.736630 0.000000 -0.676296 1.141181 1.141181 1.141181
3259.502441 0.000000 2699.604736 0.000000 0.998834 0.000000 -0.048275 0.824596 0.824596 0.824596
3251.831055 0.000000 2700.888428 0.000000 0.999118 0.000000 0.041986 0.791109 0.791109 0.791109
3241.259033 0.000000 2741.231201 0.000000 0.702931 0.000000 -0.711258 0.923270 0.923270 0.923270
3246.709229 0.000000 2691.361328 0.000000 0.106206 0.000000 0.994344 0.522150 0.522150 0.522150
3256.225830 0.000000 2690.558105 0.000000 0.622073 0.000000 0.782959 0.388639 0.388639 0.388639
3251.077637 0.000000 2740.449463 0.000000 0.583084 0.000000 0.812412 0.425001 0.425001 0.425001
3253.023926 0.000000 2736.562012 0.000000 0.292712 0.000000 0.956201 0.573588 0.573588 0.573588
3245.095215 0.000000 2694.429688 0.000000 0.618622 0.000000 0.785689 0.437170 0.437170 0.437170
3203.038818 0.000000 2706.729980 0.000000 0.936260 0.000000 0.351308 0.718268 0.718268 0.718268
3214.882080 0.000000 2697.097168 0.000000 0.664339 0.000000 0.747432 0.649942 0.649942 0.649942
3233.792236 0.000000 2689.831543 0.000000 0.544696 0.000000 -0.838633 1.111926 1.111926 1.111926
3263.129150 0.000000 2701.933594 0.000000 0.744966 0.000000 0.667102 0.519947 0.519947 0.519947
3206.319336 0.000000 2727.887207 0.000000 0.984845 0.000000 0.173440 0.750213 0.750213 0.750213
3262.276367 0.000000 2726.096924 0.000000 0.640459 0.000000 0.767992 0.354009 0.354009 0.354009
3220.203369 0.000000 2712.003174 0.000000 0.436221 0.000000 0.899839 0.596550 0.596550 0.596550
3208.660156 0.000000 2722.055176 0.000000 0.561547 0.000000 0.827445 0.615093 0.615093 0.615093
3210.602051 0.000000 2696.344238 0.000000 0.666965 0.000000 0.745089 0.627061 0.627061 0.627061
3259.230469 0.000000 2734.534668 0.000000 0.664062 0.000000 -0.747677 0.950124 0.950124 0.950124
3206.814697 0.000000 2708.963379 0.000000 0.345726 0.000000 -0.938336 1.266983 1.266983 1.266983
3234.986816 0.000000 2721.102783 0.000000 0.699242 0.000000 0.714885 0.451632 0.451632 0.451632
3227.983887 0.000000 2705.642334 0.000000 0.972151 0.000000 0.234355 0.755589 0.755589 0.755589
3242.307129 0.000000 2691.899902 0.000000 0.783259 0.000000 -0.621696 1.141689 1.141689 1.141689
3237.411133 0.000000 2688.264648 0.000000 0.070008 0.000000 0.997546 0.161571 0.161571 0.161571
3241.910645 0.000000 2720.270996 0.000000 0.161583 0.000000 0.986859 0.347089 0.347089 0.347089
3240.095703 0.000000 2691.528564 0.000000 0.999829 0.000000 -0.018519 0.805955 0.805955 0.805955
3240.875000 0.000000 2695.443604 0.000000 0.657685 0.000000 -0.753293 1.001043 1.001043 1.001043
3247.324707 0.000000 2711.805420 0.000000 0.941711 0.000000 -0.336422 0.928148 0.928148 0.928148
3223.948975 0.000000 2723.409424 0.000000 0.830008 0.000000 -0.557751 0.928807 0.928807 0.928807
3209.409668 0.000000 2725.948486 0.000000 0.362155 0.000000 0.932118 0.526728 0.526728 0.526728
3235.213135 0.000000 2701.156250 0.000000 0.133788 0.000000 0.991010 0.332313 0.332313 0.332313
3240.527588 0.000000 2725.613281 0.000000 0.970640 0.000000 -0.240536 0.923717 0.923717 0.923717
3261.595703 0.000000 2694.000244 0.000000 0.061352 0.000000 -0.998116 1.140655 1.140655 1.140655
3232.163330 0.000000 2727.657227 0.000000 0.995712 0.000000 0.092503 0.767437 0.767437 0.767437
3211.952393 0.000000 2714.527100 0.000000 0.977737 0.000000 -0.209834 0.907668 0.907668 0.907668
3240.439209 0.000000 2744.656738 0.000000 0.053040 0.000000 0.998592 0.475654 0.475654 0.475654
3215.311523 0.000000 2722.858398 0.000000 0.959685 0.000000 0.281078 0.654893 0.654893 0.654893
3239.011230 0.000000 2694.859131 0.000000 0.639270 0.000000 0.768983 0.353221 0.353221 0.353221
3245.661133 0.000000 2689.647705 0.000000 0.655001 0.000000 -0.755628 1.094268 1.094268 1.094268
3249.350098 0.000000 2742.158203 0.000000 0.962947 0.000000 -0.269691 0.907987 0.907987 0.907987
3216.769531 0.000000 2693.663330 0.000000 0.807033 0.000000 0.590506 0.478285 0.478285 0.478285
3260.368652 0.000000 2738.595703 0.000000 0.097505 0.000000 -0.995235 1.550262 1.550262 1.550262
3257.930420 0.000000 2698.480957 0.000000 0.795314 0.000000 -0.606198 1.131689 1.131689 1.131689
3256.627686 0.000000 2738.430420 0.000000 0.711477 0.000000 0.702710 0.591463 0.591463 0.591463
3217.864014 0.000000 2709.527832 0.000000 0.860620 0.000000 0.509247 0.663406 0.663406 0.663406
3212.530273 0.000000 2711.444824 0.000000 0.999974 0.000000 0.007201 0.797354 0.797354 0.797354
3221.630127 0.000000 2718.114014 0.000000 0.286825 0.000000 -0.957983 1.219223 1.219223 1.219223
3217.229248 0.000000 2718.602295 0.000000 0.688999 0.000000 0.724763 0.387119 0.387119 0.387119
3234.241943 0.000000 2705.576172 0.000000 0.894403 0.000000 0.447262 0.563839 0.563839 0.563839
3223.485840 0.000000 2725.586914 0.000000 0.561768 0.000000 0.827295 0.303806 0.303806 0.303806
3241.835693 0.000000 2727.400635 0.000000 0.879275 0.000000 0.476314 0.640361 0.640361 0.640361
3247.443604 0.000000 2696.410645 0.000000 0.060595 0.000000 -0.998162 1.475620 1.475620 1.475620
3262.270996 0.000000 2732.461182 0.000000 0.250814 0.000000 -0.968035 1.444574 1.444574 1.444574
3254.156250 0.000000 2702.039062 0.000000 0.541218 0.000000 -0.840882 1.230934 1.230934 1.230934
3217.714355 0.000000 2696.621582 0.000000 0.525847 0.000000 0.850579 0.369351 0.369351 0.369351
3230.191406 0.000000 2688.050049 0.000000 0.379141 0.000000 0.925339 0.330242 0.330242 0.330242
3251.163330 0.000000 2695.918213 0.000000 0.772995 0.000000 -0.634412 1.004517 1.004517 1.004517
3248.299805 0.000000 2716.954590 0.000000 0.989984 0.000000 -0.141179 0.839608 0.839608 0.839608
3242.524658 0.000000 2688.571533 0.000000 0.788417 0.000000 -0.615141 1.121562 1.121562 1.121562
3204.914795 0.000000 2717.138184 0.000000 0.957406 0.000000 0.288747 0.675974 0.675974 0.675974
3203.746338 0.000000 2708.405518 0.000000 0.987576 0.000000 0.157141 0.735078 0.735078 0.735078
3216.635498 0.000000 2716.423584 0.000000 0.493589 0.000000 0.869695 0.441936 0.441936 0.441936
3262.291504 0.000000 2710.420898 0.000000 0.985277 0.000000 0.170968 0.719703 0.719703 0.719703
3255.004395 0.000000 2727.024414 0.000000 0.346691 0.000000 -0.937980 1.361365 1.361365 1.361365
3222.064941 0.000000 2704.063232 0.000000 0.983785 0.000000 -0.179354 0.865189 0.865189 0.865189
3229.180664 0.000000 2709.357910 0.000000 0.050152 0.000000 -0.998742 1.574447 1.574447 1.574447
3225.977051 0.000000 2720.087402 0.000000 0.873257 0.000000 0.487260 0.694285 0.694285 0.694285
3263.923828 0.000000 2704.804932 0.000000 0.452817 0.000000 -0.891603 1.360670 1.360670 1.360670
3251.491211 0.000000 2720.351074 0.000000 0.100656 0.000000 0.994921 0.051351 0.051351 0.051351
3237.683105 0.000000 2697.140625 0.000000 0.995285 0.000000 0.096998 0.772641 0.772641 0.772641
3257.576660 0.000000 2691.857910 0.000000 0.884901 0.000000 -0.465780 1.021602 1.021602 1.021602
3234.295166 0.000000 2724.802246 0.000000 0.006989 0.000000 -0.999976 1.277864 1.277864 1.277864
3228.747803 0.000000 2721.488525 0.000000 0.265301 0.000000 -0.964166 1.437236 1.437236 1.437236
3238.891357 0.000000 2692.763428 0.000000 0.627197 0.000000 -0.778861 1.128114 1.128114 1.128114
3224.912109 0.000000 2716.715332 0.000000 0.919636 0.000000 0.392771 0.627479 0.627479 0.627479
3212.453613 0.000000 2721.579346 0.000000 0.285306 0.000000 0.958436 0.147352 0.147352 0.147352
3243.778564 0.000000 2710.714355 0.000000 0.469559 0.000000 -0.882901 1.327289 1.327289 1.327289
3202.070312 0.000000 2718.978516 0.000000 0.566678 0.000000 -0.823939 1.157787 1.157787 1.157787
3204.034912 0.000000 2715.657227 0.000000 0.581607 0.000000 -0.813470 1.202284 1.202284 1.202284
3256.983887 0.000000 2688.629883 0.000000 0.696335 0.000000 -0.717717 1.095783 1.095783 1.095783
3246.441895 0.000000 2693.300537 0.000000 0.974869 0.000000 0.222777 0.706221 0.706221 0.706221
3236.594482 0.000000 2689.954834 0.000000 0.890677 0.000000 0.454637 0.599220 0.599220 0.599220
3244.390869 0.000000 2735.976562 0.000000 0.503074 0.000000 0.864244 0.345599 0.345599 0.345599
3252.555420 0.000000 2699.181152 0.000000 0.828801 0.000000 -0.559544 0.960114 0.960114 0.960114
3254.572021 0.000000 2735.742188 0.000000 0.102180 0.000000 -0.994766 1.160737 1.160737 1.160737
3263.042236 0.000000 2708.141846 0.000000 0.031751 0.000000 -0.999496 1.460873 1.460873 1.460873
3240.067139 0.000000 2708.725342 0.000000 0.089088 0.000000 0.996024 0.110532 0.110532 0.110532
3216.166992 0.000000 2712.854248 0.000000 0.999285 0.000000 0.037807 0.780741 0.780741 0.780741
3245.733154 0.000000 2703.358643 0.000000 0.736838 0.000000 -0.676069 0.986830 0.986830 0.986830
3209.552734 0.000000 2711.136230 0.000000 0.995812 0.000000 -0.091424 0.830719 0.830719 0.830719
3246.770508 0.000000 2713.830566 0.000000 0.551988 0.000000 -0.833852 1.302191 1.302191 1.302191
3251.993164 0.000000 2717.338867 0.000000 0.561218 0.000000 0.827668 0.303468 0.303468 0.303468
3256.690674 0.000000 2730.292969 0.000000 0.923599 0.000000 -0.383361 0.975228 0.975228 0.975228
3255.512695 0.000000 2698.395264 0.000000 0.769022 0.000000 -0.639222 1.056236 1.056236 1.056236
3239.609375 0.000000 2718.005859 0.000000 0.807222 0.000000 0.590248 0.634810 0.634810 0.634810
3223.963623 0.000000 2688.739014 0.000000 0.544277 0.000000 -0.838905 1.096181 1.096181 1.096181
3212.715088 0.000000 2708.428711 0.000000 0.765399 0.000000 -0.643556 1.041567 1.041567 1.041567
3239.680664 0.000000 2689.819336 0.000000 0.064002 0.000000 -0.997950 1.477102 1.477102 1.477102
3223.878174 0.000000 2695.029297 0.000000 0.005301 0.000000 -0.999986 1.253367 1.253367 1.253367
3263.160156 0.000000 2688.092773 0.000000 0.990849 0.000000 -0.134972 0.868951 0.868951 0.868951
3223.035400 0.000000 2714.897217 0.000000 0.521566 0.000000 -0.853211 1.063341 1.063341 1.063341
3232.616455 0.000000 2703.394287 0.000000 0.061517 0.000000 -0.998106 1.309419 1.309419 1.309419
3255.176025 0.000000 2739.319580 0.000000 0.796894 0.000000 0.604120 0.562918 0.562918 0.562918
3221.261719 0.000000 2697.323730 0.000000 0.923397 0.000000 -0.383846 0.910156 0.910156 0.910156
3259.966553 0.000000 2707.233398 0.000000 0.950958 0.000000 -0.309321 0.921221 0.921221 0.921221
3240.363770 0.000000 2736.069336 0.000000 0.106699 0.000000 0.994291 0.107072 0.107072 0.107072
3226.067383 0.000000 2728.101074 0.000000 0.077838 0.000000 0.996966 0.039682 0.039682 0.039682
3211.362305 0.000000 2698.208984 0.000000 0.047272 0.000000 -0.998882 1.198608 1.198608 1.198608
3202.395996 0.000000 2721.891602 0.000000 0.858372 0.000000 -0.513028 0.932339 0.932339 0.932339
3248.736084 0.000000 2715.160156 0.000000 0.625047 0.000000 0.780587 0.343873 0.343873 0.343873
3223.928223 0.000000 2718.075684 0.000000 0.727551 0.000000 -0.686054 1.126163 1.126163 1.126163
3200.332520 0.000000 2708.064209 0.000000 0.065765 0.000000 0.997835 0.066582 0.066582 0.066582
3238.049561 0.000000 2704.178711 0.000000 0.844521 0.000000 0.535522 0.649884 0.649884 0.649884
3252.368652 0.000000 2696.999023 0.000000 0.099837 0.000000 0.995004 0.183120 0.183120 0.183120
3241.912842 0.000000 2710.699219 0.000000 0.937495 0.000000 0.348000 0.704165 0.704165 0.704165
3209.773682 0.000000 2717.053223 0.000000 0.470242 0.000000 0.882538 0.398337 0.398337 0.398337
3262.099365 0.000000 2735.585205 0.000000 0.805888 0.000000 0.592068 0.605114 0.605114 0.605114
3233.445801 0.000000 2691.418213 0.000000 0.936433 0.000000 0.350846 0.619579 0.619579 0.619579
3323.670166 0.000000 2694.378418 0.000000 0.999691 0.000000 0.024861 0.799454 0.799454 0.799454
3286.726562 0.000000 2702.325928 0.000000 0.985068 0.000000 -0.172168 0.803801 0.803801 0.803801
3289.410400 0.000000 2724.740967 0.000000 0.952211 0.000000 0.305441 0.641914 0.641914 0.641914
3269.360596 0.000000 2712.334473 0.000000 0.628675 0.000000 0.777668 0.346244 0.346244 0.346244
3291.751709 0.000000 2720.042725 0.000000 0.973581 0.000000 -0.228343 0.808282 0.808282 0.808282
3303.941406 0.000000 2700.199219 0.000000 0.480032 0.000000 0.877251 0.752980 0.752980 0.752980
3297.121826 0.000000 2720.121582 0.000000 0.541202 0.000000 0.840892 0.291249 0.291249 0.291249
3304.809326 0.000000 2731.521240 0.000000 0.304416 0.000000 0.952539 0.729455 0.729455 0.729455
3320.031250 0.000000 2692.688721 0.000000 0.683281 0.000000 0.730156 0.383116 0.383116 0.383116
3267.216064 0.000000 2693.769775 0.000000 0.988212 0.000000 0.153091 0.792326 0.792326 0.792326
3264.278320 0.000000 2734.224365 0.000000 0.746448 0.000000 0.665444 0.464087 0.464087 0.464087
3272.186768 0.000000 2724.134277 0.000000 0.584528 0.000000 -0.811374 1.251801 1.251801 1.251801
3316.006104 0.000000 2709.699219 0.000000 0.086039 0.000000 0.996292 0.043874 0.043874 0.043874
3304.751221 0.000000 2693.386230 0.000000 0.305312 0.000000 0.952252 0.158017 0.158017 0.158017
3291.393799 0.000000 2700.328369 0.000000 0.801347 0.000000 -0.598200 0.852510 0.852510 0.852510
3312.290527 0.000000 2723.640625 0.000000 0.447939 0.000000 -0.894064 0.901643 0.901643 0.901643
3297.932373 0.000000 2717.070557 0.000000 0.003716 0.000000 -0.999993 1.598107 1.598107 1.598107
3286.163086 0.000000 2724.300293 0.000000 0.810734 0.000000 -0.585415 1.118510 1.118510 1.118510
3276.537354 0.000000 2697.006348 0.000000 0.999072 0.000000 -0.043067 0.821941 0.821941 0.821941
3269.467529 0.000000 2738.112061 0.000000 0.335752 0.000000 0.941950 0.709224 0.709224 0.709224
3269.749512 0.000000 2715.520020 0.000000 0.998815 0.000000 0.048673 0.775201 0.775201 0.775201
3273.280762 0.000000 2694.682617 0.000000 0.346262 0.000000 -0.938138 0.933709 0.933709 0.933709
3275.949951 0.000000 2700.437256 0.000000 0.756881 0.000000 -0.653552 1.147107 1.147107 1.147107
3287.735352 0.000000 2690.405029 0.000000 0.519985 0.000000 -0.854175 1.307184 1.307184 1.307184
3296.840820 0.000000 2725.822021 0.000000 0.169480 0.000000 0.985534 0.086734 0.086734 0.086734
3294.410400 0.000000 2720.941895 0.000000 0.168610 0.000000 0.985683 0.203837 0.203837 0.203837
3304.309814 0.000000 2710.479004 0.000000 0.075980 0.000000 0.997109 0.086499 0.086499 0.086499
3310.680176 0.000000 2721.104980 0.000000 0.023265 0.000000 -0.999729 1.575787 1.575787 1.575787
3294.910645 0.000000 2708.855225 0.000000 0.430373 0.000000 -0.902651 0.916931 0.916931 0.916931
3291.274902 0.000000 2726.917725 0.000000 0.354290 0.000000 0.935136 0.184444 0.184444 0.184444
3287.152832 0.000000 2716.548096 0.000000 0.912900 0.000000 -0.408183 0.983069 0.983069 0.983069
3312.732422 0.000000 2692.006348 0.000000 0.825683 0.000000 -0.564135 1.105264 1.105264 1.105264
3313.111328 0.000000 2704.144043 0.000000 0.949290 0.000000 0.314402 0.673523 0.673523 0.673523
3292.221191 0.000000 2717.343018 0.000000 0.374323 0.000000 0.927298 0.278384 0.278384 0.278384
3278.434082 0.000000 2731.553955 0.000000 0.849456 0.000000 0.527660 0.531343 0.531343 0.531343
3307.962891 0.000000 2703.176514 0.000000 0.886869 0.000000 -0.462021 1.035009 1.035009 1.035009
3306.232910 0.000000 2698.592529 0.000000 0.660794 0.000000 -0.750567 1.232352 1.232352 1.232352
3314.623047 0.000000 2736.116699 0.000000 0.484834 0.000000 -0.874606 1.316692 1.316692 1.316692
3305.066406 0.000000 2707.226807 0.000000 0.056693 0.000000 -0.998392 1.002606 1.002606 1.002606
3299.569336 0.000000 2706.871094 0.000000 0.936136 0.000000 -0.351637 0.983000 0.983000 0.983000
3309.479980 0.000000 2711.074219 0.000000 0.350678 0.000000 0.936496 0.359259 0.359259 0.359259
3303.914551 0.000000 2720.415039 0.000000 0.959885 0.000000 -0.280393 0.902172 0.902172 0.902172
3316.877197 0.000000 2731.650635 0.000000 0.878310 0.000000 -0.478091 1.001108 1.001108 1.001108
3289.631836 0.000000 2707.833496 0.000000 0.992660 0.000000 -0.120943 0.860052 0.860052 0.860052
3274.408936 0.000000 2718.619873 0.000000 0.966950 0.000000 -0.254968 0.904528 0.904528 0.904528
3312.187012 0.000000 2730.112305 0.000000 0.937768 0.000000 -0.347262 0.838249 0.838249 0.838249
3291.797119 0.000000 2732.270020 0.000000 0.929283 0.000000 -0.369367 0.849870 0.849870 0.849870
3277.817627 0.000000 2726.457031 0.000000 0.586667 0.000000 0.809828 0.319296 0.319296 0.319296
3273.663330 0.000000 2733.650146 0.000000 0.338088 0.000000 0.941114 0.655542 0.655542 0.655542
3278.549805 0.000000 2693.160400 0.000000 0.414350 0.000000 0.910118 0.217586 0.217586 0.217586
3318.006348 0.000000 2706.454102 0.000000 0.393826 0.000000 -0.919185 1.291375 1.291375 1.291375
3293.998535 0.000000 2705.651611 0.000000 0.510058 0.000000 -0.860140 1.170213 1.170213 1.170213
3288.618164 0.000000 2727.050781 0.000000 0.965577 0.000000 -0.260119 0.916675 0.916675 0.916675
3295.094238 0.000000 2702.609375 0.000000 0.978112 0.000000 0.208078 0.766509 0.766509 0.766509
3319.301025 0.000000 2694.958740 0.000000 0.915527 0.000000 -0.402256 1.010838 1.010838 1.010838
3293.342285 0.000000 2730.044189 0.000000 0.882701 0.000000 -0.469936 1.027661 1.027661 1.027661
3295.193359 0.000000 2718.642578 0.000000 0.600998 0.000000 -0.799250 1.132917 1.132917 1.132917
3284.507324 0.000000 2719.782227 0.000000 0.644648 0.000000 -0.764479 1.166731 1.166731 1.166731
3312.499023 0.000000 2718.730225 0.000000 0.189063 0.000000 -0.981965 1.293568 1.293568 1.293568
3301.940186 0.000000 2698.897705 0.000000 0.965179 0.000000 0.261589 0.683707 0.683707 0.683707
3278.705811 0.000000 2705.071777 0.000000 0.956189 0.000000 -0.292750 0.924017 0.924017 0.924017
3323.085938 0.000000 2708.743652 0.000000 0.973445 0.000000 0.228921 0.715121 0.715121 0.715121
3284.775391 0.000000 2716.481445 0.000000 0.359931 0.000000 -0.932979 0.956123 0.956123 0.956123
3268.118164 0.000000 2695.968262 0.000000 0.013967 0.000000 -0.999902 1.067405 1.067405 1.067405
3305.591064 0.000000 2715.176758 0.000000 0.985154 0.000000 0.171673 0.712133 0.712133 0.712133
3291.232666 0.000000 2690.011719 0.000000 0.308435 0.000000 -0.951245 1.241941 1.241941 1.241941
3325.418213 0.000000 2696.048340 0.000000 0.257773 0.000000 -0.966205 1.040722 1.040722 1.040722
3295.849365 0.000000 2730.270996 0.000000 0.961901 0.000000 -0.273397 0.843140 0.843140 0.843140
3274.508545 0.000000 2731.506348 0.000000 0.685455 0.000000 -0.728115 1.112746 1.112746 1.112746
3288.026123 0.000000 2704.245850 0.000000 0.505268 0.000000 -0.862963 1.180518 1.180518 1.180518
3282.337402 0.000000 2694.711670 0.000000 0.979704 0.000000 -0.200451 0.892305 0.892305 0.892305
3300.436768 0.000000 2723.163086 0.000000 0.979490 0.000000 0.201492 0.696674 0.696674 0.696674
3317.523193 0.000000 2693.213379 0.000000 0.206594 0.000000 -0.978427 1.254515 1.254515 1.254515
3283.554688 0.000000 2699.251221 0.000000 0.862399 0.000000 0.506230 0.599632 0.599632 0.599632
3307.739990 0.000000 2690.272217 0.000000 0.555770 0.000000 -0.831336 0.939182 0.939182 0.939182
3306.958252 0.000000 2693.742920 0.000000 0.877357 0.000000 0.479838 0.707041 0.707041 0.707041
3314.036865 0.000000 2708.506348 0.000000 0.469851 0.000000 0.882746 0.625011 0.625011 0.625011
3295.565674 0.000000 2694.771484 0.000000 0.478298 0.000000 0.878197 0.581598 0.581598 0.581598
3307.433838 0.000000 2718.806152 0.000000 0.958596 0.000000 0.284769 0.752131 0.752131 0.752131
3296.390625 0.000000 2707.297119 0.000000 0.100470 0.000000 0.994940 0.051255 0.051255 0.051255
3288.865479 0.000000 2729.229492 0.000000 0.999978 0.000000 0.006585 0.797541 0.797541 0.797541
3308.927002 0.000000 2726.741455 0.000000 0.207654 0.000000 -0.978202 1.420041 1.420041 1.420041
3284.696533 0.000000 2701.479004 0.000000 0.658230 0.000000 -0.752817 1.189829 1.189829 1.189829
3303.047119 0.000000 2722.402344 0.000000 0.982425 0.000000 0.186660 0.709249 0.709249 0.709249
3283.236084 0.000000 2724.138916 0.000000 0.483966 0.000000 -0.875087 1.342713 1.342713 1.342713
3308.365723 0.000000 2698.361084 0.000000 0.958455 0.000000 0.285245 0.672323 0.672323 0.672323
3309.095215 0.000000 2694.429688 0.000000 0.084055 0.000000 0.996461 0.277424 0.277424 0.277424
3264.141846 0.000000 2732.046875 0.000000 0.268025 0.000000 -0.963412 1.404710 1.404710 1.404710
3296.228516 0.000000 2722.147949 0.000000 0.698828 0.000000 0.715290 0.394071 0.394071 0.394071
3307.191650 0.000000 2730.497803 0.000000 0.550242 0.000000 -0.835005 0.991435 0.991435 0.991435
3271.627930 0.000000 2697.790527 0.000000 0.357572 0.000000 -0.933886 1.262131 1.262131 1.262131
3267.038818 0.000000 2706.729980 0.000000 0.415592 0.000000 0.909551 0.348312 0.348312 0.348312
3278.882080 0.000000 2697.097168 0.000000 0.427695 0.000000 -0.903923 1.219354 1.219354 1.219354
3299.583496 0.000000 2715.590088 0.000000 0.097326 0.000000 -0.995253 1.259040 1.259040 1.259040
3269.300781 0.000000 2694.270996 0.000000 0.992752 0.000000 0.120184 0.779307 0.779307 0.779307
3297.792236 0.000000 2689.831543 0.000000 0.094165 0.000000 -0.995557 1.304263 1.304263 1.304263
3278.805176 0.000000 2711.727051 0.000000 0.438995 0.000000 0.898490 0.316187 0.316187 0.316187
3310.710205 0.000000 2700.254150 0.000000 0.963831 0.000000 -0.266514 0.846876 0.846876 0.846876
3277.871338 0.000000 2701.083252 0.000000 0.900829 0.000000 -0.434174 0.884318 0.884318 0.884318
3319.819580 0.000000 2747.816895 0.000000 0.522089 0.000000 0.852891 0.555179 0.555179 0.555179
3275.336670 0.000000 2705.361572 0.000000 0.317838 0.000000 -0.948145 1.024213 1.024213 1.024213
3266.014893 0.000000 2689.634277 0.000000 0.910417 0.000000 -0.413693 0.993366 0.993366 0.993366
3271.333984 0.000000 2725.928467 0.000000 0.265034 0.000000 0.964239 0.136613 0.136613 0.136613
3301.411133 0.000000 2688.264648 0.000000 0.828812 0.000000 0.559527 0.497573 0.497573 0.497573
3278.747803 0.000000 2707.323242 0.000000 0.003513 0.000000 0.999994 0.001789 0.001789 0.001789
3275.593994 0.000000 2690.826416 0.000000 0.960568 0.000000 -0.278044 0.943498 0.943498 0.943498
3304.875000 0.000000 2695.443604 0.000000 0.600402 0.000000 0.799698 0.414987 0.414987 0.414987
3311.324707 0.000000 2711.805420 0.000000 0.819667 0.000000 0.572841 0.489346 0.489346 0.489346
3273.799072 0.000000 2703.354736 0.000000 0.592921 0.000000 -0.805261 0.985095 0.985095 0.985095
3287.948975 0.000000 2723.409424 0.000000 0.823745 0.000000 -0.566960 1.031160 1.031160 1.031160
3273.409668 0.000000 2725.948486 0.000000 0.351871 0.000000 -0.936049 1.378167 1.378167 1.378167
3276.525635 0.000000 2731.049805 0.000000 0.605377 0.000000 -0.795939 1.230226 1.230226 1.230226
3299.213135 0.000000 2701.156250 0.000000 0.341848 0.000000 -0.939755 1.029403 1.029403 1.029403
3310.033936 0.000000 2744.538818 0.000000 0.764772 0.000000 -0.644301 1.011141 1.011141 1.011141
3271.954834 0.000000 2699.723877 0.000000 0.604432 0.000000 -0.796657 0.993299 0.993299 0.993299
3296.163330 0.000000 2727.657227 0.000000 0.457399 0.000000 -0.889261 1.060423 1.060423 1.060423
3271.172363 0.000000 2729.840332 0.000000 0.910812 0.000000 -0.412821 0.881593 0.881593 0.881593
3276.765625 0.000000 2728.087891 0.000000 0.980715 0.000000 0.195441 0.699818 0.699818 0.699818
3264.962646 0.000000 2714.655518 0.000000 0.663925 0.000000 0.747799 0.604291 0.604291 0.604291
3279.311523 0.000000 2722.858398 0.000000 0.958185 0.000000 -0.286149 0.862598 0.862598 0.862598
3307.334961 0.000000 2737.788086 0.000000 0.061967 0.000000 -0.998078 1.224891 1.224891 1.224891
3317.197510 0.000000 2729.738037 0.000000 0.042895 0.000000 0.999080 0.110348 0.110348 0.110348
3303.011230 0.000000 2694.859131 0.000000 0.773134 0.000000 -0.634243 1.138924 1.138924 1.138924
3293.354248 0.000000 2718.992432 0.000000 0.794205 0.000000 0.607650 0.558687 0.558687 0.558687
3280.769531 0.000000 2693.663330 0.000000 0.177258 0.000000 0.984164 0.327171 0.327171 0.327171
3272.723389 0.000000 2736.026367 0.000000 0.257413 0.000000 -0.966301 1.315605 1.315605 1.315605
3268.941650 0.000000 2697.648682 0.000000 0.537445 0.000000 -0.843299 1.062526 1.062526 1.062526
3301.409912 0.000000 2706.502686 0.000000 0.165532 0.000000 0.986204 0.168848 0.168848 0.168848
3294.964600 0.000000 2725.805420 0.000000 0.120557 0.000000 -0.992706 1.075109 1.075109 1.075109
3276.901611 0.000000 2698.833984 0.000000 0.271564 0.000000 0.962420 0.163357 0.163357 0.163357
3292.370361 0.000000 2728.443359 0.000000 0.103292 0.000000 0.994651 0.090798 0.090798 0.090798
3299.666992 0.000000 2729.121094 0.000000 0.268958 0.000000 -0.963152 1.113799 1.113799 1.113799
3291.278076 0.000000 2724.911133 0.000000 0.063137 0.000000 0.998005 0.032177 0.032177 0.032177
3276.530273 0.000000 2711.444824 0.000000 0.115921 0.000000 0.993258 0.059171 0.059171 0.059171
3285.630127 0.000000 2718.114014 0.000000 0.988232 0.000000 0.152961 0.735285 0.735285 0.735285
3298.241943 0.000000 2705.576172 0.000000 0.951235 0.000000 -0.308467 0.922128 0.922128 0.922128
3307.168701 0.000000 2714.154297 0.000000 0.931377 0.000000 -0.364057 0.945865 0.945865 0.945865
3314.967041 0.000000 2704.028076 0.000000 0.812928 0.000000 -0.582364 1.009822 1.009822 1.009822
3287.485840 0.000000 2725.586914 0.000000 0.081831 0.000000 -0.996646 1.558277 1.558277 1.558277
3281.879639 0.000000 2725.442383 0.000000 0.624096 0.000000 0.781347 0.619092 0.619092 0.619092
3305.835693 0.000000 2727.400635 0.000000 0.678598 0.000000 0.734510 0.419402 0.419402 0.419402
3321.283447 0.000000 2708.398438 0.000000 0.998535 0.000000 -0.054104 0.812109 0.812109 0.812109
3311.443604 0.000000 2696.410645 0.000000 0.347144 0.000000 0.937812 0.515785 0.515785 0.515785
3272.145020 0.000000 2691.062500 0.000000 0.452084 0.000000 0.891976 0.549160 0.549160 0.549160
3305.965576 0.000000 2733.952148 0.000000 0.999799 0.000000 0.020031 0.790198 0.790198 0.790198
3279.580566 0.000000 2709.932129 0.000000 0.990795 0.000000 -0.135369 0.869155 0.869155 0.869155
3315.163330 0.000000 2695.918213 0.000000 0.306456 0.000000 0.951885 0.505724 0.505724 0.505724
3316.752930 0.000000 2743.812988 0.000000 0.629198 0.000000 -0.777245 1.022262 1.022262 1.022262
3271.461426 0.000000 2694.388916 0.000000 0.792875 0.000000 -0.609384 0.983226 0.983226 0.983226
3269.793945 0.000000 2688.602295 0.000000 0.600834 0.000000 -0.799374 1.068242 1.068242 1.068242
3267.746338 0.000000 2708.405518 0.000000 0.673025 0.000000 0.739620 0.376009 0.376009 0.376009
3274.802002 0.000000 2701.906982 0.000000 0.917280 0.000000 0.398243 0.600391 0.600391 0.600391
3274.167969 0.000000 2700.009521 0.000000 0.013394 0.000000 0.999910 0.041037 0.041037 0.041037
3310.762695 0.000000 2706.841797 0.000000 0.994422 0.000000 0.105476 0.776784 0.776784 0.776784
3291.350586 0.000000 2702.291992 0.000000 0.051429 0.000000 0.998677 0.472275 0.472275 0.472275
3304.426758 0.000000 2698.255127 0.000000 0.865990 0.000000 0.500062 0.652529 0.652529 0.652529
3280.937744 0.000000 2702.223145 0.000000 0.911622 0.000000 -0.411029 1.003039 1.003039 1.003039
3272.834717 0.000000 2696.392578 0.000000 0.746288 0.000000 0.665623 0.447976 0.447976 0.447976
3321.576660 0.000000 2691.857910 0.000000 0.828028 0.000000 0.560687 0.662101 0.662101 0.662101
3271.399658 0.000000 2702.179443 0.000000 0.150386 0.000000 0.988627 0.264042 0.264042 0.264042
3296.468994 0.000000 2724.093262 0.000000 0.739038 0.000000 0.673664 0.423551 0.423551 0.423551
3279.590088 0.000000 2726.449707 0.000000 0.272784 0.000000 0.962075 0.140711 0.140711 0.140711
3306.635986 0.000000 2700.448975 0.000000 0.667259 0.000000 -0.744826 1.147393 1.147393 1.147393
3268.579590 0.000000 2713.981934 0.000000 0.964034 0.000000 -0.265777 0.937006 0.937006 0.937006
3319.896484 0.000000 2750.571777 0.000000 0.079369 0.000000 0.996845 0.296622 0.296622 0.296622
3302.891357 0.000000 2692.763428 0.000000 0.588183 0.000000 0.808728 0.495218 0.495218 0.495218
3270.887939 0.000000 2722.876709 0.000000 0.189495 0.000000 0.981882 0.248703 0.248703 0.248703
3276.453613 0.000000 2721.579346 0.000000 0.965106 0.000000 0.261859 0.670884 0.670884 0.670884
3277.809570 0.000000 2718.395020 0.000000 0.303234 0.000000 0.952916 0.484758 0.484758 0.484758
3318.225586 0.000000 2744.693115 0.000000 0.999664 0.000000 -0.025935 0.807771 0.807771 0.807771
3307.778564 0.000000 2710.714355 0.000000 0.869310 0.000000 -0.494266 0.916679 0.916679 0.916679
3289.542725 0.000000 2690.331543 0.000000 0.379381 0.000000 -0.925241 1.106810 1.106810 1.106810
3268.034912 0.000000 2715.657227 0.000000 0.312191 0.000000 0.950019 0.161700 0.161700 0.161700
3300.594482 0.000000 2689.954834 0.000000 0.494144 0.000000 0.869380 0.263229 0.263229 0.263229
3277.590088 0.000000 2729.704834 0.000000 0.986988 0.000000 0.160795 0.717751 0.717751 0.717751
3309.344727 0.000000 2719.997559 0.000000 0.999430 0.000000 -0.033766 0.807555 0.807555 0.807555
3277.917725 0.000000 2733.395508 0.000000 0.998512 0.000000 -0.054532 0.823101 0.823101 0.823101
3316.742676 0.000000 2711.416260 0.000000 0.799103 0.000000 -0.601195 1.128493 1.128493 1.128493
3273.552734 0.000000 2711.136230 0.000000 0.723975 0.000000 0.689826 0.605389 0.605389 0.605389
3310.770508 0.000000 2713.830566 0.000000 0.831724 0.000000 -0.555189 0.979860 0.979860 0.979860
3312.194824 0.000000 2721.896973 0.000000 0.223503 0.000000 0.974703 0.319016 0.319016 0.319016
3288.698975 0.000000 2706.231934 0.000000 0.034513 0.000000 0.999404 0.039059 0.039059 0.039059
3269.992188 0.000000 2731.308350 0.000000 0.104678 0.000000 -0.994506 1.157192 1.157192 1.157192
3280.396729 0.000000 2703.871338 0.000000 0.942357 0.000000 0.334609 0.636455 0.636455 0.636455
3308.822021 0.000000 2729.859619 0.000000 0.663818 0.000000 -0.747894 1.103738 1.103738 1.103738
3276.715088 0.000000 2708.428711 0.000000 0.991421 0.000000 -0.130704 0.852359 0.852359 0.852359
3303.680664 0.000000 2689.819336 0.000000 0.751289 0.000000 0.659973 0.617174 0.617174 0.617174
3287.878174 0.000000 2695.029297 0.000000 0.001114 0.000000 0.999999 0.339151 0.339151 0.339151
3276.970703 0.000000 2704.933838 0.000000 0.136995 0.000000 0.990572 0.069991 0.069991 0.069991
3296.856934 0.000000 2718.326416 0.000000 0.775340 0.000000 0.631544 0.574742 0.574742 0.574742
3315.039795 0.000000 2734.088623 0.000000 0.635806 0.000000 -0.771849 1.249068 1.249068 1.249068
3308.166992 0.000000 2708.029297 0.000000 0.080190 0.000000 -0.996780 1.210815 1.210815 1.210815
3290.067383 0.000000 2728.101074 0.000000 0.968379 0.000000 -0.249485 0.891152 0.891152 0.891152
3275.362305 0.000000 2698.208984 0.000000 0.928129 0.000000 -0.372259 0.927988 0.927988 0.927988
3264.049805 0.000000 2735.859131 0.000000 0.492838 0.000000 -0.870121 1.286944 1.286944 1.286944
3264.332520 0.000000 2708.064209 0.000000 0.969085 0.000000 0.246728 0.721329 0.721329 0.721329
3266.964111 0.000000 2688.039307 0.000000 0.477684 0.000000 0.878532 0.313630 0.313630 0.313630
3316.368652 0.000000 2696.999023 0.000000 0.643827 0.000000 -0.765171 1.054070 1.054070 1.054070
3293.074219 0.000000 2697.167480 0.000000 0.839397 0.000000 -0.543518 1.077733 1.077733 1.077733
3311.482666 0.000000 2708.351074 0.000000 0.960488 0.000000 0.278323 0.701983 0.701983 0.701983
3265.272949 0.000000 2728.181396 0.000000 0.519997 0.000000 -0.854168 1.100625 1.100625 1.100625
3305.912842 0.000000 2710.699219 0.000000 0.167523 0.000000 -0.985868 1.469460 1.469460 1.469460
3282.707275 0.000000 2727.776611 0.000000 0.940132 0.000000 -0.340812 0.969482 0.969482 0.969482
3265.989990 0.000000 2712.870850 0.000000 0.736779 0.000000 0.676134 0.561244 0.561244 0.561244
3273.521973 0.000000 2706.874512 0.000000 0.753181 0.000000 0.657814 0.584924 0.584924 0.584924
3221.501221 0.000000 2778.272461 0.000000 0.946944 0.000000 0.321399 0.790197 0.790197 0.790197
3213.661377 0.000000 2773.948975 0.000000 0.927696 0.000000 0.373337 0.790066 0.790066 0.790066
3253.978271 0.000000 2764.223877 0.000000 0.987851 0.000000 0.155403 0.791897 0.791897 0.791897
3229.569336 0.000000 2811.336182 0.000000 0.624551 0.000000 -0.780984 1.208121 1.208121 1.208121
3237.207031 0.000000 2794.217529 0.000000 0.868350 0.000000 -0.495951 0.826947 0.826947 0.826947
3248.406250 0.000000 2777.438721 0.000000 0.363779 0.000000 -0.931485 0.883777 0.883777 0.883777
3251.088623 0.000000 2752.206299 0.000000 0.542843 0.000000 0.839834 0.718361 0.718361 0.718361
3223.735352 0.000000 2754.405029 0.000000 0.210840 0.000000 -0.977521 0.911232 0.911232 0.911232
3226.568115 0.000000 2801.466553 0.000000 0.975199 0.000000 0.221330 0.780387 0.780387 0.780387
3228.506104 0.000000 2806.950684 0.000000 0.851367 0.000000 -0.524571 1.040432 1.040432 1.040432
3227.829346 0.000000 2786.998291 0.000000 0.995446 0.000000 0.095330 0.790656 0.790656 0.790656
3225.640625 0.000000 2782.294434 0.000000 0.949032 0.000000 -0.315179 0.836503 0.836503 0.836503
3217.186279 0.000000 2791.220947 0.000000 0.910889 0.000000 -0.412651 0.847575 0.847575 0.847575
3229.194336 0.000000 2798.420654 0.000000 0.939512 0.000000 0.342517 0.756012 0.756012 0.756012
3236.481445 0.000000 2805.076660 0.000000 0.292822 0.000000 -0.956167 0.975517 0.975517 0.975517
3220.696045 0.000000 2754.732422 0.000000 0.776435 0.000000 0.630198 0.723743 0.723743 0.723743
3232.013184 0.000000 2812.025635 0.000000 0.943314 0.000000 -0.331902 0.850678 0.850678 0.850678
3227.458008 0.000000 2812.812012 0.000000 0.942114 0.000000 -0.335291 0.838924 0.838924 0.838924
3231.436279 0.000000 2798.529785 0.000000 0.222325 0.000000 -0.974973 1.370169 1.370169 1.370169
3229.121582 0.000000 2809.147461 0.000000 0.974485 0.000000 0.224451 0.704147 0.704147 0.704147
3228.727295 0.000000 2801.973877 0.000000 0.560860 0.000000 -0.827911 1.111688 1.111688 1.111688
3242.766113 0.000000 2809.304199 0.000000 0.847727 0.000000 0.530433 0.716249 0.716249 0.716249
3218.242432 0.000000 2767.581055 0.000000 0.002074 0.000000 0.999998 0.514887 0.514887 0.514887
3232.663818 0.000000 2796.757080 0.000000 0.323730 0.000000 -0.946149 1.196612 1.196612 1.196612
3250.479492 0.000000 2777.896729 0.000000 0.250371 0.000000 -0.968150 1.021073 1.021073 1.021073
3233.223877 0.000000 2779.067871 0.000000 0.806688 0.000000 -0.590978 0.911126 0.911126 0.911126
3231.389893 0.000000 2810.043213 0.000000 0.832094 0.000000 0.554634 0.514664 0.514664 0.514664
3232.163330 0.000000 2791.657227 0.000000 0.997438 0.000000 -0.071530 0.819875 0.819875 0.819875
3235.696533 0.000000 2799.146484 0.000000 0.586999 0.000000 -0.809587 1.103371 1.103371 1.103371
3228.370361 0.000000 2792.443359 0.000000 0.837797 0.000000 -0.545982 0.930348 0.930348 0.930348
3235.666992 0.000000 2793.121094 0.000000 0.066045 0.000000 0.997817 0.520512 0.520512 0.520512
3227.278076 0.000000 2788.911133 0.000000 0.460078 0.000000 -0.887879 1.037883 1.037883 1.037883
3233.143066 0.000000 2808.294189 0.000000 0.660781 0.000000 0.750578 0.621969 0.621969 0.621969
3236.288086 0.000000 2813.088379 0.000000 0.946363 0.000000 -0.323107 0.911052 0.911052 0.911052
3230.597656 0.000000 2802.468750 0.000000 0.706370 0.000000 -0.707843 1.095293 1.095293 1.095293
3227.452637 0.000000 2808.471924 0.000000 0.985501 0.000000 0.169667 0.750285 0.750285 0.750285
3232.468994 0.000000 2788.093262 0.000000 0.390738 0.000000 0.920502 0.484708 0.484708 0.484708
3235.225342 0.000000 2797.491699 0.000000 0.153207 0.000000 0.988194 0.446243 0.446243 0.446243
3232.451660 0.000000 2799.948242 0.000000 0.967740 0.000000 -0.251949 0.869690 0.869690 0.869690
3234.207031 0.000000 2800.348877 0.000000 0.084106 0.000000 -0.996457 1.144413 1.144413 1.144413
3251.993164 0.000000 2781.338867 0.000000 0.832274 0.000000 0.554364 0.650956 0.650956 0.650956
3232.671143 0.000000 2803.298828 0.000000 0.284666 0.000000 0.958627 0.469665 0.469665 0.469665
3234.795166 0.000000 2805.434814 0.000000 0.965659 0.000000 -0.259814 0.868241 0.868241 0.868241
3242.856201 0.000000 2814.255371 0.000000 0.373847 0.000000 0.927490 0.501127 0.501127 0.501127
3243.396240 0.000000 2810.882080 0.000000 0.979299 0.000000 0.202417 0.729167 0.729167 0.729167
3229.392090 0.000000 2804.928223 0.000000 0.204632 0.000000 0.978839 0.418409 0.418409 0.418409
3233.422607 0.000000 2794.711914 0.000000 0.534106 0.000000 -0.845417 1.065572 1.065572 1.065572
3326.191895 0.000000 2779.004883 0.000000 0.789290 0.000000 -0.614020 0.883189 0.883189 0.883189
3314.907471 0.000000 2782.654053 0.000000 0.972281 0.000000 -0.233814 0.834880 0.834880 0.834880
3317.933594 0.000000 2761.676025 0.000000 0.929949 0.000000 -0.367689 0.852640 0.852640 0.852640
3296.939941 0.000000 2801.623535 0.000000 0.707771 0.000000 -0.706442 0.904972 0.904972 0.904972
3285.429199 0.000000 2808.663574 0.000000 0.147693 0.000000 -0.989033 1.004566 1.004566 1.004566
3312.499023 0.000000 2782.730225 0.000000 0.192631 0.000000 0.981271 0.621243 0.621243 0.621243
3280.036865 0.000000 2811.841064 0.000000 0.005102 0.000000 0.999987 0.606122 0.606122 0.606122
3293.129639 0.000000 2789.459229 0.000000 0.356058 0.000000 0.934464 0.619237 0.619237 0.619237
3310.709229 0.000000 2755.361328 0.000000 0.484135 0.000000 0.874993 0.580826 0.580826 0.580826
3320.225830 0.000000 2754.558105 0.000000 0.398183 0.000000 0.917306 0.568068 0.568068 0.568068
3315.163330 0.000000 2759.918213 0.000000 0.152110 0.000000 0.988364 0.423308 0.423308 0.423308
3320.983887 0.000000 2752.629883 0.000000 0.983040 0.000000 -0.183391 0.842362 0.842362 0.842362
3347.627441 0.000000 2598.229980 0.000000 0.999836 0.000000 0.018108 0.799711 0.799711 0.799711
3341.661377 0.000000 2581.948975 0.000000 0.924744 0.000000 0.380589 0.601154 0.601154 0.601154
3354.162354 0.000000 2587.509766 0.000000 0.509950 0.000000 -0.860204 1.327462 1.327462 1.327462
3355.751709 0.000000 2592.042725 0.000000 0.657795 0.000000 0.753197 0.365617 0.365617 0.365617
3343.043945 0.000000 2600.765869 0.000000 0.022404 0.000000 -0.999749 1.566941 1.566941 1.566941
3350.794189 0.000000 2600.649170 0.000000 0.179380 0.000000 0.983780 0.091854 0.091854 0.091854
3357.569336 0.000000 2619.336182 0.000000 0.814943 0.000000 -0.579540 1.090136 1.090136 1.090136
3344.064697 0.000000 2596.701904 0.000000 0.989236 0.000000 0.146327 0.725208 0.725208 0.725208
3365.207031 0.000000 2602.217529 0.000000 0.012174 0.000000 0.999926 0.687934 0.687934 0.687934
3336.186768 0.000000 2596.134277 0.000000 0.565028 0.000000 0.825071 0.377521 0.377521 0.377521
3336.366455 0.000000 2599.641602 0.000000 0.799053 0.000000 0.601260 0.471465 0.471465 0.471465
3366.725830 0.000000 2609.065430 0.000000 0.967678 0.000000 -0.252187 0.929840 0.929840 0.929840
3348.391357 0.000000 2576.639160 0.000000 0.993229 0.000000 0.116169 0.743957 0.743957 0.743957
3341.280762 0.000000 2595.118408 0.000000 0.947459 0.000000 -0.319878 0.965827 0.965827 0.965827
3362.571045 0.000000 2615.112549 0.000000 0.393084 0.000000 -0.919503 1.394253 1.394253 1.394253
3353.099365 0.000000 2593.670410 0.000000 0.980796 0.000000 -0.195037 0.899972 0.899972 0.899972
3343.138184 0.000000 2613.559326 0.000000 0.951880 0.000000 0.306471 0.775738 0.775738 0.775738
3331.059570 0.000000 2595.984131 0.000000 0.050268 0.000000 -0.998736 1.574388 1.574388 1.574388
3356.506104 0.000000 2614.950684 0.000000 0.745387 0.000000 0.666632 0.428377 0.428377 0.428377
3355.829346 0.000000 2594.998291 0.000000 0.998137 0.000000 -0.061013 0.831093 0.831093 0.831093
3352.890625 0.000000 2603.964600 0.000000 0.977993 0.000000 0.208639 0.700091 0.700091 0.700091
3351.577881 0.000000 2617.747803 0.000000 0.640928 0.000000 -0.767601 1.245679 1.245679 1.245679
3331.198730 0.000000 2592.385498 0.000000 0.727489 0.000000 0.686119 0.414901 0.414901 0.414901
3352.821777 0.000000 2613.130615 0.000000 0.561770 0.000000 0.827293 0.303807 0.303807 0.303807
3374.680176 0.000000 2593.104980 0.000000 0.171166 0.000000 0.985242 0.087606 0.087606 0.087606
3370.466064 0.000000 2584.355469 0.000000 0.916336 0.000000 -0.400409 0.839494 0.839494 0.839494
3372.732910 0.000000 2615.104492 0.000000 0.018477 0.000000 0.999829 0.009411 0.009411 0.009411
3352.228271 0.000000 2585.582520 0.000000 0.252985 0.000000 0.967470 0.130260 0.130260 0.130260
3342.434082 0.000000 2603.553955 0.000000 0.553564 0.000000 0.832807 0.404914 0.404914 0.404914
3333.806641 0.000000 2590.691162 0.000000 0.726195 0.000000 -0.687489 1.186059 1.186059 1.186059
3339.019043 0.000000 2582.267578 0.000000 0.983464 0.000000 -0.181104 0.892747 0.892747 0.892747
3335.254883 0.000000 2612.158447 0.000000 0.142294 0.000000 -0.989824 1.436016 1.436016 1.436016
3367.914551 0.000000 2592.415039 0.000000 0.122101 0.000000 -0.992518 1.497160 1.497160 1.497160
3335.835693 0.000000 2585.980225 0.000000 0.527707 0.000000 -0.849426 1.174994 1.174994 1.174994
3347.219727 0.000000 2578.983887 0.000000 0.435267 0.000000 -0.900301 1.370646 1.370646 1.370646
3365.225830 0.000000 2599.619141 0.000000 0.972253 0.000000 -0.233933 0.883943 0.883943 0.883943
3353.631836 0.000000 2579.833496 0.000000 0.912672 0.000000 0.408692 0.626779 0.626779 0.626779
3381.947998 0.000000 2612.438965 0.000000 0.570401 0.000000 -0.821367 1.233112 1.233112 1.233112
3341.817627 0.000000 2598.457031 0.000000 0.877833 0.000000 -0.478967 0.871825 0.871825 0.871825
3360.013184 0.000000 2620.025635 0.000000 0.871059 0.000000 -0.491179 1.061494 1.061494 1.061494
3355.458008 0.000000 2620.812012 0.000000 0.909561 0.000000 0.415570 0.581731 0.581731 0.581731
3360.939941 0.000000 2609.623535 0.000000 0.352396 0.000000 0.935851 0.270460 0.270460 0.270460
3328.017578 0.000000 2618.450195 0.000000 0.521697 0.000000 -0.853131 1.157192 1.157192 1.157192
3328.084961 0.000000 2601.292480 0.000000 0.853208 0.000000 0.521571 0.736440 0.736440 0.736440
3333.002197 0.000000 2581.888672 0.000000 0.711085 0.000000 0.703106 0.529020 0.529020 0.529020
3349.429199 0.000000 2616.663574 0.000000 0.987620 0.000000 -0.156865 0.880222 0.880222 0.880222
3348.507324 0.000000 2591.782227 0.000000 0.727221 0.000000 0.686404 0.414701 0.414701 0.414701
3343.953857 0.000000 2611.270264 0.000000 0.123091 0.000000 -0.992395 1.537151 1.537151 1.537151
3333.530029 0.000000 2573.630127 0.000000 0.979914 0.000000 -0.199422 0.867365 0.867365 0.867365
3329.857178 0.000000 2623.164062 0.000000 0.273055 0.000000 0.961998 0.140854 0.140854 0.140854
3342.705811 0.000000 2577.071777 0.000000 0.894647 0.000000 0.446774 0.631644 0.631644 0.631644
3369.591064 0.000000 2587.176758 0.000000 0.541514 0.000000 -0.840692 0.957555 0.957555 0.957555
3358.372070 0.000000 2621.639160 0.000000 0.948224 0.000000 0.317603 0.635395 0.635395 0.635395
3357.129639 0.000000 2597.459229 0.000000 0.559393 0.000000 -0.828902 1.297655 1.297655 1.297655
3343.776367 0.000000 2615.863770 0.000000 0.800644 0.000000 0.599140 0.572895 0.572895 0.572895
3368.944580 0.000000 2609.631592 0.000000 0.899858 0.000000 0.436184 0.721573 0.721573 0.721573
3339.052979 0.000000 2579.927002 0.000000 0.992546 0.000000 -0.121870 0.843190 0.843190 0.843190
3333.270508 0.000000 2595.638672 0.000000 0.280747 0.000000 -0.959782 0.982392 0.982392 0.982392
3338.748779 0.000000 2595.632812 0.000000 0.959683 0.000000 0.281085 0.654889 0.654889 0.654889
3338.508545 0.000000 2603.506348 0.000000 0.944465 0.000000 -0.328612 0.852162 0.852162 0.852162
3359.436279 0.000000 2606.529785 0.000000 0.399267 0.000000 0.916835 0.255516 0.255516 0.255516
3366.188232 0.000000 2590.961670 0.000000 0.474732 0.000000 -0.880131 1.195472 1.195472 1.195472
3357.121582 0.000000 2617.147461 0.000000 0.499571 0.000000 0.866273 0.266414 0.266414 0.266414
3356.727295 0.000000 2609.973877 0.000000 0.091672 0.000000 -0.995789 1.284441 1.284441 1.284441
3364.436768 0.000000 2595.163086 0.000000 0.831815 0.000000 -0.555052 1.099683 1.099683 1.099683
3360.913086 0.000000 2613.532227 0.000000 0.955471 0.000000 -0.295086 0.947771 0.947771 0.947771
3345.947021 0.000000 2607.230957 0.000000 0.265982 0.000000 -0.963978 1.382300 1.382300 1.382300
3371.433838 0.000000 2590.806152 0.000000 0.598761 0.000000 0.800928 0.629329 0.629329 0.629329
3346.242432 0.000000 2575.581055 0.000000 0.095814 0.000000 0.995399 0.219717 0.219717 0.219717
3375.595947 0.000000 2613.427246 0.000000 0.084100 0.000000 0.996457 0.583257 0.583257 0.583257
3352.865479 0.000000 2601.229492 0.000000 0.971484 0.000000 0.237105 0.678082 0.678082 0.678082
3346.518311 0.000000 2610.261475 0.000000 0.180054 0.000000 -0.983657 1.299621 1.299621 1.299621
3349.859131 0.000000 2598.653564 0.000000 0.981982 0.000000 -0.188975 0.856577 0.856577 0.856577
3328.955322 0.000000 2596.559326 0.000000 0.853156 0.000000 0.521655 0.536944 0.536944 0.536944
3363.129883 0.000000 2599.257080 0.000000 0.982621 0.000000 -0.185624 0.895089 0.895089 0.895089
3367.047119 0.000000 2594.402344 0.000000 0.721384 0.000000 0.692535 0.410390 0.410390 0.410390
3347.236084 0.000000 2596.138916 0.000000 0.414243 0.000000 0.910166 0.249505 0.249505 0.249505
3371.357422 0.000000 2613.305176 0.000000 0.883276 0.000000 0.468853 0.604098 0.604098 0.604098
3350.452393 0.000000 2612.231689 0.000000 0.687057 0.000000 -0.726604 1.142766 1.142766 1.142766
3335.298828 0.000000 2617.259277 0.000000 0.978841 0.000000 -0.204624 0.843217 0.843217 0.843217
3342.964355 0.000000 2618.015625 0.000000 0.959914 0.000000 0.280295 0.737584 0.737584 0.737584
3328.141846 0.000000 2604.046875 0.000000 0.808023 0.000000 -0.589150 0.906953 0.906953 0.906953
3351.595215 0.000000 2615.508057 0.000000 0.547888 0.000000 -0.836552 1.304691 1.304691 1.304691
3377.539307 0.000000 2597.343262 0.000000 0.355272 0.000000 -0.934763 1.217250 1.217250 1.217250
3337.286865 0.000000 2601.684326 0.000000 0.810409 0.000000 0.585865 0.572470 0.572470 0.572470
3347.418457 0.000000 2617.545898 0.000000 0.938564 0.000000 -0.345105 0.859113 0.859113 0.859113
3348.018555 0.000000 2613.322510 0.000000 0.864436 0.000000 0.502744 0.531718 0.531718 0.531718
3359.389893 0.000000 2618.043213 0.000000 0.920496 0.000000 0.390752 0.595544 0.595544 0.595544
3345.342041 0.000000 2614.497559 0.000000 0.483113 0.000000 0.875558 0.331349 0.331349 0.331349
3351.235840 0.000000 2602.692383 0.000000 0.063439 0.000000 -0.997986 1.567669 1.567669 1.567669
3354.763428 0.000000 2613.840820 0.000000 0.460888 0.000000 -0.887459 1.260104 1.260104 1.260104
3374.349854 0.000000 2623.579102 0.000000 0.047526 0.000000 -0.998870 1.517983 1.517983 1.517983
3330.551514 0.000000 2597.985840 0.000000 0.799017 0.000000 0.601309 0.522974 0.522974 0.522974
3342.805176 0.000000 2583.727051 0.000000 0.256336 0.000000 -0.966588 1.347478 1.347478 1.347478
3348.203369 0.000000 2584.003174 0.000000 0.766107 0.000000 -0.642713 1.009121 1.009121 1.009121
3351.571045 0.000000 2623.999268 0.000000 0.301894 0.000000 -0.953341 1.385741 1.385741 1.385741
3341.557617 0.000000 2611.980957 0.000000 0.981952 0.000000 0.189129 0.703094 0.703094 0.703094
3338.413086 0.000000 2599.727295 0.000000 0.757961 0.000000 -0.652299 1.146301 1.146301 1.146301
3349.168213 0.000000 2579.255859 0.000000 0.002950 0.000000 -0.999996 1.225865 1.225865 1.225865
3355.983887 0.000000 2577.642334 0.000000 0.682898 0.000000 -0.730514 0.957045 0.957045 0.957045
3364.948486 0.000000 2614.992920 0.000000 0.730101 0.000000 -0.683339 1.183156 1.183156 1.183156
3369.910645 0.000000 2592.270996 0.000000 0.178556 0.000000 0.983930 0.366521 0.366521 0.366521
3358.527100 0.000000 2614.125488 0.000000 0.694200 0.000000 -0.719782 1.209214 1.209214 1.209214
3337.799072 0.000000 2575.354736 0.000000 0.970948 0.000000 -0.239290 0.899898 0.899898 0.899898
3337.409668 0.000000 2597.948486 0.000000 0.730433 0.000000 -0.682985 1.127350 1.127350 1.127350
3340.525635 0.000000 2603.049805 0.000000 0.987573 0.000000 0.157159 0.753982 0.753982 0.753982
3374.033936 0.000000 2616.538818 0.000000 0.704576 0.000000 0.709629 0.551029 0.551029 0.551029
3335.172363 0.000000 2601.840332 0.000000 0.565242 0.000000 0.824925 0.522943 0.522943 0.522943
3368.439209 0.000000 2616.656738 0.000000 0.124900 0.000000 -0.992169 1.221524 1.221524 1.221524
3335.294678 0.000000 2619.354248 0.000000 0.619777 0.000000 0.784778 0.390904 0.390904 0.390904
3343.311523 0.000000 2594.858398 0.000000 0.010876 0.000000 0.999941 0.413674 0.413674 0.413674
3371.334961 0.000000 2609.788086 0.000000 0.436530 0.000000 -0.899690 1.369932 1.369932 1.369932
3351.797607 0.000000 2605.517090 0.000000 0.863249 0.000000 0.504778 0.601324 0.601324 0.601324
3377.739746 0.000000 2609.867920 0.000000 0.482476 0.000000 -0.875909 1.040881 1.040881 1.040881
3363.200195 0.000000 2616.933105 0.000000 0.273625 0.000000 0.961836 0.371106 0.371106 0.371106
3328.010498 0.000000 2614.110107 0.000000 0.790009 0.000000 -0.613095 0.971356 0.971356 0.971356
3357.354248 0.000000 2590.992432 0.000000 0.994667 0.000000 -0.103143 0.820018 0.820018 0.820018
3336.723389 0.000000 2608.026367 0.000000 0.747671 0.000000 0.664070 0.649149 0.649149 0.649149
3328.571777 0.000000 2568.710693 0.000000 0.522699 0.000000 -0.852517 1.222020 1.222020 1.222020
3334.542969 0.000000 2613.876465 0.000000 0.978565 0.000000 0.205940 0.707617 0.707617 0.707617
3356.370361 0.000000 2600.443359 0.000000 0.818095 0.000000 -0.575083 1.112048 1.112048 1.112048
3341.460449 0.000000 2614.480469 0.000000 0.997391 0.000000 0.072195 0.763199 0.763199 0.763199
3333.422119 0.000000 2606.547852 0.000000 0.842168 0.000000 0.539216 0.665782 0.665782 0.665782
3345.864014 0.000000 2581.527832 0.000000 0.947905 0.000000 0.318554 0.702873 0.702873 0.702873
3340.237549 0.000000 2621.247070 0.000000 0.326912 0.000000 0.945055 0.169613 0.169613 0.169613
3373.218506 0.000000 2594.373779 0.000000 0.999987 0.000000 0.005096 0.798931 0.798931 0.798931
3355.278076 0.000000 2596.911133 0.000000 0.687412 0.000000 0.726268 0.386005 0.386005 0.386005
3361.143066 0.000000 2616.294189 0.000000 0.996850 0.000000 -0.079316 0.829971 0.829971 0.829971
3340.530273 0.000000 2583.444824 0.000000 0.010616 0.000000 0.999944 0.120701 0.120701 0.120701
3349.630127 0.000000 2590.114014 0.000000 0.104355 0.000000 -0.994540 1.546755 1.546755 1.546755
3351.842773 0.000000 2622.045654 0.000000 0.994419 0.000000 -0.105499 0.848975 0.848975 0.848975
3345.879639 0.000000 2597.442383 0.000000 0.571231 0.000000 0.820789 0.309655 0.309655 0.309655
3351.994873 0.000000 2580.666016 0.000000 0.330242 0.000000 0.943896 0.410520 0.410520 0.410520
3343.580566 0.000000 2581.932129 0.000000 0.362394 0.000000 0.932025 0.188865 0.188865 0.188865
3380.752930 0.000000 2615.812988 0.000000 0.442297 0.000000 0.896868 0.575558 0.575558 0.575558
3332.914795 0.000000 2589.138184 0.000000 0.186074 0.000000 -0.982536 1.504678 1.504678 1.504678
3351.907227 0.000000 2583.820557 0.000000 0.561050 0.000000 0.827782 0.572132 0.572132 0.572132
3342.274902 0.000000 2596.720947 0.000000 0.989663 0.000000 0.143412 0.726708 0.726708 0.726708
3380.861328 0.000000 2613.891846 0.000000 0.389192 0.000000 0.921157 0.273759 0.273759 0.273759
3344.140381 0.000000 2607.278076 0.000000 0.984569 0.000000 -0.174998 0.878696 0.878696 0.878696
3366.425781 0.000000 2607.262695 0.000000 0.413793 0.000000 -0.910371 1.174773 1.174773 1.174773
3353.977051 0.000000 2592.087402 0.000000 0.610091 0.000000 0.792332 0.334187 0.334187 0.334187
3355.452637 0.000000 2616.471924 0.000000 0.387333 0.000000 0.921940 0.233023 0.233023 0.233023
3381.953613 0.000000 2605.046875 0.000000 0.909720 0.000000 0.415221 0.677708 0.677708 0.677708
3335.399658 0.000000 2574.179443 0.000000 0.206864 0.000000 0.978370 0.326530 0.326530 0.326530
3372.415771 0.000000 2611.165283 0.000000 0.944944 0.000000 -0.327231 0.899873 0.899873 0.899873
3338.793701 0.000000 2620.008057 0.000000 0.962852 0.000000 0.270031 0.722454 0.722454 0.722454
3332.579590 0.000000 2585.981934 0.000000 0.163147 0.000000 -0.986602 1.361990 1.361990 1.361990
3353.196777 0.000000 2618.473389 0.000000 0.598303 0.000000 0.801270 0.326653 0.326653 0.326653
3362.295166 0.000000 2596.802246 0.000000 0.450682 0.000000 -0.892684 1.117302 1.117302 1.117302
3365.622803 0.000000 2597.914062 0.000000 0.788823 0.000000 0.614620 0.462895 0.462895 0.462895
3356.747803 0.000000 2593.488525 0.000000 0.247471 0.000000 -0.968895 1.195671 1.195671 1.195671
3352.912109 0.000000 2588.715332 0.000000 0.345011 0.000000 -0.938599 1.138288 1.138288 1.138288
3339.608154 0.000000 2622.899170 0.000000 0.162012 0.000000 0.986789 0.212241 0.212241 0.212241
3332.144531 0.000000 2619.563965 0.000000 0.422407 0.000000 -0.906406 1.121809 1.121809 1.121809
3368.562988 0.000000 2611.533691 0.000000 0.119012 0.000000 -0.992893 1.489961 1.489961 1.489961
3330.070312 0.000000 2590.978516 0.000000 0.817731 0.000000 0.575601 0.572153 0.572153 0.572153
3360.451660 0.000000 2607.948242 0.000000 0.617705 0.000000 0.786410 0.514423 0.514423 0.514423
3354.065186 0.000000 2595.145508 0.000000 0.189321 0.000000 -0.981915 1.502994 1.502994 1.502994
3372.390869 0.000000 2607.976562 0.000000 0.940750 0.000000 0.339101 0.685990 0.685990 0.685990
3362.207031 0.000000 2608.348877 0.000000 0.842704 0.000000 0.538376 0.656933 0.656933 0.656933
3337.552734 0.000000 2583.136230 0.000000 0.480113 0.000000 -0.877206 1.287252 1.287252 1.287252
3360.582275 0.000000 2621.634766 0.000000 0.799017 0.000000 0.601308 0.471434 0.471434 0.471434
3360.671143 0.000000 2611.298828 0.000000 0.976409 0.000000 0.215929 0.698718 0.698718 0.698718
3343.082520 0.000000 2608.763428 0.000000 0.066083 0.000000 0.997814 0.063732 0.063732 0.063732
3352.698975 0.000000 2578.231934 0.000000 0.416638 0.000000 0.909072 0.330536 0.330536 0.330536
3367.609375 0.000000 2590.005859 0.000000 0.619430 0.000000 -0.785052 1.131765 1.131765 1.131765
3332.041260 0.000000 2590.871094 0.000000 0.861881 0.000000 0.507111 0.529141 0.529141 0.529141
3347.869141 0.000000 2574.990479 0.000000 0.159997 0.000000 0.987118 0.245184 0.245184 0.245184
3340.715088 0.000000 2580.428711 0.000000 0.469706 0.000000 0.882823 0.249024 0.249024 0.249024
3354.865723 0.000000 2593.527344 0.000000 0.669701 0.000000 0.742631 0.373725 0.373725 0.373725
3335.060547 0.000000 2584.437744 0.000000 0.684262 0.000000 -0.729236 1.101948 1.101948 1.101948
3340.294922 0.000000 2596.438965 0.000000 0.924139 0.000000 0.382056 0.600346 0.600346 0.600346
3374.635742 0.000000 2595.452881 0.000000 0.953057 0.000000 -0.302793 0.937624 0.937624 0.937624
3383.176025 0.000000 2611.319580 0.000000 0.289443 0.000000 -0.957195 1.185167 1.185167 1.185167
3355.840088 0.000000 2587.705078 0.000000 0.906236 0.000000 0.422772 0.577691 0.577691 0.577691
3354.067383 0.000000 2600.101074 0.000000 0.871882 0.000000 -0.489717 1.060640 1.060640 1.060640
3330.395996 0.000000 2593.891602 0.000000 0.787354 0.000000 -0.616501 1.138321 1.138321 1.138321
3346.819580 0.000000 2577.209717 0.000000 0.898443 0.000000 -0.439090 1.031518 1.031518 1.031518
3334.542969 0.000000 2589.213135 0.000000 0.697765 0.000000 0.716327 0.393315 0.393315 0.393315
3339.856201 0.000000 2609.413330 0.000000 0.446270 0.000000 0.894898 0.403811 0.403811 0.403811
3337.773682 0.000000 2589.053223 0.000000 0.983836 0.000000 0.179074 0.751455 0.751455 0.751455
3446.356934 0.000000 2614.923340 0.000000 0.877246 0.000000 0.480042 0.763999 0.763999 0.763999
3339.854736 0.000000 2639.435059 0.000000 0.165597 0.000000 0.986193 0.755120 0.755120 0.755120
3342.736816 0.000000 2635.170654 0.000000 0.997985 0.000000 -0.063446 0.801902 0.801902 0.801902
3334.586426 0.000000 2639.758545 0.000000 0.649872 0.000000 0.760044 0.360284 0.360284 0.360284
3360.448730 0.000000 2641.080078 0.000000 0.050961 0.000000 -0.998701 1.574034 1.574034 1.574034
3376.097412 0.000000 2662.939453 0.000000 0.413553 0.000000 0.910480 0.726857 0.726857 0.726857
3357.569336 0.000000 2683.336182 0.000000 0.997622 0.000000 -0.068924 0.803306 0.803306 0.803306
3331.216064 0.000000 2629.769775 0.000000 0.181370 0.000000 -0.983415 1.507115 1.507115 1.507115
3344.258057 0.000000 2631.456543 0.000000 0.048651 0.000000 -0.998816 0.891201 0.891201 0.891201
3361.075439 0.000000 2632.515869 0.000000 0.530530 0.000000 -0.847666 1.315188 1.315188 1.315188
3340.040039 0.000000 2677.247559 0.000000 0.783118 0.000000 0.621874 0.501088 0.501088 0.501088
3328.013672 0.000000 2636.653320 0.000000 0.934886 0.000000 0.354947 0.644186 0.644186 0.644186
3340.911865 0.000000 2642.607422 0.000000 0.998014 0.000000 0.062994 0.767896 0.767896 0.767896
3328.016602 0.000000 2630.866455 0.000000 0.601368 0.000000 0.798972 0.328604 0.328604 0.328604
3340.537354 0.000000 2633.006348 0.000000 0.631007 0.000000 -0.775777 1.252227 1.252227 1.252227
3335.353271 0.000000 2685.442627 0.000000 0.944407 0.000000 0.328779 0.773236 0.773236 0.773236
3343.138184 0.000000 2677.559326 0.000000 0.528787 0.000000 -0.848755 0.895149 0.895149 0.895149
3362.186523 0.000000 2658.909668 0.000000 0.519529 0.000000 -0.854453 0.877754 0.877754 0.877754
3383.710205 0.000000 2656.172607 0.000000 0.604471 0.000000 -0.796627 0.893883 0.893883 0.893883
3365.385498 0.000000 2637.613525 0.000000 0.904308 0.000000 -0.426881 0.973530 0.973530 0.973530
3363.375244 0.000000 2627.457275 0.000000 0.965260 0.000000 0.261293 0.665362 0.665362 0.665362
3351.577881 0.000000 2681.747803 0.000000 0.426389 0.000000 0.904540 0.684869 0.684869 0.684869
3371.660889 0.000000 2642.414307 0.000000 0.441434 0.000000 -0.897294 0.911206 0.911206 0.911206
3389.166260 0.000000 2637.213135 0.000000 0.326372 0.000000 -0.945241 0.936029 0.936029 0.936029
3332.095703 0.000000 2640.938477 0.000000 0.842971 0.000000 0.537958 0.549285 0.549285 0.549285
3333.806641 0.000000 2654.691162 0.000000 0.604506 0.000000 0.796601 0.707962 0.707962 0.707962
3339.019043 0.000000 2646.267578 0.000000 0.953081 0.000000 0.302714 0.643372 0.643372 0.643372
3361.335938 0.000000 2647.397949 0.000000 0.124371 0.000000 -0.992236 0.981957 0.981957 0.981957
3367.393066 0.000000 2639.058594 0.000000 0.618260 0.000000 0.785974 0.651905 0.651905 0.651905
3339.076660 0.000000 2679.520264 0.000000 0.995668 0.000000 -0.092983 0.813762 0.813762 0.813762
3369.644287 0.000000 2637.944824 0.000000 0.748211 0.000000 -0.663461 1.062245 1.062245 1.062245
3391.694824 0.000000 2660.460205 0.000000 0.499134 0.000000 0.866525 0.638801 0.638801 0.638801
3333.002197 0.000000 2645.888672 0.000000 0.441056 0.000000 -0.897480 1.189369 1.189369 1.189369
3358.625244 0.000000 2632.709473 0.000000 0.999890 0.000000 0.014849 0.797509 0.797509 0.797509
3339.688965 0.000000 2682.299561 0.000000 0.128518 0.000000 0.991707 0.575371 0.575371 0.575371
3330.928711 0.000000 2627.394775 0.000000 0.759972 0.000000 0.649956 0.439660 0.439660 0.439660
3333.530029 0.000000 2637.630127 0.000000 0.384811 0.000000 0.922995 0.201174 0.201174 0.201174
3330.518066 0.000000 2669.470703 0.000000 0.706781 0.000000 0.707433 0.671297 0.671297 0.671297
3387.085938 0.000000 2644.743652 0.000000 0.823772 0.000000 -0.566921 1.050404 1.050404 1.050404
3332.118164 0.000000 2631.968262 0.000000 0.623858 0.000000 0.781538 0.674576 0.674576 0.674576
3369.591064 0.000000 2651.176758 0.000000 0.948142 0.000000 0.317848 0.641078 0.641078 0.641078
3343.776367 0.000000 2679.863770 0.000000 0.959275 0.000000 -0.282475 0.840609 0.840609 0.840609
3339.052979 0.000000 2643.927002 0.000000 0.562175 0.000000 -0.827018 1.295944 1.295944 1.295944
3379.010498 0.000000 2658.718994 0.000000 0.754881 0.000000 0.655862 0.572841 0.572841 0.572841
3350.727051 0.000000 2684.559814 0.000000 0.322864 0.000000 0.946445 0.405576 0.405576 0.405576
3335.379395 0.000000 2642.344238 0.000000 0.598168 0.000000 0.801371 0.400831 0.400831 0.400831
3385.476807 0.000000 2630.478516 0.000000 0.914648 0.000000 -0.404251 0.864000 0.864000 0.864000
3381.523193 0.000000 2629.213379 0.000000 0.028081 0.000000 -0.999606 1.083467 1.083467 1.083467
3341.905029 0.000000 2631.240967 0.000000 0.986166 0.000000 0.165758 0.715189 0.715189 0.715189
3371.433838 0.000000 2654.806152 0.000000 0.994623 0.000000 0.103566 0.783630 0.783630 0.783630
3360.390625 0.000000 2643.297119 0.000000 0.999829 0.000000 -0.018486 0.806609 0.806609 0.806609
3335.298828 0.000000 2681.259277 0.000000 0.677244 0.000000 0.735758 0.674502 0.674502 0.674502
3373.095215 0.000000 2630.429688 0.000000 0.791659 0.000000 0.610964 0.670039 0.670039 0.670039
3377.481201 0.000000 2635.448486 0.000000 0.880555 0.000000 0.473944 0.654047 0.654047 0.654047
3331.038818 0.000000 2642.729980 0.000000 0.053444 0.000000 -0.998571 1.090925 1.090925 1.090925
3363.583496 0.000000 2651.590088 0.000000 0.274424 0.000000 -0.961609 1.042712 1.042712 1.042712
3359.389893 0.000000 2682.043213 0.000000 0.161145 0.000000 0.986931 0.580508 0.580508 0.580508
3334.319336 0.000000 2663.887207 0.000000 0.940885 0.000000 -0.338726 0.864186 0.864186 0.864186
3374.710205 0.000000 2636.254150 0.000000 0.804183 0.000000 0.594382 0.606772 0.606772 0.606772
3338.602051 0.000000 2632.344238 0.000000 0.009925 0.000000 0.999951 0.005055 0.005055 0.005055
3348.724854 0.000000 2630.987549 0.000000 0.884620 0.000000 -0.466313 1.047069 1.047069 1.047069
3334.899170 0.000000 2672.676758 0.000000 0.842154 0.000000 0.539237 0.537240 0.537240 0.537240
3332.935547 0.000000 2627.539551 0.000000 0.984856 0.000000 -0.173377 0.852205 0.852205 0.852205
3381.255371 0.000000 2659.462891 0.000000 0.944564 0.000000 -0.328327 0.899553 0.899553 0.899553
3329.796631 0.000000 2635.573486 0.000000 0.805330 0.000000 0.592827 0.476819 0.476819 0.476819
3339.336670 0.000000 2641.361572 0.000000 0.984699 0.000000 0.174263 0.737030 0.737030 0.737030
3330.014893 0.000000 2625.634277 0.000000 0.999994 0.000000 -0.003428 0.801746 0.801746 0.801746
3329.257568 0.000000 2629.175293 0.000000 0.973421 0.000000 -0.229024 0.917685 0.917685 0.917685
3353.045654 0.000000 2627.978516 0.000000 0.207904 0.000000 -0.978149 1.433520 1.433520 1.433520
3335.333984 0.000000 2661.928467 0.000000 0.829357 0.000000 0.558720 0.622393 0.622393 0.622393
3330.145996 0.000000 2631.474854 0.000000 0.999885 0.000000 -0.015191 0.806887 0.806887 0.806887
3355.983887 0.000000 2641.642334 0.000000 0.992174 0.000000 -0.124865 0.821003 0.821003 0.821003
3331.782715 0.000000 2638.982422 0.000000 0.785870 0.000000 -0.618392 0.993075 0.993075 0.993075
3339.593994 0.000000 2626.826416 0.000000 0.380346 0.000000 0.924844 0.453375 0.453375 0.453375
3344.616943 0.000000 2625.732422 0.000000 0.962694 0.000000 -0.270593 0.877164 0.877164 0.877164
3349.727051 0.000000 2628.411865 0.000000 0.999700 0.000000 0.024491 0.789482 0.789482 0.789482
3363.213135 0.000000 2637.156250 0.000000 0.921566 0.000000 0.388223 0.645517 0.645517 0.645517
3335.172363 0.000000 2665.840332 0.000000 0.999871 0.000000 -0.016044 0.803589 0.803589 0.803589
3332.029785 0.000000 2658.202881 0.000000 0.999839 0.000000 0.017963 0.796233 0.796233 0.796233
3344.769531 0.000000 2629.663330 0.000000 0.767447 0.000000 -0.641112 0.976526 0.976526 0.976526
3336.723389 0.000000 2672.026367 0.000000 0.355919 0.000000 -0.934517 1.200137 1.200137 1.200137
3328.571777 0.000000 2632.710693 0.000000 0.983107 0.000000 -0.183033 0.893746 0.893746 0.893746
3334.542969 0.000000 2677.876465 0.000000 0.331186 0.000000 0.943565 0.425614 0.425614 0.425614
3355.034912 0.000000 2630.167969 0.000000 0.927604 0.000000 -0.373565 0.914696 0.914696 0.914696
3331.909180 0.000000 2667.003174 0.000000 0.259868 0.000000 -0.965644 1.139587 1.139587 1.139587
3333.422119 0.000000 2670.547852 0.000000 0.981949 0.000000 -0.189146 0.883613 0.883613 0.883613
3377.188232 0.000000 2664.553467 0.000000 0.601416 0.000000 -0.798936 1.012576 1.012576 1.012576
3379.163330 0.000000 2631.918213 0.000000 0.989506 0.000000 0.144495 0.755401 0.755401 0.755401
3329.458496 0.000000 2637.745361 0.000000 0.354307 0.000000 -0.935129 1.318990 1.318990 1.318990
3379.491211 0.000000 2656.351074 0.000000 0.987299 0.000000 -0.158873 0.842700 0.842700 0.842700
3368.426758 0.000000 2634.255127 0.000000 0.384771 0.000000 0.923012 0.527582 0.527582 0.527582
3365.683105 0.000000 2633.140625 0.000000 0.990515 0.000000 0.137403 0.757054 0.757054 0.757054
3336.834717 0.000000 2632.392578 0.000000 0.307148 0.000000 -0.951662 1.254984 1.254984 1.254984
3335.399658 0.000000 2638.179443 0.000000 0.916195 0.000000 -0.400734 1.009992 1.009992 1.009992
3336.625732 0.000000 2629.010254 0.000000 0.837784 0.000000 -0.546002 1.052633 1.052633 1.052633
3345.619873 0.000000 2684.893311 0.000000 0.951491 0.000000 -0.307676 0.925552 0.925552 0.925552
3370.635986 0.000000 2636.448975 0.000000 0.995462 0.000000 -0.095158 0.833500 0.833500 0.833500
3361.325195 0.000000 2630.698486 0.000000 0.761217 0.000000 0.648498 0.467412 0.467412 0.467412
3381.841553 0.000000 2655.996582 0.000000 0.999923 0.000000 0.012419 0.796180 0.796180 0.796180
3333.853027 0.000000 2641.358887 0.000000 0.025389 0.000000 -0.999678 1.482126 1.482126 1.482126
3353.542725 0.000000 2626.331543 0.000000 0.376097 0.000000 0.926580 0.248452 0.248452 0.248452
3380.555420 0.000000 2635.181152 0.000000 0.860317 0.000000 -0.509760 0.945294 0.945294 0.945294
3372.454590 0.000000 2640.836426 0.000000 0.989616 0.000000 -0.143739 0.848973 0.848973 0.848973
3373.733154 0.000000 2639.358643 0.000000 0.067084 0.000000 -0.997747 1.346577 1.346577 1.346577
3337.552734 0.000000 2647.136230 0.000000 0.767728 0.000000 -0.640776 1.025034 1.025034 1.025034
3376.194824 0.000000 2657.896973 0.000000 0.890688 0.000000 0.454615 0.687833 0.687833 0.687833
3328.522217 0.000000 2634.452148 0.000000 0.319061 0.000000 0.947734 0.165388 0.165388 0.165388
3363.999023 0.000000 2638.675049 0.000000 0.679561 0.000000 0.733619 0.554896 0.554896 0.554896
3383.512695 0.000000 2634.395264 0.000000 0.694408 0.000000 0.719582 0.557769 0.557769 0.557769
3338.372803 0.000000 2677.970703 0.000000 0.968428 0.000000 0.249292 0.728042 0.728042 0.728042
3336.515381 0.000000 2651.549561 0.000000 0.567275 0.000000 -0.823528 1.128531 1.128531 1.128531
3340.715088 0.000000 2644.428711 0.000000 0.226380 0.000000 -0.974039 1.346958 1.346958 1.346958
3365.024658 0.000000 2627.940674 0.000000 0.904409 0.000000 0.426666 0.575501 0.575501 0.575501
3340.970703 0.000000 2640.933838 0.000000 0.993797 0.000000 0.111206 0.743246 0.743246 0.743246
3353.441162 0.000000 2629.584473 0.000000 0.990106 0.000000 0.140320 0.737578 0.737578 0.737578
3335.060547 0.000000 2648.437744 0.000000 0.895762 0.000000 -0.444533 0.942605 0.942605 0.942605
3360.616455 0.000000 2639.394287 0.000000 0.998232 0.000000 -0.059442 0.822689 0.822689 0.822689
3338.583252 0.000000 2629.308350 0.000000 0.988804 0.000000 -0.149218 0.876281 0.876281 0.876281
3379.804199 0.000000 2664.379639 0.000000 0.980970 0.000000 -0.194157 0.853855 0.853855 0.853855
3333.232666 0.000000 2672.370117 0.000000 0.268157 0.000000 0.963375 0.330297 0.330297 0.330297
3343.334961 0.000000 2687.497803 0.000000 0.492703 0.000000 0.870198 0.262386 0.262386 0.262386
3345.245117 0.000000 2624.187012 0.000000 0.666883 0.000000 0.745162 0.563228 0.563228 0.563228
3333.457764 0.000000 2686.255127 0.000000 0.544265 0.000000 -0.838913 1.048477 1.048477 1.048477
3330.964111 0.000000 2624.039307 0.000000 0.353597 0.000000 -0.935398 1.415934 1.415934 1.415934
3380.368652 0.000000 2632.999023 0.000000 0.100539 0.000000 0.994933 0.318477 0.318477 0.318477
3334.542969 0.000000 2653.213135 0.000000 0.995922 0.000000 0.090215 0.762110 0.762110 0.762110
3335.055664 0.000000 2687.286621 0.000000 0.246711 0.000000 0.969089 0.126960 0.126960 0.126960
3333.454590 0.000000 2675.761719 0.000000 0.455582 0.000000 0.890194 0.444814 0.444814 0.444814
3361.445801 0.000000 2627.418213 0.000000 0.556834 0.000000 -0.830624 1.079958 1.079958 1.079958
3442.746094 0.000000 2665.668457 0.000000 0.776503 0.000000 -0.630113 0.824507 0.824507 0.824507
3436.970947 0.000000 2649.687256 0.000000 0.746352 0.000000 -0.665551 0.830544 0.830544 0.830544
3445.978271 0.000000 2636.223877 0.000000 0.790053 0.000000 -0.613038 0.830314 0.830314 0.830314
3441.663330 0.000000 2656.828125 0.000000 0.088837 0.000000 -0.996046 0.879909 0.879909 0.879909
3455.362305 0.000000 2630.895264 0.000000 0.548555 0.000000 0.836115 0.746605 0.746605 0.746605
3408.745361 0.000000 2673.017822 0.000000 0.066896 0.000000 0.997760 0.655830 0.655830 0.655830
3411.208252 0.000000 2679.416504 0.000000 0.272226 0.000000 -0.962233 0.937090 0.937090 0.937090
3451.632568 0.000000 2633.393555 0.000000 0.837932 0.000000 0.545774 0.748114 0.748114 0.748114
3448.841553 0.000000 2653.619385 0.000000 0.995797 0.000000 -0.091586 0.810991 0.810991 0.810991
3409.186279 0.000000 2663.220947 0.000000 0.511154 0.000000 -0.859489 0.938401 0.938401 0.938401
3453.251465 0.000000 2642.173584 0.000000 0.797412 0.000000 -0.603435 1.058763 1.058763 1.058763
3440.499023 0.000000 2654.730225 0.000000 0.998671 0.000000 -0.051539 0.807827 0.807827 0.807827
3407.953857 0.000000 2675.270264 0.000000 0.844054 0.000000 -0.536258 0.887043 0.887043 0.887043
3396.118164 0.000000 2631.968262 0.000000 0.566292 0.000000 -0.824205 0.921900 0.921900 0.921900
3407.776367 0.000000 2679.863770 0.000000 0.518237 0.000000 0.855237 0.648360 0.648360 0.648360
3455.981445 0.000000 2633.215332 0.000000 0.914504 0.000000 -0.404577 0.875701 0.875701 0.875701
3410.518311 0.000000 2674.261475 0.000000 0.605580 0.000000 0.795784 0.660307 0.660307 0.660307
3442.479492 0.000000 2649.896729 0.000000 0.998446 0.000000 0.055721 0.782407 0.782407 0.782407
3425.223877 0.000000 2651.067871 0.000000 0.320588 0.000000 0.947219 0.384929 0.384929 0.384929
3412.018555 0.000000 2677.322510 0.000000 0.121283 0.000000 -0.992618 1.289158 1.289158 1.289158
3409.342041 0.000000 2678.497559 0.000000 0.157799 0.000000 0.987471 0.537668 0.537668 0.537668
3394.145996 0.000000 2631.474854 0.000000 0.056337 0.000000 -0.998412 1.075245 1.075245 1.075245
3446.253662 0.000000 2649.751465 0.000000 0.895213 0.000000 -0.445638 0.901475 0.901475 0.901475
3396.941650 0.000000 2633.648682 0.000000 0.302336 0.000000 0.953201 0.509761 0.509761 0.509761
3455.042236 0.000000 2644.141846 0.000000 0.556566 0.000000 -0.830803 1.023257 1.023257 1.023257
3438.770508 0.000000 2649.830566 0.000000 0.933382 0.000000 -0.358884 0.891641 0.891641 0.891641
3440.736084 0.000000 2651.160156 0.000000 0.996512 0.000000 0.083454 0.774135 0.774135 0.774135
3511.659180 0.000000 2617.764648 0.000000 0.625031 0.000000 -0.780600 0.823254 0.823254 0.823254
3511.016113 0.000000 2609.444336 0.000000 0.845785 0.000000 0.533523 0.746050 0.746050 0.746050
3491.784912 0.000000 2609.119385 0.000000 0.152593 0.000000 -0.988289 0.967046 0.967046 0.967046
3498.505127 0.000000 2597.666260 0.000000 0.753664 0.000000 -0.657260 0.883078 0.883078 0.883078
3519.945312 0.000000 2581.680908 0.000000 0.777349 0.000000 -0.629069 0.877453 0.877453 0.877453
3488.939941 0.000000 2609.623535 0.000000 0.952250 0.000000 -0.305318 0.838421 0.838421 0.838421
3461.270508 0.000000 2595.638672 0.000000 0.949079 0.000000 0.315038 0.755192 0.755192 0.755192
3500.927002 0.000000 2598.741455 0.000000 0.994191 0.000000 -0.107629 0.818738 0.818738 0.818738
3507.077637 0.000000 2612.449463 0.000000 0.308111 0.000000 -0.951350 0.985866 0.985866 0.985866
3511.819580 0.000000 2619.816895 0.000000 0.912501 0.000000 -0.409075 0.880805 0.880805 0.880805
3463.333984 0.000000 2597.928467 0.000000 0.996900 0.000000 0.078677 0.786000 0.786000 0.786000
3505.350098 0.000000 2614.158203 0.000000 0.726335 0.000000 0.687341 0.513939 0.513939 0.513939
3508.861328 0.000000 2613.891846 0.000000 0.734465 0.000000 0.678647 0.609308 0.609308 0.609308
3511.176025 0.000000 2611.319580 0.000000 0.807087 0.000000 -0.590433 0.956419 0.956419 0.956419
3525.425049 0.000000 2579.414551 0.000000 0.278971 0.000000 -0.960300 0.897758 0.897758 0.897758
3520.023926 0.000000 2588.332275 0.000000 0.103704 0.000000 0.994608 0.700388 0.700388 0.700388
3552.272949 0.000000 2560.253662 0.000000 0.729501 0.000000 0.683980 0.730801 0.730801 0.730801
3522.849609 0.000000 2586.401367 0.000000 0.417064 0.000000 -0.908877 0.888843 0.888843 0.888843
3559.352783 0.000000 2560.085938 0.000000 0.110594 0.000000 0.993866 0.607549 0.607549 0.607549
3527.838379 0.000000 2582.906494 0.000000 0.923496 0.000000 -0.383609 0.844034 0.844034 0.844034
3563.739990 0.000000 2562.272217 0.000000 0.138389 0.000000 -0.990378 1.005918 1.005918 1.005918
3526.814697 0.000000 2580.963379 0.000000 0.394870 0.000000 -0.918737 1.146652 1.146652 1.146652
3534.747803 0.000000 2579.323242 0.000000 0.751109 0.000000 -0.660178 0.951213 0.951213 0.951213
3560.095703 0.000000 2563.528564 0.000000 0.336313 0.000000 0.941750 0.584206 0.584206 0.584206
3520.962646 0.000000 2586.655518 0.000000 0.965052 0.000000 0.262060 0.727448 0.727448 0.727448
3537.864014 0.000000 2581.527832 0.000000 0.988492 0.000000 0.151271 0.769368 0.769368 0.769368
3500.949707 0.000000 2682.236084 0.000000 0.009090 0.000000 0.999959 0.762571 0.762571 0.762571
3498.376709 0.000000 2675.435547 0.000000 0.672763 0.000000 0.739858 0.746771 0.746771 0.746771
3494.725830 0.000000 2673.065430 0.000000 0.290929 0.000000 -0.956745 0.907002 0.907002 0.907002
3496.751221 0.000000 2629.386230 0.000000 0.147937 0.000000 0.988997 0.692053 0.692053 0.692053
3459.141357 0.000000 2637.086426 0.000000 0.968008 0.000000 -0.250918 0.817223 0.817223 0.817223
3489.669922 0.000000 2682.098877 0.000000 0.940258 0.000000 0.340463 0.772246 0.772246 0.772246
3494.004639 0.000000 2683.951172 0.000000 0.294666 0.000000 -0.955600 0.934613 0.934613 0.934613
3478.441162 0.000000 2632.117188 0.000000 0.958830 0.000000 -0.283980 0.826454 0.826454 0.826454
3479.735352 0.000000 2626.405029 0.000000 0.507137 0.000000 -0.861865 0.916200 0.916200 0.916200
3494.862305 0.000000 2660.513672 0.000000 0.587508 0.000000 0.809218 0.709614 0.709614 0.709614
3491.375244 0.000000 2627.457275 0.000000 0.998618 0.000000 -0.052547 0.805670 0.805670 0.805670
3499.321777 0.000000 2668.613525 0.000000 0.912781 0.000000 -0.408448 0.957985 0.957985 0.957985
3506.623047 0.000000 2672.116699 0.000000 0.898321 0.000000 -0.439340 0.982603 0.982603 0.982603
3514.024170 0.000000 2668.877197 0.000000 0.476829 0.000000 -0.878996 0.909372 0.909372 0.909372
3502.050293 0.000000 2664.694336 0.000000 0.965052 0.000000 0.262058 0.770344 0.770344 0.770344
3461.002197 0.000000 2645.888672 0.000000 0.111337 0.000000 0.993783 0.604733 0.604733 0.604733
3497.916748 0.000000 2687.792969 0.000000 0.453214 0.000000 0.891402 0.635163 0.635163 0.635163
3503.397461 0.000000 2669.136230 0.000000 0.991907 0.000000 0.126967 0.742535 0.742535 0.742535
3497.375977 0.000000 2665.206055 0.000000 0.795058 0.000000 0.606533 0.704984 0.704984 0.704984
3506.186768 0.000000 2680.689697 0.000000 0.888487 0.000000 0.458902 0.718111 0.718111 0.718111
3513.202637 0.000000 2687.846680 0.000000 0.833950 0.000000 0.551840 0.691420 0.691420 0.691420
3475.554688 0.000000 2635.251221 0.000000 0.212964 0.000000 -0.977060 1.003147 1.003147 1.003147
3487.565674 0.000000 2630.771484 0.000000 0.991084 0.000000 -0.133236 0.824021 0.824021 0.824021
3469.905029 0.000000 2631.240967 0.000000 0.870418 0.000000 0.492314 0.717754 0.717754 0.717754
3509.023926 0.000000 2672.562012 0.000000 0.956981 0.000000 0.290150 0.740029 0.740029 0.740029
3499.191650 0.000000 2666.497803 0.000000 0.801410 0.000000 -0.598115 0.985676 0.985676 0.985676
3459.038818 0.000000 2642.729980 0.000000 0.321241 0.000000 -0.946997 0.996242 0.996242 0.996242
3470.882080 0.000000 2633.097168 0.000000 0.365418 0.000000 -0.930844 0.988820 0.988820 0.988820
3489.792236 0.000000 2625.831543 0.000000 0.001054 0.000000 0.999999 0.517837 0.517837 0.517837
3502.349854 0.000000 2687.579102 0.000000 0.741398 0.000000 0.671065 0.644259 0.644259 0.644259
3486.527100 0.000000 2678.125488 0.000000 0.994321 0.000000 0.106425 0.779769 0.779769 0.779769
3477.727051 0.000000 2628.411865 0.000000 0.534788 0.000000 0.844986 0.590929 0.590929 0.590929
3501.178711 0.000000 2684.881836 0.000000 0.785054 0.000000 0.619428 0.639898 0.639898 0.639898
3502.033936 0.000000 2680.538818 0.000000 0.840163 0.000000 -0.542334 0.909905 0.909905 0.909905
3505.739746 0.000000 2673.867920 0.000000 0.917859 0.000000 -0.396907 0.942653 0.942653 0.942653
3491.200195 0.000000 2680.933105 0.000000 0.351380 0.000000 0.936233 0.572505 0.572505 0.572505
3495.011230 0.000000 2630.859131 0.000000 0.909637 0.000000 0.415404 0.663105 0.663105 0.663105
3483.034912 0.000000 2630.167969 0.000000 0.746108 0.000000 0.665824 0.639930 0.639930 0.639930
3505.312744 0.000000 2670.751953 0.000000 0.289354 0.000000 -0.957222 1.450495 1.450495 1.450495
3490.613037 0.000000 2633.561035 0.000000 0.186583 0.000000 -0.982439 1.142538 1.142538 1.142538
3497.965576 0.000000 2669.952148 0.000000 0.752039 0.000000 0.659118 0.577218 0.577218 0.577218
3473.714355 0.000000 2632.621582 0.000000 0.878794 0.000000 -0.477202 0.945060 0.945060 0.945060
3507.059814 0.000000 2667.491699 0.000000 0.726468 0.000000 -0.687201 1.023948 1.023948 1.023948
3509.953613 0.000000 2669.046875 0.000000 0.574896 0.000000 -0.818226 1.144519 1.144519 1.144519
3511.896484 0.000000 2686.571777 0.000000 0.677928 0.000000 -0.735128 0.989685 0.989685 0.989685
3506.006836 0.000000 2686.305420 0.000000 0.355945 0.000000 -0.934507 1.062735 1.062735 1.062735
3494.891357 0.000000 2628.763428 0.000000 0.405678 0.000000 -0.914016 1.166172 1.166172 1.166172
3496.562988 0.000000 2675.533691 0.000000 0.282432 0.000000 0.959287 0.502415 0.502415 0.502415
3500.390869 0.000000 2671.976562 0.000000 0.995332 0.000000 -0.096507 0.837644 0.837644 0.837644
3510.572021 0.000000 2671.742188 0.000000 0.692461 0.000000 0.721455 0.585926 0.585926 0.585926
3479.878174 0.000000 2631.029297 0.000000 0.999981 0.000000 -0.006217 0.801701 0.801701 0.801701
3499.594482 0.000000 2670.355225 0.000000 0.048465 0.000000 -0.998825 1.332074 1.332074 1.332074
3501.077393 0.000000 2668.800781 0.000000 0.360821 0.000000 -0.932635 1.186396 1.186396 1.186396
3485.899902 0.000000 2630.886719 0.000000 0.920692 0.000000 0.390290 0.683886 0.683886 0.683886
3507.039795 0.000000 2670.088623 0.000000 0.998813 0.000000 0.048711 0.775182 0.775182 0.775182
3494.154297 0.000000 2677.863037 0.000000 0.884637 0.000000 0.466280 0.640144 0.640144 0.640144
3494.874268 0.000000 2687.343994 0.000000 0.691990 0.000000 -0.721907 1.125398 1.125398 1.125398
3530.628174 0.000000 2657.324707 0.000000 0.956850 0.000000 -0.290584 0.810011 0.810011 0.810011
3523.786621 0.000000 2685.273926 0.000000 0.555528 0.000000 -0.831498 0.884318 0.884318 0.884318
3523.059570 0.000000 2659.984131 0.000000 0.806819 0.000000 -0.590798 0.858068 0.858068 0.858068
3527.254883 0.000000 2676.158447 0.000000 0.400002 0.000000 0.916514 0.223477 0.223477 0.223477
3536.518555 0.000000 2666.711426 0.000000 0.557757 0.000000 0.830005 0.637691 0.637691 0.637691
3527.298828 0.000000 2681.259277 0.000000 0.206717 0.000000 0.978401 0.165915 0.165915 0.165915
3528.783936 0.000000 2687.134766 0.000000 0.981352 0.000000 0.192221 0.741280 0.741280 0.741280
3529.286865 0.000000 2665.684326 0.000000 0.603490 0.000000 0.797371 0.530878 0.530878 0.530878
3527.172363 0.000000 2665.840332 0.000000 0.874481 0.000000 -0.485059 0.969926 0.969926 0.969926
3520.010498 0.000000 2678.110107 0.000000 0.975687 0.000000 0.219167 0.756752 0.756752 0.756752
3528.723389 0.000000 2672.026367 0.000000 0.844970 0.000000 0.534814 0.696315 0.696315 0.696315
3526.542969 0.000000 2677.876465 0.000000 0.821665 0.000000 0.569971 0.498394 0.498394 0.498394
3523.909180 0.000000 2667.003174 0.000000 0.471969 0.000000 0.881615 0.524087 0.524087 0.524087
3523.817139 0.000000 2687.135986 0.000000 0.856067 0.000000 0.516865 0.642694 0.642694 0.642694
3529.408936 0.000000 2680.377930 0.000000 0.999716 0.000000 -0.023842 0.808572 0.808572 0.808572
3531.856201 0.000000 2673.413330 0.000000 0.271095 0.000000 0.962552 0.450492 0.450492 0.450492
3521.272949 0.000000 2664.181396 0.000000 0.279768 0.000000 0.960068 0.368083 0.368083 0.368083
3525.454590 0.000000 2675.761719 0.000000 0.968207 0.000000 0.250149 0.733344 0.733344 0.733344
3333.864990 0.000000 2699.321777 0.000000 0.109090 0.000000 -0.994032 1.462600 1.462600 1.462600
3377.708740 0.000000 2732.947754 0.000000 0.414377 0.000000 -0.910106 0.886789 0.886789 0.886789
3328.023926 0.000000 2716.332275 0.000000 0.294520 0.000000 0.955645 0.718714 0.718714 0.718714
3328.016602 0.000000 2694.866455 0.000000 0.999424 0.000000 0.033939 0.785220 0.785220 0.785220
3344.745361 0.000000 2737.017822 0.000000 0.139324 0.000000 0.990247 0.102628 0.102628 0.102628
3337.304443 0.000000 2705.271240 0.000000 0.596802 0.000000 -0.802389 1.274301 1.274301 1.274301
3341.661133 0.000000 2690.814941 0.000000 0.866961 0.000000 -0.498376 1.064670 1.064670 1.064670
3333.870850 0.000000 2743.686035 0.000000 0.955434 0.000000 -0.295206 0.832320 0.832320 0.832320
3330.896973 0.000000 2728.012695 0.000000 0.344162 0.000000 -0.938910 0.926648 0.926648 0.926648
3333.806641 0.000000 2718.691162 0.000000 0.867139 0.000000 -0.498067 0.860395 0.860395 0.860395
3335.254883 0.000000 2740.158447 0.000000 0.731600 0.000000 0.681734 0.707112 0.707112 0.707112
3331.484131 0.000000 2744.417969 0.000000 0.995629 0.000000 -0.093395 0.810461 0.810461 0.810461
3334.499268 0.000000 2690.274658 0.000000 0.308083 0.000000 -0.951360 1.440500 1.440500 1.440500
3363.069092 0.000000 2694.123535 0.000000 0.890985 0.000000 -0.454033 0.879067 0.879067 0.879067
3343.953857 0.000000 2739.270264 0.000000 0.158896 0.000000 0.987295 0.081270 0.081270 0.081270
3332.118164 0.000000 2695.968262 0.000000 0.835673 0.000000 0.549227 0.608390 0.608390 0.608390
3384.013184 0.000000 2702.074707 0.000000 0.570329 0.000000 -0.821416 0.942459 0.942459 0.942459
3335.379395 0.000000 2706.344238 0.000000 0.850376 0.000000 0.526176 0.606334 0.606334 0.606334
3349.323486 0.000000 2734.696045 0.000000 0.262474 0.000000 0.964939 0.554959 0.554959 0.554959
3348.252930 0.000000 2728.385742 0.000000 0.231751 0.000000 0.972775 0.581048 0.581048 0.581048
3337.365967 0.000000 2689.547119 0.000000 0.658508 0.000000 0.752574 0.410340 0.410340 0.410340
3350.452393 0.000000 2740.231689 0.000000 0.706585 0.000000 -0.707629 1.183105 1.183105 1.183105
3379.077637 0.000000 2740.449463 0.000000 0.982796 0.000000 0.184695 0.771432 0.771432 0.771432
3367.178955 0.000000 2729.458984 0.000000 0.018877 0.000000 -0.999822 1.072760 1.072760 1.072760
3351.595215 0.000000 2743.508057 0.000000 0.640487 0.000000 -0.767969 0.994129 0.994129 0.994129
3333.300781 0.000000 2694.270996 0.000000 0.700368 0.000000 0.713782 0.538051 0.538051 0.538051
3361.792236 0.000000 2689.831543 0.000000 0.767757 0.000000 -0.640741 0.925011 0.925011 0.925011
3334.319336 0.000000 2727.887207 0.000000 0.065782 0.000000 0.997834 0.517457 0.517457 0.517457
3341.405518 0.000000 2688.711426 0.000000 0.949185 0.000000 -0.314718 0.901670 0.901670 0.901670
3329.796631 0.000000 2699.573486 0.000000 0.970595 0.000000 0.240719 0.756301 0.756301 0.756301
3346.009033 0.000000 2732.065918 0.000000 0.593734 0.000000 -0.804661 0.958748 0.958748 0.958748
3339.336670 0.000000 2705.361572 0.000000 0.647842 0.000000 -0.761775 1.225508 1.225508 1.225508
3339.593994 0.000000 2690.826416 0.000000 0.423576 0.000000 -0.905861 0.999204 0.999204 0.999204
3337.409668 0.000000 2725.948486 0.000000 0.840930 0.000000 0.541144 0.644686 0.644686 0.644686
3374.033936 0.000000 2744.538818 0.000000 0.675827 0.000000 0.737060 0.641107 0.641107 0.641107
3328.962646 0.000000 2714.655518 0.000000 0.704031 0.000000 -0.710169 0.954575 0.954575 0.954575
3367.011230 0.000000 2694.859131 0.000000 0.338657 0.000000 0.940910 0.486755 0.486755 0.486755
3332.941650 0.000000 2697.648682 0.000000 0.999996 0.000000 0.002744 0.798767 0.798767 0.798767
3344.140381 0.000000 2735.278076 0.000000 0.684722 0.000000 -0.728804 0.977767 0.977767 0.977767
3344.937744 0.000000 2702.223145 0.000000 0.999044 0.000000 -0.043705 0.813534 0.813534 0.813534
3366.891357 0.000000 2692.763428 0.000000 0.999744 0.000000 -0.022645 0.805156 0.805156 0.805156
3334.887939 0.000000 2722.876709 0.000000 0.961065 0.000000 0.276324 0.701588 0.701588 0.701588
3341.569824 0.000000 2703.357422 0.000000 0.982245 0.000000 -0.187602 0.876891 0.876891 0.876891
3343.082520 0.000000 2736.763428 0.000000 0.963159 0.000000 0.268933 0.696674 0.696674 0.696674
3344.396729 0.000000 2703.871338 0.000000 0.935739 0.000000 0.352694 0.688415 0.688415 0.688415
3347.869141 0.000000 2702.990479 0.000000 0.932527 0.000000 -0.361099 0.901826 0.901826 0.901826
3332.425293 0.000000 2727.459229 0.000000 0.782065 0.000000 -0.623197 1.001569 1.001569 1.001569
3398.784424 0.000000 2692.691895 0.000000 0.301736 0.000000 0.953392 0.767174 0.767174 0.767174
3442.746094 0.000000 2729.668457 0.000000 0.789587 0.000000 -0.613639 1.136472 1.136472 1.136472
3413.898193 0.000000 2750.725342 0.000000 0.823416 0.000000 0.567438 0.757821 0.757821 0.757821
3407.404785 0.000000 2688.101074 0.000000 0.956479 0.000000 0.291800 0.785215 0.785215 0.785215
3449.270508 0.000000 2749.388672 0.000000 0.468446 0.000000 -0.883492 1.351702 1.351702 1.351702
3392.769775 0.000000 2688.060547 0.000000 0.715899 0.000000 0.698204 0.741342 0.741342 0.741342
3405.388672 0.000000 2750.958984 0.000000 0.812948 0.000000 0.582336 0.747858 0.747858 0.747858
3428.946777 0.000000 2750.797119 0.000000 0.276931 0.000000 -0.960890 0.915957 0.915957 0.915957
3455.100098 0.000000 2746.470459 0.000000 0.934508 0.000000 0.355942 0.650271 0.650271 0.650271
3403.949951 0.000000 2700.437256 0.000000 0.770348 0.000000 0.637624 0.735097 0.735097 0.735097
3437.360352 0.000000 2734.471680 0.000000 0.515250 0.000000 -0.857040 0.896639 0.896639 0.896639
3454.933350 0.000000 2741.930420 0.000000 0.390452 0.000000 0.920623 0.204290 0.204290 0.204290
3450.487793 0.000000 2746.469971 0.000000 0.469086 0.000000 -0.883152 0.923239 0.923239 0.923239
3409.357178 0.000000 2698.443604 0.000000 0.769150 0.000000 0.639068 0.538300 0.538300 0.538300
3440.187012 0.000000 2730.112305 0.000000 0.745709 0.000000 0.666272 0.708248 0.708248 0.708248
3424.013184 0.000000 2748.025635 0.000000 0.315134 0.000000 -0.949047 0.954811 0.954811 0.954811
3442.638428 0.000000 2727.206543 0.000000 0.514671 0.000000 -0.857388 1.149775 1.149775 1.149775
3397.530029 0.000000 2701.630127 0.000000 0.607421 0.000000 -0.794380 0.935674 0.935674 0.935674
3427.754639 0.000000 2747.327393 0.000000 0.837982 0.000000 -0.545699 0.995985 0.995985 0.995985
3453.343506 0.000000 2734.064209 0.000000 0.544819 0.000000 -0.838554 1.306558 1.306558 1.306558
3455.123535 0.000000 2737.041016 0.000000 0.150147 0.000000 -0.988664 1.319031 1.319031 1.319031
3449.202637 0.000000 2751.846680 0.000000 0.747515 0.000000 0.664245 0.573650 0.573650 0.573650
3447.080078 0.000000 2729.417480 0.000000 0.194595 0.000000 -0.980884 1.038911 1.038911 1.038911
3408.452393 0.000000 2700.535400 0.000000 0.996766 0.000000 -0.080364 0.811890 0.811890 0.811890
3439.595947 0.000000 2741.427246 0.000000 0.899268 0.000000 -0.437399 0.950090 0.950090 0.950090
3439.367432 0.000000 2738.069336 0.000000 0.403396 0.000000 -0.915026 1.388528 1.388528 1.388528
3444.094971 0.000000 2749.647461 0.000000 0.890631 0.000000 -0.454726 0.871655 0.871655 0.871655
3414.452393 0.000000 2740.231689 0.000000 0.131001 0.000000 -0.991382 1.032864 1.032864 1.032864
3425.982910 0.000000 2751.217773 0.000000 0.986482 0.000000 -0.163871 0.826302 0.826302 0.826302
3430.937500 0.000000 2746.081299 0.000000 0.023857 0.000000 0.999715 0.497219 0.497219 0.497219
3402.602051 0.000000 2696.344238 0.000000 0.850100 0.000000 -0.526621 0.926279 0.926279 0.926279
3405.871338 0.000000 2701.083252 0.000000 0.302755 0.000000 -0.953069 1.006881 1.006881 1.006881
3451.230469 0.000000 2734.534668 0.000000 0.483460 0.000000 0.875367 0.369852 0.369852 0.369852
3410.067871 0.000000 2751.289062 0.000000 0.927757 0.000000 -0.373184 0.866452 0.866452 0.866452
3447.819580 0.000000 2747.816895 0.000000 0.983281 0.000000 -0.182095 0.838767 0.838767 0.838767
3453.127441 0.000000 2746.118652 0.000000 0.522577 0.000000 -0.852592 1.152753 1.152753 1.152753
3454.798340 0.000000 2744.448975 0.000000 0.559496 0.000000 -0.828833 1.120020 1.120020 1.120020
3453.282471 0.000000 2718.760010 0.000000 0.784933 0.000000 -0.619581 1.078926 1.078926 1.078926
3401.799072 0.000000 2703.354736 0.000000 0.138402 0.000000 -0.990376 1.045955 1.045955 1.045955
3449.163818 0.000000 2721.542480 0.000000 0.343250 0.000000 -0.939244 1.270432 1.270432 1.270432
3427.200195 0.000000 2744.933105 0.000000 0.418971 0.000000 0.908000 0.565796 0.565796 0.565796
3404.901611 0.000000 2698.833984 0.000000 0.980612 0.000000 0.195962 0.745244 0.745244 0.745244
3453.110596 0.000000 2742.128662 0.000000 0.931883 0.000000 0.362759 0.622798 0.622798 0.622798
3441.188232 0.000000 2728.553467 0.000000 0.388226 0.000000 -0.921564 1.277553 1.277553 1.277553
3454.489990 0.000000 2749.001465 0.000000 0.176067 0.000000 0.984378 0.485435 0.485435 0.485435
3448.078125 0.000000 2742.244873 0.000000 0.687424 0.000000 -0.726256 1.007805 1.007805 1.007805
3428.288086 0.000000 2749.088379 0.000000 0.075786 0.000000 -0.997124 1.170233 1.170233 1.170233
3431.861816 0.000000 2748.110352 0.000000 0.960540 0.000000 -0.278141 0.874308 0.874308 0.874308
3430.379150 0.000000 2749.715332 0.000000 0.841749 0.000000 -0.539870 0.950347 0.950347 0.950347
3443.491211 0.000000 2720.351074 0.000000 0.323791 0.000000 0.946129 0.351355 0.351355 0.351355
3446.633789 0.000000 2721.806152 0.000000 0.999969 0.000000 0.007869 0.796385 0.796385 0.796385
3448.039307 0.000000 2744.049561 0.000000 0.286774 0.000000 -0.957998 1.196233 1.196233 1.196233
3403.608154 0.000000 2750.899170 0.000000 0.715648 0.000000 0.698461 0.591512 0.591512 0.591512
3438.193848 0.000000 2736.042236 0.000000 0.997196 0.000000 0.074838 0.761850 0.761850 0.761850
3450.354980 0.000000 2728.152344 0.000000 0.913920 0.000000 -0.405895 0.918536 0.918536 0.918536
3446.572021 0.000000 2735.742188 0.000000 0.528414 0.000000 -0.848987 1.085571 1.085571 1.085571
3451.471680 0.000000 2742.824463 0.000000 0.687053 0.000000 0.726607 0.452358 0.452358 0.452358
3444.015869 0.000000 2747.520264 0.000000 0.220674 0.000000 0.975348 0.436464 0.436464 0.436464
3449.274902 0.000000 2745.249023 0.000000 0.991208 0.000000 -0.132315 0.841082 0.841082 0.841082
3448.690674 0.000000 2730.292969 0.000000 0.710790 0.000000 -0.703404 1.038404 1.038404 1.038404
3450.821289 0.000000 2748.197754 0.000000 0.484891 0.000000 -0.874574 1.191216 1.191216 1.191216
3450.048828 0.000000 2741.636963 0.000000 0.811351 0.000000 0.584560 0.627921 0.627921 0.627921
3444.449951 0.000000 2751.439209 0.000000 0.598335 0.000000 0.801246 0.510436 0.510436 0.510436
3443.804199 0.000000 2728.379639 0.000000 0.543030 0.000000 0.839713 0.292357 0.292357 0.292357
3455.347412 0.000000 2740.326660 0.000000 0.002588 0.000000 -0.999997 1.598682 1.598682 1.598682
3455.315430 0.000000 2719.658203 0.000000 0.935460 0.000000 -0.353433 0.913994 0.913994 0.913994
3454.099365 0.000000 2735.585205 0.000000 0.596436 0.000000 0.802660 0.325467 0.325467 0.325467
3359.319092 0.000000 2807.947754 0.000000 0.964696 0.000000 0.263366 0.797871 0.797871 0.797871
3343.404785 0.000000 2752.101074 0.000000 0.552354 0.000000 -0.833610 0.855118 0.855118 0.855118
3356.506104 0.000000 2806.950684 0.000000 0.567768 0.000000 0.823188 0.707296 0.707296 0.707296
3368.175781 0.000000 2798.330566 0.000000 0.919828 0.000000 0.392322 0.759740 0.759740 0.759740
3352.821777 0.000000 2805.130615 0.000000 0.928376 0.000000 -0.371643 0.843349 0.843349 0.843349
3367.165039 0.000000 2807.206543 0.000000 0.654906 0.000000 0.755710 0.693911 0.693911 0.693911
3338.295898 0.000000 2779.469727 0.000000 0.443926 0.000000 0.896063 0.651356 0.651356 0.651356
3353.739502 0.000000 2814.648682 0.000000 0.607917 0.000000 0.794000 0.644264 0.644264 0.644264
3369.916748 0.000000 2815.792969 0.000000 0.974039 0.000000 -0.226379 0.831014 0.831014 0.831014
3388.650391 0.000000 2775.208740 0.000000 0.627029 0.000000 -0.778996 0.917722 0.917722 0.917722
3387.085938 0.000000 2772.743652 0.000000 0.997199 0.000000 -0.074800 0.811514 0.811514 0.811514
3358.372070 0.000000 2813.639160 0.000000 0.994572 0.000000 -0.104046 0.816238 0.816238 0.816238
3337.365967 0.000000 2753.547119 0.000000 0.092075 0.000000 0.995752 0.590330 0.590330 0.590330
3387.502441 0.000000 2763.604736 0.000000 0.949413 0.000000 -0.314031 0.866989 0.866989 0.866989
3361.982910 0.000000 2815.217773 0.000000 0.421620 0.000000 -0.906773 1.126591 1.126591 1.126591
3341.405518 0.000000 2752.711426 0.000000 0.744204 0.000000 -0.667952 0.931480 0.931480 0.931480
3351.571045 0.000000 2815.999268 0.000000 0.007048 0.000000 -0.999975 1.156042 1.156042 1.156042
3351.842773 0.000000 2814.045654 0.000000 0.195580 0.000000 -0.980688 1.112828 1.112828 1.112828
3368.562988 0.000000 2803.533691 0.000000 0.270833 0.000000 -0.962626 1.097792 1.097792 1.097792
3360.582275 0.000000 2813.634766 0.000000 0.720558 0.000000 -0.693395 0.992813 0.992813 0.992813
3368.363770 0.000000 2800.069336 0.000000 0.972900 0.000000 -0.231225 0.861982 0.861982 0.861982
3447.376709 0.000000 2772.529785 0.000000 0.348549 0.000000 0.937291 0.780590 0.780590 0.780590
3454.265381 0.000000 2762.700684 0.000000 0.282595 0.000000 0.959239 0.748699 0.748699 0.748699
3425.121826 0.000000 2784.121582 0.000000 0.797110 0.000000 0.603835 0.775398 0.775398 0.775398
3396.120850 0.000000 2753.254639 0.000000 0.493334 0.000000 -0.869840 0.846351 0.846351 0.846351
3447.090576 0.000000 2768.181152 0.000000 0.209781 0.000000 -0.977748 0.859733 0.859733 0.859733
3448.689209 0.000000 2761.062744 0.000000 0.488691 0.000000 0.872457 0.260041 0.260041 0.260041
3454.713379 0.000000 2776.471436 0.000000 0.282708 0.000000 -0.959206 0.864120 0.864120 0.864120
3411.875244 0.000000 2757.113281 0.000000 0.909146 0.000000 -0.416477 0.826596 0.826596 0.826596
3392.013672 0.000000 2764.653320 0.000000 0.937946 0.000000 -0.346781 0.823341 0.823341 0.823341
3444.006104 0.000000 2773.699219 0.000000 0.690209 0.000000 0.723610 0.751526 0.751526 0.751526
3404.911865 0.000000 2770.607422 0.000000 0.520283 0.000000 -0.853994 0.885865 0.885865 0.885865
3444.878174 0.000000 2785.461426 0.000000 0.601808 0.000000 0.798641 0.720557 0.720557 0.720557
3425.932373 0.000000 2781.070557 0.000000 0.270545 0.000000 0.962707 0.709347 0.709347 0.709347
3451.566895 0.000000 2790.746582 0.000000 0.431604 0.000000 -0.902063 0.892084 0.892084 0.892084
3403.949951 0.000000 2764.437256 0.000000 0.981148 0.000000 -0.193256 0.821363 0.821363 0.821363
3414.441162 0.000000 2760.117188 0.000000 0.596174 0.000000 -0.802855 1.168590 1.168590 1.168590
3418.852783 0.000000 2776.675537 0.000000 0.910603 0.000000 0.413281 0.761708 0.761708 0.761708
3414.151123 0.000000 2775.355469 0.000000 0.971918 0.000000 -0.235319 0.819452 0.819452 0.819452
3432.309814 0.000000 2774.479004 0.000000 0.603862 0.000000 0.797089 0.700512 0.700512 0.700512
3441.111328 0.000000 2768.144043 0.000000 0.539708 0.000000 0.841852 0.708062 0.708062 0.708062
3402.295898 0.000000 2779.469727 0.000000 0.086524 0.000000 0.996250 0.645860 0.645860 0.645860
3427.569336 0.000000 2770.871094 0.000000 0.812267 0.000000 -0.583286 0.865922 0.865922 0.865922
3437.479980 0.000000 2775.074219 0.000000 0.762453 0.000000 -0.647044 1.079686 1.079686 1.079686
3438.923584 0.000000 2779.677002 0.000000 0.402664 0.000000 -0.915348 0.920097 0.920097 0.920097
3442.325928 0.000000 2775.655273 0.000000 0.399677 0.000000 -0.916656 1.233104 1.233104 1.233104
3451.440430 0.000000 2767.945068 0.000000 0.911906 0.000000 0.410399 0.640368 0.640368 0.640368
3419.537598 0.000000 2774.039062 0.000000 0.933226 0.000000 -0.359290 0.855050 0.855050 0.855050
3448.498535 0.000000 2763.837402 0.000000 0.595053 0.000000 0.803686 0.445773 0.445773 0.445773
3453.251465 0.000000 2770.173584 0.000000 0.496943 0.000000 0.867783 0.669890 0.669890 0.669890
3451.323730 0.000000 2755.964600 0.000000 0.040338 0.000000 -0.999186 1.023137 1.023137 1.023137
3397.002197 0.000000 2773.888672 0.000000 0.730276 0.000000 0.683152 0.529628 0.529628 0.529628
3422.625244 0.000000 2760.709473 0.000000 0.038161 0.000000 0.999272 0.619400 0.619400 0.619400
3447.301025 0.000000 2758.958740 0.000000 0.937087 0.000000 -0.349097 0.981618 0.981618 0.981618
3397.530029 0.000000 2765.630127 0.000000 0.184950 0.000000 -0.982748 1.046150 1.046150 1.046150
3412.775391 0.000000 2780.481445 0.000000 0.804674 0.000000 0.593716 0.699703 0.699703 0.699703
3448.013184 0.000000 2766.074707 0.000000 0.786235 0.000000 0.617928 0.576498 0.576498 0.576498
3416.088867 0.000000 2764.448730 0.000000 0.214869 0.000000 0.976643 0.545755 0.545755 0.545755
3419.232666 0.000000 2754.011719 0.000000 0.834963 0.000000 0.550306 0.503218 0.503218 0.503218
3429.227295 0.000000 2802.910156 0.000000 0.597336 0.000000 -0.801991 0.926390 0.926390 0.926390
3416.026123 0.000000 2768.245850 0.000000 0.303203 0.000000 -0.952926 1.026980 1.026980 1.026980
3408.452393 0.000000 2764.535400 0.000000 0.528783 0.000000 0.848757 0.476086 0.476086 0.476086
3411.554688 0.000000 2763.251221 0.000000 0.994587 0.000000 -0.103903 0.819958 0.819958 0.819958
3435.739990 0.000000 2754.272217 0.000000 0.441931 0.000000 -0.897049 0.955611 0.955611 0.955611
3442.036865 0.000000 2772.506348 0.000000 0.821125 0.000000 0.570749 0.706587 0.706587 0.706587
3444.954102 0.000000 2753.288330 0.000000 0.992507 0.000000 0.122190 0.750580 0.750580 0.750580
3410.242432 0.000000 2767.581055 0.000000 0.994503 0.000000 -0.104708 0.853425 0.853425 0.853425
3420.133301 0.000000 2752.063477 0.000000 0.568971 0.000000 0.822357 0.639941 0.639941 0.639941
3424.390625 0.000000 2771.297119 0.000000 0.932067 0.000000 0.362285 0.665985 0.665985 0.665985
3412.696533 0.000000 2765.479004 0.000000 0.601708 0.000000 0.798716 0.526531 0.526531 0.526531
3438.709229 0.000000 2755.361328 0.000000 0.926350 0.000000 -0.376664 0.864019 0.864019 0.864019
3448.225830 0.000000 2754.558105 0.000000 0.875992 0.000000 0.482325 0.725613 0.725613 0.725613
3437.095215 0.000000 2758.429688 0.000000 0.742310 0.000000 -0.670057 0.924656 0.924656 0.924656
3395.038818 0.000000 2770.729980 0.000000 0.089230 0.000000 0.996011 0.483408 0.483408 0.483408
3425.792236 0.000000 2753.831543 0.000000 0.670219 0.000000 -0.742163 0.975379 0.975379 0.975379
3398.814697 0.000000 2772.963379 0.000000 0.951791 0.000000 0.306747 0.714692 0.714692 0.714692
3403.336670 0.000000 2769.361572 0.000000 0.584730 0.000000 -0.811228 1.102382 1.102382 1.102382
3417.045654 0.000000 2755.978516 0.000000 0.989756 0.000000 0.142767 0.768813 0.768813 0.768813
3419.983887 0.000000 2769.642334 0.000000 0.159022 0.000000 -0.987275 1.090285 1.090285 1.090285
3429.411133 0.000000 2752.264648 0.000000 0.746044 0.000000 0.665897 0.660284 0.660284 0.660284
3406.747803 0.000000 2771.323242 0.000000 0.289399 0.000000 0.957209 0.572973 0.572973 0.572973
3432.095703 0.000000 2755.528564 0.000000 0.369287 0.000000 0.929315 0.414146 0.414146 0.414146
3439.324707 0.000000 2775.805420 0.000000 0.862203 0.000000 0.506563 0.708761 0.708761 0.708761
3453.595703 0.000000 2758.000244 0.000000 0.920750 0.000000 0.390154 0.727155 0.727155 0.727155
3444.954834 0.000000 2768.762451 0.000000 0.960080 0.000000 0.279727 0.720727 0.720727 0.720727
3449.930420 0.000000 2762.480957 0.000000 0.252170 0.000000 0.967683 0.300658 0.300658 0.300658
3420.665771 0.000000 2755.388184 0.000000 0.976473 0.000000 -0.215638 0.872059 0.872059 0.872059
3440.911133 0.000000 2752.058350 0.000000 0.927740 0.000000 -0.373227 0.896253 0.896253 0.896253
3413.630127 0.000000 2782.114014 0.000000 0.242555 0.000000 -0.970138 1.146879 1.146879 1.146879
3439.443604 0.000000 2760.410645 0.000000 0.842266 0.000000 -0.539062 1.011496 1.011496 1.011496
3446.156250 0.000000 2766.039062 0.000000 0.398200 0.000000 0.917299 0.551837 0.551837 0.551837
3407.580566 0.000000 2773.932129 0.000000 0.986227 0.000000 -0.165397 0.840155 0.840155 0.840155
3422.191406 0.000000 2752.050049 0.000000 0.291848 0.000000 0.956465 0.466506 0.466506 0.466506
3408.937744 0.000000 2766.223145 0.000000 0.993494 0.000000 -0.113885 0.845818 0.845818 0.845818
3414.837402 0.000000 2761.938477 0.000000 0.453744 0.000000 0.891132 0.365067 0.365067 0.365067
3430.891357 0.000000 2756.763428 0.000000 0.654956 0.000000 -0.755667 1.003606 1.003606 1.003606
3435.778564 0.000000 2774.714355 0.000000 0.428846 0.000000 -0.903378 1.095019 1.095019 1.095019
3408.166992 0.000000 2776.854248 0.000000 0.724736 0.000000 0.689027 0.607190 0.607190 0.607190
3443.993164 0.000000 2781.338867 0.000000 0.761087 0.000000 -0.648650 1.025547 1.025547 1.025547
3416.698975 0.000000 2770.231934 0.000000 0.917842 0.000000 0.396946 0.697279 0.697279 0.697279
3410.753906 0.000000 2775.031006 0.000000 0.703470 0.000000 0.710725 0.514224 0.514224 0.514224
3408.396729 0.000000 2767.871338 0.000000 0.522937 0.000000 -0.852371 1.209676 1.209676 1.209676
3411.869141 0.000000 2766.990479 0.000000 0.423668 0.000000 0.905818 0.222812 0.222812 0.222812
3429.024658 0.000000 2755.940674 0.000000 0.964038 0.000000 -0.265763 0.894556 0.894556 0.894556
3415.878174 0.000000 2759.029297 0.000000 0.959994 0.000000 -0.280021 0.891829 0.891829 0.891829
3404.970703 0.000000 2768.933838 0.000000 0.853685 0.000000 0.520790 0.668715 0.668715 0.668715
3417.441162 0.000000 2757.584473 0.000000 0.797637 0.000000 0.603138 0.573713 0.573713 0.573713
3399.060547 0.000000 2776.437744 0.000000 0.143020 0.000000 0.989720 0.312543 0.312543 0.312543
3410.819580 0.000000 2769.209717 0.000000 0.716794 0.000000 0.697285 0.423978 0.423978 0.423978
3442.398438 0.000000 2756.572754 0.000000 0.421371 0.000000 0.906888 0.253281 0.253281 0.253281
3439.482666 0.000000 2772.351074 0.000000 0.959402 0.000000 -0.282043 0.881661 0.881661 0.881661
3425.445801 0.000000 2755.418213 0.000000 0.999494 0.000000 -0.031803 0.810863 0.810863 0.810863
3508.888672 0.000000 2695.308105 0.000000 0.733208 0.000000 -0.680005 0.816428 0.816428 0.816428
3467.854736 0.000000 2703.435059 0.000000 0.703201 0.000000 -0.710992 0.823694 0.823694 0.823694
3472.370361 0.000000 2750.160400 0.000000 0.975678 0.000000 -0.219211 0.806180 0.806180 0.806180
3489.121826 0.000000 2720.121582 0.000000 0.822203 0.000000 -0.569194 0.822978 0.822978 0.822978
3468.546875 0.000000 2717.193848 0.000000 0.466349 0.000000 -0.884601 0.849870 0.849870 0.849870
3468.211670 0.000000 2733.101074 0.000000 0.953454 0.000000 -0.301539 0.814682 0.814682 0.814682
3503.689453 0.000000 2698.353760 0.000000 0.433113 0.000000 0.901339 0.739450 0.739450 0.739450
3489.075439 0.000000 2696.515869 0.000000 0.354630 0.000000 -0.935007 1.374346 1.374346 1.374346
3504.290527 0.000000 2723.640625 0.000000 0.999956 0.000000 0.009390 0.799269 0.799269 0.799269
3511.016113 0.000000 2737.444336 0.000000 0.237869 0.000000 -0.971297 0.890358 0.890358 0.890358
3478.163086 0.000000 2724.300293 0.000000 0.442219 0.000000 -0.896907 0.880006 0.880006 0.880006
3488.272949 0.000000 2688.253662 0.000000 0.522767 0.000000 0.852476 0.722534 0.722534 0.722534
3469.388672 0.000000 2750.958984 0.000000 0.733741 0.000000 -0.679429 0.865644 0.865644 0.865644
3458.849609 0.000000 2714.401367 0.000000 0.942179 0.000000 0.335111 0.774065 0.774065 0.774065
3478.441162 0.000000 2696.117188 0.000000 0.197941 0.000000 0.980214 0.673993 0.673993 0.673993
3479.735352 0.000000 2690.405029 0.000000 0.652514 0.000000 0.757777 0.710694 0.710694 0.710694
3488.840820 0.000000 2725.822021 0.000000 0.768671 0.000000 -0.639644 0.867922 0.867922 0.867922
3498.505127 0.000000 2725.666260 0.000000 0.510280 0.000000 -0.860008 0.897182 0.897182 0.897182
3491.375244 0.000000 2691.457275 0.000000 0.943392 0.000000 -0.331680 0.841189 0.841189 0.841189
3459.198730 0.000000 2720.385498 0.000000 0.985591 0.000000 0.169148 0.780651 0.780651 0.780651
3486.410400 0.000000 2720.941895 0.000000 0.597883 0.000000 0.801584 0.686704 0.686704 0.686704
3481.502441 0.000000 2702.441650 0.000000 0.911127 0.000000 -0.412126 0.844117 0.844117 0.844117
3473.357178 0.000000 2698.443604 0.000000 0.998203 0.000000 0.059921 0.792695 0.792695 0.792695
3499.321777 0.000000 2732.613525 0.000000 0.922692 0.000000 -0.385538 0.849801 0.849801 0.849801
3464.166016 0.000000 2720.014404 0.000000 0.471862 0.000000 -0.881673 0.918570 0.918570 0.918570
3508.877197 0.000000 2731.650635 0.000000 0.124347 0.000000 0.992239 0.638257 0.638257 0.638257
3506.325928 0.000000 2711.655273 0.000000 0.345029 0.000000 0.938592 0.179409 0.179409 0.179409
3457.475586 0.000000 2736.701904 0.000000 0.296592 0.000000 -0.955004 1.324919 1.324919 1.324919
3495.549561 0.000000 2716.288574 0.000000 0.303389 0.000000 -0.952867 1.443011 1.443011 1.443011
3457.896240 0.000000 2741.310303 0.000000 0.111388 0.000000 0.993777 0.056847 0.056847 0.056847
3493.556152 0.000000 2714.277588 0.000000 0.830181 0.000000 0.557494 0.724410 0.724410 0.724410
3459.484131 0.000000 2744.417969 0.000000 0.995870 0.000000 0.090789 0.788742 0.788742 0.788742
3487.789307 0.000000 2690.738770 0.000000 0.845418 0.000000 -0.534106 1.082461 1.082461 1.082461
3510.117432 0.000000 2691.095947 0.000000 0.818142 0.000000 0.575017 0.496558 0.496558 0.496558
3483.008545 0.000000 2697.677246 0.000000 0.976536 0.000000 -0.215352 0.894071 0.894071 0.894071
3487.094238 0.000000 2702.609375 0.000000 0.988173 0.000000 -0.153345 0.878407 0.878407 0.878407
3511.301025 0.000000 2694.958740 0.000000 0.034454 0.000000 -0.999406 1.327770 1.327770 1.327770
3489.141113 0.000000 2698.909180 0.000000 0.997225 0.000000 -0.074442 0.825596 0.825596 0.825596
3493.940186 0.000000 2698.897705 0.000000 0.958608 0.000000 -0.284730 0.847862 0.847862 0.847862
3456.104736 0.000000 2710.272949 0.000000 0.233021 0.000000 -0.972472 1.005401 1.005401 1.005401
3472.036865 0.000000 2747.841064 0.000000 0.999457 0.000000 0.032947 0.795459 0.795459 0.795459
3458.518066 0.000000 2733.470703 0.000000 0.685312 0.000000 -0.728249 0.923825 0.923825 0.923825
3474.308838 0.000000 2715.684570 0.000000 0.745184 0.000000 -0.666859 0.931216 0.931216 0.931216
3485.129639 0.000000 2725.459229 0.000000 0.761286 0.000000 0.648416 0.532279 0.532279 0.532279
3478.142822 0.000000 2708.939209 0.000000 0.859094 0.000000 0.511817 0.620790 0.620790 0.620790
3505.723877 0.000000 2689.977539 0.000000 0.800231 0.000000 0.599691 0.694675 0.694675 0.694675
3472.518555 0.000000 2730.711426 0.000000 0.037094 0.000000 -0.999312 1.023610 1.023610 1.023610
3492.436768 0.000000 2723.163086 0.000000 0.966309 0.000000 0.257383 0.759447 0.759447 0.759447
3494.786133 0.000000 2732.403076 0.000000 0.455415 0.000000 0.890279 0.642112 0.642112 0.642112
3490.254395 0.000000 2703.647949 0.000000 0.587979 0.000000 -0.808876 0.991951 0.991951 0.991951
3513.476807 0.000000 2694.478516 0.000000 0.943129 0.000000 -0.332426 0.972588 0.972588 0.972588
3506.036865 0.000000 2708.506348 0.000000 0.949320 0.000000 0.314311 0.646103 0.646103 0.646103
3487.565674 0.000000 2694.771484 0.000000 0.609454 0.000000 -0.792822 1.114471 1.114471 1.114471
3508.954102 0.000000 2689.288330 0.000000 0.912896 0.000000 -0.408191 0.956200 0.956200 0.956200
3484.133301 0.000000 2688.063477 0.000000 0.310023 0.000000 -0.950729 1.311569 1.311569 1.311569
3488.390625 0.000000 2707.297119 0.000000 0.999733 0.000000 0.023105 0.796493 0.796493 0.796493
3476.696533 0.000000 2701.479004 0.000000 0.961864 0.000000 0.273529 0.748538 0.748538 0.748538
3515.502441 0.000000 2699.604736 0.000000 0.204547 0.000000 0.978857 0.603741 0.603741 0.603741
3488.663818 0.000000 2732.757080 0.000000 0.308827 0.000000 -0.951118 0.985755 0.985755 0.985755
3495.178955 0.000000 2729.458984 0.000000 0.373960 0.000000 -0.927445 1.041920 1.041920 1.041920
3487.389893 0.000000 2746.043213 0.000000 0.696518 0.000000 0.717540 0.630578 0.630578 0.630578
3519.277100 0.000000 2690.149902 0.000000 0.604710 0.000000 0.796445 0.615976 0.615976 0.615976
3502.710205 0.000000 2700.254150 0.000000 0.500458 0.000000 0.865761 0.613950 0.613950 0.613950
3464.660156 0.000000 2722.055176 0.000000 0.842053 0.000000 0.539396 0.679386 0.679386 0.679386
3462.899170 0.000000 2736.676758 0.000000 0.718122 0.000000 -0.695917 1.121289 1.121289 1.121289
3509.255371 0.000000 2723.462891 0.000000 0.839414 0.000000 0.543493 0.565890 0.565890 0.565890
3466.413086 0.000000 2727.727295 0.000000 0.579796 0.000000 -0.814761 1.028241 1.028241 1.028241
3493.411133 0.000000 2688.264648 0.000000 0.795762 0.000000 -0.605610 1.131313 1.131313 1.131313
3465.409668 0.000000 2725.948486 0.000000 0.135889 0.000000 -0.990724 1.149531 1.149531 1.149531
3468.525635 0.000000 2731.049805 0.000000 0.818859 0.000000 -0.573994 0.919664 0.919664 0.919664
3491.213135 0.000000 2701.156250 0.000000 0.866855 0.000000 -0.498561 1.007444 1.007444 1.007444
3517.595703 0.000000 2694.000244 0.000000 0.498468 0.000000 -0.866908 1.011598 1.011598 1.011598
3516.566406 0.000000 2690.398193 0.000000 0.887033 0.000000 -0.461706 0.928440 0.928440 0.928440
3495.011230 0.000000 2694.859131 0.000000 0.988933 0.000000 -0.148364 0.831526 0.831526 0.831526
3456.010498 0.000000 2742.110107 0.000000 0.877284 0.000000 -0.479971 0.999972 0.999972 0.999972
3464.723389 0.000000 2736.026367 0.000000 0.175183 0.000000 -0.984536 1.181621 1.181621 1.181621
3513.930420 0.000000 2698.480957 0.000000 0.671782 0.000000 -0.740749 1.033249 1.033249 1.033249
3493.409912 0.000000 2706.502686 0.000000 0.791754 0.000000 0.610840 0.668757 0.668757 0.668757
3486.964600 0.000000 2725.805420 0.000000 0.521854 0.000000 -0.853035 1.063254 1.063254 1.063254
3462.542969 0.000000 2741.876465 0.000000 0.772936 0.000000 -0.634484 1.032000 1.032000 1.032000
3484.665771 0.000000 2691.388184 0.000000 0.968920 0.000000 0.247373 0.672692 0.672692 0.672692
3469.460449 0.000000 2742.480469 0.000000 0.799695 0.000000 -0.600406 0.967211 0.967211 0.967211
3461.422119 0.000000 2734.547852 0.000000 0.507998 0.000000 0.861358 0.547093 0.547093 0.547093
3483.278076 0.000000 2724.911133 0.000000 0.993176 0.000000 -0.116627 0.844124 0.844124 0.844124
3468.530273 0.000000 2711.444824 0.000000 0.961771 0.000000 0.273855 0.690856 0.690856 0.690856
3473.229248 0.000000 2718.602295 0.000000 0.141990 0.000000 0.989868 0.186668 0.186668 0.186668
3505.188232 0.000000 2728.553467 0.000000 0.474981 0.000000 0.879996 0.479838 0.479838 0.479838
3499.168701 0.000000 2714.154297 0.000000 0.871400 0.000000 -0.490573 1.061140 1.061140 1.061140
3490.613037 0.000000 2697.561035 0.000000 0.453815 0.000000 0.891096 0.514459 0.514459 0.514459
3479.994873 0.000000 2708.666016 0.000000 0.841152 0.000000 0.540799 0.609420 0.609420 0.609420
3497.965576 0.000000 2733.952148 0.000000 0.962462 0.000000 0.271417 0.729183 0.729183 0.729183
3514.614990 0.000000 2695.862549 0.000000 0.032094 0.000000 0.999485 0.326736 0.326736 0.326736
3459.395996 0.000000 2742.598145 0.000000 0.563311 0.000000 0.826245 0.432937 0.432937 0.432937
3472.635498 0.000000 2716.423584 0.000000 0.899114 0.000000 -0.437714 0.919441 0.919441 0.919441
3470.274902 0.000000 2724.720947 0.000000 0.184864 0.000000 -0.982764 1.112547 1.112547 1.112547
3494.425781 0.000000 2735.262695 0.000000 0.939354 0.000000 -0.342949 0.908367 0.908367 0.908367
3502.762695 0.000000 2706.841797 0.000000 0.791969 0.000000 -0.610561 0.987577 0.987577 0.987577
3481.977051 0.000000 2720.087402 0.000000 0.634446 0.000000 -0.772967 1.027630 1.027630 1.027630
3513.576660 0.000000 2691.857910 0.000000 0.841694 0.000000 0.539954 0.664436 0.664436 0.664436
3473.619873 0.000000 2748.893311 0.000000 0.837205 0.000000 0.546889 0.632425 0.632425 0.632425
3493.622803 0.000000 2725.914062 0.000000 0.945639 0.000000 0.325218 0.715981 0.715981 0.715981
3484.747803 0.000000 2721.488525 0.000000 0.718037 0.000000 -0.696005 0.973739 0.973739 0.973739
3494.891357 0.000000 2692.763428 0.000000 0.257427 0.000000 -0.966298 1.213526 1.213526 1.213526
3460.144531 0.000000 2747.563965 0.000000 0.937753 0.000000 0.347302 0.723492 0.723492 0.723492
3495.268799 0.000000 2711.941650 0.000000 0.521628 0.000000 0.853173 0.532596 0.532596 0.532596
3459.894775 0.000000 2737.421387 0.000000 0.894873 0.000000 0.446321 0.633676 0.633676 0.633676
3458.070312 0.000000 2718.978516 0.000000 0.186476 0.000000 -0.982460 1.360813 1.360813 1.360813
3482.065186 0.000000 2723.145508 0.000000 0.313497 0.000000 0.949589 0.464948 0.464948 0.464948
3492.594482 0.000000 2689.954834 0.000000 0.674382 0.000000 -0.738383 1.223056 1.223056 1.223056
3500.390869 0.000000 2735.976562 0.000000 0.945478 0.000000 -0.325687 0.880832 0.880832 0.880832
3501.733154 0.000000 2703.358643 0.000000 0.867755 0.000000 0.496992 0.665992 0.665992 0.665992
3502.770508 0.000000 2713.830566 0.000000 0.742434 0.000000 -0.669920 1.077107 1.077107 1.077107
3474.753906 0.000000 2711.031006 0.000000 0.856427 0.000000 0.516268 0.665649 0.665649 0.665649
3495.609375 0.000000 2718.005859 0.000000 0.666413 0.000000 -0.745583 1.005020 1.005020 1.005020
3499.594482 0.000000 2734.355225 0.000000 0.646313 0.000000 0.763073 0.512204 0.512204 0.512204
3494.690674 0.000000 2710.110107 0.000000 0.154656 0.000000 0.987968 0.429647 0.429647 0.429647
3468.294922 0.000000 2724.438965 0.000000 0.600980 0.000000 0.799264 0.520713 0.520713 0.520713
3488.616455 0.000000 2703.394287 0.000000 0.998621 0.000000 0.052507 0.775869 0.775869 0.775869
3500.166992 0.000000 2708.029297 0.000000 0.950272 0.000000 0.311421 0.707655 0.707655 0.707655
3503.947266 0.000000 2705.355469 0.000000 0.871049 0.000000 -0.491196 1.025612 1.025612 1.025612
3487.835449 0.000000 2697.839844 0.000000 0.566157 0.000000 -0.824298 1.053517 1.053517 1.053517
3461.232666 0.000000 2736.370117 0.000000 0.903843 0.000000 -0.427863 0.935104 0.935104 0.935104
3494.049561 0.000000 2704.178711 0.000000 0.869250 0.000000 -0.494373 0.990035 0.990035 0.990035
3467.856201 0.000000 2737.413330 0.000000 0.448078 0.000000 -0.893995 1.188838 1.188838 1.188838
3461.454590 0.000000 2739.761719 0.000000 0.944033 0.000000 -0.329852 0.898019 0.898019 0.898019
3522.928711 0.000000 2691.394775 0.000000 0.721216 0.000000 0.692710 0.665504 0.665504 0.665504
3522.014893 0.000000 2689.634277 0.000000 0.866866 0.000000 -0.498542 0.887561 0.887561 0.887561
3472.590576 0.000000 2755.759033 0.000000 0.022399 0.000000 0.999749 0.756705 0.756705 0.756705
3495.417480 0.000000 2760.753906 0.000000 0.709783 0.000000 -0.704421 0.845271 0.845271 0.845271
3493.385498 0.000000 2765.613525 0.000000 0.934289 0.000000 -0.356517 0.842956 0.842956 0.842956
3467.019043 0.000000 2774.267578 0.000000 0.656573 0.000000 -0.754262 0.905815 0.905815 0.905815
3495.393066 0.000000 2767.058594 0.000000 0.807828 0.000000 0.589418 0.718169 0.718169 0.718169
3487.789307 0.000000 2754.738770 0.000000 0.975951 0.000000 0.217989 0.770594 0.770594 0.770594
3497.644287 0.000000 2765.944824 0.000000 0.235113 0.000000 0.971968 0.632216 0.632216 0.632216
3458.928711 0.000000 2755.394775 0.000000 0.879917 0.000000 0.475128 0.714959 0.714959 0.714959
3493.940186 0.000000 2762.897705 0.000000 0.316755 0.000000 0.948507 0.637920 0.637920 0.637920
3463.379395 0.000000 2770.344238 0.000000 0.461672 0.000000 0.887051 0.616979 0.616979 0.616979
3465.365967 0.000000 2753.547119 0.000000 0.638934 0.000000 -0.769261 0.954259 0.954259 0.954259
3470.882080 0.000000 2761.097168 0.000000 0.452777 0.000000 -0.891624 0.997892 0.997892 0.997892
3489.792236 0.000000 2753.831543 0.000000 0.894545 0.000000 -0.446978 0.900878 0.900878 0.900878
3469.405518 0.000000 2752.711426 0.000000 0.650983 0.000000 -0.759092 0.951488 0.951488 0.951488
3460.935547 0.000000 2755.539551 0.000000 0.666112 0.000000 -0.745852 1.042107 1.042107 1.042107
3457.796631 0.000000 2763.573486 0.000000 0.188333 0.000000 -0.982105 1.045538 1.045538 1.045538
3458.014893 0.000000 2753.634277 0.000000 0.280288 0.000000 0.959916 0.581563 0.581563 0.581563
3467.593994 0.000000 2754.826416 0.000000 0.061194 0.000000 -0.998126 1.077376 1.077376 1.077376
3461.793945 0.000000 2752.602295 0.000000 0.776466 0.000000 0.630159 0.606648 0.606648 0.606648
3464.625732 0.000000 2757.010254 0.000000 0.990652 0.000000 -0.136411 0.835802 0.835802 0.835802
3461.853027 0.000000 2769.358887 0.000000 0.999991 0.000000 -0.004163 0.801031 0.801031 0.801031
3456.332520 0.000000 2772.064209 0.000000 0.931976 0.000000 -0.362520 0.901506 0.901506 0.901506
3191.952393 0.000000 2851.111816 0.000000 0.496131 0.000000 -0.868247 0.844109 0.844109 0.844109
3194.356689 0.000000 2817.698242 0.000000 0.262541 0.000000 0.964921 0.716586 0.716586 0.716586
3184.290527 0.000000 2851.640625 0.000000 0.930157 0.000000 -0.367163 0.829284 0.829284 0.829284
3171.974365 0.000000 2824.327637 0.000000 0.802377 0.000000 0.596817 0.719531 0.719531 0.719531
3182.680176 0.000000 2849.104980 0.000000 0.938639 0.000000 -0.344902 0.832352 0.832352 0.832352
3177.644287 0.000000 2829.944824 0.000000 0.976280 0.000000 -0.216512 0.827460 0.827460 0.827460
3173.940186 0.000000 2826.897705 0.000000 0.983668 0.000000 0.179991 0.768915 0.768915 0.768915
3181.218506 0.000000 2850.373779 0.000000 0.312503 0.000000 0.949917 0.479683 0.479683 0.479683
3228.366943 0.000000 2823.669678 0.000000 0.083737 0.000000 0.996488 0.797030 0.797030 0.797030
3252.370850 0.000000 2873.659180 0.000000 0.774174 0.000000 -0.632973 0.867075 0.867075 0.867075
3253.727539 0.000000 2875.854492 0.000000 0.308494 0.000000 0.951226 0.659389 0.659389 0.659389
3242.958252 0.000000 2821.742920 0.000000 0.969555 0.000000 -0.244873 0.878067 0.878067 0.878067
3233.792236 0.000000 2817.831543 0.000000 0.177692 0.000000 -0.984086 1.016876 1.016876 1.016876
3242.307129 0.000000 2819.899902 0.000000 0.478019 0.000000 -0.878349 1.097715 1.097715 1.097715
3245.661133 0.000000 2817.647705 0.000000 0.682055 0.000000 -0.731301 0.973648 0.973648 0.973648
3228.665771 0.000000 2819.388184 0.000000 0.011538 0.000000 0.999933 0.504150 0.504150 0.504150
3249.312744 0.000000 2862.751953 0.000000 0.970658 0.000000 -0.240463 0.854807 0.854807 0.854807
3238.425781 0.000000 2863.262695 0.000000 0.999312 0.000000 0.037076 0.789038 0.789038 0.789038
3256.039307 0.000000 2872.049561 0.000000 0.282270 0.000000 0.959335 0.484416 0.484416 0.484416
3238.891357 0.000000 2820.763428 0.000000 0.767209 0.000000 0.641397 0.645631 0.645631 0.645631
3257.274902 0.000000 2873.249023 0.000000 0.264984 0.000000 0.964253 0.480000 0.480000 0.480000
3251.039795 0.000000 2862.088623 0.000000 0.469063 0.000000 -0.883165 1.087565 1.087565 1.087565
3264.100586 0.000000 2877.086426 0.000000 0.648624 0.000000 -0.761109 0.819004 0.819004 0.819004
3277.661377 0.000000 2837.948975 0.000000 0.033848 0.000000 0.999427 0.760095 0.760095 0.760095
3287.028320 0.000000 2834.613525 0.000000 0.084672 0.000000 0.996409 0.710962 0.710962 0.710962
3291.031494 0.000000 2820.294678 0.000000 0.721179 0.000000 -0.692748 0.841269 0.841269 0.841269
3284.391357 0.000000 2832.639160 0.000000 0.922463 0.000000 -0.386086 0.824542 0.824542 0.824542
3289.099365 0.000000 2849.670410 0.000000 0.410460 0.000000 -0.911879 0.891700 0.891700 0.891700
3269.467529 0.000000 2866.112061 0.000000 0.933802 0.000000 0.357790 0.770038 0.770038 0.770038
3283.208252 0.000000 2871.416504 0.000000 0.975255 0.000000 -0.221084 0.825379 0.825379 0.825379
3291.829346 0.000000 2850.998291 0.000000 0.927963 0.000000 0.372671 0.761101 0.761101 0.761101
3281.357178 0.000000 2826.443604 0.000000 0.590697 0.000000 0.806894 0.685615 0.685615 0.685615
3274.295898 0.000000 2843.469727 0.000000 0.999318 0.000000 -0.036914 0.804646 0.804646 0.804646
3267.063721 0.000000 2866.984863 0.000000 0.984285 0.000000 0.176589 0.780500 0.780500 0.780500
3278.549805 0.000000 2821.160400 0.000000 0.998438 0.000000 0.055870 0.792297 0.792297 0.792297
3264.084961 0.000000 2857.292480 0.000000 0.173796 0.000000 -0.984782 1.014705 1.014705 1.014705
3275.688965 0.000000 2874.299561 0.000000 0.469397 0.000000 0.882987 0.646541 0.646541 0.646541
3278.705811 0.000000 2833.071777 0.000000 0.950635 0.000000 0.310313 0.745175 0.745175 0.745175
3291.232666 0.000000 2818.011719 0.000000 0.982449 0.000000 -0.186530 0.826606 0.826606 0.826606
3269.270508 0.000000 2851.638672 0.000000 0.740660 0.000000 0.671880 0.435080 0.435080 0.435080
3310.709229 0.000000 2819.361328 0.000000 0.691924 0.000000 -0.721970 0.920830 0.920830 0.920830
3270.319336 0.000000 2855.887207 0.000000 0.061630 0.000000 0.998099 0.483521 0.483521 0.483521
3266.551514 0.000000 2853.985840 0.000000 0.533635 0.000000 0.845715 0.600711 0.600711 0.600711
3278.805176 0.000000 2839.727051 0.000000 0.572729 0.000000 -0.819745 0.980412 0.980412 0.980412
3275.336670 0.000000 2833.361572 0.000000 0.990037 0.000000 0.140810 0.768115 0.768115 0.768115
3271.333984 0.000000 2853.928467 0.000000 0.367174 0.000000 0.930152 0.575683 0.575683 0.575683
3268.029785 0.000000 2850.202881 0.000000 0.528684 0.000000 0.848819 0.297876 0.297876 0.297876
3286.064941 0.000000 2832.063232 0.000000 0.230468 0.000000 0.973080 0.492630 0.492630 0.492630
3280.937744 0.000000 2830.223145 0.000000 0.674441 0.000000 0.738329 0.619182 0.619182 0.619182
3276.970703 0.000000 2832.933838 0.000000 0.365198 0.000000 0.930930 0.312318 0.312318 0.312318
3268.120850 0.000000 2881.254639 0.000000 0.951317 0.000000 0.308213 0.784982 0.784982 0.784982
3273.876465 0.000000 2883.766846 0.000000 0.078005 0.000000 -0.996953 0.940121 0.940121 0.940121
3344.590576 0.000000 2819.759033 0.000000 0.267553 0.000000 -0.963543 0.833752 0.833752 0.833752
3349.783203 0.000000 2827.341797 0.000000 0.129776 0.000000 0.991543 0.676275 0.676275 0.676275
3351.735352 0.000000 2818.405029 0.000000 0.867323 0.000000 0.497746 0.751094 0.751094 0.751094
3350.151123 0.000000 2839.355469 0.000000 0.770872 0.000000 -0.636990 0.868963 0.868963 0.868963
3355.232666 0.000000 2818.011719 0.000000 0.138521 0.000000 -0.990360 1.031636 1.031636 1.031636
3361.792236 0.000000 2817.831543 0.000000 0.665147 0.000000 -0.746713 0.953233 0.953233 0.953233
3349.168213 0.000000 2835.255859 0.000000 0.905198 0.000000 -0.424990 0.922737 0.922737 0.922737
3350.837402 0.000000 2825.938477 0.000000 0.997375 0.000000 0.072410 0.782196 0.782196 0.782196
3351.963623 0.000000 2816.739014 0.000000 0.602519 0.000000 -0.798105 1.047328 1.047328 1.047328
3365.024658 0.000000 2819.940674 0.000000 0.471644 0.000000 -0.881789 1.060913 1.060913 1.060913
"}
