object={
	name="tree_leaf_high_generator_3_0"
	render_pass=Map
	clamp_to_water_level=no
	generated_content=yes
	layer="tree_high_layer"
	pdxmesh="tree_leaf_01_c_mesh"
	count=1266
	transform="3058.365723 0.000000 2620.407227 0.000000 0.142928 0.000000 0.989733 0.756383 0.756383 0.756383
3044.946777 0.000000 2622.797119 0.000000 0.231679 0.000000 0.972792 0.725499 0.725499 0.725499
2982.004639 0.000000 2683.951172 0.000000 0.940479 0.000000 -0.339851 0.819115 0.819115 0.819115
3053.650391 0.000000 2676.468506 0.000000 0.993266 0.000000 0.115858 0.793877 0.793877 0.793877
3043.497070 0.000000 2624.566162 0.000000 0.848391 0.000000 0.529370 0.785961 0.785961 0.785961
3049.543945 0.000000 2640.418701 0.000000 0.479690 0.000000 -0.877438 0.888515 0.888515 0.888515
3065.374268 0.000000 2671.420654 0.000000 0.994234 0.000000 -0.107228 0.806115 0.806115 0.806115
3047.941406 0.000000 2636.199219 0.000000 0.933838 0.000000 -0.357696 0.847780 0.847780 0.847780
3066.515625 0.000000 2642.426025 0.000000 0.343775 0.000000 0.939052 0.703520 0.703520 0.703520
3055.768066 0.000000 2679.587402 0.000000 0.391864 0.000000 -0.920023 0.916886 0.916886 0.916886
3047.417480 0.000000 2632.753906 0.000000 0.226370 0.000000 -0.974041 0.943175 0.943175 0.943175
3060.455566 0.000000 2638.905273 0.000000 0.389821 0.000000 0.920891 0.733382 0.733382 0.733382
3051.962891 0.000000 2639.176514 0.000000 0.243383 0.000000 0.969930 0.710293 0.710293 0.710293
3005.435791 0.000000 2708.831055 0.000000 0.525308 0.000000 0.850912 0.668896 0.668896 0.668896
3007.362305 0.000000 2694.895264 0.000000 0.493009 0.000000 -0.870024 0.841730 0.841730 0.841730
3016.167236 0.000000 2717.333496 0.000000 0.756646 0.000000 0.653825 0.769257 0.769257 0.769257
3053.650391 0.000000 2740.468506 0.000000 0.560855 0.000000 -0.827914 0.833312 0.833312 0.833312
3016.561523 0.000000 2737.880859 0.000000 0.916044 0.000000 0.401078 0.794807 0.794807 0.794807
3049.543945 0.000000 2704.418701 0.000000 0.960125 0.000000 0.279572 0.781834 0.781834 0.781834
3049.437256 0.000000 2690.075195 0.000000 0.229772 0.000000 0.973244 0.695706 0.695706 0.695706
3013.252441 0.000000 2726.042725 0.000000 0.479188 0.000000 -0.877712 0.862250 0.862250 0.862250
3052.949707 0.000000 2746.236084 0.000000 0.306760 0.000000 0.951787 0.758510 0.758510 0.758510
3063.659180 0.000000 2745.764648 0.000000 0.584124 0.000000 -0.811665 0.894191 0.894191 0.894191
3033.410400 0.000000 2724.740967 0.000000 0.753338 0.000000 -0.657634 0.822791 0.822791 0.822791
3050.893799 0.000000 2709.241943 0.000000 0.551783 0.000000 -0.833987 0.843140 0.843140 0.843140
3065.374268 0.000000 2735.420654 0.000000 0.276053 0.000000 0.961142 0.748943 0.748943 0.748943
3070.313721 0.000000 2728.150879 0.000000 0.462397 0.000000 0.886673 0.767995 0.767995 0.767995
3062.080322 0.000000 2750.430176 0.000000 0.567554 0.000000 0.823336 0.758272 0.758272 0.758272
3060.006104 0.000000 2709.699219 0.000000 0.287792 0.000000 0.957693 0.675865 0.675865 0.675865
3050.376709 0.000000 2739.435547 0.000000 0.964196 0.000000 0.265190 0.789064 0.789064 0.789064
3013.248779 0.000000 2729.675781 0.000000 0.978523 0.000000 0.206137 0.792163 0.792163 0.792163
3024.860352 0.000000 2711.274658 0.000000 0.997934 0.000000 0.064250 0.794530 0.794530 0.794530
3068.531494 0.000000 2736.222412 0.000000 0.233306 0.000000 -0.972403 0.908012 0.908012 0.908012
3008.016602 0.000000 2694.866455 0.000000 0.138846 0.000000 0.990314 0.721090 0.721090 0.721090
3060.370850 0.000000 2745.659180 0.000000 0.212716 0.000000 0.977114 0.736606 0.736606 0.736606
3033.099365 0.000000 2721.670410 0.000000 0.205931 0.000000 -0.978567 0.924169 0.924169 0.924169
3013.870850 0.000000 2743.686035 0.000000 0.696091 0.000000 -0.717954 0.854703 0.854703 0.854703
3051.660889 0.000000 2706.414307 0.000000 0.547981 0.000000 -0.836491 0.874805 0.874805 0.874805
3066.416260 0.000000 2765.527588 0.000000 0.999954 0.000000 0.009611 0.799044 0.799044 0.799044
3054.140869 0.000000 2782.295654 0.000000 0.265416 0.000000 0.964134 0.769571 0.769571 0.769571
3038.719971 0.000000 2787.818848 0.000000 0.810767 0.000000 -0.585369 0.818734 0.818734 0.818734
3069.653320 0.000000 2752.806396 0.000000 0.987883 0.000000 -0.155199 0.811764 0.811764 0.811764
3045.428711 0.000000 2757.748779 0.000000 0.194697 0.000000 -0.980863 1.001824 1.001824 1.001824
3050.893799 0.000000 2773.241943 0.000000 0.742201 0.000000 -0.670177 0.833004 0.833004 0.833004
3034.162354 0.000000 2779.509766 0.000000 0.156264 0.000000 -0.987715 0.849983 0.849983 0.849983
3063.952393 0.000000 2787.111816 0.000000 0.106590 0.000000 -0.994303 0.964034 0.964034 0.964034
3041.121826 0.000000 2784.121582 0.000000 0.739141 0.000000 0.673550 0.718084 0.718084 0.718084
3057.663330 0.000000 2784.828125 0.000000 0.750487 0.000000 0.660885 0.755875 0.755875 0.755875
3060.006104 0.000000 2773.699219 0.000000 0.906178 0.000000 -0.422896 0.833226 0.833226 0.833226
3040.840820 0.000000 2789.822021 0.000000 0.539428 0.000000 -0.842032 0.853382 0.853382 0.853382
3050.466064 0.000000 2776.355469 0.000000 0.996688 0.000000 0.081325 0.792390 0.792390 0.792390
3117.650391 0.000000 2548.468506 0.000000 0.301658 0.000000 0.953416 0.732576 0.732576 0.732576
3124.677979 0.000000 2542.331299 0.000000 0.847174 0.000000 -0.531316 0.837255 0.837255 0.837255
3196.556885 0.000000 2556.735352 0.000000 0.062007 0.000000 0.998076 0.605640 0.605640 0.605640
3136.934570 0.000000 2552.146240 0.000000 0.573467 0.000000 -0.819229 0.855223 0.855223 0.855223
3176.925537 0.000000 2554.553467 0.000000 0.051228 0.000000 0.998687 0.735357 0.735357 0.735357
3188.370850 0.000000 2553.659180 0.000000 0.316386 0.000000 0.948631 0.673539 0.673539 0.673539
3220.968506 0.000000 2555.060791 0.000000 0.241144 0.000000 0.970489 0.675146 0.675146 0.675146
3205.561279 0.000000 2554.570312 0.000000 0.758332 0.000000 0.651869 0.794469 0.794469 0.794469
3240.323730 0.000000 2557.959473 0.000000 0.674257 0.000000 0.738497 0.747232 0.747232 0.747232
3213.428711 0.000000 2552.461914 0.000000 0.994345 0.000000 -0.106202 0.803251 0.803251 0.803251
3200.100586 0.000000 2557.086426 0.000000 0.089756 0.000000 0.995964 0.741437 0.741437 0.741437
3262.173340 0.000000 2547.099121 0.000000 0.462133 0.000000 -0.886811 0.834627 0.834627 0.834627
3210.362305 0.000000 2557.712891 0.000000 0.981250 0.000000 0.192738 0.784312 0.784312 0.784312
3234.251953 0.000000 2557.171631 0.000000 0.983740 0.000000 -0.179600 0.827591 0.827591 0.827591
3216.370361 0.000000 2558.160400 0.000000 0.973457 0.000000 0.228872 0.793082 0.793082 0.793082
3255.659180 0.000000 2553.764648 0.000000 0.940804 0.000000 0.338951 0.794406 0.794406 0.794406
3237.095703 0.000000 2553.050781 0.000000 0.763723 0.000000 0.645545 0.764261 0.764261 0.764261
3260.728760 0.000000 2551.943359 0.000000 0.431911 0.000000 -0.901916 0.940105 0.940105 0.940105
3221.898193 0.000000 2558.725342 0.000000 0.890978 0.000000 0.454047 0.751994 0.751994 0.751994
3203.786621 0.000000 2557.273926 0.000000 0.463265 0.000000 0.886220 0.742574 0.742574 0.742574
3260.531494 0.000000 2544.222412 0.000000 0.184008 0.000000 0.982925 0.721122 0.721122 0.721122
3207.353271 0.000000 2557.442627 0.000000 0.992170 0.000000 -0.124892 0.813580 0.813580 0.813580
3223.577881 0.000000 2553.747803 0.000000 0.346618 0.000000 0.938006 0.704489 0.704489 0.704489
3248.562744 0.000000 2554.309326 0.000000 0.455745 0.000000 -0.890111 0.885494 0.885494 0.885494
3259.354004 0.000000 2559.139893 0.000000 0.062828 0.000000 0.998024 0.677123 0.677123 0.677123
3304.323730 0.000000 2557.959473 0.000000 0.168606 0.000000 0.985683 0.795802 0.795802 0.795802
3277.428711 0.000000 2552.461914 0.000000 0.445419 0.000000 -0.895322 0.942883 0.942883 0.942883
3302.957764 0.000000 2548.401611 0.000000 0.683553 0.000000 0.729901 0.782352 0.782352 0.782352
3264.100586 0.000000 2557.086426 0.000000 0.417428 0.000000 -0.908710 0.940732 0.940732 0.940732
3280.370361 0.000000 2558.160400 0.000000 0.677793 0.000000 0.735252 0.674780 0.674780 0.674780
3269.573486 0.000000 2559.956787 0.000000 0.508929 0.000000 -0.860809 0.860883 0.860883 0.860883
3272.725830 0.000000 2550.708008 0.000000 0.426451 0.000000 -0.904511 0.909030 0.909030 0.909030
3285.874756 0.000000 2550.274414 0.000000 0.948228 0.000000 -0.317592 0.810651 0.810651 0.810651
3293.569336 0.000000 2555.336182 0.000000 0.215952 0.000000 0.976404 0.722978 0.722978 0.722978
3267.786621 0.000000 2557.273926 0.000000 0.036502 0.000000 0.999334 0.679572 0.679572 0.679572
3283.208252 0.000000 2551.416504 0.000000 0.735574 0.000000 0.677445 0.739796 0.739796 0.739796
3266.457031 0.000000 2554.742920 0.000000 0.999797 0.000000 -0.020161 0.801426 0.801426 0.801426
3283.236816 0.000000 2557.685303 0.000000 0.954649 0.000000 0.297732 0.776090 0.776090 0.776090
3306.903809 0.000000 2556.461426 0.000000 0.297539 0.000000 -0.954710 0.891979 0.891979 0.891979
3072.499756 0.000000 2611.129639 0.000000 0.985137 0.000000 0.171769 0.785313 0.785313 0.785313
3109.095703 0.000000 2617.050781 0.000000 0.777492 0.000000 0.628892 0.731130 0.731130 0.731130
3085.640869 0.000000 2609.921875 0.000000 0.298420 0.000000 -0.954435 0.835701 0.835701 0.835701
3098.408691 0.000000 2606.532959 0.000000 0.998495 0.000000 0.054847 0.795035 0.795035 0.795035
3125.978271 0.000000 2572.223877 0.000000 0.858587 0.000000 -0.512668 0.829350 0.829350 0.829350
3130.227295 0.000000 2583.046387 0.000000 0.871328 0.000000 -0.490702 0.831038 0.831038 0.831038
3123.167236 0.000000 2570.150879 0.000000 0.996584 0.000000 -0.082581 0.806242 0.806242 0.806242
3127.407959 0.000000 2584.139648 0.000000 0.657086 0.000000 -0.753816 0.881345 0.881345 0.881345
3107.569336 0.000000 2578.871094 0.000000 0.408823 0.000000 -0.912614 0.886792 0.886792 0.886792
3192.645264 0.000000 2612.367432 0.000000 0.276419 0.000000 -0.961037 0.858003 0.858003 0.858003
3164.366943 0.000000 2567.669678 0.000000 0.997814 0.000000 -0.066092 0.803448 0.803448 0.803448
3173.210205 0.000000 2605.929688 0.000000 0.752164 0.000000 -0.658976 0.816381 0.816381 0.816381
3187.701172 0.000000 2596.844727 0.000000 0.403587 0.000000 0.914941 0.786847 0.786847 0.786847
3152.442627 0.000000 2605.369873 0.000000 0.841201 0.000000 0.540722 0.796235 0.796235 0.796235
3169.790039 0.000000 2580.919434 0.000000 0.923354 0.000000 0.383950 0.739791 0.739791 0.739791
3194.416260 0.000000 2573.527588 0.000000 0.919343 0.000000 0.393456 0.764867 0.764867 0.764867
3195.275146 0.000000 2586.601562 0.000000 0.544727 0.000000 -0.838613 0.815496 0.815496 0.815496
3162.973145 0.000000 2601.816650 0.000000 0.967130 0.000000 0.254282 0.794762 0.794762 0.794762
3196.463379 0.000000 2603.821045 0.000000 0.963534 0.000000 0.267586 0.787665 0.787665 0.787665
3147.373291 0.000000 2597.818604 0.000000 0.823577 0.000000 0.567205 0.775427 0.775427 0.775427
3161.014648 0.000000 2582.339844 0.000000 0.694962 0.000000 0.719047 0.732689 0.732689 0.732689
3182.140869 0.000000 2590.295654 0.000000 0.307969 0.000000 0.951396 0.760059 0.760059 0.760059
3149.428711 0.000000 2616.461914 0.000000 0.901688 0.000000 -0.432387 0.820897 0.820897 0.820897
3197.275879 0.000000 2596.162109 0.000000 0.761227 0.000000 0.648486 0.715023 0.715023 0.715023
3155.627441 0.000000 2598.229980 0.000000 0.915288 0.000000 0.402800 0.794535 0.794535 0.794535
3188.677979 0.000000 2606.331299 0.000000 0.866885 0.000000 -0.498509 0.852220 0.852220 0.852220
3191.376709 0.000000 2580.529785 0.000000 0.900947 0.000000 0.433928 0.783864 0.783864 0.783864
3166.719971 0.000000 2595.818848 0.000000 0.053326 0.000000 -0.998577 1.031848 1.031848 1.031848
3188.888672 0.000000 2567.308105 0.000000 0.597464 0.000000 -0.801896 0.819513 0.819513 0.819513
3174.957764 0.000000 2612.401611 0.000000 0.548451 0.000000 0.836182 0.787540 0.787540 0.787540
3181.218750 0.000000 2596.399902 0.000000 0.999940 0.000000 0.010915 0.799536 0.799536 0.799536
3187.179688 0.000000 2614.579102 0.000000 0.494210 0.000000 0.869343 0.722963 0.722963 0.722963
3169.672363 0.000000 2600.879639 0.000000 0.972579 0.000000 -0.232571 0.835863 0.835863 0.835863
3198.173340 0.000000 2611.099121 0.000000 0.331722 0.000000 -0.943377 0.988338 0.988338 0.988338
3192.699219 0.000000 2599.607178 0.000000 0.999887 0.000000 -0.015057 0.802301 0.802301 0.802301
3178.611328 0.000000 2607.847168 0.000000 0.165946 0.000000 -0.986135 0.904319 0.904319 0.904319
3188.456055 0.000000 2585.110840 0.000000 0.062326 0.000000 0.998056 0.724080 0.724080 0.724080
3161.410400 0.000000 2596.740967 0.000000 0.998059 0.000000 -0.062272 0.805712 0.805712 0.805712
3173.095703 0.000000 2617.050781 0.000000 0.669449 0.000000 -0.742858 0.901344 0.901344 0.901344
3155.874268 0.000000 2581.486328 0.000000 0.999193 0.000000 0.040176 0.797785 0.797785 0.797785
3183.949219 0.000000 2607.976807 0.000000 0.296426 0.000000 0.955056 0.682828 0.682828 0.682828
3172.396973 0.000000 2576.374512 0.000000 0.936496 0.000000 -0.350679 0.814384 0.814384 0.814384
3186.746094 0.000000 2601.668457 0.000000 0.842977 0.000000 -0.537950 0.837436 0.837436 0.837436
3144.725830 0.000000 2614.708008 0.000000 0.404673 0.000000 -0.914461 0.882986 0.882986 0.882986
3180.443604 0.000000 2572.538574 0.000000 0.468536 0.000000 -0.883444 0.839589 0.839589 0.839589
3180.970947 0.000000 2585.687256 0.000000 0.690501 0.000000 0.723331 0.735562 0.735562 0.735562
3196.728760 0.000000 2615.943359 0.000000 0.315556 0.000000 -0.948907 0.954256 0.954256 0.954256
3198.265381 0.000000 2570.700684 0.000000 0.742785 0.000000 -0.669530 0.840438 0.840438 0.840438
3160.600586 0.000000 2570.100098 0.000000 0.039686 0.000000 0.999212 0.735783 0.735783 0.735783
3174.374756 0.000000 2580.287109 0.000000 0.999019 0.000000 0.044288 0.797797 0.797797 0.797797
3191.952393 0.000000 2595.111816 0.000000 0.630413 0.000000 -0.776260 0.870821 0.870821 0.870821
3166.775635 0.000000 2571.332764 0.000000 0.986660 0.000000 0.162793 0.793827 0.793827 0.793827
3189.978271 0.000000 2572.223877 0.000000 0.957027 0.000000 -0.289997 0.824857 0.824857 0.824857
3148.546875 0.000000 2589.193848 0.000000 0.791510 0.000000 0.611156 0.773210 0.773210 0.773210
3199.609375 0.000000 2606.860840 0.000000 0.589101 0.000000 -0.808060 0.895834 0.895834 0.895834
3154.959473 0.000000 2589.962646 0.000000 0.905931 0.000000 -0.423424 0.833794 0.833794 0.833794
3164.427734 0.000000 2579.569092 0.000000 0.298238 0.000000 0.954491 0.746820 0.746820 0.746820
3159.028320 0.000000 2578.613525 0.000000 0.661131 0.000000 -0.750270 0.825419 0.825419 0.825419
3188.107178 0.000000 2610.510010 0.000000 0.709140 0.000000 0.705068 0.714198 0.714198 0.714198
3176.809326 0.000000 2603.521240 0.000000 0.284417 0.000000 -0.958701 0.880680 0.880680 0.880680
3192.689209 0.000000 2569.062744 0.000000 0.728925 0.000000 -0.684594 0.856024 0.856024 0.856024
3185.971924 0.000000 2588.266602 0.000000 0.195249 0.000000 -0.980754 0.869992 0.869992 0.869992
3184.097412 0.000000 2598.939453 0.000000 0.554167 0.000000 -0.832406 0.855389 0.855389 0.855389
3165.569336 0.000000 2619.336182 0.000000 0.281861 0.000000 0.959455 0.732242 0.732242 0.732242
3183.689453 0.000000 2570.353760 0.000000 0.981019 0.000000 0.193912 0.781993 0.781993 0.781993
3194.227295 0.000000 2583.046387 0.000000 0.745670 0.000000 -0.666315 0.854182 0.854182 0.854182
3199.362305 0.000000 2566.895264 0.000000 0.901762 0.000000 0.432234 0.758222 0.758222 0.758222
3179.523193 0.000000 2600.381348 0.000000 0.597132 0.000000 -0.802143 0.862468 0.862468 0.862468
3191.571289 0.000000 2587.262695 0.000000 0.112511 0.000000 0.993650 0.739720 0.739720 0.739720
3188.006104 0.000000 2581.699219 0.000000 0.476461 0.000000 0.879196 0.745937 0.745937 0.745937
3176.925537 0.000000 2618.553467 0.000000 0.958124 0.000000 0.286355 0.768330 0.768330 0.768330
3152.860352 0.000000 2583.274658 0.000000 0.220371 0.000000 0.975416 0.744245 0.744245 0.744245
3193.270508 0.000000 2621.388672 0.000000 0.954398 0.000000 -0.298538 0.836329 0.836329 0.836329
3169.277344 0.000000 2573.673096 0.000000 0.664308 0.000000 -0.747459 0.841479 0.841479 0.841479
3187.167236 0.000000 2570.150879 0.000000 0.218961 0.000000 0.975734 0.740950 0.740950 0.740950
3196.531494 0.000000 2608.222412 0.000000 0.369287 0.000000 0.929316 0.720685 0.720685 0.720685
3189.457520 0.000000 2599.845947 0.000000 0.819368 0.000000 0.573268 0.745132 0.745132 0.745132
3191.016113 0.000000 2609.444336 0.000000 0.933867 0.000000 0.357621 0.768226 0.768226 0.768226
3190.356934 0.000000 2614.923340 0.000000 0.770125 0.000000 0.637893 0.768085 0.768085 0.768085
3181.360352 0.000000 2606.471680 0.000000 0.306956 0.000000 0.951724 0.710246 0.710246 0.710246
3162.852783 0.000000 2584.675537 0.000000 0.190358 0.000000 0.981715 0.686781 0.686781 0.686781
3195.632568 0.000000 2569.393555 0.000000 0.202092 0.000000 0.979366 0.702509 0.702509 0.702509
3191.710205 0.000000 2592.172607 0.000000 0.833630 0.000000 -0.552323 0.856097 0.856097 0.856097
3178.505127 0.000000 2597.666260 0.000000 0.616827 0.000000 0.787099 0.743538 0.743538 0.743538
3159.577881 0.000000 2617.747803 0.000000 0.226649 0.000000 0.973976 0.693044 0.693044 0.693044
3183.066406 0.000000 2574.245850 0.000000 0.729416 0.000000 0.684070 0.749898 0.749898 0.749898
3194.773682 0.000000 2594.637207 0.000000 0.842869 0.000000 -0.538118 0.846982 0.846982 0.846982
3178.466064 0.000000 2584.355469 0.000000 0.695589 0.000000 0.718440 0.741887 0.741887 0.741887
3175.023926 0.000000 2577.525635 0.000000 0.835203 0.000000 -0.549942 0.852334 0.852334 0.852334
3179.962891 0.000000 2575.176514 0.000000 0.992266 0.000000 0.124129 0.791127 0.791127 0.791127
3169.335938 0.000000 2583.397949 0.000000 0.336868 0.000000 0.941552 0.702204 0.702204 0.702204
3132.463379 0.000000 2667.821045 0.000000 0.140681 0.000000 0.990055 0.734042 0.734042 0.734042
3107.523926 0.000000 2635.150635 0.000000 0.595533 0.000000 0.803331 0.717276 0.717276 0.717276
3133.275879 0.000000 2660.162109 0.000000 0.768726 0.000000 0.639578 0.726404 0.726404 0.726404
3100.504150 0.000000 2686.992432 0.000000 0.521950 0.000000 0.852976 0.775514 0.775514 0.775514
3134.173340 0.000000 2675.099121 0.000000 0.361868 0.000000 -0.932229 0.935232 0.935232 0.935232
3128.699219 0.000000 2663.607178 0.000000 0.992311 0.000000 0.123773 0.790780 0.790780 0.790780
3095.480469 0.000000 2629.307617 0.000000 0.761416 0.000000 0.648264 0.739991 0.739991 0.739991
3091.874268 0.000000 2645.486328 0.000000 0.563037 0.000000 -0.826432 0.832639 0.832639 0.832639
3130.787598 0.000000 2655.616455 0.000000 0.587267 0.000000 0.809393 0.765530 0.765530 0.765530
3099.751709 0.000000 2656.042725 0.000000 0.999155 0.000000 0.041099 0.799039 0.799039 0.799039
3102.775635 0.000000 2635.332764 0.000000 0.133596 0.000000 0.991036 0.739738 0.739738 0.739738
3135.609375 0.000000 2670.860840 0.000000 0.927812 0.000000 -0.373048 0.823822 0.823822 0.823822
3102.574463 0.000000 2668.103027 0.000000 0.110584 0.000000 -0.993867 0.896226 0.896226 0.896226
3126.080322 0.000000 2686.430176 0.000000 0.957868 0.000000 0.287210 0.768756 0.768756 0.768756
3072.013672 0.000000 2636.653320 0.000000 0.205885 0.000000 -0.978576 0.959301 0.959301 0.959301
3133.952393 0.000000 2656.699219 0.000000 0.955714 0.000000 -0.294298 0.835439 0.835439 0.835439
3103.928711 0.000000 2687.411377 0.000000 0.975870 0.000000 0.218354 0.777710 0.777710 0.777710
3130.345215 0.000000 2665.899170 0.000000 0.975702 0.000000 -0.219101 0.820912 0.820912 0.820912
3131.354004 0.000000 2687.139893 0.000000 0.518150 0.000000 0.855290 0.714541 0.714541 0.714541
3184.281738 0.000000 2645.950928 0.000000 0.390202 0.000000 0.920729 0.621246 0.621246 0.621246
3192.645264 0.000000 2676.367432 0.000000 0.199936 0.000000 0.979809 0.667889 0.667889 0.667889
3173.210205 0.000000 2669.929688 0.000000 0.956242 0.000000 -0.292576 0.824017 0.824017 0.824017
3187.701172 0.000000 2660.844727 0.000000 0.865251 0.000000 0.501338 0.785841 0.785841 0.785841
3194.416260 0.000000 2637.527588 0.000000 0.998360 0.000000 0.057251 0.791248 0.791248 0.791248
3195.275146 0.000000 2650.601562 0.000000 0.965497 0.000000 0.260415 0.759748 0.759748 0.759748
3162.973145 0.000000 2665.816650 0.000000 0.007139 0.000000 -0.999974 0.929292 0.929292 0.929292
3167.319092 0.000000 2679.947754 0.000000 0.220826 0.000000 -0.975313 0.833926 0.833926 0.833926
3181.650391 0.000000 2676.468506 0.000000 0.411331 0.000000 0.911486 0.793128 0.793128 0.793128
3186.365723 0.000000 2684.407227 0.000000 0.982260 0.000000 0.187524 0.790054 0.790054 0.790054
3147.373291 0.000000 2661.818604 0.000000 0.616154 0.000000 0.787626 0.740768 0.740768 0.740768
3161.014648 0.000000 2646.339844 0.000000 0.123334 0.000000 0.992365 0.780924 0.780924 0.780924
3159.673828 0.000000 2674.428467 0.000000 0.330659 0.000000 0.943750 0.657324 0.657324 0.657324
3155.637207 0.000000 2633.028809 0.000000 0.897814 0.000000 -0.440375 0.833608 0.833608 0.833608
3144.797852 0.000000 2644.335449 0.000000 0.032495 0.000000 -0.999472 0.843320 0.843320 0.843320
3149.428711 0.000000 2680.461914 0.000000 0.663746 0.000000 -0.747958 0.818733 0.818733 0.818733
3166.934082 0.000000 2652.268066 0.000000 0.460798 0.000000 0.887505 0.756820 0.756820 0.756820
3175.929932 0.000000 2649.592041 0.000000 0.759727 0.000000 0.650243 0.712624 0.712624 0.712624
3197.275879 0.000000 2660.162109 0.000000 0.999295 0.000000 -0.037544 0.804523 0.804523 0.804523
3183.553467 0.000000 2625.431885 0.000000 0.110214 0.000000 0.993908 0.717750 0.717750 0.717750
3188.677979 0.000000 2670.331299 0.000000 0.805736 0.000000 0.592275 0.769996 0.769996 0.769996
3191.376709 0.000000 2644.529785 0.000000 0.274543 0.000000 0.961575 0.631151 0.631151 0.631151
3164.504150 0.000000 2686.992432 0.000000 0.054588 0.000000 0.998509 0.675542 0.675542 0.675542
3166.719971 0.000000 2659.818848 0.000000 0.847530 0.000000 -0.530747 0.825142 0.825142 0.825142
3195.670166 0.000000 2630.378418 0.000000 0.706366 0.000000 0.707846 0.731674 0.731674 0.731674
3151.584717 0.000000 2656.958496 0.000000 0.642194 0.000000 0.766542 0.722022 0.722022 0.722022
3144.257080 0.000000 2667.504150 0.000000 0.743006 0.000000 -0.669285 0.912032 0.912032 0.912032
3136.100586 0.000000 2685.086426 0.000000 0.778970 0.000000 0.627061 0.713906 0.713906 0.713906
3154.083252 0.000000 2676.457275 0.000000 0.871534 0.000000 0.490335 0.721700 0.721700 0.721700
3177.437256 0.000000 2626.075195 0.000000 0.761651 0.000000 -0.647987 0.847729 0.847729 0.847729
3169.672363 0.000000 2664.879639 0.000000 0.995856 0.000000 0.090945 0.798527 0.798527 0.798527
3141.252441 0.000000 2662.042725 0.000000 0.486624 0.000000 -0.873612 0.835017 0.835017 0.835017
3170.251953 0.000000 2685.171631 0.000000 0.511328 0.000000 -0.859385 0.816109 0.816109 0.816109
3197.653320 0.000000 2624.806396 0.000000 0.906280 0.000000 -0.422679 0.866677 0.866677 0.866677
3147.854736 0.000000 2639.435059 0.000000 0.962302 0.000000 0.271985 0.779039 0.779039 0.779039
3158.067627 0.000000 2668.634521 0.000000 0.985720 0.000000 0.168390 0.793917 0.793917 0.793917
3178.611328 0.000000 2671.847168 0.000000 0.987492 0.000000 0.157671 0.795067 0.795067 0.795067
3157.501221 0.000000 2650.272461 0.000000 0.764067 0.000000 -0.645137 0.823948 0.823948 0.823948
3141.360596 0.000000 2648.334473 0.000000 0.976634 0.000000 -0.214909 0.812719 0.812719 0.812719
3178.893799 0.000000 2645.241943 0.000000 0.985449 0.000000 0.169973 0.789357 0.789357 0.789357
3142.586426 0.000000 2639.758545 0.000000 0.998327 0.000000 0.057829 0.795008 0.795008 0.795008
3194.787598 0.000000 2655.616455 0.000000 0.998422 0.000000 0.056157 0.797542 0.797542 0.797542
3136.934570 0.000000 2680.146240 0.000000 0.673049 0.000000 -0.739598 0.861850 0.861850 0.861850
3149.640869 0.000000 2673.921875 0.000000 0.113790 0.000000 0.993505 0.732791 0.732791 0.732791
3139.764160 0.000000 2671.516113 0.000000 0.754402 0.000000 0.656413 0.772971 0.772971 0.772971
3182.322510 0.000000 2641.055664 0.000000 0.757029 0.000000 -0.653381 0.814079 0.814079 0.814079
3162.162354 0.000000 2651.509766 0.000000 0.996366 0.000000 -0.085178 0.803832 0.803832 0.803832
3187.368652 0.000000 2641.918701 0.000000 0.571136 0.000000 0.820855 0.701919 0.701919 0.701919
3163.751709 0.000000 2656.042725 0.000000 0.998213 0.000000 0.059755 0.794161 0.794161 0.794161
3162.408691 0.000000 2670.532959 0.000000 0.356428 0.000000 -0.934323 0.908422 0.908422 0.908422
3146.628174 0.000000 2657.324707 0.000000 0.692068 0.000000 0.721833 0.779706 0.779706 0.779706
3198.265381 0.000000 2634.700684 0.000000 0.286265 0.000000 0.958150 0.666504 0.666504 0.666504
3198.278564 0.000000 2639.923340 0.000000 0.277719 0.000000 -0.960662 0.874166 0.874166 0.874166
3160.600586 0.000000 2634.100098 0.000000 0.994872 0.000000 -0.101141 0.804492 0.804492 0.804492
3174.374756 0.000000 2644.287109 0.000000 0.957169 0.000000 -0.289529 0.813024 0.813024 0.813024
3155.843750 0.000000 2672.372314 0.000000 0.371588 0.000000 -0.928398 0.873445 0.873445 0.873445
3169.121826 0.000000 2656.121582 0.000000 0.977539 0.000000 0.210756 0.780024 0.780024 0.780024
3163.928955 0.000000 2676.033691 0.000000 0.639776 0.000000 -0.768561 0.907672 0.907672 0.907672
3198.972656 0.000000 2653.459717 0.000000 0.090354 0.000000 0.995910 0.706869 0.706869 0.706869
3154.546143 0.000000 2637.387207 0.000000 0.752043 0.000000 0.659114 0.762487 0.762487 0.762487
3171.982422 0.000000 2661.303711 0.000000 0.836021 0.000000 -0.548698 0.840716 0.840716 0.840716
3159.028320 0.000000 2642.613525 0.000000 0.848157 0.000000 0.529744 0.762534 0.762534 0.762534
3148.211670 0.000000 2669.101074 0.000000 0.256917 0.000000 -0.966433 0.917039 0.917039 0.917039
3191.090576 0.000000 2640.181152 0.000000 0.803813 0.000000 -0.594882 0.837029 0.837029 0.837029
3192.031250 0.000000 2628.688721 0.000000 0.287310 0.000000 -0.957838 0.950247 0.950247 0.950247
3192.689209 0.000000 2633.062744 0.000000 0.059809 0.000000 -0.998210 0.976537 0.976537 0.976537
3185.971924 0.000000 2652.266602 0.000000 0.629752 0.000000 -0.776796 0.912463 0.912463 0.912463
3173.122314 0.000000 2652.998779 0.000000 0.843277 0.000000 -0.537480 0.837060 0.837060 0.837060
3158.794189 0.000000 2664.649170 0.000000 0.243028 0.000000 -0.970019 0.888144 0.888144 0.888144
3154.711426 0.000000 2666.198486 0.000000 0.781839 0.000000 -0.623480 0.883898 0.883898 0.883898
3165.569336 0.000000 2683.336182 0.000000 0.273827 0.000000 0.961779 0.650428 0.650428 0.650428
3194.227295 0.000000 2647.046387 0.000000 0.995861 0.000000 0.090891 0.791602 0.791602 0.791602
3199.362305 0.000000 2630.895264 0.000000 0.480232 0.000000 0.877142 0.737819 0.737819 0.737819
3166.089600 0.000000 2663.723145 0.000000 0.988241 0.000000 -0.152904 0.805978 0.805978 0.805978
3136.278320 0.000000 2670.224365 0.000000 0.987483 0.000000 -0.157728 0.812527 0.812527 0.812527
3183.768066 0.000000 2679.587402 0.000000 0.899671 0.000000 0.436568 0.748027 0.748027 0.748027
3191.571289 0.000000 2651.262695 0.000000 0.229172 0.000000 -0.973386 0.891500 0.891500 0.891500
3141.425049 0.000000 2643.414551 0.000000 0.510123 0.000000 -0.860102 0.889961 0.889961 0.889961
3144.186768 0.000000 2660.134277 0.000000 0.995705 0.000000 -0.092577 0.807777 0.807777 0.807777
3144.366455 0.000000 2663.641602 0.000000 0.869771 0.000000 -0.493455 0.864934 0.864934 0.864934
3141.248779 0.000000 2665.675781 0.000000 0.929526 0.000000 -0.368756 0.822629 0.822629 0.822629
3143.334717 0.000000 2670.736328 0.000000 0.633175 0.000000 0.774008 0.734766 0.734766 0.734766
3197.952393 0.000000 2656.699219 0.000000 0.841747 0.000000 -0.539872 0.841345 0.841345 0.841345
3188.878174 0.000000 2657.461426 0.000000 0.411325 0.000000 -0.911489 0.929190 0.929190 0.929190
3167.928711 0.000000 2687.411377 0.000000 0.947250 0.000000 -0.320496 0.822871 0.822871 0.822871
3149.280762 0.000000 2659.118408 0.000000 0.996199 0.000000 -0.087110 0.804233 0.804233 0.804233
3173.543457 0.000000 2647.342041 0.000000 0.679609 0.000000 0.733575 0.718579 0.718579 0.718579
3152.745361 0.000000 2673.017822 0.000000 0.964206 0.000000 0.265154 0.771539 0.771539 0.771539
3191.016113 0.000000 2673.444336 0.000000 0.996959 0.000000 -0.077929 0.808787 0.808787 0.808787
3197.974365 0.000000 2628.018555 0.000000 0.115440 0.000000 0.993314 0.732867 0.732867 0.732867
3190.356934 0.000000 2678.923340 0.000000 0.682434 0.000000 0.730947 0.747939 0.747939 0.747939
3169.669922 0.000000 2682.098877 0.000000 0.797021 0.000000 0.603951 0.731230 0.731230 0.731230
3148.537354 0.000000 2633.006348 0.000000 0.822950 0.000000 -0.568114 0.853942 0.853942 0.853942
3149.388672 0.000000 2686.958984 0.000000 0.933851 0.000000 -0.357661 0.831339 0.831339 0.831339
3172.946777 0.000000 2686.797119 0.000000 0.262992 0.000000 -0.964798 0.936020 0.936020 0.936020
3159.391846 0.000000 2671.405762 0.000000 0.446227 0.000000 0.894920 0.734261 0.734261 0.734261
3179.747070 0.000000 2652.383545 0.000000 0.999360 0.000000 -0.035763 0.802701 0.802701 0.802701
3193.664062 0.000000 2679.247559 0.000000 0.980165 0.000000 0.198182 0.789242 0.789242 0.789242
3155.208252 0.000000 2679.416504 0.000000 0.750779 0.000000 0.660554 0.754605 0.754605 0.754605
3181.792725 0.000000 2644.390381 0.000000 0.994873 0.000000 0.101130 0.790895 0.790895 0.790895
3164.506104 0.000000 2678.950684 0.000000 0.867020 0.000000 0.498273 0.769372 0.769372 0.769372
3156.637451 0.000000 2675.133301 0.000000 0.676860 0.000000 0.736112 0.725645 0.725645 0.725645
3160.821777 0.000000 2677.130615 0.000000 0.295482 0.000000 0.955348 0.720809 0.720809 0.720809
3138.896973 0.000000 2664.012695 0.000000 0.983854 0.000000 -0.178972 0.815633 0.815633 0.815633
3185.111328 0.000000 2640.144043 0.000000 0.539368 0.000000 0.842070 0.707025 0.707025 0.707025
3184.562744 0.000000 2682.309326 0.000000 0.044822 0.000000 -0.998995 0.901489 0.901489 0.901489
3140.095703 0.000000 2640.938477 0.000000 0.270512 0.000000 -0.962717 0.905679 0.905679 0.905679
3146.295898 0.000000 2651.469727 0.000000 0.008238 0.000000 -0.999966 0.917966 0.917966 0.917966
3220.968506 0.000000 2619.060791 0.000000 0.816900 0.000000 0.576779 0.765743 0.765743 0.765743
3201.500977 0.000000 2575.863037 0.000000 0.949935 0.000000 0.312448 0.776962 0.776962 0.776962
3248.281738 0.000000 2581.950928 0.000000 0.721587 0.000000 -0.692323 0.853150 0.853150 0.853150
3228.366943 0.000000 2567.669678 0.000000 0.743072 0.000000 -0.669211 0.890052 0.890052 0.890052
3255.058105 0.000000 2560.751953 0.000000 0.784120 0.000000 0.620609 0.697705 0.697705 0.697705
3205.561279 0.000000 2618.570312 0.000000 0.933895 0.000000 0.357546 0.744134 0.744134 0.744134
3217.064209 0.000000 2577.424316 0.000000 0.891393 0.000000 0.453231 0.765052 0.765052 0.765052
3242.987793 0.000000 2567.951660 0.000000 0.931211 0.000000 0.364480 0.759540 0.759540 0.759540
3258.416260 0.000000 2573.527588 0.000000 0.890577 0.000000 -0.454832 0.833950 0.833950 0.833950
3237.349609 0.000000 2593.140137 0.000000 0.912745 0.000000 -0.408530 0.834798 0.834798 0.834798
3259.275146 0.000000 2586.601562 0.000000 0.986871 0.000000 0.161508 0.783379 0.783379 0.783379
3226.973145 0.000000 2601.816650 0.000000 0.908143 0.000000 -0.418659 0.826400 0.826400 0.826400
3231.319092 0.000000 2615.947754 0.000000 0.997469 0.000000 0.071108 0.789126 0.789126 0.789126
3245.650391 0.000000 2612.468506 0.000000 0.649080 0.000000 0.760720 0.689679 0.689679 0.689679
3211.373291 0.000000 2597.818604 0.000000 0.705877 0.000000 0.708335 0.679734 0.679734 0.679734
3200.712646 0.000000 2594.175537 0.000000 0.248510 0.000000 0.968629 0.779442 0.779442 0.779442
3225.014648 0.000000 2582.339844 0.000000 0.993476 0.000000 0.114039 0.786030 0.786030 0.786030
3223.673828 0.000000 2610.428467 0.000000 0.056840 0.000000 0.998383 0.699312 0.699312 0.699312
3245.892334 0.000000 2603.312012 0.000000 0.391768 0.000000 0.920064 0.707603 0.707603 0.707603
3246.140869 0.000000 2590.295654 0.000000 0.466131 0.000000 0.884716 0.717370 0.717370 0.717370
3216.207520 0.000000 2586.596191 0.000000 0.519690 0.000000 -0.854355 0.854009 0.854009 0.854009
3208.797852 0.000000 2580.335449 0.000000 0.925232 0.000000 0.379401 0.740542 0.740542 0.740542
3200.499756 0.000000 2611.129639 0.000000 0.978311 0.000000 0.207141 0.768120 0.768120 0.768120
3230.934082 0.000000 2588.268066 0.000000 0.142261 0.000000 0.989829 0.657963 0.657963 0.657963
3235.523926 0.000000 2571.150635 0.000000 0.550612 0.000000 -0.834761 0.950909 0.950909 0.950909
3228.772461 0.000000 2575.317139 0.000000 0.715307 0.000000 -0.698811 0.892720 0.892720 0.892720
3261.275879 0.000000 2596.162109 0.000000 0.407199 0.000000 -0.913339 0.846223 0.846223 0.846223
3219.627441 0.000000 2598.229980 0.000000 0.916318 0.000000 -0.400451 0.814071 0.814071 0.814071
3252.677979 0.000000 2606.331299 0.000000 0.894261 0.000000 -0.447545 0.812511 0.812511 0.812511
3255.376709 0.000000 2580.529785 0.000000 0.746257 0.000000 -0.665658 0.911287 0.911287 0.911287
3228.504150 0.000000 2622.992432 0.000000 0.968016 0.000000 0.250887 0.761253 0.761253 0.761253
3259.670166 0.000000 2566.378418 0.000000 0.862576 0.000000 0.505927 0.791101 0.791101 0.791101
3230.703125 0.000000 2608.679688 0.000000 0.995028 0.000000 0.099597 0.798745 0.798745 0.798745
3252.888672 0.000000 2567.308105 0.000000 0.973288 0.000000 -0.229586 0.809022 0.809022 0.809022
3253.523926 0.000000 2590.232178 0.000000 0.955712 0.000000 -0.294303 0.824342 0.824342 0.824342
3238.957764 0.000000 2612.401611 0.000000 0.913555 0.000000 0.406716 0.784691 0.784691 0.784691
3215.584717 0.000000 2592.958496 0.000000 0.508289 0.000000 0.861186 0.744047 0.744047 0.744047
3208.257080 0.000000 2603.504150 0.000000 0.380401 0.000000 -0.924822 0.919544 0.919544 0.919544
3222.726562 0.000000 2574.325928 0.000000 0.537786 0.000000 -0.843082 0.929207 0.929207 0.929207
3245.218750 0.000000 2596.399902 0.000000 0.102012 0.000000 0.994783 0.575613 0.575613 0.575613
3261.435791 0.000000 2580.831055 0.000000 0.875942 0.000000 0.482417 0.744802 0.744802 0.744802
3200.100586 0.000000 2621.086426 0.000000 0.365395 0.000000 -0.930852 0.888197 0.888197 0.888197
3206.784424 0.000000 2564.691895 0.000000 0.042444 0.000000 0.999099 0.734983 0.734983 0.734983
3216.590576 0.000000 2563.759033 0.000000 0.520255 0.000000 -0.854011 0.885254 0.885254 0.885254
3218.083252 0.000000 2612.457275 0.000000 0.783893 0.000000 0.620896 0.779931 0.779931 0.779931
3241.437256 0.000000 2562.075195 0.000000 0.412072 0.000000 0.911151 0.651674 0.651674 0.651674
3233.672363 0.000000 2600.879639 0.000000 0.935024 0.000000 -0.354583 0.814768 0.814768 0.814768
3205.252441 0.000000 2598.042725 0.000000 0.812645 0.000000 0.582759 0.706438 0.706438 0.706438
3210.362305 0.000000 2621.712891 0.000000 0.999080 0.000000 0.042891 0.796992 0.796992 0.796992
3261.653320 0.000000 2560.806396 0.000000 0.955533 0.000000 0.294884 0.754265 0.754265 0.754265
3211.854736 0.000000 2575.435059 0.000000 0.402222 0.000000 0.915542 0.757718 0.757718 0.757718
3225.708008 0.000000 2615.805664 0.000000 0.983307 0.000000 0.181952 0.785967 0.785967 0.785967
3222.067627 0.000000 2604.634521 0.000000 0.844021 0.000000 0.536310 0.751160 0.751160 0.751160
3242.611328 0.000000 2607.847168 0.000000 0.555237 0.000000 -0.831692 0.950061 0.950061 0.950061
3205.573486 0.000000 2623.956787 0.000000 0.011461 0.000000 0.999934 0.604729 0.604729 0.604729
3214.736816 0.000000 2571.170654 0.000000 0.889687 0.000000 0.456571 0.781250 0.781250 0.781250
3237.095703 0.000000 2617.050781 0.000000 0.930736 0.000000 0.365693 0.793495 0.793495 0.793495
3203.025879 0.000000 2589.487305 0.000000 0.996782 0.000000 0.080154 0.797019 0.797019 0.797019
3242.893799 0.000000 2581.241943 0.000000 0.236002 0.000000 -0.971753 0.827146 0.827146 0.827146
3247.760254 0.000000 2566.595703 0.000000 0.448874 0.000000 -0.893595 0.841060 0.841060 0.841060
3219.874268 0.000000 2581.486328 0.000000 0.409246 0.000000 0.912424 0.730457 0.730457 0.730457
3200.934570 0.000000 2616.146240 0.000000 0.782923 0.000000 0.622119 0.749309 0.749309 0.749309
3212.172119 0.000000 2565.927979 0.000000 0.618521 0.000000 -0.785768 0.825456 0.825456 0.825456
3229.620605 0.000000 2583.662842 0.000000 0.853915 0.000000 0.520413 0.729491 0.729491 0.729491
3244.970947 0.000000 2585.687256 0.000000 0.850654 0.000000 -0.525725 0.859703 0.859703 0.859703
3241.306641 0.000000 2590.177979 0.000000 0.030967 0.000000 -0.999520 0.842441 0.842441 0.842441
3205.866211 0.000000 2593.456055 0.000000 0.952372 0.000000 -0.304940 0.820609 0.820609 0.820609
3210.125244 0.000000 2584.783691 0.000000 0.122003 0.000000 -0.992530 0.867696 0.867696 0.867696
3262.265381 0.000000 2570.700684 0.000000 0.926214 0.000000 0.376998 0.768501 0.768501 0.768501
3262.278564 0.000000 2575.923340 0.000000 0.530091 0.000000 -0.847941 0.875195 0.875195 0.875195
3239.941406 0.000000 2572.199219 0.000000 0.136407 0.000000 0.990653 0.759618 0.759618 0.759618
3200.331299 0.000000 2598.835205 0.000000 0.452109 0.000000 0.891963 0.645539 0.645539 0.645539
3238.374756 0.000000 2580.287109 0.000000 0.983194 0.000000 0.182565 0.782179 0.782179 0.782179
3219.843750 0.000000 2608.372314 0.000000 0.727845 0.000000 0.685741 0.715789 0.715789 0.715789
3233.121826 0.000000 2592.121582 0.000000 0.837710 0.000000 0.546115 0.783731 0.783731 0.783731
3212.546875 0.000000 2589.193848 0.000000 0.148336 0.000000 -0.988937 0.909052 0.909052 0.909052
3228.427734 0.000000 2579.569092 0.000000 0.095763 0.000000 0.995404 0.616188 0.616188 0.616188
3218.546143 0.000000 2573.387207 0.000000 0.010124 0.000000 -0.999949 0.909408 0.909408 0.909408
3235.982422 0.000000 2597.303711 0.000000 0.434584 0.000000 0.900631 0.718712 0.718712 0.718712
3225.065674 0.000000 2620.302246 0.000000 0.877214 0.000000 -0.480100 0.860009 0.860009 0.860009
3223.028320 0.000000 2578.613525 0.000000 0.921127 0.000000 -0.389262 0.847434 0.847434 0.847434
3252.107178 0.000000 2610.510010 0.000000 0.239215 0.000000 -0.970967 0.851769 0.851769 0.851769
3212.211670 0.000000 2605.101074 0.000000 0.996335 0.000000 -0.085540 0.803438 0.803438 0.803438
3241.959961 0.000000 2615.235596 0.000000 0.446148 0.000000 -0.894959 0.913559 0.913559 0.913559
3221.874756 0.000000 2614.274414 0.000000 0.574395 0.000000 0.818578 0.669574 0.669574 0.669574
3204.120850 0.000000 2561.254639 0.000000 0.212336 0.000000 -0.977197 0.862599 0.862599 0.862599
3255.090576 0.000000 2576.181152 0.000000 0.062675 0.000000 0.998034 0.615666 0.615666 0.615666
3256.031250 0.000000 2564.688721 0.000000 0.994663 0.000000 0.103173 0.790773 0.790773 0.790773
3256.689209 0.000000 2569.062744 0.000000 0.813537 0.000000 -0.581513 0.835325 0.835325 0.835325
3237.122314 0.000000 2588.998779 0.000000 0.872949 0.000000 -0.487812 0.850074 0.850074 0.850074
3232.448730 0.000000 2577.080078 0.000000 0.029314 0.000000 -0.999570 0.931153 0.931153 0.931153
3205.864990 0.000000 2571.321777 0.000000 0.331613 0.000000 0.943416 0.652270 0.652270 0.652270
3219.933838 0.000000 2594.131104 0.000000 0.558641 0.000000 0.829409 0.749602 0.749602 0.749602
3216.064697 0.000000 2596.701904 0.000000 0.865321 0.000000 -0.501219 0.852218 0.852218 0.852218
3215.404785 0.000000 2560.101074 0.000000 0.933786 0.000000 0.357833 0.787063 0.787063 0.787063
3258.515625 0.000000 2578.426025 0.000000 0.168582 0.000000 -0.985688 0.851221 0.851221 0.851221
3247.689453 0.000000 2570.353760 0.000000 0.201958 0.000000 -0.979394 0.925358 0.925358 0.925358
3258.227295 0.000000 2583.046387 0.000000 0.956336 0.000000 -0.292268 0.822036 0.822036 0.822036
3247.768066 0.000000 2615.587402 0.000000 0.987119 0.000000 0.159989 0.787966 0.787966 0.787966
3211.433594 0.000000 2601.447021 0.000000 0.116119 0.000000 -0.993235 0.892373 0.892373 0.892373
3239.417480 0.000000 2568.753906 0.000000 0.431388 0.000000 -0.902166 0.862001 0.862001 0.862001
3208.186768 0.000000 2596.134277 0.000000 0.627895 0.000000 -0.778298 0.886578 0.886578 0.886578
3208.366455 0.000000 2599.641602 0.000000 0.771698 0.000000 0.635989 0.730203 0.730203 0.730203
3242.376709 0.000000 2611.435547 0.000000 0.420148 0.000000 -0.907456 0.902206 0.902206 0.902206
3213.613281 0.000000 2619.928223 0.000000 0.382086 0.000000 0.924127 0.654508 0.654508 0.654508
3261.952393 0.000000 2592.699219 0.000000 0.137689 0.000000 -0.990476 0.931337 0.931337 0.931337
3215.162842 0.000000 2574.655762 0.000000 0.244789 0.000000 -0.969576 0.893574 0.893574 0.893574
3238.725830 0.000000 2609.065430 0.000000 0.803338 0.000000 0.595523 0.754898 0.754898 0.754898
3216.860352 0.000000 2583.274658 0.000000 0.960067 0.000000 -0.279769 0.811893 0.811893 0.811893
3240.751221 0.000000 2565.386230 0.000000 0.844727 0.000000 0.535198 0.746875 0.746875 0.746875
3252.878174 0.000000 2593.461426 0.000000 0.236429 0.000000 -0.971649 0.923715 0.923715 0.923715
3243.883545 0.000000 2592.944336 0.000000 0.816662 0.000000 0.577116 0.725910 0.725910 0.725910
3227.393799 0.000000 2572.328369 0.000000 0.429784 0.000000 0.902932 0.738576 0.738576 0.738576
3206.541992 0.000000 2568.038086 0.000000 0.548344 0.000000 0.836253 0.750152 0.750152 0.750152
3220.391357 0.000000 2576.639160 0.000000 0.792836 0.000000 -0.609434 0.853403 0.853403 0.853403
3200.023926 0.000000 2588.332275 0.000000 0.447066 0.000000 0.894501 0.670623 0.670623 0.670623
3234.571045 0.000000 2615.112549 0.000000 0.504975 0.000000 -0.863134 0.866144 0.866144 0.866144
3233.669922 0.000000 2618.098877 0.000000 0.474297 0.000000 0.880365 0.734201 0.734201 0.734201
3204.930664 0.000000 2604.693848 0.000000 0.926410 0.000000 -0.376517 0.833307 0.833307 0.833307
3251.088623 0.000000 2560.206299 0.000000 0.152892 0.000000 -0.988243 0.935873 0.935873 0.935873
3232.272949 0.000000 2560.253662 0.000000 0.936224 0.000000 0.351403 0.778701 0.778701 0.778701
3213.661133 0.000000 2562.814941 0.000000 0.723696 0.000000 0.690119 0.754820 0.754820 0.754820
3209.280762 0.000000 2566.682617 0.000000 0.899366 0.000000 -0.437197 0.826027 0.826027 0.826027
3234.186523 0.000000 2594.909668 0.000000 0.440056 0.000000 0.897970 0.691759 0.691759 0.691759
3234.640137 0.000000 2603.829590 0.000000 0.353222 0.000000 0.935539 0.716640 0.716640 0.716640
3263.692627 0.000000 2578.553467 0.000000 0.960536 0.000000 0.278155 0.771120 0.771120 0.771120
3219.208252 0.000000 2615.416504 0.000000 0.275862 0.000000 0.961197 0.720307 0.720307 0.720307
3226.568115 0.000000 2609.466553 0.000000 0.914765 0.000000 -0.403986 0.823423 0.823423 0.823423
3245.792725 0.000000 2580.390381 0.000000 0.682968 0.000000 -0.730449 0.877532 0.877532 0.877532
3259.632568 0.000000 2569.393555 0.000000 0.958834 0.000000 -0.283966 0.827603 0.827603 0.827603
3240.175781 0.000000 2606.330566 0.000000 0.094065 0.000000 -0.995566 0.902629 0.902629 0.902629
3240.309814 0.000000 2582.479004 0.000000 0.966640 0.000000 0.256140 0.780445 0.780445 0.780445
3246.680176 0.000000 2593.104980 0.000000 0.897798 0.000000 0.440408 0.768029 0.768029 0.768029
3217.357178 0.000000 2570.443604 0.000000 0.055833 0.000000 0.998440 0.675644 0.675644 0.675644
3242.232910 0.000000 2570.592529 0.000000 0.427634 0.000000 0.903952 0.701919 0.701919 0.701919
3219.219727 0.000000 2578.983887 0.000000 0.893727 0.000000 0.448611 0.767109 0.767109 0.767109
3262.191895 0.000000 2587.004883 0.000000 0.931255 0.000000 0.364367 0.770056 0.770056 0.770056
3253.947998 0.000000 2612.438965 0.000000 0.361486 0.000000 -0.932378 0.894983 0.894983 0.894983
3220.696045 0.000000 2562.732422 0.000000 0.815832 0.000000 0.578289 0.751969 0.751969 0.751969
3213.817627 0.000000 2598.457031 0.000000 0.999104 0.000000 -0.042312 0.803246 0.803246 0.803246
3265.500977 0.000000 2575.863037 0.000000 0.931966 0.000000 0.362547 0.772436 0.772436 0.772436
3312.281738 0.000000 2581.950928 0.000000 0.991375 0.000000 0.131057 0.796850 0.796850 0.796850
3320.645264 0.000000 2612.367432 0.000000 0.103558 0.000000 0.994623 0.609254 0.609254 0.609254
3275.378418 0.000000 2560.790527 0.000000 0.896524 0.000000 -0.442996 0.870121 0.870121 0.870121
3315.701172 0.000000 2596.844727 0.000000 0.673770 0.000000 0.738941 0.733738 0.733738 0.733738
3304.323730 0.000000 2621.959473 0.000000 0.218004 0.000000 0.975948 0.773287 0.773287 0.773287
3281.064209 0.000000 2577.424316 0.000000 0.085468 0.000000 0.996341 0.573074 0.573074 0.573074
3272.167236 0.000000 2589.333496 0.000000 0.938754 0.000000 -0.344589 0.840261 0.840261 0.840261
3306.987793 0.000000 2567.951660 0.000000 0.902476 0.000000 0.430740 0.774652 0.774652 0.774652
3297.790039 0.000000 2580.919434 0.000000 0.504387 0.000000 -0.863478 0.959225 0.959225 0.959225
3301.349609 0.000000 2593.140137 0.000000 0.868726 0.000000 -0.495294 0.817697 0.817697 0.817697
3323.275146 0.000000 2586.601562 0.000000 0.571867 0.000000 -0.820347 0.840349 0.840349 0.840349
3264.367432 0.000000 2563.297363 0.000000 0.644799 0.000000 -0.764352 0.857864 0.857864 0.857864
3290.973145 0.000000 2601.816650 0.000000 0.245090 0.000000 0.969500 0.637473 0.637473 0.637473
3299.497070 0.000000 2560.566162 0.000000 0.955951 0.000000 0.293527 0.770190 0.770190 0.770190
3275.373291 0.000000 2597.818604 0.000000 0.975048 0.000000 -0.221994 0.834203 0.834203 0.834203
3309.892334 0.000000 2603.312012 0.000000 0.830204 0.000000 0.557459 0.765987 0.765987 0.765987
3283.637207 0.000000 2569.028809 0.000000 0.222306 0.000000 0.974977 0.719315 0.719315 0.719315
3305.543945 0.000000 2576.418701 0.000000 0.669076 0.000000 -0.743194 0.835642 0.835642 0.835642
3299.523926 0.000000 2571.150635 0.000000 0.623384 0.000000 -0.781915 0.937163 0.937163 0.937163
3325.275879 0.000000 2596.162109 0.000000 0.211685 0.000000 -0.977338 0.936647 0.936647 0.936647
3316.677979 0.000000 2606.331299 0.000000 0.545357 0.000000 0.838204 0.765457 0.765457 0.765457
3294.719971 0.000000 2595.818848 0.000000 0.998115 0.000000 -0.061368 0.804636 0.804636 0.804636
3323.670166 0.000000 2566.378418 0.000000 0.993345 0.000000 0.115176 0.787689 0.787689 0.787689
3303.853271 0.000000 2599.449951 0.000000 0.885156 0.000000 0.465295 0.760853 0.760853 0.760853
3279.584717 0.000000 2592.958496 0.000000 0.236749 0.000000 -0.971571 0.969168 0.969168 0.969168
3309.218750 0.000000 2596.399902 0.000000 0.585130 0.000000 0.810939 0.750700 0.750700 0.750700
3270.784424 0.000000 2564.691895 0.000000 0.402620 0.000000 0.915367 0.632320 0.632320 0.632320
3280.590576 0.000000 2563.759033 0.000000 0.126632 0.000000 0.991950 0.579400 0.579400 0.579400
3269.252441 0.000000 2598.042725 0.000000 0.419350 0.000000 0.907825 0.661575 0.661575 0.661575
3298.251953 0.000000 2621.171631 0.000000 0.543392 0.000000 0.839479 0.672249 0.672249 0.672249
3275.854736 0.000000 2575.435059 0.000000 0.890691 0.000000 -0.454609 0.872106 0.872106 0.872106
3289.708008 0.000000 2615.805664 0.000000 0.538103 0.000000 0.842879 0.741128 0.741128 0.741128
3306.611328 0.000000 2607.847168 0.000000 0.918971 0.000000 0.394325 0.768185 0.768185 0.768185
3319.659180 0.000000 2617.764648 0.000000 0.976567 0.000000 0.215216 0.779465 0.779465 0.779465
3285.501221 0.000000 2586.272461 0.000000 0.312509 0.000000 -0.949915 0.836036 0.836036 0.836036
3289.410400 0.000000 2596.740967 0.000000 0.648020 0.000000 -0.761624 0.845652 0.845652 0.845652
3278.736816 0.000000 2571.170654 0.000000 0.173665 0.000000 0.984805 0.694590 0.694590 0.694590
3301.095703 0.000000 2617.050781 0.000000 0.807251 0.000000 0.590208 0.780330 0.780330 0.780330
3267.025879 0.000000 2589.487305 0.000000 0.072945 0.000000 0.997336 0.705770 0.705770 0.705770
3311.760254 0.000000 2566.595703 0.000000 0.276578 0.000000 -0.960991 0.913671 0.913671 0.913671
3283.874268 0.000000 2581.486328 0.000000 0.797660 0.000000 0.603108 0.775562 0.775562 0.775562
3314.746094 0.000000 2601.668457 0.000000 0.357349 0.000000 -0.933971 0.923500 0.923500 0.923500
3310.322510 0.000000 2577.055664 0.000000 0.611019 0.000000 -0.791616 0.831744 0.831744 0.831744
3276.172119 0.000000 2565.927979 0.000000 0.978664 0.000000 -0.205469 0.823311 0.823311 0.823311
3298.930176 0.000000 2585.593506 0.000000 0.491168 0.000000 -0.871065 0.870323 0.870323 0.870323
3293.620605 0.000000 2583.662842 0.000000 0.747042 0.000000 0.664777 0.754686 0.754686 0.754686
3308.970947 0.000000 2585.687256 0.000000 0.894097 0.000000 -0.447873 0.834503 0.834503 0.834503
3305.306641 0.000000 2590.177979 0.000000 0.459722 0.000000 0.888063 0.747603 0.747603 0.747603
3265.917480 0.000000 2580.549072 0.000000 0.813800 0.000000 0.581145 0.770275 0.770275 0.770275
3326.265381 0.000000 2570.700684 0.000000 0.387309 0.000000 -0.921950 0.829521 0.829521 0.829521
3264.331299 0.000000 2598.835205 0.000000 0.887014 0.000000 0.461742 0.759164 0.759164 0.759164
3302.374756 0.000000 2580.287109 0.000000 0.175139 0.000000 -0.984544 0.926190 0.926190 0.926190
3319.952393 0.000000 2595.111816 0.000000 0.949238 0.000000 -0.314559 0.816681 0.816681 0.816681
3283.843750 0.000000 2608.372314 0.000000 0.904836 0.000000 -0.425761 0.830305 0.830305 0.830305
3317.978271 0.000000 2572.223877 0.000000 0.000860 0.000000 -1.000000 0.906295 0.906295 0.906295
3291.928955 0.000000 2612.033691 0.000000 0.886025 0.000000 0.463637 0.776891 0.776891 0.776891
3313.663330 0.000000 2592.828125 0.000000 0.207797 0.000000 0.978172 0.671111 0.671111 0.671111
3305.210205 0.000000 2594.904785 0.000000 0.815648 0.000000 -0.578548 0.877998 0.877998 0.877998
3316.107178 0.000000 2610.510010 0.000000 0.556863 0.000000 0.830605 0.677254 0.677254 0.677254
3326.313721 0.000000 2600.150879 0.000000 0.834219 0.000000 -0.551434 0.875942 0.875942 0.875942
3319.588867 0.000000 2603.575195 0.000000 0.175238 0.000000 0.984526 0.732314 0.732314 0.732314
3301.122314 0.000000 2588.998779 0.000000 0.678876 0.000000 -0.734253 0.848912 0.848912 0.848912
3289.606445 0.000000 2560.135986 0.000000 0.887709 0.000000 0.460404 0.741232 0.741232 0.741232
3312.097412 0.000000 2598.939453 0.000000 0.744001 0.000000 -0.668179 0.824115 0.824115 0.824115
3293.569336 0.000000 2619.336182 0.000000 0.261684 0.000000 0.965154 0.640363 0.640363 0.640363
3279.404785 0.000000 2560.101074 0.000000 0.996984 0.000000 -0.077601 0.805120 0.805120 0.805120
3267.216064 0.000000 2565.769775 0.000000 0.767828 0.000000 0.640656 0.720839 0.720839 0.720839
3280.258057 0.000000 2567.456543 0.000000 0.165335 0.000000 0.986237 0.695635 0.695635 0.695635
3307.523193 0.000000 2600.381348 0.000000 0.930821 0.000000 0.365476 0.767943 0.767943 0.767943
3294.089600 0.000000 2599.723145 0.000000 0.739326 0.000000 -0.673347 0.831426 0.831426 0.831426
3319.571289 0.000000 2587.262695 0.000000 0.907242 0.000000 -0.420609 0.826531 0.826531 0.826531
3297.075439 0.000000 2568.515869 0.000000 0.692803 0.000000 0.721127 0.715547 0.715547 0.715547
3272.186768 0.000000 2596.134277 0.000000 0.372687 0.000000 0.927957 0.690298 0.690298 0.690298
3283.875244 0.000000 2565.113281 0.000000 0.889191 0.000000 0.457536 0.775228 0.775228 0.775228
3269.248779 0.000000 2601.675781 0.000000 0.562490 0.000000 -0.826804 0.860073 0.860073 0.860073
3325.952393 0.000000 2592.699219 0.000000 0.394040 0.000000 -0.919093 0.855181 0.855181 0.855181
3302.725830 0.000000 2609.065430 0.000000 0.727289 0.000000 0.686331 0.744252 0.744252 0.744252
3276.911865 0.000000 2578.607422 0.000000 0.949504 0.000000 0.313754 0.761947 0.761947 0.761947
3280.860352 0.000000 2583.274658 0.000000 0.376871 0.000000 0.926266 0.726197 0.726197 0.726197
3297.277344 0.000000 2573.673096 0.000000 0.910850 0.000000 0.412737 0.780371 0.780371 0.780371
3316.878174 0.000000 2593.461426 0.000000 0.992504 0.000000 0.122212 0.786272 0.786272 0.786272
3291.393799 0.000000 2572.328369 0.000000 0.597905 0.000000 0.801567 0.747068 0.747068 0.747068
3313.708740 0.000000 2604.947754 0.000000 0.379756 0.000000 -0.925087 0.884226 0.884226 0.884226
3264.016602 0.000000 2566.866455 0.000000 0.424215 0.000000 0.905561 0.733489 0.733489 0.733489
3295.928711 0.000000 2623.411377 0.000000 0.655250 0.000000 -0.755412 0.852845 0.852845 0.852845
3277.280762 0.000000 2595.118408 0.000000 0.873993 0.000000 0.485938 0.777501 0.777501 0.777501
3312.290527 0.000000 2595.640625 0.000000 0.748642 0.000000 -0.662974 0.840387 0.840387 0.840387
3273.304443 0.000000 2577.271240 0.000000 0.891547 0.000000 0.452927 0.746207 0.746207 0.746207
3319.016113 0.000000 2609.444336 0.000000 0.980374 0.000000 0.197148 0.789774 0.789774 0.789774
3276.537354 0.000000 2569.006348 0.000000 0.743616 0.000000 -0.668607 0.865380 0.865380 0.865380
3315.088623 0.000000 2560.206299 0.000000 0.129329 0.000000 0.991602 0.714517 0.714517 0.714517
3296.272949 0.000000 2560.253662 0.000000 0.832322 0.000000 0.554293 0.769022 0.769022 0.769022
3300.946777 0.000000 2622.797119 0.000000 0.196448 0.000000 -0.980514 0.916001 0.916001 0.916001
3327.100098 0.000000 2618.470459 0.000000 0.413813 0.000000 0.910362 0.727332 0.727332 0.727332
3279.504639 0.000000 2589.846924 0.000000 0.573104 0.000000 0.819482 0.737270 0.737270 0.737270
3273.280762 0.000000 2566.682617 0.000000 0.554477 0.000000 0.832199 0.699866 0.699866 0.699866
3309.360352 0.000000 2606.471680 0.000000 0.266377 0.000000 0.963869 0.684616 0.684616 0.684616
3287.735352 0.000000 2562.405029 0.000000 0.641016 0.000000 -0.767527 0.887027 0.887027 0.887027
3316.455566 0.000000 2574.905273 0.000000 0.767351 0.000000 0.641227 0.734935 0.734935 0.734935
3302.862305 0.000000 2596.513672 0.000000 0.626610 0.000000 0.779333 0.739498 0.739498 0.739498
3299.375244 0.000000 2563.457275 0.000000 0.592113 0.000000 -0.805855 0.871871 0.871871 0.871871
3310.680176 0.000000 2593.104980 0.000000 0.750351 0.000000 -0.661040 0.860149 0.860149 0.860149
3306.466064 0.000000 2584.355469 0.000000 0.898147 0.000000 -0.439696 0.831915 0.831915 0.831915
3272.166016 0.000000 2592.014404 0.000000 0.872997 0.000000 -0.487726 0.837243 0.837243 0.837243
3291.797119 0.000000 2604.270020 0.000000 0.832569 0.000000 0.553922 0.757438 0.757438 0.757438
3201.500977 0.000000 2639.863037 0.000000 0.405580 0.000000 0.914059 0.729523 0.729523 0.729523
3256.645264 0.000000 2676.367432 0.000000 0.647729 0.000000 -0.761871 0.808304 0.808304 0.808304
3222.976318 0.000000 2655.441162 0.000000 0.488770 0.000000 -0.872413 0.842558 0.842558 0.842558
3237.210205 0.000000 2669.929688 0.000000 0.805393 0.000000 -0.592741 0.857403 0.857403 0.857403
3211.378418 0.000000 2624.790527 0.000000 0.779873 0.000000 0.625937 0.734351 0.734351 0.734351
3240.323730 0.000000 2685.959473 0.000000 0.471405 0.000000 -0.881917 0.964999 0.964999 0.964999
3217.064209 0.000000 2641.424316 0.000000 0.198941 0.000000 -0.980012 0.810675 0.810675 0.810675
3208.167236 0.000000 2653.333496 0.000000 0.959992 0.000000 0.280027 0.768539 0.768539 0.768539
3216.442627 0.000000 2669.369873 0.000000 0.951694 0.000000 0.307047 0.790650 0.790650 0.790650
3233.790039 0.000000 2644.919434 0.000000 0.995122 0.000000 -0.098655 0.815098 0.815098 0.815098
3258.416260 0.000000 2637.527588 0.000000 0.985832 0.000000 -0.167735 0.805150 0.805150 0.805150
3237.349609 0.000000 2657.140137 0.000000 0.267213 0.000000 -0.963638 0.804675 0.804675 0.804675
3259.275146 0.000000 2650.601562 0.000000 0.582555 0.000000 -0.812792 0.842074 0.842074 0.842074
3226.973145 0.000000 2665.816650 0.000000 0.998337 0.000000 -0.057650 0.808813 0.808813 0.808813
3231.319092 0.000000 2679.947754 0.000000 0.939862 0.000000 0.341555 0.782247 0.782247 0.782247
3245.650391 0.000000 2676.468506 0.000000 0.914072 0.000000 0.405551 0.736198 0.736198 0.736198
3221.572998 0.000000 2624.357666 0.000000 0.474840 0.000000 0.880072 0.635597 0.635597 0.635597
3260.556885 0.000000 2684.735352 0.000000 0.984452 0.000000 -0.175652 0.813753 0.813753 0.813753
3260.463379 0.000000 2667.821045 0.000000 0.985006 0.000000 0.172518 0.773509 0.773509 0.773509
3211.373291 0.000000 2661.818604 0.000000 0.733506 0.000000 0.679683 0.685816 0.685816 0.685816
3208.561523 0.000000 2673.880859 0.000000 0.998281 0.000000 0.058611 0.794518 0.794518 0.794518
3225.014648 0.000000 2646.339844 0.000000 0.658258 0.000000 0.752792 0.704505 0.704505 0.704505
3223.673828 0.000000 2674.428467 0.000000 0.778408 0.000000 -0.627758 0.876855 0.876855 0.876855
3241.543945 0.000000 2640.418701 0.000000 0.930593 0.000000 0.366055 0.742740 0.742740 0.742740
3216.207520 0.000000 2650.596191 0.000000 0.233289 0.000000 -0.972407 0.843205 0.843205 0.843205
3230.934082 0.000000 2652.268066 0.000000 0.353997 0.000000 0.935246 0.709454 0.709454 0.709454
3235.523926 0.000000 2635.150635 0.000000 0.244280 0.000000 0.969705 0.700836 0.700836 0.700836
3261.275879 0.000000 2660.162109 0.000000 0.797576 0.000000 0.603219 0.701065 0.701065 0.701065
3230.703125 0.000000 2672.679688 0.000000 0.616350 0.000000 -0.787472 0.938533 0.938533 0.938533
3252.888672 0.000000 2631.308105 0.000000 0.528151 0.000000 -0.849151 0.832820 0.832820 0.832820
3239.853271 0.000000 2663.449951 0.000000 0.948012 0.000000 -0.318236 0.828720 0.828720 0.828720
3238.957764 0.000000 2676.401611 0.000000 0.261692 0.000000 -0.965151 0.997198 0.997198 0.997198
3202.312744 0.000000 2633.467285 0.000000 0.876408 0.000000 0.481569 0.770798 0.770798 0.770798
3215.584717 0.000000 2656.958496 0.000000 0.331928 0.000000 0.943305 0.672248 0.672248 0.672248
3245.218750 0.000000 2660.399902 0.000000 0.709179 0.000000 -0.705028 0.840788 0.840788 0.840788
3229.504639 0.000000 2625.727539 0.000000 0.977623 0.000000 0.210363 0.767617 0.767617 0.767617
3261.435791 0.000000 2644.831055 0.000000 0.953595 0.000000 -0.301091 0.819058 0.819058 0.819058
3200.100586 0.000000 2685.086426 0.000000 0.390939 0.000000 0.920416 0.748862 0.748862 0.748862
3206.784424 0.000000 2628.691895 0.000000 0.801611 0.000000 0.597845 0.702859 0.702859 0.702859
3216.590576 0.000000 2627.759033 0.000000 0.865543 0.000000 -0.500835 0.853746 0.853746 0.853746
3218.083252 0.000000 2676.457275 0.000000 0.588066 0.000000 -0.808813 0.827096 0.827096 0.827096
3233.672363 0.000000 2664.879639 0.000000 0.954970 0.000000 -0.296703 0.810649 0.810649 0.810649
3205.252441 0.000000 2662.042725 0.000000 0.944887 0.000000 0.327398 0.749038 0.749038 0.749038
3262.173340 0.000000 2675.099121 0.000000 0.854664 0.000000 -0.519182 0.833035 0.833035 0.833035
3244.949707 0.000000 2682.236084 0.000000 0.106747 0.000000 0.994286 0.732464 0.732464 0.732464
3234.251953 0.000000 2685.171631 0.000000 0.990554 0.000000 -0.137125 0.817638 0.817638 0.817638
3261.653320 0.000000 2624.806396 0.000000 0.423543 0.000000 0.905876 0.626823 0.626823 0.626823
3211.854736 0.000000 2639.435059 0.000000 0.755177 0.000000 0.655521 0.690775 0.690775 0.690775
3225.708008 0.000000 2679.805664 0.000000 0.872924 0.000000 0.487856 0.774655 0.774655 0.774655
3222.067627 0.000000 2668.634521 0.000000 0.534571 0.000000 -0.845123 0.822320 0.822320 0.822320
3242.611328 0.000000 2671.847168 0.000000 0.985795 0.000000 -0.167953 0.819413 0.819413 0.819413
3237.428711 0.000000 2629.748779 0.000000 0.452595 0.000000 0.891716 0.751178 0.751178 0.751178
3205.573486 0.000000 2687.956787 0.000000 0.952594 0.000000 0.304246 0.789627 0.789627 0.789627
3252.456055 0.000000 2649.110840 0.000000 0.478181 0.000000 -0.878261 0.932985 0.932985 0.932985
3242.893799 0.000000 2645.241943 0.000000 0.683048 0.000000 -0.730374 0.853480 0.853480 0.853480
3213.661377 0.000000 2645.948975 0.000000 0.679179 0.000000 0.733973 0.702720 0.702720 0.702720
3236.396973 0.000000 2640.374512 0.000000 0.804904 0.000000 0.593405 0.783252 0.783252 0.783252
3213.640869 0.000000 2673.921875 0.000000 0.998940 0.000000 -0.046031 0.801931 0.801931 0.801931
3226.162354 0.000000 2651.509766 0.000000 0.749843 0.000000 -0.661616 0.854148 0.854148 0.854148
3229.620605 0.000000 2647.662842 0.000000 0.408179 0.000000 0.912902 0.655258 0.655258 0.655258
3244.970947 0.000000 2649.687256 0.000000 0.999425 0.000000 -0.033911 0.801219 0.801219 0.801219
3241.306641 0.000000 2654.177979 0.000000 0.926287 0.000000 -0.376820 0.841901 0.841901 0.841901
3232.857666 0.000000 2628.969971 0.000000 0.989375 0.000000 0.145384 0.794755 0.794755 0.794755
3201.917480 0.000000 2644.549072 0.000000 0.878829 0.000000 -0.477138 0.843512 0.843512 0.843512
3215.043945 0.000000 2664.765869 0.000000 0.777151 0.000000 -0.629314 0.859952 0.859952 0.859952
3234.333984 0.000000 2675.662842 0.000000 0.642217 0.000000 -0.766523 0.837679 0.837679 0.837679
3210.125244 0.000000 2648.783691 0.000000 0.727043 0.000000 0.686592 0.776874 0.776874 0.776874
3262.265381 0.000000 2634.700684 0.000000 0.905365 0.000000 -0.424634 0.819708 0.819708 0.819708
3262.278564 0.000000 2639.923340 0.000000 0.758213 0.000000 -0.652006 0.827235 0.827235 0.827235
3238.374756 0.000000 2644.287109 0.000000 0.243508 0.000000 -0.969899 0.915894 0.915894 0.915894
3228.427734 0.000000 2643.569092 0.000000 0.999718 0.000000 -0.023763 0.801922 0.801922 0.801922
3235.982422 0.000000 2661.303711 0.000000 0.391461 0.000000 0.920195 0.665566 0.665566 0.665566
3241.210205 0.000000 2658.904785 0.000000 0.309740 0.000000 -0.950821 0.836872 0.836872 0.836872
3244.478271 0.000000 2686.695312 0.000000 0.999918 0.000000 0.012830 0.799031 0.799031 0.799031
3262.313721 0.000000 2664.150879 0.000000 0.628754 0.000000 0.777604 0.749292 0.749292 0.749292
3221.874756 0.000000 2678.274414 0.000000 0.246995 0.000000 -0.969017 0.863331 0.863331 0.863331
3256.689209 0.000000 2633.062744 0.000000 0.607771 0.000000 0.794112 0.758218 0.758218 0.758218
3237.122314 0.000000 2652.998779 0.000000 0.545039 0.000000 -0.838411 0.861962 0.861962 0.861962
3222.794189 0.000000 2664.649170 0.000000 0.676106 0.000000 0.736804 0.738457 0.738457 0.738457
3225.606445 0.000000 2624.135986 0.000000 0.202160 0.000000 -0.979352 0.877006 0.877006 0.877006
3215.404785 0.000000 2624.101074 0.000000 0.107742 0.000000 0.994179 0.741275 0.741275 0.741275
3262.713379 0.000000 2648.471436 0.000000 0.992585 0.000000 0.121550 0.786566 0.786566 0.786566
3243.523193 0.000000 2664.381348 0.000000 0.104625 0.000000 -0.994512 0.981823 0.981823 0.981823
3230.089600 0.000000 2663.723145 0.000000 0.998218 0.000000 -0.059671 0.806261 0.806261 0.806261
3237.207031 0.000000 2666.217529 0.000000 0.539251 0.000000 -0.842145 0.900787 0.900787 0.900787
3227.031494 0.000000 2628.294678 0.000000 0.607913 0.000000 0.794003 0.727445 0.727445 0.727445
3233.726562 0.000000 2670.735107 0.000000 0.946987 0.000000 -0.321271 0.817245 0.817245 0.817245
3205.425049 0.000000 2643.414551 0.000000 0.884315 0.000000 -0.466891 0.834927 0.834927 0.834927
3212.040039 0.000000 2677.247559 0.000000 0.253084 0.000000 -0.967444 0.853575 0.853575 0.853575
3208.186768 0.000000 2660.134277 0.000000 0.385633 0.000000 0.922652 0.687365 0.687365 0.687365
3219.875244 0.000000 2629.113281 0.000000 0.933062 0.000000 -0.359716 0.821606 0.821606 0.821606
3258.356689 0.000000 2625.698242 0.000000 0.548760 0.000000 -0.835980 0.914474 0.914474 0.914474
3252.006104 0.000000 2645.699219 0.000000 0.509328 0.000000 0.860572 0.739765 0.739765 0.739765
3261.952393 0.000000 2656.699219 0.000000 0.689556 0.000000 0.724232 0.741281 0.741281 0.741281
3238.725830 0.000000 2673.065430 0.000000 0.998380 0.000000 -0.056905 0.805799 0.805799 0.805799
3244.305664 0.000000 2624.071289 0.000000 0.244976 0.000000 0.969529 0.719126 0.719126 0.719126
3243.883545 0.000000 2656.944336 0.000000 0.953545 0.000000 -0.301252 0.823102 0.823102 0.823102
3227.393799 0.000000 2636.328369 0.000000 0.656914 0.000000 -0.753966 0.897231 0.897231 0.897231
3226.095947 0.000000 2641.210938 0.000000 0.943110 0.000000 0.332481 0.775630 0.775630 0.775630
3231.157227 0.000000 2676.205078 0.000000 0.042978 0.000000 -0.999076 0.960198 0.960198 0.960198
3260.531494 0.000000 2672.222412 0.000000 0.569484 0.000000 0.822002 0.710965 0.710965 0.710965
3237.543457 0.000000 2647.342041 0.000000 0.997175 0.000000 -0.075108 0.808018 0.808018 0.808018
3234.571045 0.000000 2679.112549 0.000000 0.558419 0.000000 -0.829559 0.845722 0.845722 0.845722
3209.876465 0.000000 2627.766846 0.000000 0.135537 0.000000 0.990772 0.652129 0.652129 0.652129
3218.536133 0.000000 2625.220215 0.000000 0.474430 0.000000 -0.880293 0.907714 0.907714 0.907714
3216.745361 0.000000 2673.017822 0.000000 0.334387 0.000000 -0.942436 0.939271 0.939271 0.939271
3222.163086 0.000000 2660.300293 0.000000 0.951005 0.000000 0.309177 0.780790 0.780790 0.780790
3212.537354 0.000000 2633.006348 0.000000 0.343774 0.000000 -0.939052 0.861396 0.861396 0.861396
3225.099365 0.000000 2657.670410 0.000000 0.952811 0.000000 -0.303565 0.829938 0.829938 0.829938
3236.946777 0.000000 2686.797119 0.000000 0.145603 0.000000 -0.989343 0.931458 0.931458 0.931458
3263.100098 0.000000 2682.470459 0.000000 0.712352 0.000000 -0.701823 0.853139 0.853139 0.853139
3238.004639 0.000000 2683.951172 0.000000 0.760291 0.000000 0.649583 0.750011 0.750011 0.750011
3263.000488 0.000000 2686.940674 0.000000 0.024818 0.000000 -0.999692 0.918567 0.918567 0.918567
3215.504639 0.000000 2653.846924 0.000000 0.990496 0.000000 0.137544 0.785036 0.785036 0.785036
3234.186523 0.000000 2658.909668 0.000000 0.542754 0.000000 -0.839892 0.902160 0.902160 0.902160
3226.568115 0.000000 2673.466553 0.000000 0.992914 0.000000 0.118833 0.792934 0.792934 0.792934
3245.792725 0.000000 2644.390381 0.000000 0.910227 0.000000 -0.414111 0.827885 0.827885 0.827885
3252.455566 0.000000 2638.905273 0.000000 0.392985 0.000000 -0.919545 0.906276 0.906276 0.906276
3220.637451 0.000000 2675.133301 0.000000 0.934234 0.000000 0.356662 0.774652 0.774652 0.774652
3242.505127 0.000000 2661.666260 0.000000 0.998523 0.000000 -0.054335 0.804560 0.804560 0.804560
3224.890625 0.000000 2667.964600 0.000000 0.954213 0.000000 0.299127 0.773790 0.773790 0.773790
3203.198730 0.000000 2656.385498 0.000000 0.526177 0.000000 -0.850375 0.873101 0.873101 0.873101
3225.527588 0.000000 2631.397217 0.000000 0.061651 0.000000 -0.998098 0.891326 0.891326 0.891326
3218.725342 0.000000 2649.385498 0.000000 0.194805 0.000000 -0.980842 0.915319 0.915319 0.915319
3240.309814 0.000000 2646.479004 0.000000 0.453560 0.000000 0.891226 0.719588 0.719588 0.719588
3242.466064 0.000000 2648.355469 0.000000 0.973858 0.000000 -0.227160 0.818536 0.818536 0.818536
3256.841553 0.000000 2653.619385 0.000000 0.962354 0.000000 0.271801 0.777405 0.777405 0.777405
3245.479980 0.000000 2647.074219 0.000000 0.529317 0.000000 -0.848424 0.886189 0.886189 0.886189
3233.335938 0.000000 2647.397949 0.000000 0.974795 0.000000 -0.223102 0.817795 0.817795 0.817795
3265.500977 0.000000 2639.863037 0.000000 0.576415 0.000000 -0.817157 0.946137 0.946137 0.946137
3312.281738 0.000000 2645.950928 0.000000 0.551846 0.000000 0.833946 0.772818 0.772818 0.772818
3286.976318 0.000000 2655.441162 0.000000 0.654870 0.000000 0.755742 0.711188 0.711188 0.711188
3265.974854 0.000000 2667.022949 0.000000 0.290997 0.000000 0.956724 0.780894 0.780894 0.780894
3301.210205 0.000000 2669.929688 0.000000 0.175234 0.000000 0.984527 0.586913 0.586913 0.586913
3315.701172 0.000000 2660.844727 0.000000 0.476348 0.000000 -0.879257 0.803862 0.803862 0.803862
3269.561279 0.000000 2682.570312 0.000000 0.487940 0.000000 -0.872877 0.860397 0.860397 0.860397
3304.323730 0.000000 2685.959473 0.000000 0.999839 0.000000 -0.017964 0.800958 0.800958 0.800958
3272.167236 0.000000 2653.333496 0.000000 0.046025 0.000000 -0.998940 0.839284 0.839284 0.839284
3297.790039 0.000000 2644.919434 0.000000 0.936011 0.000000 -0.351971 0.854954 0.854954 0.854954
3322.416260 0.000000 2637.527588 0.000000 0.366599 0.000000 -0.930379 0.873777 0.873777 0.873777
3323.275146 0.000000 2650.601562 0.000000 0.211990 0.000000 -0.977272 0.865055 0.865055 0.865055
3295.319092 0.000000 2679.947754 0.000000 0.704539 0.000000 -0.709665 0.819383 0.819383 0.819383
3309.650391 0.000000 2676.468506 0.000000 0.735311 0.000000 -0.677730 0.809816 0.809816 0.809816
3299.497070 0.000000 2624.566162 0.000000 0.689884 0.000000 0.723920 0.742284 0.742284 0.742284
3324.463379 0.000000 2667.821045 0.000000 0.697650 0.000000 0.716439 0.779901 0.779901 0.779901
3314.365723 0.000000 2684.407227 0.000000 0.585363 0.000000 -0.810771 0.817561 0.817561 0.817561
3275.373291 0.000000 2661.818604 0.000000 0.318899 0.000000 0.947789 0.708155 0.708155 0.708155
3272.561523 0.000000 2673.880859 0.000000 0.992499 0.000000 -0.122252 0.814026 0.814026 0.814026
3264.229248 0.000000 2648.886719 0.000000 0.308398 0.000000 -0.951257 0.833900 0.833900 0.833900
3287.673828 0.000000 2674.428467 0.000000 0.909083 0.000000 0.416615 0.790988 0.790988 0.790988
3309.892334 0.000000 2667.312012 0.000000 0.959627 0.000000 0.281276 0.756436 0.756436 0.756436
3310.140869 0.000000 2654.295654 0.000000 0.890166 0.000000 -0.455636 0.872282 0.872282 0.872282
3264.499756 0.000000 2675.129639 0.000000 0.909772 0.000000 0.415108 0.759476 0.759476 0.759476
3277.428711 0.000000 2680.461914 0.000000 0.430433 0.000000 -0.902623 0.814166 0.814166 0.814166
3299.523926 0.000000 2635.150635 0.000000 0.197547 0.000000 -0.980294 0.821373 0.821373 0.821373
3303.929932 0.000000 2649.592041 0.000000 0.818274 0.000000 -0.574828 0.822383 0.822383 0.822383
3292.772461 0.000000 2639.317139 0.000000 0.418613 0.000000 -0.908165 0.946712 0.946712 0.946712
3325.275879 0.000000 2660.162109 0.000000 0.465439 0.000000 -0.885080 0.895712 0.895712 0.895712
3316.677979 0.000000 2670.331299 0.000000 0.040626 0.000000 0.999174 0.566209 0.566209 0.566209
3319.376709 0.000000 2644.529785 0.000000 0.891644 0.000000 0.452738 0.792962 0.792962 0.792962
3323.670166 0.000000 2630.378418 0.000000 0.951472 0.000000 -0.307734 0.847794 0.847794 0.847794
3303.853271 0.000000 2663.449951 0.000000 0.402558 0.000000 -0.915395 0.971155 0.971155 0.971155
3272.257080 0.000000 2667.504150 0.000000 0.262332 0.000000 0.964978 0.600556 0.600556 0.600556
3309.218750 0.000000 2660.399902 0.000000 0.496336 0.000000 0.868130 0.709912 0.709912 0.709912
3325.435791 0.000000 2644.831055 0.000000 0.836009 0.000000 0.548715 0.724829 0.724829 0.724829
3264.100586 0.000000 2685.086426 0.000000 0.962476 0.000000 0.271365 0.792920 0.792920 0.792920
3315.179688 0.000000 2678.579102 0.000000 0.181484 0.000000 0.983394 0.696021 0.696021 0.696021
3282.083252 0.000000 2676.457275 0.000000 0.314189 0.000000 -0.949360 0.858475 0.858475 0.858475
3305.437256 0.000000 2626.075195 0.000000 0.996596 0.000000 0.082441 0.795549 0.795549 0.795549
3269.252441 0.000000 2662.042725 0.000000 0.996133 0.000000 0.087861 0.797786 0.797786 0.797786
3298.251953 0.000000 2685.171631 0.000000 0.384136 0.000000 0.923277 0.686505 0.686505 0.686505
3325.653320 0.000000 2624.806396 0.000000 0.446024 0.000000 -0.895021 0.944125 0.944125 0.944125
3289.708008 0.000000 2679.805664 0.000000 0.659328 0.000000 -0.751856 0.882081 0.882081 0.882081
3306.611328 0.000000 2671.847168 0.000000 0.988426 0.000000 -0.151701 0.817702 0.817702 0.817702
3301.428711 0.000000 2629.748779 0.000000 0.700072 0.000000 -0.714072 0.901499 0.901499 0.901499
3269.573486 0.000000 2687.956787 0.000000 0.992157 0.000000 0.124994 0.794518 0.794518 0.794518
3316.456055 0.000000 2649.110840 0.000000 0.348133 0.000000 -0.937445 0.836406 0.836406 0.836406
3269.360596 0.000000 2648.334473 0.000000 0.289376 0.000000 0.957215 0.730360 0.730360 0.730360
3301.095703 0.000000 2681.050781 0.000000 0.617848 0.000000 0.786298 0.664468 0.664468 0.664468
3311.949219 0.000000 2671.976807 0.000000 0.935109 0.000000 0.354360 0.784807 0.784807 0.784807
3322.787598 0.000000 2655.616455 0.000000 0.783129 0.000000 -0.621860 0.881227 0.881227 0.881227
3264.934570 0.000000 2680.146240 0.000000 0.701394 0.000000 -0.712774 0.901262 0.901262 0.901262
3314.746094 0.000000 2665.668457 0.000000 0.998479 0.000000 -0.055142 0.806611 0.806611 0.806611
3267.764160 0.000000 2671.516113 0.000000 0.778887 0.000000 0.627164 0.723638 0.723638 0.723638
3291.751709 0.000000 2656.042725 0.000000 0.933841 0.000000 0.357689 0.783781 0.783781 0.783781
3305.306641 0.000000 2654.177979 0.000000 0.984031 0.000000 0.177998 0.789707 0.789707 0.789707
3265.917480 0.000000 2644.549072 0.000000 0.993993 0.000000 -0.109445 0.802628 0.802628 0.802628
3279.043945 0.000000 2664.765869 0.000000 0.520816 0.000000 -0.853669 0.869263 0.869263 0.869263
3269.866211 0.000000 2657.456055 0.000000 0.929172 0.000000 -0.369647 0.845373 0.845373 0.845373
3288.600586 0.000000 2634.100098 0.000000 0.979375 0.000000 -0.202050 0.822186 0.822186 0.822186
3303.941406 0.000000 2636.199219 0.000000 0.988527 0.000000 0.151042 0.784828 0.784828 0.784828
3268.492432 0.000000 2677.102539 0.000000 0.430374 0.000000 0.902651 0.663731 0.663731 0.663731
3264.331299 0.000000 2662.835205 0.000000 0.913590 0.000000 0.406637 0.755086 0.755086 0.755086
3294.775635 0.000000 2635.332764 0.000000 0.981065 0.000000 -0.193677 0.811445 0.811445 0.811445
3297.121826 0.000000 2656.121582 0.000000 0.858947 0.000000 -0.512065 0.838975 0.838975 0.838975
3299.982422 0.000000 2661.303711 0.000000 0.068910 0.000000 0.997623 0.694717 0.694717 0.694717
3289.065674 0.000000 2684.302246 0.000000 0.691618 0.000000 -0.722264 0.826113 0.826113 0.826113
3276.211670 0.000000 2669.101074 0.000000 0.987941 0.000000 0.154829 0.786960 0.786960 0.786960
3304.809326 0.000000 2667.521240 0.000000 0.765312 0.000000 -0.643659 0.823044 0.823044 0.823044
3308.478271 0.000000 2686.695312 0.000000 0.629474 0.000000 -0.777022 0.825594 0.825594 0.825594
3305.959961 0.000000 2679.235596 0.000000 0.638850 0.000000 -0.769331 0.883626 0.883626 0.883626
3326.313721 0.000000 2664.150879 0.000000 0.380159 0.000000 -0.924921 0.863677 0.863677 0.863677
3319.090576 0.000000 2640.181152 0.000000 0.452119 0.000000 -0.891958 0.842245 0.842245 0.842245
3313.971924 0.000000 2652.266602 0.000000 0.986303 0.000000 -0.164942 0.820949 0.820949 0.820949
3319.588867 0.000000 2667.575195 0.000000 0.969103 0.000000 -0.246658 0.807765 0.807765 0.807765
3301.122314 0.000000 2652.998779 0.000000 0.798514 0.000000 -0.601976 0.850316 0.850316 0.850316
3318.080322 0.000000 2686.430176 0.000000 0.891940 0.000000 -0.452153 0.835983 0.835983 0.835983
3296.448730 0.000000 2641.080078 0.000000 0.851414 0.000000 0.524495 0.754678 0.754678 0.754678
3312.097412 0.000000 2662.939453 0.000000 0.891555 0.000000 -0.452912 0.830134 0.830134 0.830134
3326.713379 0.000000 2648.471436 0.000000 0.980772 0.000000 -0.195156 0.825420 0.825420 0.825420
3322.227295 0.000000 2647.046387 0.000000 0.999752 0.000000 0.022251 0.798733 0.798733 0.798733
3264.278320 0.000000 2670.224365 0.000000 0.658426 0.000000 0.752646 0.699935 0.699935 0.699935
3301.207031 0.000000 2666.217529 0.000000 0.458019 0.000000 -0.888943 0.893168 0.893168 0.893168
3311.768066 0.000000 2679.587402 0.000000 0.361832 0.000000 0.932243 0.669079 0.669079 0.669079
3319.571289 0.000000 2651.262695 0.000000 0.842803 0.000000 0.538223 0.751986 0.751986 0.751986
3275.433594 0.000000 2665.447021 0.000000 0.629494 0.000000 0.777005 0.734416 0.734416 0.734416
3303.417480 0.000000 2632.753906 0.000000 0.325661 0.000000 -0.945487 0.872758 0.872758 0.872758
3276.040039 0.000000 2677.247559 0.000000 0.595286 0.000000 -0.803514 0.845290 0.845290 0.845290
3272.366455 0.000000 2663.641602 0.000000 0.019953 0.000000 0.999801 0.695927 0.695927 0.695927
3277.613281 0.000000 2683.928223 0.000000 0.198006 0.000000 -0.980201 0.905184 0.905184 0.905184
3291.393799 0.000000 2636.328369 0.000000 0.404908 0.000000 0.914357 0.685228 0.685228 0.685228
3295.157227 0.000000 2676.205078 0.000000 0.845375 0.000000 -0.534173 0.825999 0.825999 0.825999
3324.531494 0.000000 2672.222412 0.000000 0.947221 0.000000 0.320581 0.762262 0.762262 0.762262
3264.016602 0.000000 2630.866455 0.000000 0.989826 0.000000 -0.142281 0.807442 0.807442 0.807442
3295.928711 0.000000 2687.411377 0.000000 0.855037 0.000000 0.518567 0.763088 0.763088 0.763088
3317.457520 0.000000 2663.845947 0.000000 0.989404 0.000000 -0.145186 0.808294 0.808294 0.808294
3267.141357 0.000000 2637.086426 0.000000 0.588208 0.000000 -0.808710 0.851360 0.851360 0.851360
3277.301758 0.000000 2649.126709 0.000000 0.307383 0.000000 0.951586 0.744960 0.744960 0.744960
3298.571045 0.000000 2679.112549 0.000000 0.975805 0.000000 -0.218642 0.815981 0.815981 0.815981
3311.181396 0.000000 2684.684814 0.000000 0.279985 0.000000 -0.960004 0.904876 0.904876 0.904876
3312.406250 0.000000 2649.438721 0.000000 0.498596 0.000000 -0.866834 0.870383 0.870383 0.870383
3297.932373 0.000000 2653.070557 0.000000 0.989441 0.000000 0.144934 0.788932 0.788932 0.788932
3319.016113 0.000000 2673.444336 0.000000 0.932472 0.000000 -0.361243 0.822810 0.822810 0.822810
3297.669922 0.000000 2682.098877 0.000000 0.683240 0.000000 -0.730194 0.844634 0.844634 0.844634
3268.930664 0.000000 2668.693848 0.000000 0.382752 0.000000 -0.923851 0.862114 0.862114 0.862114
3289.099365 0.000000 2657.670410 0.000000 0.337396 0.000000 -0.941363 0.935970 0.935970 0.935970
3319.407959 0.000000 2648.139648 0.000000 0.091299 0.000000 0.995824 0.717565 0.717565 0.717565
3298.186523 0.000000 2658.909668 0.000000 0.050540 0.000000 -0.998722 0.891088 0.891088 0.891088
3298.640137 0.000000 2667.829590 0.000000 0.392738 0.000000 -0.919650 0.904902 0.904902 0.904902
3267.059570 0.000000 2659.984131 0.000000 0.248364 0.000000 0.968667 0.672683 0.672683 0.672683
3327.692627 0.000000 2642.553467 0.000000 0.734064 0.000000 0.679080 0.731118 0.731118 0.731118
3292.506104 0.000000 2678.950684 0.000000 0.301519 0.000000 -0.953460 0.918195 0.918195 0.918195
3322.487793 0.000000 2682.469971 0.000000 0.988154 0.000000 -0.153464 0.809324 0.809324 0.809324
3327.176270 0.000000 2666.874756 0.000000 0.983138 0.000000 0.182863 0.782480 0.782480 0.782480
3325.166260 0.000000 2637.213135 0.000000 0.972924 0.000000 -0.231125 0.818307 0.818307 0.818307
3278.434082 0.000000 2667.553955 0.000000 0.867441 0.000000 0.497539 0.756941 0.756941 0.756941
3291.092285 0.000000 2682.222900 0.000000 0.988204 0.000000 -0.153141 0.813818 0.813818 0.813818
3306.232910 0.000000 2634.592529 0.000000 0.937627 0.000000 0.347642 0.773195 0.773195 0.773195
3293.050293 0.000000 2650.360352 0.000000 0.993084 0.000000 0.117408 0.791257 0.791257 0.791257
3303.914551 0.000000 2656.415039 0.000000 0.926927 0.000000 0.375242 0.769577 0.769577 0.769577
3310.923584 0.000000 2651.677002 0.000000 0.861827 0.000000 -0.507203 0.840796 0.840796 0.840796
3301.556152 0.000000 2650.277588 0.000000 0.999848 0.000000 -0.017463 0.801287 0.801287 0.801287
3127.058105 0.000000 2688.751953 0.000000 0.999802 0.000000 -0.019883 0.800870 0.800870 0.800870
3105.790039 0.000000 2708.919434 0.000000 0.918749 0.000000 -0.394842 0.848883 0.848883 0.848883
3117.892334 0.000000 2731.312012 0.000000 0.614108 0.000000 0.789222 0.746593 0.746593 0.746593
3121.762695 0.000000 2701.487793 0.000000 0.580472 0.000000 0.814280 0.773775 0.773775 0.773775
3117.218750 0.000000 2724.399902 0.000000 0.999790 0.000000 0.020475 0.797387 0.797387 0.797387
3105.672363 0.000000 2728.879639 0.000000 0.044552 0.000000 -0.999007 0.915224 0.915224 0.915224
3134.173340 0.000000 2739.099121 0.000000 0.243082 0.000000 -0.970006 0.915138 0.915138 0.915138
3094.067627 0.000000 2732.634521 0.000000 0.317512 0.000000 0.948254 0.762621 0.762621 0.762621
3118.322510 0.000000 2705.055664 0.000000 0.575896 0.000000 -0.817523 0.823512 0.823512 0.823512
3135.609375 0.000000 2734.860840 0.000000 0.890626 0.000000 0.454736 0.757572 0.757572 0.757572
3090.959473 0.000000 2717.962646 0.000000 0.535704 0.000000 0.844406 0.762649 0.762649 0.762649
3123.606689 0.000000 2691.285156 0.000000 0.944232 0.000000 -0.329281 0.817893 0.817893 0.817893
3113.210205 0.000000 2722.904785 0.000000 0.365426 0.000000 -0.930840 0.876722 0.876722 0.876722
3112.809326 0.000000 2731.521240 0.000000 0.123773 0.000000 -0.992311 0.958629 0.958629 0.958629
3075.216064 0.000000 2693.769775 0.000000 0.091106 0.000000 0.995841 0.750355 0.750355 0.750355
3080.366455 0.000000 2727.641602 0.000000 0.688217 0.000000 0.725504 0.698831 0.698831 0.698831
3110.725830 0.000000 2737.065430 0.000000 0.406552 0.000000 -0.913628 0.899406 0.899406 0.899406
3123.088623 0.000000 2688.206299 0.000000 0.613066 0.000000 0.790031 0.742149 0.742149 0.742149
3095.391846 0.000000 2735.405762 0.000000 0.687320 0.000000 -0.726354 0.877453 0.877453 0.877453
3120.612061 0.000000 2706.905029 0.000000 0.310317 0.000000 0.950633 0.702976 0.702976 0.702976
3114.505127 0.000000 2725.666260 0.000000 0.299649 0.000000 0.954050 0.699834 0.699834 0.699834
3121.111328 0.000000 2704.144043 0.000000 0.793186 0.000000 0.608980 0.759199 0.759199 0.759199
3109.556152 0.000000 2714.277588 0.000000 0.081463 0.000000 0.996676 0.685784 0.685784 0.685784
3184.281738 0.000000 2709.950928 0.000000 0.999557 0.000000 0.029761 0.796879 0.796879 0.796879
3158.976318 0.000000 2719.441162 0.000000 0.320748 0.000000 -0.947164 0.837277 0.837277 0.837277
3164.366943 0.000000 2695.669678 0.000000 0.982438 0.000000 0.186591 0.771323 0.771323 0.771323
3191.058105 0.000000 2688.751953 0.000000 0.051947 0.000000 -0.998650 0.820021 0.820021 0.820021
3147.378418 0.000000 2688.790527 0.000000 0.258273 0.000000 -0.966072 0.920836 0.920836 0.920836
3169.790039 0.000000 2708.919434 0.000000 0.984995 0.000000 -0.172582 0.802702 0.802702 0.802702
3194.416260 0.000000 2701.527588 0.000000 0.120625 0.000000 0.992698 0.759170 0.759170 0.759170
3173.349609 0.000000 2721.140137 0.000000 0.435442 0.000000 0.900217 0.763753 0.763753 0.763753
3145.671875 0.000000 2698.250977 0.000000 0.822170 0.000000 0.569241 0.767344 0.767344 0.767344
3196.463379 0.000000 2731.821045 0.000000 0.720657 0.000000 0.693292 0.718299 0.718299 0.718299
3185.762695 0.000000 2701.487793 0.000000 0.980848 0.000000 -0.194775 0.829951 0.829951 0.829951
3177.543945 0.000000 2704.418701 0.000000 0.061325 0.000000 0.998118 0.783721 0.783721 0.783721
3136.499756 0.000000 2739.129639 0.000000 0.975754 0.000000 0.218869 0.796430 0.796430 0.796430
3171.523926 0.000000 2699.150635 0.000000 0.494538 0.000000 -0.869156 0.827143 0.827143 0.827143
3175.929932 0.000000 2713.592041 0.000000 0.955953 0.000000 -0.293521 0.815529 0.815529 0.815529
3164.772461 0.000000 2703.317139 0.000000 0.108612 0.000000 0.994084 0.576628 0.576628 0.576628
3166.719971 0.000000 2723.818848 0.000000 0.675705 0.000000 0.737172 0.742390 0.742390 0.742390
3175.853271 0.000000 2727.449951 0.000000 0.447979 0.000000 0.894044 0.736365 0.736365 0.736365
3144.257080 0.000000 2731.504150 0.000000 0.991003 0.000000 0.133836 0.792922 0.792922 0.792922
3165.504639 0.000000 2689.727539 0.000000 0.999944 0.000000 -0.010581 0.800862 0.800862 0.800862
3197.435791 0.000000 2708.831055 0.000000 0.875510 0.000000 0.483200 0.745006 0.745006 0.745006
3152.590576 0.000000 2691.759033 0.000000 0.193357 0.000000 -0.981129 0.879985 0.879985 0.879985
3177.437256 0.000000 2690.075195 0.000000 0.675019 0.000000 -0.737801 0.816408 0.816408 0.816408
3159.480469 0.000000 2693.307617 0.000000 0.708867 0.000000 0.705342 0.699614 0.699614 0.699614
3188.456055 0.000000 2713.110840 0.000000 0.355355 0.000000 0.934731 0.701604 0.701604 0.701604
3142.586426 0.000000 2703.758545 0.000000 0.853073 0.000000 0.521791 0.784212 0.784212 0.784212
3186.746094 0.000000 2729.668457 0.000000 0.933984 0.000000 -0.357315 0.808538 0.808538 0.808538
3182.322510 0.000000 2705.055664 0.000000 0.339284 0.000000 0.940684 0.715616 0.715616 0.715616
3187.368652 0.000000 2705.918701 0.000000 0.923460 0.000000 0.383694 0.768383 0.768383 0.768383
3163.751709 0.000000 2720.042725 0.000000 0.898384 0.000000 -0.439210 0.853129 0.853129 0.853129
3180.970947 0.000000 2713.687256 0.000000 0.653347 0.000000 -0.757058 0.839622 0.839622 0.839622
3168.857666 0.000000 2692.969971 0.000000 0.592163 0.000000 -0.805818 0.885903 0.885903 0.885903
3146.628174 0.000000 2721.324707 0.000000 0.100258 0.000000 -0.994961 0.988535 0.988535 0.988535
3198.278564 0.000000 2703.923340 0.000000 0.799987 0.000000 -0.600018 0.820821 0.820821 0.820821
3175.941406 0.000000 2700.199219 0.000000 0.183242 0.000000 0.983068 0.744339 0.744339 0.744339
3174.374756 0.000000 2708.287109 0.000000 0.074057 0.000000 0.997254 0.711220 0.711220 0.711220
3166.775635 0.000000 2699.332764 0.000000 0.130355 0.000000 -0.991467 0.882833 0.882833 0.882833
3189.978271 0.000000 2700.223877 0.000000 0.911633 0.000000 0.411006 0.741884 0.741884 0.741884
3148.546875 0.000000 2717.193848 0.000000 0.861347 0.000000 0.508016 0.732950 0.732950 0.732950
3199.609375 0.000000 2734.860840 0.000000 0.989775 0.000000 0.142641 0.784735 0.784735 0.784735
3185.663330 0.000000 2720.828125 0.000000 0.136254 0.000000 -0.990674 0.961545 0.961545 0.961545
3198.972656 0.000000 2717.459717 0.000000 0.922738 0.000000 0.385428 0.763965 0.763965 0.763965
3164.427734 0.000000 2707.569092 0.000000 0.305693 0.000000 0.952130 0.669379 0.669379 0.669379
3187.606689 0.000000 2691.285156 0.000000 0.999082 0.000000 0.042843 0.796174 0.796174 0.796174
3191.090576 0.000000 2704.181152 0.000000 0.987399 0.000000 0.158248 0.795049 0.795049 0.795049
3185.971924 0.000000 2716.266602 0.000000 0.901397 0.000000 -0.432995 0.813148 0.813148 0.813148
3168.448730 0.000000 2705.080078 0.000000 0.997053 0.000000 -0.076721 0.807592 0.807592 0.807592
3179.523193 0.000000 2728.381348 0.000000 0.102208 0.000000 0.994763 0.697060 0.697060 0.697060
3136.278320 0.000000 2734.224365 0.000000 0.486444 0.000000 -0.873712 0.919079 0.919079 0.919079
3163.031494 0.000000 2692.294678 0.000000 0.577125 0.000000 -0.816656 0.888175 0.888175 0.888175
3147.433594 0.000000 2729.447021 0.000000 0.997423 0.000000 0.071742 0.795956 0.795956 0.795956
3144.366455 0.000000 2727.641602 0.000000 0.451600 0.000000 -0.892221 0.896423 0.896423 0.896423
3188.006104 0.000000 2709.699219 0.000000 0.208344 0.000000 -0.978056 0.943514 0.943514 0.943514
3141.248779 0.000000 2729.675781 0.000000 0.960827 0.000000 0.277149 0.774256 0.774256 0.774256
3176.751221 0.000000 2693.386230 0.000000 0.807074 0.000000 -0.590450 0.862822 0.862822 0.862822
3163.393799 0.000000 2700.328369 0.000000 0.998908 0.000000 0.046716 0.796444 0.796444 0.796444
3189.457520 0.000000 2727.845947 0.000000 0.785026 0.000000 -0.619463 0.834024 0.834024 0.834024
3174.168701 0.000000 2690.670166 0.000000 0.978850 0.000000 -0.204577 0.813456 0.813456 0.813456
3184.290527 0.000000 2723.640625 0.000000 0.354431 0.000000 0.935082 0.705868 0.705868 0.705868
3169.932373 0.000000 2717.070557 0.000000 0.950280 0.000000 0.311395 0.781596 0.781596 0.781596
3148.537354 0.000000 2697.006348 0.000000 0.464711 0.000000 -0.885463 0.893178 0.893178 0.893178
3199.692627 0.000000 2706.553467 0.000000 0.969812 0.000000 -0.243853 0.816236 0.816236 0.816236
3168.840820 0.000000 2725.822021 0.000000 0.985717 0.000000 0.168409 0.790774 0.790774 0.790774
3194.487793 0.000000 2746.469971 0.000000 0.509306 0.000000 -0.860585 0.870172 0.870172 0.870172
3165.908691 0.000000 2693.035156 0.000000 0.995962 0.000000 -0.089781 0.808134 0.808134 0.808134
3179.660889 0.000000 2706.414307 0.000000 0.844970 0.000000 -0.534813 0.853082 0.853082 0.853082
3182.680176 0.000000 2721.104980 0.000000 0.457515 0.000000 -0.889202 0.883369 0.883369 0.883369
3166.910645 0.000000 2708.855225 0.000000 0.877708 0.000000 0.479196 0.763470 0.763470 0.763470
3192.841553 0.000000 2717.619385 0.000000 0.165519 0.000000 -0.986207 0.912767 0.912767 0.912767
3171.559570 0.000000 2719.153320 0.000000 0.798819 0.000000 -0.601571 0.856078 0.856078 0.856078
3173.225830 0.000000 2727.619141 0.000000 0.083689 0.000000 0.996492 0.695756 0.695756 0.695756
3100.366943 0.000000 2759.669678 0.000000 0.225832 0.000000 0.974166 0.750109 0.750109 0.750109
3083.378418 0.000000 2752.790527 0.000000 0.075127 0.000000 0.997174 0.766844 0.766844 0.766844
3072.229248 0.000000 2776.886719 0.000000 0.984248 0.000000 0.176792 0.779128 0.779128 0.779128
3091.627441 0.000000 2790.229980 0.000000 0.788143 0.000000 0.615492 0.771398 0.771398 0.771398
3087.584717 0.000000 2784.958496 0.000000 0.946940 0.000000 -0.321410 0.804902 0.804902 0.804902
3094.726562 0.000000 2766.325928 0.000000 0.039502 0.000000 0.999219 0.771557 0.771557 0.771557
3091.874268 0.000000 2773.486328 0.000000 0.982030 0.000000 0.188723 0.786463 0.786463 0.786463
3082.628174 0.000000 2785.324707 0.000000 0.999611 0.000000 0.027897 0.798930 0.798930 0.798930
3085.280762 0.000000 2787.118408 0.000000 0.985657 0.000000 -0.168761 0.816866 0.816866 0.816866
3081.876465 0.000000 2755.766846 0.000000 0.414863 0.000000 0.909884 0.733569 0.733569 0.733569
3088.442627 0.000000 2772.322998 0.000000 0.132993 0.000000 -0.991117 0.913686 0.913686 0.913686
3097.502441 0.000000 2766.441650 0.000000 0.968483 0.000000 0.249081 0.777979 0.777979 0.777979
3256.645264 0.000000 2740.367432 0.000000 0.994285 0.000000 -0.106758 0.816343 0.816343 0.816343
3222.976318 0.000000 2719.441162 0.000000 0.616528 0.000000 -0.787333 0.917317 0.917317 0.917317
3255.058105 0.000000 2688.751953 0.000000 0.983920 0.000000 0.178610 0.794728 0.794728 0.794728
3251.701172 0.000000 2724.844727 0.000000 0.244439 0.000000 -0.969665 0.844420 0.844420 0.844420
3208.167236 0.000000 2717.333496 0.000000 0.963419 0.000000 0.268001 0.769763 0.769763 0.769763
3242.987793 0.000000 2695.951660 0.000000 0.945013 0.000000 -0.327034 0.850904 0.850904 0.850904
3233.790039 0.000000 2708.919434 0.000000 0.111864 0.000000 0.993724 0.577127 0.577127 0.577127
3258.416260 0.000000 2701.527588 0.000000 0.742796 0.000000 -0.669518 0.866369 0.866369 0.866369
3226.973145 0.000000 2729.816650 0.000000 0.846270 0.000000 0.532754 0.714155 0.714155 0.714155
3235.497070 0.000000 2688.566162 0.000000 0.838048 0.000000 0.545596 0.746058 0.746058 0.746058
3211.373291 0.000000 2725.818604 0.000000 0.837268 0.000000 0.546793 0.792721 0.792721 0.792721
3200.229248 0.000000 2712.886719 0.000000 0.994238 0.000000 -0.107191 0.801223 0.801223 0.801223
3225.014648 0.000000 2710.339844 0.000000 0.958862 0.000000 0.283873 0.789825 0.789825 0.789825
3241.543945 0.000000 2704.418701 0.000000 0.621744 0.000000 0.783221 0.739615 0.739615 0.739615
3216.207520 0.000000 2714.596191 0.000000 0.538379 0.000000 -0.842703 0.926113 0.926113 0.926113
3208.797852 0.000000 2708.335449 0.000000 0.017788 0.000000 0.999842 0.655770 0.655770 0.655770
3230.934082 0.000000 2716.268066 0.000000 0.612462 0.000000 -0.790500 0.851891 0.851891 0.851891
3235.523926 0.000000 2699.150635 0.000000 0.809352 0.000000 0.587324 0.790973 0.790973 0.790973
3239.929932 0.000000 2713.592041 0.000000 0.687555 0.000000 -0.726132 0.837981 0.837981 0.837981
3247.553467 0.000000 2689.431885 0.000000 0.996327 0.000000 0.085629 0.797740 0.797740 0.797740
3252.677979 0.000000 2734.331299 0.000000 0.012247 0.000000 0.999925 0.634711 0.634711 0.634711
3239.853271 0.000000 2727.449951 0.000000 0.946271 0.000000 -0.323375 0.815982 0.815982 0.815982
3253.523926 0.000000 2718.232178 0.000000 0.355410 0.000000 -0.934710 0.824598 0.824598 0.824598
3215.584717 0.000000 2720.958496 0.000000 0.947222 0.000000 0.320579 0.750139 0.750139 0.750139
3251.179688 0.000000 2742.579102 0.000000 0.006128 0.000000 -0.999981 0.857188 0.857188 0.857188
3216.590576 0.000000 2691.759033 0.000000 0.136895 0.000000 -0.990586 0.882454 0.882454 0.882454
3241.437256 0.000000 2690.075195 0.000000 0.966352 0.000000 -0.257222 0.825095 0.825095 0.825095
3205.252441 0.000000 2726.042725 0.000000 0.345641 0.000000 -0.938367 0.869323 0.869323 0.869323
3262.173340 0.000000 2739.099121 0.000000 0.072814 0.000000 0.997346 0.635756 0.635756 0.635756
3256.699219 0.000000 2727.607178 0.000000 0.111811 0.000000 -0.993729 0.871671 0.871671 0.871671
3261.653320 0.000000 2688.806396 0.000000 0.287681 0.000000 0.957726 0.748656 0.748656 0.748656
3242.611328 0.000000 2735.847168 0.000000 0.495952 0.000000 0.868350 0.742647 0.742647 0.742647
3237.428711 0.000000 2693.748779 0.000000 0.053127 0.000000 0.998588 0.569940 0.569940 0.569940
3223.480469 0.000000 2693.307617 0.000000 0.065116 0.000000 0.997878 0.726927 0.726927 0.726927
3221.501221 0.000000 2714.272461 0.000000 0.838466 0.000000 0.544953 0.785496 0.785496 0.785496
3205.360596 0.000000 2712.334473 0.000000 0.895816 0.000000 0.444426 0.789514 0.789514 0.789514
3242.893799 0.000000 2709.241943 0.000000 0.240423 0.000000 -0.970668 0.866043 0.866043 0.866043
3213.661377 0.000000 2709.948975 0.000000 0.998589 0.000000 0.053105 0.794493 0.794493 0.794493
3247.760254 0.000000 2694.595703 0.000000 0.464656 0.000000 -0.885491 0.929674 0.929674 0.929674
3219.874268 0.000000 2709.486328 0.000000 0.492215 0.000000 0.870474 0.662045 0.662045 0.662045
3247.949219 0.000000 2735.976807 0.000000 0.228430 0.000000 -0.973560 0.959011 0.959011 0.959011
3200.934570 0.000000 2744.146240 0.000000 0.297120 0.000000 -0.954840 0.880605 0.880605 0.880605
3244.443604 0.000000 2700.538574 0.000000 0.781532 0.000000 -0.623865 0.871446 0.871446 0.871446
3226.162354 0.000000 2715.509766 0.000000 0.648170 0.000000 0.761496 0.759545 0.759545 0.759545
3234.930176 0.000000 2713.593506 0.000000 0.163765 0.000000 -0.986499 0.893530 0.893530 0.893530
3229.620605 0.000000 2711.662842 0.000000 0.269804 0.000000 0.962915 0.637505 0.637505 0.637505
3244.970947 0.000000 2713.687256 0.000000 0.865775 0.000000 -0.500433 0.813503 0.813503 0.813503
3241.306641 0.000000 2718.177979 0.000000 0.969838 0.000000 -0.243749 0.817409 0.817409 0.817409
3232.857666 0.000000 2692.969971 0.000000 0.975273 0.000000 -0.221003 0.806008 0.806008 0.806008
3262.278564 0.000000 2703.923340 0.000000 0.064584 0.000000 0.997912 0.655608 0.655608 0.655608
3239.941406 0.000000 2700.199219 0.000000 0.395037 0.000000 0.918665 0.764410 0.764410 0.764410
3204.492432 0.000000 2741.102539 0.000000 0.247128 0.000000 -0.968983 0.842744 0.842744 0.842744
3238.374756 0.000000 2708.287109 0.000000 0.992066 0.000000 0.125720 0.788293 0.788293 0.788293
3253.978271 0.000000 2700.223877 0.000000 0.167454 0.000000 -0.985880 0.973116 0.973116 0.973116
3263.609375 0.000000 2734.860840 0.000000 0.561749 0.000000 -0.827308 0.889901 0.889901 0.889901
3218.959473 0.000000 2717.962646 0.000000 0.933149 0.000000 -0.359490 0.816745 0.816745 0.816745
3228.427734 0.000000 2707.569092 0.000000 0.491448 0.000000 -0.870907 0.827867 0.827867 0.827867
3235.982422 0.000000 2725.303711 0.000000 0.578849 0.000000 0.815435 0.712591 0.712591 0.712591
3223.028320 0.000000 2706.613525 0.000000 0.278233 0.000000 0.960514 0.729726 0.729726 0.729726
3241.210205 0.000000 2722.904785 0.000000 0.296706 0.000000 0.954969 0.652428 0.652428 0.652428
3252.107178 0.000000 2738.510010 0.000000 0.464418 0.000000 -0.885616 0.874956 0.874956 0.874956
3255.090576 0.000000 2704.181152 0.000000 0.648599 0.000000 -0.761130 0.825916 0.825916 0.825916
3256.031250 0.000000 2692.688721 0.000000 0.967671 0.000000 -0.252217 0.812069 0.812069 0.812069
3256.689209 0.000000 2697.062744 0.000000 0.441347 0.000000 0.897337 0.763966 0.763966 0.763966
3249.971924 0.000000 2716.266602 0.000000 0.462399 0.000000 -0.886672 0.891442 0.891442 0.891442
3237.122314 0.000000 2716.998779 0.000000 0.270121 0.000000 0.962826 0.728489 0.728489 0.728489
3232.448730 0.000000 2705.080078 0.000000 0.550890 0.000000 -0.834578 0.901756 0.901756 0.901756
3222.794189 0.000000 2728.649170 0.000000 0.944697 0.000000 0.327943 0.776176 0.776176 0.776176
3218.711426 0.000000 2730.198486 0.000000 0.751007 0.000000 -0.660294 0.827656 0.827656 0.827656
3262.713379 0.000000 2712.471436 0.000000 0.744399 0.000000 -0.667735 0.864838 0.864838 0.864838
3258.515625 0.000000 2706.426025 0.000000 0.991588 0.000000 0.129437 0.784990 0.784990 0.784990
3230.089600 0.000000 2727.723145 0.000000 0.994304 0.000000 0.106584 0.794753 0.794753 0.794753
3207.777588 0.000000 2688.011475 0.000000 0.992994 0.000000 0.118164 0.792903 0.792903 0.792903
3227.031494 0.000000 2692.294678 0.000000 0.939091 0.000000 -0.343667 0.843301 0.843301 0.843301
3239.417480 0.000000 2696.753906 0.000000 0.992824 0.000000 -0.119583 0.808978 0.808978 0.808978
3208.186768 0.000000 2724.134277 0.000000 0.489484 0.000000 0.872013 0.727644 0.727644 0.727644
3208.366455 0.000000 2727.641602 0.000000 0.995301 0.000000 0.096832 0.789656 0.789656 0.789656
3240.751221 0.000000 2693.386230 0.000000 0.875663 0.000000 -0.482922 0.830500 0.830500 0.830500
3233.277344 0.000000 2701.673096 0.000000 0.984870 0.000000 0.173297 0.789042 0.789042 0.789042
3260.531494 0.000000 2736.222412 0.000000 0.351312 0.000000 0.936258 0.742639 0.742639 0.742639
3238.168701 0.000000 2690.670166 0.000000 0.945988 0.000000 -0.324201 0.826113 0.826113 0.826113
3213.301758 0.000000 2713.126709 0.000000 0.590902 0.000000 0.806743 0.711704 0.711704 0.711704
3204.930664 0.000000 2732.693848 0.000000 0.735477 0.000000 0.677549 0.762533 0.762533 0.762533
3225.099365 0.000000 2721.670410 0.000000 0.355574 0.000000 -0.934648 0.875230 0.875230 0.875230
3210.833252 0.000000 2735.841553 0.000000 0.990482 0.000000 -0.137642 0.808687 0.808687 0.808687
3232.272949 0.000000 2688.253662 0.000000 0.971701 0.000000 0.236213 0.777568 0.777568 0.777568
3202.849609 0.000000 2714.401367 0.000000 0.906044 0.000000 -0.423184 0.827490 0.827490 0.827490
3243.747070 0.000000 2716.383545 0.000000 0.725958 0.000000 0.687739 0.756378 0.756378 0.756378
3215.504639 0.000000 2717.846924 0.000000 0.858021 0.000000 0.513615 0.757985 0.757985 0.757985
3216.442627 0.000000 2708.322998 0.000000 0.997966 0.000000 -0.063741 0.803325 0.803325 0.803325
3203.198730 0.000000 2720.385498 0.000000 0.952785 0.000000 0.303647 0.777263 0.777263 0.777263
3240.309814 0.000000 2710.479004 0.000000 0.274857 0.000000 0.961485 0.695464 0.695464 0.695464
3244.732910 0.000000 2743.104492 0.000000 0.492751 0.000000 0.870170 0.731695 0.731695 0.731695
3239.023926 0.000000 2705.525635 0.000000 0.749867 0.000000 0.661589 0.742389 0.742389 0.742389
3207.838379 0.000000 2710.906494 0.000000 0.949531 0.000000 -0.313672 0.824661 0.824661 0.824661
3224.228271 0.000000 2713.582520 0.000000 0.644156 0.000000 0.764894 0.726947 0.726947 0.726947
3245.615234 0.000000 2696.481934 0.000000 0.670399 0.000000 -0.742001 0.863619 0.863619 0.863619
3265.500977 0.000000 2703.863037 0.000000 0.866745 0.000000 0.498751 0.792491 0.792491 0.792491
3312.281738 0.000000 2709.950928 0.000000 0.860404 0.000000 0.509613 0.764436 0.764436 0.764436
3286.976318 0.000000 2719.441162 0.000000 0.570751 0.000000 0.821123 0.763057 0.763057 0.763057
3265.974854 0.000000 2731.022949 0.000000 0.485405 0.000000 -0.874290 0.937700 0.937700 0.937700
3275.378418 0.000000 2688.790527 0.000000 0.674007 0.000000 0.738725 0.716831 0.716831 0.716831
3280.442627 0.000000 2733.369873 0.000000 0.937775 0.000000 0.347242 0.762178 0.762178 0.762178
3306.987793 0.000000 2695.951660 0.000000 0.980065 0.000000 -0.198678 0.801917 0.801917 0.801917
3297.790039 0.000000 2708.919434 0.000000 0.999896 0.000000 0.014420 0.797797 0.797797 0.797797
3322.416260 0.000000 2701.527588 0.000000 0.992880 0.000000 -0.119123 0.800501 0.800501 0.800501
3301.349609 0.000000 2721.140137 0.000000 0.897569 0.000000 -0.440875 0.801641 0.801641 0.801641
3290.973145 0.000000 2729.816650 0.000000 0.709133 0.000000 -0.705075 0.884865 0.884865 0.884865
3309.650391 0.000000 2740.468506 0.000000 0.996793 0.000000 0.080019 0.793952 0.793952 0.793952
3299.497070 0.000000 2688.566162 0.000000 0.993657 0.000000 0.112455 0.789534 0.789534 0.789534
3273.671875 0.000000 2698.250977 0.000000 0.322735 0.000000 0.946489 0.718874 0.718874 0.718874
3275.373291 0.000000 2725.818604 0.000000 0.471734 0.000000 0.881741 0.713325 0.713325 0.713325
3272.561523 0.000000 2737.880859 0.000000 0.114506 0.000000 0.993423 0.628134 0.628134 0.628134
3264.229248 0.000000 2712.886719 0.000000 0.999579 0.000000 0.029025 0.798243 0.798243 0.798243
3283.637207 0.000000 2697.028809 0.000000 0.998018 0.000000 -0.062934 0.802075 0.802075 0.802075
3313.762695 0.000000 2701.487793 0.000000 0.543518 0.000000 0.839397 0.647796 0.647796 0.647796
3310.140869 0.000000 2718.295654 0.000000 0.378586 0.000000 -0.925566 0.911949 0.911949 0.911949
3272.797852 0.000000 2708.335449 0.000000 0.931231 0.000000 0.364429 0.752841 0.752841 0.752841
3294.934082 0.000000 2716.268066 0.000000 0.203764 0.000000 -0.979020 0.849094 0.849094 0.849094
3299.523926 0.000000 2699.150635 0.000000 0.226272 0.000000 0.974064 0.777476 0.777476 0.777476
3303.929932 0.000000 2713.592041 0.000000 0.012426 0.000000 -0.999923 0.861626 0.861626 0.861626
3292.772461 0.000000 2703.317139 0.000000 0.486348 0.000000 -0.873765 0.829295 0.829295 0.829295
3316.677979 0.000000 2734.331299 0.000000 0.569325 0.000000 -0.822113 0.817348 0.817348 0.817348
3319.376709 0.000000 2708.529785 0.000000 0.149365 0.000000 0.988782 0.582907 0.582907 0.582907
3294.719971 0.000000 2723.818848 0.000000 0.231663 0.000000 -0.972796 0.939391 0.939391 0.939391
3316.888672 0.000000 2695.308105 0.000000 0.915474 0.000000 -0.402378 0.825061 0.825061 0.825061
3303.853271 0.000000 2727.449951 0.000000 0.250894 0.000000 -0.968015 0.968105 0.968105 0.968105
3279.584717 0.000000 2720.958496 0.000000 0.123053 0.000000 0.992400 0.621345 0.621345 0.621345
3280.590576 0.000000 2691.759033 0.000000 0.770385 0.000000 -0.637578 0.824440 0.824440 0.824440
3305.437256 0.000000 2690.075195 0.000000 0.009659 0.000000 -0.999953 0.844899 0.844899 0.844899
3297.672363 0.000000 2728.879639 0.000000 0.813571 0.000000 -0.581465 0.875104 0.875104 0.875104
3308.949707 0.000000 2746.236084 0.000000 0.543599 0.000000 -0.839345 0.822679 0.822679 0.822679
3275.854736 0.000000 2703.435059 0.000000 0.951307 0.000000 -0.308246 0.822530 0.822530 0.822530
3319.659180 0.000000 2745.764648 0.000000 0.844764 0.000000 -0.535139 0.850750 0.850750 0.850750
3278.736816 0.000000 2699.170654 0.000000 0.882849 0.000000 0.469658 0.736433 0.736433 0.736433
3277.661377 0.000000 2709.948975 0.000000 0.859833 0.000000 0.510575 0.735786 0.735786 0.735786
3270.586426 0.000000 2703.758545 0.000000 0.171867 0.000000 0.985120 0.641678 0.641678 0.641678
3300.396973 0.000000 2704.374512 0.000000 0.962444 0.000000 -0.271481 0.808401 0.808401 0.808401
3276.172119 0.000000 2693.927979 0.000000 0.849439 0.000000 0.527687 0.770024 0.770024 0.770024
3290.162354 0.000000 2715.509766 0.000000 0.999817 0.000000 0.019137 0.799232 0.799232 0.799232
3298.930176 0.000000 2713.593506 0.000000 0.998367 0.000000 0.057132 0.798150 0.798150 0.798150
3293.620605 0.000000 2711.662842 0.000000 0.295110 0.000000 0.955463 0.732210 0.732210 0.732210
3315.368652 0.000000 2705.918701 0.000000 0.847986 0.000000 0.530019 0.773223 0.773223 0.773223
3296.857666 0.000000 2692.969971 0.000000 0.940381 0.000000 0.340123 0.773384 0.773384 0.773384
3265.917480 0.000000 2708.549072 0.000000 0.283940 0.000000 0.958842 0.760029 0.760029 0.760029
3279.043945 0.000000 2728.765869 0.000000 0.102791 0.000000 0.994703 0.748111 0.748111 0.748111
3288.600586 0.000000 2698.100098 0.000000 0.038666 0.000000 0.999252 0.703610 0.703610 0.703610
3302.374756 0.000000 2708.287109 0.000000 0.956494 0.000000 -0.291753 0.812417 0.812417 0.812417
3317.978271 0.000000 2700.223877 0.000000 0.236828 0.000000 0.971552 0.651588 0.651588 0.651588
3313.663330 0.000000 2720.828125 0.000000 0.751401 0.000000 -0.659846 0.877287 0.877287 0.877287
3276.211670 0.000000 2733.101074 0.000000 0.961152 0.000000 0.276020 0.764477 0.764477 0.764477
3268.120850 0.000000 2689.254639 0.000000 0.859767 0.000000 0.510687 0.753434 0.753434 0.753434
3318.080322 0.000000 2750.430176 0.000000 0.972628 0.000000 0.232369 0.776253 0.776253 0.776253
3286.794189 0.000000 2728.649170 0.000000 0.565980 0.000000 -0.824419 0.906849 0.906849 0.906849
3269.864990 0.000000 2699.321777 0.000000 0.764349 0.000000 0.644803 0.761791 0.761791 0.761791
3283.933838 0.000000 2722.131104 0.000000 0.650621 0.000000 0.759402 0.695105 0.695105 0.695105
3280.064697 0.000000 2724.701904 0.000000 0.431241 0.000000 0.902237 0.731924 0.731924 0.731924
3308.753418 0.000000 2692.234131 0.000000 0.820228 0.000000 -0.572037 0.858017 0.858017 0.858017
3279.404785 0.000000 2688.101074 0.000000 0.688647 0.000000 0.725097 0.727581 0.727581 0.727581
3322.515625 0.000000 2706.426025 0.000000 0.943387 0.000000 0.331695 0.784199 0.784199 0.784199
3311.689453 0.000000 2698.353760 0.000000 0.905647 0.000000 -0.424032 0.835683 0.835683 0.835683
3327.362305 0.000000 2694.895264 0.000000 0.300905 0.000000 0.953654 0.699938 0.699938 0.699938
3280.258057 0.000000 2695.456543 0.000000 0.671409 0.000000 -0.741087 0.896523 0.896523 0.896523
3307.523193 0.000000 2728.381348 0.000000 0.042628 0.000000 -0.999091 0.985872 0.985872 0.985872
3294.089600 0.000000 2727.723145 0.000000 0.592522 0.000000 0.805554 0.705720 0.705720 0.705720
3275.433594 0.000000 2729.447021 0.000000 0.908590 0.000000 0.417690 0.754818 0.754818 0.754818
3283.875244 0.000000 2693.113281 0.000000 0.701245 0.000000 -0.712920 0.847078 0.847078 0.847078
3306.376709 0.000000 2739.435547 0.000000 0.104385 0.000000 -0.994537 0.948470 0.948470 0.948470
3269.248779 0.000000 2729.675781 0.000000 0.920324 0.000000 -0.391158 0.815652 0.815652 0.815652
3276.911865 0.000000 2706.607422 0.000000 0.719272 0.000000 0.694728 0.716706 0.716706 0.716706
3313.708740 0.000000 2732.947754 0.000000 0.807003 0.000000 -0.590548 0.845044 0.845044 0.845044
3270.541992 0.000000 2696.038086 0.000000 0.429533 0.000000 -0.903051 0.929631 0.929631 0.929631
3273.046387 0.000000 2701.519043 0.000000 0.367471 0.000000 -0.930035 0.852963 0.852963 0.852963
3317.457520 0.000000 2727.845947 0.000000 0.811187 0.000000 -0.584787 0.828069 0.828069 0.828069
3277.280762 0.000000 2723.118408 0.000000 0.152441 0.000000 0.988312 0.727794 0.727794 0.727794
3302.168701 0.000000 2690.670166 0.000000 0.842658 0.000000 -0.538449 0.863027 0.863027 0.863027
3273.876465 0.000000 2691.766846 0.000000 0.798681 0.000000 -0.601755 0.844105 0.844105 0.844105
3316.370850 0.000000 2745.659180 0.000000 0.785928 0.000000 -0.618318 0.837944 0.837944 0.837944
3273.304443 0.000000 2705.271240 0.000000 0.993669 0.000000 -0.112345 0.811333 0.811333 0.811333
3318.356934 0.000000 2742.923340 0.000000 0.844958 0.000000 -0.534832 0.834826 0.834826 0.834826
3289.099365 0.000000 2721.670410 0.000000 0.824591 0.000000 -0.565729 0.828103 0.828103 0.828103
3285.783203 0.000000 2699.341797 0.000000 0.457068 0.000000 -0.889432 0.866332 0.866332 0.866332
3296.272949 0.000000 2688.253662 0.000000 0.889714 0.000000 0.456519 0.751427 0.751427 0.751427
3277.661133 0.000000 2690.814941 0.000000 0.793796 0.000000 0.608185 0.747901 0.747901 0.747901
3266.849609 0.000000 2714.401367 0.000000 0.742689 0.000000 0.669636 0.745487 0.745487 0.745487
3279.504639 0.000000 2717.846924 0.000000 0.535156 0.000000 0.844753 0.718618 0.718618 0.718618
3286.441162 0.000000 2696.117188 0.000000 0.446111 0.000000 -0.894978 0.864419 0.864419 0.864419
3290.852783 0.000000 2712.675537 0.000000 0.970296 0.000000 -0.241919 0.824157 0.824157 0.824157
3295.893311 0.000000 2713.480469 0.000000 0.372667 0.000000 -0.927965 0.877648 0.877648 0.877648
3301.385498 0.000000 2701.613525 0.000000 0.517199 0.000000 -0.855865 0.869549 0.869549 0.869549
3289.527588 0.000000 2695.397217 0.000000 0.689756 0.000000 0.724042 0.730628 0.730628 0.730628
3303.352783 0.000000 2688.085938 0.000000 0.843729 0.000000 0.536769 0.756885 0.756885 0.756885
3313.111328 0.000000 2704.144043 0.000000 0.949290 0.000000 0.314402 0.773363 0.773363 0.773363
3289.502441 0.000000 2702.441650 0.000000 0.418223 0.000000 0.908344 0.727640 0.727640 0.727640
3307.962891 0.000000 2703.176514 0.000000 0.886869 0.000000 -0.462021 0.841726 0.841726 0.841726
3307.321777 0.000000 2732.613525 0.000000 0.998258 0.000000 -0.058998 0.803997 0.803997 0.803997
3314.477783 0.000000 2694.194336 0.000000 0.500179 0.000000 -0.865922 0.873397 0.873397 0.873397
3303.914551 0.000000 2720.415039 0.000000 0.959885 0.000000 -0.280393 0.820605 0.820605 0.820605
3277.099854 0.000000 2719.974121 0.000000 0.994671 0.000000 0.103098 0.792265 0.792265 0.792265
3265.475586 0.000000 2736.701904 0.000000 0.984586 0.000000 -0.174901 0.814221 0.814221 0.814221
3319.058105 0.000000 2752.751953 0.000000 0.934352 0.000000 0.356351 0.769436 0.769436 0.769436
3348.968506 0.000000 2619.060791 0.000000 0.615141 0.000000 -0.788417 0.896865 0.896865 0.896865
3329.974854 0.000000 2603.022949 0.000000 0.935587 0.000000 0.353097 0.755024 0.755024 0.755024
3365.210205 0.000000 2605.929688 0.000000 0.072684 0.000000 0.997355 0.733579 0.733579 0.733579
3333.561279 0.000000 2618.570312 0.000000 0.240800 0.000000 -0.970575 0.912956 0.912956 0.912956
3345.064209 0.000000 2577.424316 0.000000 0.896579 0.000000 0.442883 0.729899 0.729899 0.729899
3336.167236 0.000000 2589.333496 0.000000 0.960398 0.000000 -0.278632 0.822840 0.822840 0.822840
3344.442627 0.000000 2605.369873 0.000000 0.948825 0.000000 0.315802 0.785754 0.785754 0.785754
3365.349609 0.000000 2593.140137 0.000000 0.972909 0.000000 -0.231188 0.807269 0.807269 0.807269
3354.973145 0.000000 2601.816650 0.000000 0.203730 0.000000 -0.979027 1.008653 1.008653 1.008653
3359.319092 0.000000 2615.947754 0.000000 0.996774 0.000000 0.080262 0.787724 0.787724 0.787724
3373.650391 0.000000 2612.468506 0.000000 0.580797 0.000000 -0.814048 0.945316 0.945316 0.945316
3339.373291 0.000000 2597.818604 0.000000 0.052637 0.000000 0.998614 0.708128 0.708128 0.708128
3353.014648 0.000000 2582.339844 0.000000 0.696844 0.000000 0.717223 0.677798 0.677798 0.677798
3351.673828 0.000000 2610.428467 0.000000 0.523973 0.000000 0.851735 0.728545 0.728545 0.728545
3374.140869 0.000000 2590.295654 0.000000 0.373006 0.000000 0.927829 0.728786 0.728786 0.728786
3336.797852 0.000000 2580.335449 0.000000 0.992382 0.000000 -0.123199 0.812063 0.812063 0.812063
3341.428711 0.000000 2616.461914 0.000000 0.899626 0.000000 0.436661 0.753159 0.753159 0.753159
3358.703125 0.000000 2608.679688 0.000000 0.207710 0.000000 -0.978191 0.831001 0.831001 0.831001
3336.257080 0.000000 2603.504150 0.000000 0.822416 0.000000 0.568887 0.750688 0.750688 0.750688
3328.100586 0.000000 2621.086426 0.000000 0.548525 0.000000 -0.836134 0.923999 0.923999 0.923999
3346.083252 0.000000 2612.457275 0.000000 0.141897 0.000000 -0.989882 1.018246 1.018246 1.018246
3338.362305 0.000000 2621.712891 0.000000 0.742913 0.000000 0.669388 0.737602 0.737602 0.737602
3362.251953 0.000000 2621.171631 0.000000 0.177854 0.000000 -0.984057 0.901753 0.901753 0.901753
3339.854736 0.000000 2575.435059 0.000000 0.937595 0.000000 -0.347729 0.815108 0.815108 0.815108
3344.370361 0.000000 2622.160400 0.000000 0.994086 0.000000 0.108595 0.798240 0.798240 0.798240
3353.708008 0.000000 2615.805664 0.000000 0.942610 0.000000 0.333896 0.787761 0.787761 0.787761
3350.067627 0.000000 2604.634521 0.000000 0.075118 0.000000 -0.997175 0.968472 0.968472 0.968472
3370.611328 0.000000 2607.847168 0.000000 0.930567 0.000000 -0.366122 0.814599 0.814599 0.814599
3349.501221 0.000000 2586.272461 0.000000 0.492308 0.000000 -0.870421 0.951230 0.951230 0.951230
3353.410400 0.000000 2596.740967 0.000000 0.635747 0.000000 0.771898 0.766185 0.766185 0.766185
3333.360596 0.000000 2584.334473 0.000000 0.995966 0.000000 0.089735 0.789232 0.789232 0.789232
3365.095703 0.000000 2617.050781 0.000000 0.688781 0.000000 -0.724970 0.885522 0.885522 0.885522
3331.025879 0.000000 2589.487305 0.000000 0.802136 0.000000 0.597142 0.774694 0.774694 0.774694
3334.586426 0.000000 2575.758545 0.000000 0.783117 0.000000 0.621875 0.748528 0.748528 0.748528
3347.874268 0.000000 2581.486328 0.000000 0.603811 0.000000 -0.797127 0.872410 0.872410 0.872410
3375.949219 0.000000 2607.976807 0.000000 0.381917 0.000000 0.924197 0.720885 0.720885 0.720885
3341.640869 0.000000 2609.921875 0.000000 0.453525 0.000000 0.891244 0.759793 0.759793 0.759793
3336.725830 0.000000 2614.708008 0.000000 0.294008 0.000000 -0.955803 0.835832 0.835832 0.835832
3369.306641 0.000000 2590.177979 0.000000 0.959295 0.000000 -0.282406 0.815782 0.815782 0.815782
3333.866211 0.000000 2593.456055 0.000000 0.283231 0.000000 -0.959052 0.920752 0.920752 0.920752
3362.333984 0.000000 2611.662842 0.000000 0.854283 0.000000 0.519808 0.732858 0.732858 0.732858
3338.125244 0.000000 2584.783691 0.000000 0.933777 0.000000 -0.357854 0.828945 0.828945 0.828945
3338.628174 0.000000 2593.324707 0.000000 0.583645 0.000000 -0.812009 0.889707 0.889707 0.889707
3328.331299 0.000000 2598.835205 0.000000 0.976064 0.000000 -0.217483 0.811297 0.811297 0.811297
3347.843750 0.000000 2608.372314 0.000000 0.337992 0.000000 -0.941149 0.949857 0.949857 0.949857
3355.928955 0.000000 2612.033691 0.000000 0.211956 0.000000 -0.977279 0.971587 0.971587 0.971587
3346.959473 0.000000 2589.962646 0.000000 0.586999 0.000000 -0.809588 0.853702 0.853702 0.853702
3358.574463 0.000000 2604.103027 0.000000 0.937818 0.000000 -0.347126 0.821241 0.821241 0.821241
3346.546143 0.000000 2573.387207 0.000000 0.826552 0.000000 0.562860 0.778149 0.778149 0.778149
3363.982422 0.000000 2597.303711 0.000000 0.083629 0.000000 0.996497 0.671695 0.671695 0.671695
3369.210205 0.000000 2594.904785 0.000000 0.994607 0.000000 0.103717 0.794584 0.794584 0.794584
3380.107178 0.000000 2610.510010 0.000000 0.358601 0.000000 0.933491 0.728580 0.728580 0.728580
3372.478271 0.000000 2622.695312 0.000000 0.982602 0.000000 0.185724 0.792501 0.792501 0.792501
3369.959961 0.000000 2615.235596 0.000000 0.947755 0.000000 -0.318999 0.820426 0.820426 0.820426
3333.864990 0.000000 2571.321777 0.000000 0.281886 0.000000 -0.959448 0.960151 0.960151 0.960151
3347.933838 0.000000 2594.131104 0.000000 0.964144 0.000000 -0.265380 0.816898 0.816898 0.816898
3345.253906 0.000000 2617.669434 0.000000 0.665670 0.000000 0.746246 0.770725 0.770725 0.770725
3358.089600 0.000000 2599.723145 0.000000 0.784542 0.000000 0.620075 0.741891 0.741891 0.741891
3375.768066 0.000000 2615.587402 0.000000 0.930629 0.000000 -0.365964 0.822449 0.822449 0.822449
3361.726562 0.000000 2606.735107 0.000000 0.969164 0.000000 -0.246417 0.823571 0.823571 0.823571
3333.425049 0.000000 2579.414551 0.000000 0.282037 0.000000 0.959404 0.736871 0.736871 0.736871
3340.040039 0.000000 2613.247559 0.000000 0.999971 0.000000 -0.007577 0.800881 0.800881 0.800881
3328.013672 0.000000 2572.653320 0.000000 0.978740 0.000000 -0.205107 0.812130 0.812130 0.812130
3370.376709 0.000000 2611.435547 0.000000 0.977483 0.000000 0.211014 0.778471 0.778471 0.778471
3333.248779 0.000000 2601.675781 0.000000 0.609283 0.000000 -0.792953 0.907531 0.907531 0.907531
3341.613281 0.000000 2619.928223 0.000000 0.264375 0.000000 -0.964420 0.918691 0.918691 0.918691
3376.907471 0.000000 2611.574219 0.000000 0.894883 0.000000 -0.446302 0.817740 0.817740 0.817740
3344.860352 0.000000 2583.274658 0.000000 0.999996 0.000000 -0.002794 0.800209 0.800209 0.800209
3331.786621 0.000000 2621.273926 0.000000 0.313969 0.000000 -0.949433 0.865984 0.865984 0.865984
3359.157227 0.000000 2612.205078 0.000000 0.662168 0.000000 0.749356 0.745184 0.745184 0.745184
3328.023926 0.000000 2588.332275 0.000000 0.990137 0.000000 -0.140102 0.807159 0.807159 0.807159
3344.745361 0.000000 2609.017822 0.000000 0.875038 0.000000 -0.484053 0.853587 0.853587 0.853587
3383.016113 0.000000 2609.444336 0.000000 0.955630 0.000000 -0.294569 0.818274 0.818274 0.818274
3382.356934 0.000000 2614.923340 0.000000 0.977956 0.000000 -0.208813 0.809705 0.809705 0.809705
3361.669922 0.000000 2618.098877 0.000000 0.596025 0.000000 0.802966 0.721240 0.721240 0.721240
3338.833252 0.000000 2607.841553 0.000000 0.993973 0.000000 -0.109623 0.806055 0.806055 0.806055
3341.388672 0.000000 2622.958984 0.000000 0.007964 0.000000 0.999968 0.723215 0.723215 0.723215
3351.391846 0.000000 2607.405762 0.000000 0.516979 0.000000 -0.855998 0.898502 0.898502 0.898502
3333.749512 0.000000 2587.520020 0.000000 0.922892 0.000000 0.385058 0.777501 0.777501 0.777501
3344.442627 0.000000 2580.322998 0.000000 0.956763 0.000000 0.290870 0.773474 0.773474 0.773474
3373.360352 0.000000 2606.471680 0.000000 0.819741 0.000000 -0.572735 0.860291 0.860291 0.860291
3354.568115 0.000000 2609.466553 0.000000 0.939749 0.000000 -0.341866 0.827177 0.827177 0.827177
3354.852783 0.000000 2584.675537 0.000000 0.549442 0.000000 -0.835532 0.854523 0.854523 0.854523
3350.151123 0.000000 2583.355469 0.000000 0.997231 0.000000 -0.074368 0.805218 0.805218 0.805218
3348.637451 0.000000 2611.133301 0.000000 0.898874 0.000000 0.438207 0.757330 0.757330 0.757330
3363.784912 0.000000 2609.119385 0.000000 0.980884 0.000000 -0.194595 0.814785 0.814785 0.814785
3330.896973 0.000000 2600.012695 0.000000 0.867642 0.000000 0.497189 0.761651 0.761651 0.761651
3355.274902 0.000000 2598.917725 0.000000 0.780885 0.000000 0.624674 0.738551 0.738551 0.738551
3330.628174 0.000000 2583.326172 0.000000 0.385308 0.000000 -0.922788 0.878164 0.878164 0.878164
3345.357178 0.000000 2570.443604 0.000000 0.392801 0.000000 -0.919623 0.878322 0.878322 0.878322
3339.033447 0.000000 2610.808105 0.000000 0.051313 0.000000 0.998683 0.688929 0.688929 0.688929
3336.166016 0.000000 2592.014404 0.000000 0.644558 0.000000 -0.764556 0.864143 0.864143 0.864143
3367.549561 0.000000 2588.288574 0.000000 0.814957 0.000000 -0.579522 0.847778 0.847778 0.847778
3329.974854 0.000000 2667.022949 0.000000 0.367168 0.000000 -0.930155 0.937455 0.937455 0.937455
3339.378418 0.000000 2624.790527 0.000000 1.000000 0.000000 -0.000431 0.800054 0.800054 0.800054
3370.987793 0.000000 2631.951660 0.000000 0.262175 0.000000 0.965020 0.760888 0.760888 0.760888
3361.790039 0.000000 2644.919434 0.000000 0.876681 0.000000 0.481072 0.781957 0.781957 0.781957
3328.367432 0.000000 2627.297363 0.000000 0.918681 0.000000 0.395000 0.737957 0.737957 0.737957
3349.572998 0.000000 2624.357666 0.000000 0.764650 0.000000 -0.644446 0.888535 0.888535 0.888535
3328.229248 0.000000 2648.886719 0.000000 0.190238 0.000000 0.981738 0.786776 0.786776 0.786776
3328.712646 0.000000 2658.175537 0.000000 0.600349 0.000000 -0.799738 0.865531 0.865531 0.865531
3374.140869 0.000000 2654.295654 0.000000 0.500592 0.000000 -0.865683 0.862077 0.862077 0.862077
3336.797852 0.000000 2644.335449 0.000000 0.813185 0.000000 -0.582006 0.845409 0.845409 0.845409
3341.428711 0.000000 2680.461914 0.000000 0.974409 0.000000 -0.224784 0.810324 0.810324 0.810324
3356.772461 0.000000 2639.317139 0.000000 0.325319 0.000000 -0.945604 0.823022 0.823022 0.823022
3375.553467 0.000000 2625.431885 0.000000 0.305624 0.000000 -0.952152 0.848325 0.848325 0.848325
3387.670166 0.000000 2630.378418 0.000000 0.415208 0.000000 0.909727 0.741122 0.741122 0.741122
3380.888672 0.000000 2631.308105 0.000000 0.012540 0.000000 -0.999921 0.919509 0.919509 0.919509
3381.523926 0.000000 2654.232178 0.000000 0.867600 0.000000 -0.497263 0.819957 0.819957 0.819957
3330.312744 0.000000 2633.467285 0.000000 0.960595 0.000000 -0.277952 0.814851 0.814851 0.814851
3344.590576 0.000000 2627.759033 0.000000 0.394145 0.000000 -0.919048 0.938988 0.938988 0.938988
3365.428711 0.000000 2629.748779 0.000000 0.000719 0.000000 1.000000 0.709688 0.709688 0.709688
3333.573486 0.000000 2687.956787 0.000000 0.681115 0.000000 -0.732177 0.831995 0.831995 0.831995
3333.360596 0.000000 2648.334473 0.000000 0.875796 0.000000 -0.482682 0.810865 0.810865 0.810865
3341.661377 0.000000 2645.948975 0.000000 0.170555 0.000000 0.985348 0.742145 0.742145 0.742145
3375.760254 0.000000 2630.595703 0.000000 0.505368 0.000000 -0.862904 0.857383 0.857383 0.857383
3364.396973 0.000000 2640.374512 0.000000 0.844732 0.000000 -0.535189 0.813196 0.813196 0.813196
3372.443604 0.000000 2636.538574 0.000000 0.990805 0.000000 0.135298 0.793251 0.793251 0.793251
3340.172119 0.000000 2629.927979 0.000000 0.464266 0.000000 0.885696 0.754368 0.754368 0.754368
3362.930176 0.000000 2649.593506 0.000000 0.682002 0.000000 0.731350 0.778866 0.778866 0.778866
3372.970947 0.000000 2649.687256 0.000000 0.990082 0.000000 -0.140492 0.803294 0.803294 0.803294
3360.857666 0.000000 2628.969971 0.000000 0.007217 0.000000 0.999974 0.621061 0.621061 0.621061
3367.941406 0.000000 2636.199219 0.000000 0.601688 0.000000 -0.798731 0.838804 0.838804 0.838804
3332.492432 0.000000 2677.102539 0.000000 0.836819 0.000000 0.547479 0.769105 0.769105 0.769105
3366.374756 0.000000 2644.287109 0.000000 0.840483 0.000000 -0.541837 0.821958 0.821958 0.821958
3358.775635 0.000000 2635.332764 0.000000 0.027979 0.000000 0.999609 0.719576 0.719576 0.719576
3381.978271 0.000000 2636.223877 0.000000 0.920616 0.000000 -0.390469 0.823795 0.823795 0.823795
3384.689209 0.000000 2633.062744 0.000000 0.073648 0.000000 0.997284 0.720166 0.720166 0.720166
3365.122314 0.000000 2652.998779 0.000000 0.999922 0.000000 0.012487 0.799259 0.799259 0.799259
3360.448730 0.000000 2641.080078 0.000000 0.050961 0.000000 -0.998701 0.985768 0.985768 0.985768
3333.864990 0.000000 2635.321777 0.000000 0.441465 0.000000 -0.897279 0.876730 0.876730 0.876730
3353.606445 0.000000 2624.135986 0.000000 0.437746 0.000000 0.899099 0.666061 0.666061 0.666061
3372.753418 0.000000 2628.234131 0.000000 0.675598 0.000000 -0.737270 0.842222 0.842222 0.842222
3355.031494 0.000000 2628.294678 0.000000 0.956240 0.000000 -0.292584 0.815656 0.815656 0.815656
3337.161621 0.000000 2682.236328 0.000000 0.545757 0.000000 -0.837943 0.911913 0.911913 0.911913
3361.075439 0.000000 2632.515869 0.000000 0.530530 0.000000 -0.847666 0.912735 0.912735 0.912735
3333.425049 0.000000 2643.414551 0.000000 0.638413 0.000000 0.769694 0.759476 0.759476 0.759476
3347.875244 0.000000 2629.113281 0.000000 0.998713 0.000000 -0.050719 0.802463 0.802463 0.802463
3379.167236 0.000000 2634.150879 0.000000 0.639616 0.000000 -0.768695 0.839401 0.839401 0.839401
3366.168701 0.000000 2626.670166 0.000000 0.461654 0.000000 -0.887060 0.857522 0.857522 0.857522
3365.543457 0.000000 2647.342041 0.000000 0.540117 0.000000 0.841590 0.739470 0.739470 0.739470
3337.876465 0.000000 2627.766846 0.000000 0.952530 0.000000 0.304446 0.785171 0.785171 0.785171
3346.536133 0.000000 2625.220215 0.000000 0.847020 0.000000 0.531562 0.760040 0.760040 0.760040
3333.467529 0.000000 2674.112061 0.000000 0.927442 0.000000 -0.373968 0.836515 0.836515 0.836515
3387.632568 0.000000 2633.393555 0.000000 0.646068 0.000000 -0.763280 0.851510 0.851510 0.851510
3335.838379 0.000000 2646.906494 0.000000 0.054442 0.000000 0.998517 0.688250 0.688250 0.688250
3371.962891 0.000000 2639.176514 0.000000 0.768904 0.000000 -0.639364 0.844888 0.844888 0.844888
3335.835693 0.000000 2649.980225 0.000000 0.981777 0.000000 0.190036 0.783961 0.783961 0.783961
3394.312744 0.000000 2633.467285 0.000000 0.904672 0.000000 0.426108 0.773889 0.773889 0.773889
3334.784424 0.000000 2692.691895 0.000000 0.521134 0.000000 0.853475 0.701352 0.701352 0.701352
3333.864990 0.000000 2699.321777 0.000000 0.109090 0.000000 -0.994032 0.917341 0.917341 0.917341
3334.541992 0.000000 2696.038086 0.000000 0.599392 0.000000 -0.800456 0.838925 0.838925 0.838925
3328.016602 0.000000 2694.866455 0.000000 0.999424 0.000000 0.033939 0.797275 0.797275 0.797275
"}
