object={
	name="tree_leaf_2_high_generator_1_0"
	render_pass=Map
	clamp_to_water_level=no
	generated_content=yes
	layer="tree_high_layer"
	pdxmesh="tree_leaf_01_a_mesh"
	count=2357
	transform="3454.164062 0.000000 3361.022705 0.000000 0.035097 0.000000 0.999384 0.466579 0.466579 0.466579
3448.812500 0.000000 3375.821777 0.000000 0.580358 0.000000 0.814361 0.554385 0.554385 0.554385
3444.125488 0.000000 3375.462891 0.000000 0.895708 0.000000 0.444642 0.524077 0.524077 0.524077
3454.497559 0.000000 3362.744873 0.000000 0.984970 0.000000 0.172725 0.562035 0.562035 0.562035
3453.686035 0.000000 3365.628174 0.000000 0.675545 0.000000 0.737319 0.491953 0.491953 0.491953
3440.989502 0.000000 3374.449219 0.000000 0.139676 0.000000 0.990197 0.244257 0.244257 0.244257
3439.017334 0.000000 3373.259277 0.000000 0.093729 0.000000 0.995598 0.354431 0.354431 0.354431
3456.205322 0.000000 3369.293213 0.000000 0.776326 0.000000 0.630331 0.502952 0.502952 0.502952
3458.685059 0.000000 3368.549805 0.000000 0.965148 0.000000 0.261703 0.544868 0.544868 0.544868
3457.905029 0.000000 3361.984375 0.000000 0.842396 0.000000 0.538859 0.501116 0.501116 0.501116
3459.713867 0.000000 3366.962891 0.000000 0.856263 0.000000 0.516540 0.392664 0.392664 0.392664
3053.271973 0.000000 3947.505127 0.000000 0.237815 0.000000 0.971310 0.554155 0.554155 0.554155
3071.962891 0.000000 3934.480957 0.000000 0.625042 0.000000 0.780591 0.589268 0.589268 0.589268
3057.432129 0.000000 3942.350098 0.000000 0.548318 0.000000 0.836270 0.463507 0.463507 0.463507
2943.310791 0.000000 4010.432373 0.000000 0.855530 0.000000 0.517753 0.535599 0.535599 0.535599
3005.227539 0.000000 3992.372314 0.000000 0.997289 0.000000 0.073585 0.594373 0.594373 0.594373
2994.515137 0.000000 3994.681641 0.000000 0.823544 0.000000 0.567252 0.554825 0.554825 0.554825
2996.441650 0.000000 3992.829834 0.000000 0.073594 0.000000 0.997288 0.490112 0.490112 0.490112
2994.372070 0.000000 3992.675293 0.000000 0.949282 0.000000 0.314425 0.573649 0.573649 0.573649
3060.074951 0.000000 3978.433350 0.000000 0.084817 0.000000 0.996397 0.446424 0.446424 0.446424
3039.914307 0.000000 3996.268555 0.000000 0.993613 0.000000 0.112843 0.597967 0.597967 0.597967
3028.183594 0.000000 3985.210205 0.000000 0.417457 0.000000 0.908697 0.535101 0.535101 0.535101
3028.443848 0.000000 3987.940674 0.000000 0.650799 0.000000 0.759250 0.516056 0.516056 0.516056
3064.684570 0.000000 3983.223877 0.000000 0.667114 0.000000 0.744955 0.490470 0.490470 0.490470
3034.322998 0.000000 3980.595459 0.000000 0.310969 0.000000 0.950420 0.436503 0.436503 0.436503
3063.627930 0.000000 3984.567139 0.000000 0.593897 0.000000 0.804541 0.465560 0.465560 0.465560
2976.933594 0.000000 4002.036133 0.000000 0.085927 0.000000 0.996301 0.486572 0.486572 0.486572
2970.637939 0.000000 4005.528809 0.000000 0.266610 0.000000 0.963804 0.457746 0.457746 0.457746
3022.444336 0.000000 4007.209473 0.000000 0.977548 0.000000 0.210713 0.592050 0.592050 0.592050
3048.233887 0.000000 4004.239502 0.000000 0.996610 0.000000 0.082274 0.590993 0.590993 0.590993
3021.760498 0.000000 4005.555420 0.000000 0.902502 0.000000 0.430686 0.549311 0.549311 0.549311
3067.159668 0.000000 4044.265869 0.000000 0.231676 0.000000 0.972793 0.307602 0.307602 0.307602
3045.025635 0.000000 4055.003174 0.000000 0.054723 0.000000 0.998502 0.581833 0.581833 0.581833
3064.900879 0.000000 4072.257568 0.000000 0.852355 0.000000 0.522963 0.565377 0.565377 0.565377
3068.474609 0.000000 4073.510742 0.000000 0.580975 0.000000 0.813922 0.552997 0.552997 0.552997
3069.859863 0.000000 4071.742676 0.000000 0.367612 0.000000 0.929979 0.460453 0.460453 0.460453
3066.369873 0.000000 4073.903076 0.000000 0.840489 0.000000 0.541829 0.522804 0.522804 0.522804
3045.194824 0.000000 4052.321533 0.000000 0.717784 0.000000 0.696266 0.508859 0.508859 0.508859
3069.591064 0.000000 4070.144775 0.000000 0.271626 0.000000 0.962403 0.448611 0.448611 0.448611
2976.150635 0.000000 4096.068848 0.000000 0.759748 0.000000 0.650217 0.561828 0.561828 0.561828
2991.091309 0.000000 4105.206543 0.000000 0.999823 0.000000 0.018792 0.598649 0.598649 0.598649
2977.599609 0.000000 4099.588379 0.000000 0.774300 0.000000 0.632818 0.577420 0.577420 0.577420
2989.283203 0.000000 4104.012207 0.000000 0.692233 0.000000 0.721674 0.499764 0.499764 0.499764
3156.470459 0.000000 3909.930176 0.000000 0.818857 0.000000 0.573997 0.564284 0.564284 0.564284
3162.030518 0.000000 3908.287842 0.000000 0.974563 0.000000 0.224115 0.584425 0.584425 0.584425
3112.356689 0.000000 3922.604248 0.000000 0.557754 0.000000 0.830007 0.575067 0.575067 0.575067
3072.933838 0.000000 3952.710205 0.000000 0.709402 0.000000 0.704804 0.521503 0.521503 0.521503
3074.295898 0.000000 3918.369873 0.000000 0.998614 0.000000 0.052625 0.599369 0.599369 0.599369
3096.115967 0.000000 3920.505371 0.000000 0.999748 0.000000 0.022454 0.598890 0.598890 0.598890
3093.367432 0.000000 3948.181152 0.000000 0.783160 0.000000 0.621820 0.556776 0.556776 0.556776
3090.257324 0.000000 3947.361816 0.000000 0.913999 0.000000 0.405717 0.575595 0.575595 0.575595
3076.837646 0.000000 3920.047852 0.000000 0.864826 0.000000 0.502072 0.551150 0.551150 0.551150
3101.382080 0.000000 3922.956543 0.000000 0.633555 0.000000 0.773697 0.535068 0.535068 0.535068
3092.443848 0.000000 3941.940674 0.000000 0.560631 0.000000 0.828066 0.467008 0.467008 0.467008
3113.601318 0.000000 3924.541504 0.000000 0.485029 0.000000 0.874498 0.523469 0.523469 0.523469
3095.387451 0.000000 3925.712158 0.000000 0.362301 0.000000 0.932061 0.440013 0.440013 0.440013
3092.743408 0.000000 3943.683105 0.000000 0.367715 0.000000 0.929938 0.430055 0.430055 0.430055
3097.754639 0.000000 3924.577637 0.000000 0.989970 0.000000 0.141278 0.576643 0.576643 0.576643
3094.590820 0.000000 3924.359131 0.000000 0.950078 0.000000 0.312013 0.557698 0.557698 0.557698
3091.629639 0.000000 3943.071289 0.000000 0.843244 0.000000 0.537531 0.482688 0.482688 0.482688
3167.008057 0.000000 3930.138428 0.000000 0.855076 0.000000 0.518502 0.469357 0.469357 0.469357
3173.090820 0.000000 3952.382812 0.000000 0.999902 0.000000 0.014034 0.599727 0.599727 0.599727
3164.608154 0.000000 3954.936035 0.000000 0.692670 0.000000 0.721255 0.521561 0.521561 0.521561
3157.169678 0.000000 3932.059814 0.000000 0.968238 0.000000 0.250029 0.590158 0.590158 0.590158
3174.783691 0.000000 3936.575928 0.000000 0.153910 0.000000 0.988085 0.576664 0.576664 0.576664
3160.463623 0.000000 3928.576172 0.000000 0.225269 0.000000 0.974297 0.481258 0.481258 0.481258
3170.803955 0.000000 3940.935791 0.000000 0.974988 0.000000 0.222256 0.521104 0.521104 0.521104
3170.974365 0.000000 3932.645752 0.000000 0.856130 0.000000 0.516761 0.529228 0.529228 0.529228
3158.870850 0.000000 3916.240723 0.000000 0.871030 0.000000 0.491230 0.570771 0.570771 0.570771
3164.714355 0.000000 3951.500244 0.000000 0.589928 0.000000 0.807456 0.500047 0.500047 0.500047
3151.257812 0.000000 3926.179443 0.000000 0.267051 0.000000 0.963683 0.541560 0.541560 0.541560
3149.416504 0.000000 3922.135010 0.000000 0.172924 0.000000 0.984935 0.512111 0.512111 0.512111
3162.097900 0.000000 3918.424805 0.000000 0.886969 0.000000 0.461829 0.519462 0.519462 0.519462
3168.625732 0.000000 3939.354980 0.000000 0.730903 0.000000 0.682481 0.457103 0.457103 0.457103
3158.769043 0.000000 3940.002930 0.000000 0.318684 0.000000 0.947861 0.179902 0.179902 0.179902
3156.443848 0.000000 3941.940674 0.000000 0.463241 0.000000 0.886232 0.443379 0.443379 0.443379
3154.362549 0.000000 3937.380615 0.000000 0.977821 0.000000 0.209442 0.587673 0.587673 0.587673
3168.605713 0.000000 3941.960205 0.000000 0.748562 0.000000 0.663065 0.466440 0.466440 0.466440
3152.897461 0.000000 3917.259033 0.000000 0.979501 0.000000 0.201439 0.584505 0.584505 0.584505
3175.580078 0.000000 3938.878906 0.000000 0.334642 0.000000 0.942345 0.358723 0.358723 0.358723
3158.285156 0.000000 3922.717529 0.000000 0.877804 0.000000 0.479021 0.531159 0.531159 0.531159
3169.502197 0.000000 3951.860596 0.000000 0.395002 0.000000 0.918680 0.155107 0.155107 0.155107
3148.934814 0.000000 3925.987549 0.000000 0.381008 0.000000 0.924572 0.469211 0.469211 0.469211
3159.734375 0.000000 3918.314697 0.000000 0.196950 0.000000 0.980413 0.328610 0.328610 0.328610
3159.180176 0.000000 3947.007080 0.000000 0.052567 0.000000 0.998617 0.192925 0.192925 0.192925
3172.431641 0.000000 3942.417236 0.000000 0.093591 0.000000 0.995611 0.115453 0.115453 0.115453
3165.501465 0.000000 3949.526855 0.000000 0.596566 0.000000 0.802564 0.507901 0.507901 0.507901
3161.473389 0.000000 3942.140137 0.000000 0.621305 0.000000 0.783568 0.474569 0.474569 0.474569
3169.870850 0.000000 3930.841064 0.000000 0.276374 0.000000 0.961050 0.340912 0.340912 0.340912
3155.470459 0.000000 3948.933594 0.000000 0.552470 0.000000 0.833532 0.223578 0.223578 0.223578
3160.680176 0.000000 3940.350098 0.000000 0.841724 0.000000 0.539908 0.516277 0.516277 0.516277
3160.821045 0.000000 3916.510254 0.000000 0.348234 0.000000 0.937408 0.195927 0.195927 0.195927
3170.508545 0.000000 3938.695801 0.000000 0.679789 0.000000 0.733408 0.317580 0.317580 0.317580
3166.403809 0.000000 3932.498291 0.000000 0.679420 0.000000 0.733749 0.518554 0.518554 0.518554
3159.387451 0.000000 3925.712158 0.000000 0.046825 0.000000 0.998903 0.339764 0.339764 0.339764
3157.566650 0.000000 3954.224365 0.000000 0.961281 0.000000 0.275571 0.532252 0.532252 0.532252
3174.824463 0.000000 3948.018555 0.000000 0.759486 0.000000 0.650524 0.392055 0.392055 0.392055
3167.098389 0.000000 3948.652100 0.000000 0.414021 0.000000 0.910267 0.361820 0.361820 0.361820
3162.231689 0.000000 3927.731201 0.000000 0.482684 0.000000 0.875795 0.427372 0.427372 0.427372
3155.102539 0.000000 3932.628662 0.000000 0.408778 0.000000 0.912634 0.374399 0.374399 0.374399
3153.928223 0.000000 3952.462646 0.000000 0.242085 0.000000 0.970255 0.196705 0.196705 0.196705
3153.597412 0.000000 3949.060303 0.000000 0.940549 0.000000 0.339659 0.525248 0.525248 0.525248
3154.065674 0.000000 3955.311768 0.000000 0.054631 0.000000 0.998507 0.441025 0.441025 0.441025
3166.611572 0.000000 3951.496582 0.000000 0.149415 0.000000 0.988775 0.176471 0.176471 0.176471
3160.597168 0.000000 3953.249512 0.000000 0.784961 0.000000 0.619546 0.370803 0.370803 0.370803
3158.117920 0.000000 3941.540527 0.000000 0.795000 0.000000 0.606609 0.380325 0.380325 0.380325
3170.694336 0.000000 3935.170898 0.000000 0.862282 0.000000 0.506429 0.511704 0.511704 0.511704
3172.716797 0.000000 3944.982910 0.000000 0.471180 0.000000 0.882037 0.278015 0.278015 0.278015
3158.391113 0.000000 3955.861328 0.000000 0.658405 0.000000 0.752664 0.274522 0.274522 0.274522
3158.362549 0.000000 3910.073730 0.000000 0.662583 0.000000 0.748988 0.431350 0.431350 0.431350
3151.288086 0.000000 3953.477539 0.000000 0.729768 0.000000 0.683695 0.375595 0.375595 0.375595
3173.940186 0.000000 3942.016357 0.000000 0.107583 0.000000 0.994196 0.120067 0.120067 0.120067
3158.590820 0.000000 3924.359131 0.000000 0.009390 0.000000 0.999956 0.333368 0.333368 0.333368
3158.614014 0.000000 3953.066406 0.000000 0.186476 0.000000 0.982459 0.249837 0.249837 0.249837
3168.022949 0.000000 3952.360840 0.000000 0.421237 0.000000 0.906951 0.380490 0.380490 0.380490
3163.879395 0.000000 3930.125977 0.000000 0.634495 0.000000 0.772927 0.467667 0.467667 0.467667
3164.789062 0.000000 3935.216309 0.000000 0.123331 0.000000 0.992366 0.047229 0.047229 0.047229
3171.650635 0.000000 3939.702393 0.000000 0.835200 0.000000 0.549946 0.400256 0.400256 0.400256
3158.394531 0.000000 3949.287109 0.000000 0.663408 0.000000 0.748258 0.445500 0.445500 0.445500
3149.423096 0.000000 3929.912109 0.000000 0.990911 0.000000 0.134522 0.579586 0.579586 0.579586
3157.617432 0.000000 3946.706543 0.000000 0.942471 0.000000 0.334289 0.536179 0.536179 0.536179
3158.869629 0.000000 3935.201904 0.000000 0.672829 0.000000 0.739798 0.384194 0.384194 0.384194
3158.465088 0.000000 3943.755615 0.000000 0.673292 0.000000 0.739377 0.282144 0.282144 0.282144
3160.828613 0.000000 3919.253418 0.000000 0.940029 0.000000 0.341095 0.467043 0.467043 0.467043
3159.524658 0.000000 3941.231445 0.000000 0.664065 0.000000 0.747675 0.315357 0.315357 0.315357
3168.484863 0.000000 3948.017090 0.000000 0.321928 0.000000 0.946764 0.315118 0.315118 0.315118
3169.377197 0.000000 3940.579102 0.000000 0.331494 0.000000 0.943457 0.372842 0.372842 0.372842
3169.635498 0.000000 3933.149658 0.000000 0.849384 0.000000 0.527775 0.423443 0.423443 0.423443
3172.186279 0.000000 3949.367188 0.000000 0.731805 0.000000 0.681514 0.437137 0.437137 0.437137
3156.055176 0.000000 3947.633301 0.000000 0.984449 0.000000 0.175669 0.566936 0.566936 0.566936
3160.176514 0.000000 3950.718506 0.000000 0.988953 0.000000 0.148228 0.567017 0.567017 0.567017
3167.320068 0.000000 3931.465088 0.000000 0.951328 0.000000 0.308179 0.524917 0.524917 0.524917
3169.253418 0.000000 3950.512939 0.000000 0.071387 0.000000 0.997449 0.027291 0.027291 0.027291
3168.150879 0.000000 3953.858398 0.000000 0.702496 0.000000 0.711688 0.446979 0.446979 0.446979
3165.392090 0.000000 3933.353027 0.000000 0.486014 0.000000 0.873951 0.263938 0.263938 0.263938
3167.256836 0.000000 3928.888428 0.000000 0.999841 0.000000 0.017851 0.593529 0.593529 0.593529
3160.899658 0.000000 3917.788818 0.000000 0.707700 0.000000 0.706513 0.339102 0.339102 0.339102
3253.979492 0.000000 3902.852539 0.000000 0.999134 0.000000 0.041618 0.596321 0.596321 0.596321
3237.612549 0.000000 3903.407959 0.000000 0.387777 0.000000 0.921753 0.545550 0.545550 0.545550
3263.800049 0.000000 3894.330811 0.000000 0.121806 0.000000 0.992554 0.515369 0.515369 0.515369
3273.853760 0.000000 3904.072266 0.000000 0.983067 0.000000 0.183245 0.593651 0.593651 0.593651
3270.037842 0.000000 3907.622803 0.000000 0.423178 0.000000 0.906046 0.435253 0.435253 0.435253
3267.313477 0.000000 3898.643066 0.000000 0.463469 0.000000 0.886113 0.474407 0.474407 0.474407
3273.062500 0.000000 3907.906738 0.000000 0.996775 0.000000 0.080248 0.592539 0.592539 0.592539
3265.790771 0.000000 3894.985596 0.000000 0.016610 0.000000 0.999862 0.485925 0.485925 0.485925
3271.375488 0.000000 3909.964600 0.000000 0.228903 0.000000 0.973449 0.491622 0.491622 0.491622
3274.743164 0.000000 3906.239014 0.000000 0.108056 0.000000 0.994145 0.510179 0.510179 0.510179
3271.598145 0.000000 3907.335693 0.000000 0.559660 0.000000 0.828722 0.458069 0.458069 0.458069
3260.759521 0.000000 3921.443848 0.000000 0.989554 0.000000 0.144163 0.595666 0.595666 0.595666
3244.701660 0.000000 3910.086914 0.000000 0.998363 0.000000 0.057194 0.596914 0.596914 0.596914
3261.391113 0.000000 3915.980469 0.000000 0.529511 0.000000 0.848303 0.367890 0.367890 0.367890
3235.822021 0.000000 3913.237549 0.000000 0.042576 0.000000 0.999093 0.469519 0.469519 0.469519
3258.408447 0.000000 3917.446045 0.000000 0.999742 0.000000 0.022721 0.598945 0.598945 0.598945
3262.164062 0.000000 3913.022705 0.000000 0.503753 0.000000 0.863848 0.315693 0.315693 0.315693
3259.224609 0.000000 3913.993408 0.000000 0.494236 0.000000 0.869328 0.483185 0.483185 0.483185
3241.773438 0.000000 3910.480957 0.000000 0.922086 0.000000 0.386984 0.570834 0.570834 0.570834
3262.784912 0.000000 3928.207520 0.000000 0.695998 0.000000 0.718043 0.496815 0.496815 0.496815
3243.471924 0.000000 3911.770752 0.000000 0.201862 0.000000 0.979414 0.421783 0.421783 0.421783
3262.508789 0.000000 3935.957764 0.000000 0.872963 0.000000 0.487786 0.560310 0.560310 0.560310
3259.391846 0.000000 3915.819580 0.000000 0.488626 0.000000 0.872493 0.477707 0.477707 0.477707
3259.815918 0.000000 3912.233887 0.000000 0.815875 0.000000 0.578229 0.531657 0.531657 0.531657
3260.903809 0.000000 3914.153320 0.000000 0.942900 0.000000 0.333076 0.522178 0.522178 0.522178
3262.497559 0.000000 3914.744873 0.000000 0.655276 0.000000 0.755389 0.390936 0.390936 0.390936
3260.114258 0.000000 3917.292725 0.000000 0.999238 0.000000 0.039040 0.594560 0.594560 0.594560
3262.059570 0.000000 3919.256836 0.000000 0.935944 0.000000 0.352150 0.522915 0.522915 0.522915
3262.172363 0.000000 3921.819336 0.000000 0.977088 0.000000 0.212836 0.558877 0.558877 0.558877
3263.705811 0.000000 3914.003906 0.000000 0.629358 0.000000 0.777116 0.382678 0.382678 0.382678
3275.529541 0.000000 3919.854736 0.000000 0.062377 0.000000 0.998053 0.385353 0.385353 0.385353
3309.271973 0.000000 3947.505127 0.000000 0.609020 0.000000 0.793155 0.553350 0.553350 0.553350
3304.356689 0.000000 3922.604248 0.000000 0.340585 0.000000 0.940214 0.574347 0.574347 0.574347
3280.917480 0.000000 3910.235596 0.000000 0.305322 0.000000 0.952249 0.530138 0.530138 0.530138
3266.295898 0.000000 3918.369873 0.000000 0.777810 0.000000 0.628499 0.541973 0.541973 0.541973
3285.169678 0.000000 3932.059814 0.000000 0.995192 0.000000 0.097939 0.576783 0.576783 0.576783
3291.284180 0.000000 3925.008057 0.000000 0.680684 0.000000 0.732577 0.587686 0.587686 0.587686
3295.914307 0.000000 3950.268555 0.000000 0.964768 0.000000 0.263103 0.565703 0.565703 0.565703
3288.115967 0.000000 3920.505371 0.000000 0.180321 0.000000 0.983608 0.427248 0.427248 0.427248
3275.609619 0.000000 3933.602051 0.000000 0.928845 0.000000 0.370469 0.580103 0.580103 0.580103
3265.887939 0.000000 3931.718018 0.000000 0.863836 0.000000 0.503774 0.550177 0.550177 0.550177
3271.156738 0.000000 3917.085205 0.000000 0.802047 0.000000 0.597261 0.561648 0.561648 0.561648
3284.183594 0.000000 3939.210205 0.000000 0.476297 0.000000 0.879284 0.540455 0.540455 0.540455
3272.358154 0.000000 3930.146240 0.000000 0.713979 0.000000 0.700168 0.518671 0.518671 0.518671
3267.319824 0.000000 3922.867188 0.000000 0.029127 0.000000 0.999576 0.410637 0.410637 0.410637
3288.463623 0.000000 3928.576172 0.000000 0.137448 0.000000 0.990509 0.567804 0.567804 0.567804
3294.968994 0.000000 3917.094971 0.000000 0.404439 0.000000 0.914565 0.245503 0.245503 0.245503
3279.600586 0.000000 3919.242432 0.000000 0.727539 0.000000 0.686067 0.553566 0.553566 0.553566
3304.390625 0.000000 3949.006836 0.000000 0.909805 0.000000 0.415037 0.587819 0.587819 0.587819
3285.507324 0.000000 3935.750977 0.000000 0.067914 0.000000 0.997691 0.309604 0.309604 0.309604
3291.947510 0.000000 3928.508057 0.000000 0.510990 0.000000 0.859587 0.542667 0.542667 0.542667
3297.802002 0.000000 3947.323242 0.000000 0.991217 0.000000 0.132246 0.594834 0.594834 0.594834
3281.461670 0.000000 3941.191650 0.000000 0.879973 0.000000 0.475023 0.567376 0.567376 0.567376
3276.905273 0.000000 3951.322021 0.000000 0.707783 0.000000 0.706430 0.515397 0.515397 0.515397
3317.622803 0.000000 3921.256348 0.000000 0.194412 0.000000 0.980920 0.534084 0.534084 0.534084
3274.179932 0.000000 3927.429932 0.000000 0.269439 0.000000 0.963017 0.226696 0.226696 0.226696
3284.722656 0.000000 3929.119385 0.000000 0.070654 0.000000 0.997501 0.449450 0.449450 0.449450
3288.442383 0.000000 3935.076660 0.000000 0.835487 0.000000 0.549510 0.566884 0.566884 0.566884
3277.416504 0.000000 3922.135010 0.000000 0.997829 0.000000 0.065859 0.589042 0.589042 0.589042
3275.533447 0.000000 3912.888184 0.000000 0.997031 0.000000 0.077004 0.586491 0.586491 0.586491
3268.419922 0.000000 3916.562256 0.000000 0.422558 0.000000 0.906336 0.382471 0.382471 0.382471
3275.102783 0.000000 3940.572510 0.000000 0.997624 0.000000 0.068898 0.596282 0.596282 0.596282
3294.900635 0.000000 3937.251953 0.000000 0.760391 0.000000 0.649466 0.566117 0.566117 0.566117
3277.178711 0.000000 3917.708740 0.000000 0.697631 0.000000 0.716457 0.553340 0.553340 0.553340
3272.991699 0.000000 3918.983643 0.000000 0.883537 0.000000 0.468362 0.475876 0.475876 0.475876
3290.547119 0.000000 3922.478027 0.000000 0.981155 0.000000 0.193223 0.585145 0.585145 0.585145
3285.688721 0.000000 3919.298828 0.000000 0.890840 0.000000 0.454317 0.522293 0.522293 0.522293
3268.377441 0.000000 3936.895996 0.000000 0.215727 0.000000 0.976454 0.518911 0.518911 0.518911
3281.992676 0.000000 3920.355957 0.000000 0.972385 0.000000 0.233384 0.586945 0.586945 0.586945
3276.106934 0.000000 3948.884521 0.000000 0.763343 0.000000 0.645993 0.563179 0.563179 0.563179
3274.063477 0.000000 3910.137695 0.000000 0.909315 0.000000 0.416108 0.567857 0.567857 0.567857
3274.490967 0.000000 3922.041016 0.000000 0.738296 0.000000 0.674477 0.491333 0.491333 0.491333
3290.292480 0.000000 3930.342773 0.000000 0.008613 0.000000 0.999963 0.412797 0.412797 0.412797
3286.285156 0.000000 3922.717529 0.000000 0.995439 0.000000 0.095399 0.586833 0.586833 0.586833
3284.590088 0.000000 3915.686035 0.000000 0.742854 0.000000 0.669453 0.513204 0.513204 0.513204
3305.601318 0.000000 3924.541504 0.000000 0.199291 0.000000 0.979940 0.405022 0.405022 0.405022
3286.062988 0.000000 3937.906494 0.000000 0.855949 0.000000 0.517060 0.503949 0.503949 0.503949
3270.096924 0.000000 3912.142334 0.000000 0.943614 0.000000 0.331048 0.527219 0.527219 0.527219
3264.170898 0.000000 3918.992432 0.000000 0.994611 0.000000 0.103677 0.592221 0.592221 0.592221
3286.861328 0.000000 3933.598389 0.000000 0.756637 0.000000 0.653835 0.327791 0.327791 0.327791
3293.501465 0.000000 3949.526855 0.000000 0.712283 0.000000 0.701893 0.533569 0.533569 0.533569
3293.351562 0.000000 3925.549561 0.000000 0.699590 0.000000 0.714545 0.540384 0.540384 0.540384
3277.724609 0.000000 3920.025146 0.000000 0.947989 0.000000 0.318304 0.476264 0.476264 0.476264
3273.858643 0.000000 3931.518555 0.000000 0.773071 0.000000 0.634319 0.527951 0.527951 0.527951
3273.068115 0.000000 3916.696777 0.000000 0.955809 0.000000 0.293987 0.555302 0.555302 0.555302
3282.180908 0.000000 3939.354248 0.000000 0.214446 0.000000 0.976736 0.259094 0.259094 0.259094
3264.721680 0.000000 3917.152832 0.000000 0.466658 0.000000 0.884438 0.500833 0.500833 0.500833
3285.989502 0.000000 3914.403564 0.000000 0.680856 0.000000 0.732417 0.502743 0.502743 0.502743
3290.003906 0.000000 3920.657959 0.000000 0.846720 0.000000 0.532039 0.529411 0.529411 0.529411
3265.991943 0.000000 3924.263428 0.000000 0.469496 0.000000 0.882934 0.446017 0.446017 0.446017
3272.291016 0.000000 3927.328857 0.000000 0.541675 0.000000 0.840588 0.378668 0.378668 0.378668
3287.572266 0.000000 3936.654785 0.000000 0.339633 0.000000 0.940558 0.383604 0.383604 0.383604
3295.098389 0.000000 3948.652100 0.000000 0.178785 0.000000 0.983888 0.152007 0.152007 0.152007
3290.231689 0.000000 3927.731201 0.000000 0.974426 0.000000 0.224707 0.560279 0.560279 0.560279
3265.550537 0.000000 3922.511475 0.000000 0.923318 0.000000 0.384037 0.541547 0.541547 0.541547
3291.938965 0.000000 3926.698730 0.000000 0.548320 0.000000 0.836269 0.426417 0.426417 0.426417
3268.896729 0.000000 3924.760986 0.000000 0.698124 0.000000 0.715977 0.295178 0.295178 0.295178
3268.774658 0.000000 3921.821045 0.000000 0.764331 0.000000 0.644824 0.441490 0.441490 0.441490
3278.929443 0.000000 3910.388916 0.000000 0.107503 0.000000 0.994205 0.444397 0.444397 0.444397
3280.492676 0.000000 3924.851318 0.000000 0.939027 0.000000 0.343843 0.545844 0.545844 0.545844
3286.418457 0.000000 3920.859619 0.000000 0.514402 0.000000 0.857549 0.447184 0.447184 0.447184
3278.574463 0.000000 3937.853516 0.000000 0.956897 0.000000 0.290427 0.540853 0.540853 0.540853
3265.905029 0.000000 3913.984375 0.000000 0.068137 0.000000 0.997676 0.399679 0.399679 0.399679
3283.060303 0.000000 3929.449463 0.000000 0.438225 0.000000 0.898865 0.454410 0.454410 0.454410
3289.692871 0.000000 3936.453125 0.000000 0.069371 0.000000 0.997591 0.397595 0.397595 0.397595
3280.786865 0.000000 3938.052979 0.000000 0.963110 0.000000 0.269109 0.505312 0.505312 0.505312
3283.166016 0.000000 3940.703857 0.000000 0.398289 0.000000 0.917260 0.365193 0.365193 0.365193
3273.866211 0.000000 3912.736084 0.000000 0.596046 0.000000 0.802950 0.405899 0.405899 0.405899
3304.220215 0.000000 3925.642090 0.000000 0.395731 0.000000 0.918366 0.434369 0.434369 0.434369
3276.747803 0.000000 3923.648682 0.000000 0.607776 0.000000 0.794108 0.447441 0.447441 0.447441
3288.657471 0.000000 3930.260010 0.000000 0.208968 0.000000 0.977922 0.328999 0.328999 0.328999
3275.976562 0.000000 3921.445068 0.000000 0.300942 0.000000 0.953642 0.304372 0.304372 0.304372
3289.404785 0.000000 3914.750732 0.000000 0.720097 0.000000 0.693874 0.307083 0.307083 0.307083
3268.740479 0.000000 3914.943359 0.000000 0.742376 0.000000 0.669983 0.419640 0.419640 0.419640
3264.812988 0.000000 3925.310791 0.000000 0.837588 0.000000 0.546303 0.517757 0.517757 0.517757
3283.870117 0.000000 3925.170654 0.000000 0.969224 0.000000 0.246181 0.540013 0.540013 0.540013
3286.869629 0.000000 3935.201904 0.000000 0.556675 0.000000 0.830730 0.225508 0.225508 0.225508
3271.128662 0.000000 3933.417725 0.000000 0.942551 0.000000 0.334063 0.550510 0.550510 0.550510
3289.385498 0.000000 3931.557373 0.000000 0.931300 0.000000 0.364252 0.525723 0.525723 0.525723
3272.641113 0.000000 3910.628174 0.000000 0.953078 0.000000 0.302726 0.543335 0.543335 0.543335
3287.045654 0.000000 3919.653564 0.000000 0.158148 0.000000 0.987415 0.331389 0.331389 0.331389
3273.687500 0.000000 3911.421387 0.000000 0.108967 0.000000 0.994045 0.330705 0.330705 0.330705
3072.380859 0.000000 3989.485352 0.000000 0.639597 0.000000 0.768711 0.594746 0.594746 0.594746
3092.183594 0.000000 3985.210205 0.000000 0.949479 0.000000 0.313831 0.571788 0.571788 0.571788
3107.895752 0.000000 3976.008545 0.000000 0.222887 0.000000 0.974844 0.456847 0.456847 0.456847
3110.417725 0.000000 3980.558838 0.000000 0.160870 0.000000 0.986976 0.426905 0.426905 0.426905
3174.783691 0.000000 3982.575928 0.000000 0.871800 0.000000 0.489862 0.569327 0.569327 0.569327
3166.968994 0.000000 3963.094971 0.000000 0.995162 0.000000 0.098252 0.597641 0.597641 0.597641
3192.631104 0.000000 3966.169434 0.000000 0.920044 0.000000 0.391815 0.590351 0.590351 0.590351
3156.941895 0.000000 3956.791016 0.000000 0.948914 0.000000 0.315536 0.526427 0.526427 0.526427
3195.625977 0.000000 3969.968262 0.000000 0.999299 0.000000 0.037424 0.597533 0.597533 0.597533
3154.180908 0.000000 3985.354248 0.000000 0.819654 0.000000 0.572859 0.530557 0.530557 0.530557
3176.400391 0.000000 3983.255615 0.000000 0.863380 0.000000 0.504555 0.531870 0.531870 0.531870
3155.809570 0.000000 3957.979736 0.000000 0.941325 0.000000 0.337502 0.542244 0.542244 0.542244
3158.811035 0.000000 3957.332764 0.000000 0.129004 0.000000 0.991644 0.187600 0.187600 0.187600
3130.855713 0.000000 4030.786865 0.000000 0.467549 0.000000 0.883967 0.470066 0.470066 0.470066
3074.295898 0.000000 4010.369873 0.000000 0.589494 0.000000 0.807772 0.580280 0.580280 0.580280
3100.608154 0.000000 4046.936035 0.000000 0.684764 0.000000 0.728765 0.503376 0.503376 0.503376
3102.212158 0.000000 4026.437256 0.000000 0.970052 0.000000 0.242895 0.581257 0.581257 0.581257
3113.998535 0.000000 4005.290527 0.000000 0.949427 0.000000 0.313987 0.556464 0.556464 0.556464
3123.763916 0.000000 4021.773193 0.000000 0.460075 0.000000 0.887880 0.523070 0.523070 0.523070
3077.982422 0.000000 4015.264160 0.000000 0.399250 0.000000 0.916842 0.525277 0.525277 0.525277
3173.901123 0.000000 4021.609619 0.000000 0.119692 0.000000 0.992811 0.478300 0.478300 0.478300
3150.444336 0.000000 4007.209473 0.000000 0.936112 0.000000 0.351702 0.586003 0.586003 0.586003
3140.308838 0.000000 4020.438477 0.000000 0.948646 0.000000 0.316339 0.572518 0.572518 0.572518
3174.024902 0.000000 4035.896240 0.000000 0.266561 0.000000 0.963818 0.514254 0.514254 0.514254
3167.382812 0.000000 4015.509033 0.000000 0.453387 0.000000 0.891314 0.492875 0.492875 0.492875
3244.701660 0.000000 3956.086914 0.000000 0.865672 0.000000 0.500612 0.539526 0.539526 0.539526
3245.366699 0.000000 3959.250244 0.000000 0.998725 0.000000 0.050474 0.597050 0.597050 0.597050
3230.078613 0.000000 3956.086182 0.000000 0.933662 0.000000 0.358156 0.558300 0.558300 0.558300
3213.416504 0.000000 3968.135010 0.000000 0.805410 0.000000 0.592718 0.473606 0.473606 0.473606
3217.992676 0.000000 3966.355957 0.000000 0.736300 0.000000 0.676655 0.547676 0.547676 0.547676
3240.233887 0.000000 3958.239502 0.000000 0.918295 0.000000 0.395897 0.550612 0.550612 0.550612
3213.724609 0.000000 3966.025146 0.000000 0.999921 0.000000 0.012603 0.598811 0.598811 0.598811
3237.096680 0.000000 3958.819336 0.000000 0.265694 0.000000 0.964057 0.371837 0.371837 0.371837
3287.946777 0.000000 3956.442871 0.000000 0.908520 0.000000 0.417841 0.596126 0.596126 0.596126
3306.453613 0.000000 3998.277832 0.000000 0.517782 0.000000 0.855512 0.495438 0.495438 0.495438
3288.574219 0.000000 3959.470459 0.000000 0.472492 0.000000 0.881335 0.493358 0.493358 0.493358
3268.419922 0.000000 3962.562256 0.000000 0.540441 0.000000 0.841382 0.526614 0.526614 0.526614
3296.933594 0.000000 3956.036133 0.000000 0.098796 0.000000 0.995108 0.465513 0.465513 0.465513
3313.386475 0.000000 3975.640869 0.000000 0.312677 0.000000 0.949860 0.461133 0.461133 0.461133
3302.494141 0.000000 3961.952148 0.000000 0.220339 0.000000 0.975423 0.414145 0.414145 0.414145
3212.547119 0.000000 4002.236572 0.000000 0.068124 0.000000 0.997677 0.566238 0.566238 0.566238
3304.065674 0.000000 4008.741943 0.000000 0.008763 0.000000 0.999962 0.457271 0.457271 0.457271
3338.052002 0.000000 3937.864258 0.000000 0.356191 0.000000 0.934413 0.569274 0.569274 0.569274
3338.871338 0.000000 3935.828857 0.000000 0.108415 0.000000 0.994106 0.488299 0.488299 0.488299
3465.853760 0.000000 3950.072266 0.000000 0.514347 0.000000 0.857582 0.570670 0.570670 0.570670
3464.030518 0.000000 3946.123291 0.000000 0.350664 0.000000 0.936501 0.556410 0.556410 0.556410
3462.729492 0.000000 3949.938232 0.000000 0.999999 0.000000 0.001123 0.599904 0.599904 0.599904
3540.968506 0.000000 3952.449951 0.000000 0.682017 0.000000 0.731336 0.582798 0.582798 0.582798
3547.550537 0.000000 3943.264648 0.000000 0.458656 0.000000 0.888614 0.468864 0.468864 0.468864
3553.457275 0.000000 3954.145996 0.000000 0.694365 0.000000 0.719623 0.500132 0.500132 0.500132
3540.470459 0.000000 3955.930176 0.000000 0.722091 0.000000 0.691798 0.519893 0.519893 0.519893
3543.409912 0.000000 3954.584961 0.000000 0.321041 0.000000 0.947065 0.503104 0.503104 0.503104
3550.872070 0.000000 3953.376709 0.000000 0.577685 0.000000 0.816260 0.514177 0.514177 0.514177
3540.443848 0.000000 3941.940674 0.000000 0.805772 0.000000 0.592226 0.533541 0.533541 0.533541
3545.237793 0.000000 3944.433594 0.000000 0.951817 0.000000 0.306665 0.556580 0.556580 0.556580
3520.041016 0.000000 3954.817627 0.000000 0.243793 0.000000 0.969827 0.395644 0.395644 0.395644
3543.027588 0.000000 3951.527344 0.000000 0.372220 0.000000 0.928145 0.430745 0.430745 0.430745
3545.473389 0.000000 3942.140137 0.000000 0.582921 0.000000 0.812528 0.504810 0.504810 0.504810
3544.680176 0.000000 3940.350098 0.000000 0.920245 0.000000 0.391342 0.534349 0.534349 0.534349
3551.683350 0.000000 3955.136475 0.000000 0.996256 0.000000 0.086456 0.583014 0.583014 0.583014
3541.566650 0.000000 3954.224365 0.000000 0.738921 0.000000 0.673792 0.522478 0.522478 0.522478
3552.022949 0.000000 3952.360840 0.000000 0.373189 0.000000 0.927755 0.398852 0.398852 0.398852
3550.267090 0.000000 3954.810303 0.000000 0.688146 0.000000 0.725572 0.440689 0.440689 0.440689
3553.253418 0.000000 3950.512939 0.000000 0.974091 0.000000 0.226158 0.540198 0.540198 0.540198
3387.391846 0.000000 3961.819580 0.000000 0.523742 0.000000 0.851877 0.491567 0.491567 0.491567
3413.169678 0.000000 3978.059814 0.000000 0.080804 0.000000 0.996730 0.412531 0.412531 0.412531
3443.690186 0.000000 3960.349854 0.000000 0.592215 0.000000 0.805780 0.567718 0.567718 0.567718
3419.947510 0.000000 3974.508057 0.000000 0.108772 0.000000 0.994067 0.477378 0.477378 0.477378
3445.622803 0.000000 3967.256348 0.000000 0.087338 0.000000 0.996179 0.462239 0.462239 0.462239
3420.721191 0.000000 3977.627686 0.000000 0.511140 0.000000 0.859498 0.491550 0.491550 0.491550
3441.497559 0.000000 3959.439941 0.000000 0.997828 0.000000 0.065873 0.593483 0.593483 0.593483
3420.054199 0.000000 3979.864014 0.000000 0.060358 0.000000 0.998177 0.414477 0.414477 0.414477
3342.444336 0.000000 4007.209473 0.000000 0.872511 0.000000 0.488595 0.580884 0.580884 0.580884
3384.631104 0.000000 4012.169434 0.000000 0.993814 0.000000 0.111058 0.596499 0.596499 0.596499
3345.635498 0.000000 4007.049316 0.000000 0.969461 0.000000 0.245245 0.575876 0.575876 0.575876
3338.490967 0.000000 4014.041016 0.000000 0.767540 0.000000 0.641001 0.542676 0.542676 0.542676
3451.178223 0.000000 4021.564941 0.000000 0.867267 0.000000 0.497843 0.559410 0.559410 0.559410
3422.212158 0.000000 4026.437256 0.000000 0.143174 0.000000 0.989698 0.461047 0.461047 0.461047
3451.242432 0.000000 4018.676758 0.000000 0.834584 0.000000 0.550881 0.560674 0.560674 0.560674
3516.353516 0.000000 3956.510498 0.000000 0.742572 0.000000 0.669766 0.490068 0.490068 0.490068
3493.400635 0.000000 3992.645020 0.000000 0.989883 0.000000 0.141889 0.578461 0.578461 0.578461
3498.642334 0.000000 3963.503906 0.000000 0.856628 0.000000 0.515934 0.517174 0.517174 0.517174
3491.661377 0.000000 3971.116699 0.000000 0.512576 0.000000 0.858642 0.558237 0.558237 0.558237
3457.887939 0.000000 3977.718018 0.000000 0.040706 0.000000 0.999171 0.471651 0.471651 0.471651
3464.358154 0.000000 3976.146240 0.000000 0.999932 0.000000 0.011634 0.599460 0.599460 0.599460
3490.803955 0.000000 3986.935791 0.000000 0.914400 0.000000 0.404812 0.546935 0.546935 0.546935
3492.490479 0.000000 3967.104004 0.000000 0.216984 0.000000 0.976175 0.496709 0.496709 0.496709
3458.481445 0.000000 3980.979980 0.000000 0.031539 0.000000 0.999503 0.521607 0.521607 0.521607
3498.077637 0.000000 3987.359131 0.000000 0.000631 0.000000 1.000000 0.456528 0.456528 0.456528
3503.696289 0.000000 3974.727783 0.000000 0.831617 0.000000 0.555349 0.534735 0.534735 0.534735
3496.339844 0.000000 3989.251953 0.000000 0.720949 0.000000 0.692988 0.550685 0.550685 0.550685
3490.322021 0.000000 3967.661621 0.000000 0.978778 0.000000 0.204921 0.583306 0.583306 0.583306
3491.738281 0.000000 3994.051758 0.000000 0.949041 0.000000 0.315153 0.561099 0.561099 0.561099
3503.520264 0.000000 3972.619873 0.000000 0.938996 0.000000 0.343928 0.546356 0.546356 0.546356
3499.764893 0.000000 3964.948242 0.000000 0.662584 0.000000 0.748988 0.480804 0.480804 0.480804
3517.720703 0.000000 3957.441162 0.000000 0.135903 0.000000 0.990722 0.385126 0.385126 0.385126
3564.517578 0.000000 3986.009766 0.000000 0.999958 0.000000 0.009116 0.597870 0.597870 0.597870
3541.367432 0.000000 3994.181152 0.000000 0.632561 0.000000 0.774510 0.548244 0.548244 0.548244
3576.780029 0.000000 3958.512451 0.000000 0.998184 0.000000 0.060243 0.596117 0.596117 0.596117
3523.313477 0.000000 3990.643066 0.000000 0.415471 0.000000 0.909607 0.488776 0.488776 0.488776
3543.886475 0.000000 3995.354980 0.000000 0.493990 0.000000 0.869468 0.509997 0.509997 0.509997
3549.410889 0.000000 3990.876953 0.000000 0.975039 0.000000 0.222033 0.570822 0.570822 0.570822
3530.046387 0.000000 3993.516357 0.000000 0.991044 0.000000 0.133538 0.584552 0.584552 0.584552
3530.068604 0.000000 3991.014648 0.000000 0.568655 0.000000 0.822576 0.527656 0.527656 0.527656
3572.858398 0.000000 3989.731934 0.000000 0.058434 0.000000 0.998291 0.405179 0.405179 0.405179
3539.470459 0.000000 3994.933594 0.000000 0.989183 0.000000 0.146688 0.579271 0.579271 0.579271
3565.395996 0.000000 3987.903076 0.000000 0.818517 0.000000 0.574483 0.456996 0.456996 0.456996
3548.347656 0.000000 3959.484863 0.000000 0.997699 0.000000 0.067794 0.589837 0.589837 0.589837
3562.940918 0.000000 3986.044922 0.000000 0.973795 0.000000 0.227429 0.558415 0.558415 0.558415
3565.992432 0.000000 3986.045166 0.000000 0.853621 0.000000 0.520895 0.471969 0.471969 0.471969
3567.663574 0.000000 4027.592041 0.000000 0.920145 0.000000 0.391579 0.585536 0.585536 0.585536
3535.878418 0.000000 4024.332520 0.000000 0.954785 0.000000 0.297297 0.578296 0.578296 0.578296
3576.990967 0.000000 4047.005615 0.000000 0.723027 0.000000 0.690820 0.555448 0.555448 0.555448
3534.089600 0.000000 4025.976318 0.000000 0.978542 0.000000 0.206047 0.585078 0.585078 0.585078
3569.440918 0.000000 4027.454590 0.000000 0.505974 0.000000 0.862549 0.467547 0.467547 0.467547
3621.090820 0.000000 3952.382812 0.000000 0.647229 0.000000 0.762295 0.593508 0.593508 0.593508
3590.729492 0.000000 3949.938232 0.000000 0.065601 0.000000 0.997846 0.482761 0.482761 0.482761
3620.020264 0.000000 3954.619629 0.000000 0.084102 0.000000 0.996457 0.495340 0.495340 0.495340
3584.138184 0.000000 3961.328125 0.000000 0.236150 0.000000 0.971717 0.558088 0.558088 0.558088
3629.283203 0.000000 3966.012451 0.000000 0.851691 0.000000 0.524044 0.534727 0.534727 0.534727
3681.457275 0.000000 4000.145996 0.000000 0.742179 0.000000 0.670202 0.519685 0.519685 0.519685
3695.528809 0.000000 3994.967773 0.000000 0.235693 0.000000 0.971828 0.468229 0.468229 0.468229
3700.858398 0.000000 3989.731934 0.000000 0.078743 0.000000 0.996895 0.392157 0.392157 0.392157
3699.425293 0.000000 3987.656982 0.000000 0.676612 0.000000 0.736340 0.433873 0.433873 0.433873
3696.262695 0.000000 3985.925049 0.000000 0.043146 0.000000 0.999069 0.016486 0.016486 0.016486
3695.508301 0.000000 3997.779541 0.000000 0.999942 0.000000 0.010768 0.597016 0.597016 0.597016
3697.106934 0.000000 3995.669434 0.000000 0.820584 0.000000 0.571526 0.488823 0.488823 0.488823
3699.792969 0.000000 3998.643799 0.000000 0.386955 0.000000 0.922099 0.151768 0.151768 0.151768
3696.708252 0.000000 3998.521484 0.000000 0.670005 0.000000 0.742357 0.280450 0.280450 0.280450
3694.625977 0.000000 4000.628906 0.000000 0.959414 0.000000 0.282000 0.490802 0.490802 0.490802
3698.694580 0.000000 3983.260254 0.000000 0.897202 0.000000 0.441620 0.484893 0.484893 0.484893
3698.842041 0.000000 3997.720459 0.000000 0.477128 0.000000 0.878834 0.363639 0.363639 0.363639
3600.917480 0.000000 4002.235596 0.000000 0.332191 0.000000 0.943212 0.553857 0.553857 0.553857
3608.115967 0.000000 4012.505371 0.000000 0.068803 0.000000 0.997630 0.555004 0.555004 0.555004
3646.286865 0.000000 4046.678711 0.000000 0.778334 0.000000 0.627851 0.564413 0.564413 0.564413
3601.777344 0.000000 4004.576172 0.000000 0.433843 0.000000 0.900988 0.490752 0.490752 0.490752
3600.005371 0.000000 4005.773438 0.000000 0.976783 0.000000 0.214230 0.578978 0.578978 0.578978
3606.418457 0.000000 4012.859619 0.000000 0.741549 0.000000 0.670899 0.514075 0.514075 0.514075
3703.304199 0.000000 4043.863525 0.000000 0.644655 0.000000 0.764473 0.523092 0.523092 0.523092
3683.822021 0.000000 4005.237549 0.000000 0.085665 0.000000 0.996324 0.032762 0.032762 0.032762
3671.409912 0.000000 4046.584961 0.000000 0.864011 0.000000 0.503473 0.462483 0.462483 0.462483
3701.938232 0.000000 4026.762451 0.000000 0.394325 0.000000 0.918971 0.154826 0.154826 0.154826
3700.030518 0.000000 4043.210938 0.000000 0.860362 0.000000 0.509684 0.537513 0.537513 0.537513
3689.773438 0.000000 4002.480957 0.000000 0.844148 0.000000 0.536111 0.556774 0.556774 0.556774
3704.812500 0.000000 4019.821777 0.000000 0.219195 0.000000 0.975681 0.506992 0.506992 0.506992
3670.769043 0.000000 4032.002930 0.000000 0.446652 0.000000 0.894708 0.543581 0.543581 0.543581
3668.443848 0.000000 4033.940674 0.000000 0.850456 0.000000 0.526046 0.560171 0.560171 0.560171
3681.426758 0.000000 4015.757568 0.000000 0.634261 0.000000 0.773119 0.529839 0.529839 0.529839
3700.441650 0.000000 4038.829834 0.000000 0.029433 0.000000 0.999567 0.011244 0.011244 0.011244
3697.432129 0.000000 4034.350098 0.000000 0.571132 0.000000 0.820858 0.232195 0.232195 0.232195
3656.703857 0.000000 4031.857178 0.000000 0.290003 0.000000 0.957026 0.460409 0.460409 0.460409
3697.497559 0.000000 4005.439941 0.000000 0.363303 0.000000 0.931671 0.488648 0.488648 0.488648
3648.041016 0.000000 4046.817627 0.000000 0.936310 0.000000 0.351174 0.576350 0.576350 0.576350
3710.777832 0.000000 4012.574707 0.000000 0.998138 0.000000 0.060992 0.583728 0.583728 0.583728
3703.835693 0.000000 4041.804932 0.000000 0.089177 0.000000 0.996016 0.171698 0.171698 0.171698
3673.473389 0.000000 4034.140137 0.000000 0.991008 0.000000 0.133801 0.583315 0.583315 0.583315
3688.233887 0.000000 4004.239502 0.000000 0.962717 0.000000 0.270511 0.572919 0.572919 0.572919
3696.875488 0.000000 4036.327637 0.000000 0.418070 0.000000 0.908415 0.164752 0.164752 0.164752
3700.851074 0.000000 4028.567627 0.000000 0.441458 0.000000 0.897282 0.174646 0.174646 0.174646
3687.430664 0.000000 4022.855225 0.000000 0.956320 0.000000 0.292321 0.564006 0.564006 0.564006
3669.566650 0.000000 4046.224365 0.000000 0.904218 0.000000 0.427072 0.543157 0.543157 0.543157
3683.409180 0.000000 4015.281738 0.000000 0.724797 0.000000 0.688962 0.309680 0.309680 0.309680
3706.518311 0.000000 4017.224121 0.000000 0.979216 0.000000 0.202818 0.560841 0.560841 0.560841
3705.812500 0.000000 4010.913818 0.000000 0.147145 0.000000 0.989115 0.056410 0.056410 0.056410
3706.324219 0.000000 4004.722900 0.000000 0.935758 0.000000 0.352644 0.479074 0.479074 0.479074
3670.614014 0.000000 4045.066406 0.000000 0.304324 0.000000 0.952569 0.437482 0.437482 0.437482
3685.043213 0.000000 4017.786133 0.000000 0.697301 0.000000 0.716779 0.348608 0.348608 0.348608
3695.524902 0.000000 4037.062988 0.000000 0.877251 0.000000 0.480031 0.408750 0.408750 0.408750
3698.050293 0.000000 4010.099365 0.000000 0.764850 0.000000 0.644209 0.332624 0.332624 0.332624
3704.694092 0.000000 4008.533936 0.000000 0.261484 0.000000 0.965208 0.101054 0.101054 0.101054
3701.475098 0.000000 4025.335693 0.000000 0.141248 0.000000 0.989974 0.054134 0.054134 0.054134
3688.895020 0.000000 4025.570557 0.000000 0.834686 0.000000 0.550727 0.377221 0.377221 0.377221
3700.860352 0.000000 4010.075195 0.000000 0.680167 0.000000 0.733057 0.404032 0.404032 0.404032
3679.555908 0.000000 4002.683350 0.000000 0.795110 0.000000 0.606465 0.483849 0.483849 0.483849
3704.203125 0.000000 4015.469971 0.000000 0.796868 0.000000 0.604154 0.352214 0.352214 0.352214
3685.608887 0.000000 4002.016846 0.000000 0.466215 0.000000 0.884671 0.185259 0.185259 0.185259
3706.194092 0.000000 4015.801514 0.000000 0.290612 0.000000 0.956841 0.112631 0.112631 0.112631
3711.193848 0.000000 4018.818848 0.000000 0.995884 0.000000 0.090633 0.568868 0.568868 0.568868
3685.941162 0.000000 4025.204346 0.000000 0.732868 0.000000 0.680370 0.439718 0.439718 0.439718
3688.714600 0.000000 4033.808594 0.000000 0.923132 0.000000 0.384484 0.523741 0.523741 0.523741
3681.411377 0.000000 4003.366699 0.000000 0.956593 0.000000 0.291428 0.487044 0.487044 0.487044
3694.159180 0.000000 4020.765625 0.000000 0.999523 0.000000 0.030886 0.588200 0.588200 0.588200
3697.336670 0.000000 4037.683594 0.000000 0.899517 0.000000 0.436886 0.427298 0.427298 0.427298
3705.755615 0.000000 4013.159912 0.000000 0.864757 0.000000 0.502190 0.399033 0.399033 0.399033
3692.310059 0.000000 4025.516602 0.000000 0.527951 0.000000 0.849275 0.212448 0.212448 0.212448
3708.456299 0.000000 4014.805420 0.000000 0.802775 0.000000 0.596282 0.373198 0.373198 0.373198
3683.341797 0.000000 4023.310547 0.000000 0.615931 0.000000 0.787800 0.286079 0.286079 0.286079
3689.448486 0.000000 4028.333252 0.000000 0.324329 0.000000 0.945944 0.126166 0.126166 0.126166
3699.555420 0.000000 4023.124023 0.000000 0.100230 0.000000 0.994964 0.038349 0.038349 0.038349
3698.853027 0.000000 4025.156982 0.000000 0.860182 0.000000 0.509988 0.395580 0.395580 0.395580
3692.217041 0.000000 4019.468506 0.000000 0.999039 0.000000 0.043825 0.583255 0.583255 0.583255
3703.565674 0.000000 4040.450928 0.000000 0.939268 0.000000 0.343184 0.498727 0.498727 0.498727
3705.383545 0.000000 4005.739258 0.000000 0.833115 0.000000 0.553099 0.447244 0.447244 0.447244
3682.215576 0.000000 4017.053955 0.000000 0.958825 0.000000 0.283999 0.524946 0.524946 0.524946
3687.705811 0.000000 4026.202881 0.000000 0.737129 0.000000 0.675752 0.316583 0.316583 0.316583
3698.572754 0.000000 4026.741455 0.000000 0.966570 0.000000 0.256402 0.500956 0.500956 0.500956
3688.148682 0.000000 4032.146973 0.000000 0.999655 0.000000 0.026279 0.594922 0.594922 0.594922
3690.665527 0.000000 4023.464111 0.000000 0.828227 0.000000 0.560392 0.372780 0.372780 0.372780
3701.422363 0.000000 4019.318115 0.000000 0.291517 0.000000 0.956566 0.112992 0.112992 0.112992
3702.245605 0.000000 4014.480713 0.000000 0.009895 0.000000 0.999951 0.003780 0.003780 0.003780
3705.999756 0.000000 4008.178223 0.000000 0.119109 0.000000 0.992881 0.045605 0.045605 0.045605
3693.183838 0.000000 4023.929688 0.000000 0.648902 0.000000 0.760872 0.269726 0.269726 0.269726
3703.802490 0.000000 4037.603516 0.000000 0.795767 0.000000 0.605603 0.465528 0.465528 0.465528
3698.694580 0.000000 4029.260254 0.000000 0.648922 0.000000 0.760855 0.269736 0.269736 0.269736
3695.037354 0.000000 4026.400391 0.000000 0.064518 0.000000 0.997917 0.024661 0.024661 0.024661
3702.432129 0.000000 4021.835938 0.000000 0.504933 0.000000 0.863158 0.331666 0.331666 0.331666
3727.530518 0.000000 3997.698975 0.000000 0.052831 0.000000 0.998603 0.495407 0.495407 0.495407
3724.145996 0.000000 3998.984863 0.000000 0.312873 0.000000 0.949795 0.153446 0.153446 0.153446
3720.912354 0.000000 4001.294678 0.000000 0.223721 0.000000 0.974653 0.182903 0.182903 0.182903
3725.353027 0.000000 4001.321777 0.000000 0.489522 0.000000 0.871991 0.341370 0.341370 0.341370
3722.063477 0.000000 4002.137695 0.000000 0.970790 0.000000 0.239930 0.520516 0.520516 0.520516
3712.170898 0.000000 4010.992432 0.000000 0.476879 0.000000 0.878969 0.189878 0.189878 0.189878
3719.691650 0.000000 4007.459717 0.000000 0.895700 0.000000 0.444658 0.544091 0.544091 0.544091
3717.915283 0.000000 4007.904297 0.000000 0.240567 0.000000 0.970633 0.343416 0.343416 0.343416
3715.713867 0.000000 4010.962891 0.000000 0.649158 0.000000 0.760654 0.348830 0.348830 0.348830
3716.740479 0.000000 4006.943359 0.000000 0.407344 0.000000 0.913275 0.377540 0.377540 0.377540
3713.440918 0.000000 4011.752930 0.000000 0.980845 0.000000 0.194791 0.525117 0.525117 0.525117
3714.987549 0.000000 4008.995850 0.000000 0.530158 0.000000 0.847899 0.213441 0.213441 0.213441
3713.146973 0.000000 4003.566406 0.000000 0.495144 0.000000 0.868811 0.409182 0.409182 0.409182
3720.641113 0.000000 4002.628174 0.000000 0.346982 0.000000 0.937872 0.135352 0.135352 0.135352
3714.615234 0.000000 4004.801514 0.000000 0.042821 0.000000 0.999083 0.036961 0.036961 0.036961
3086.741455 0.000000 4050.138184 0.000000 0.627156 0.000000 0.778894 0.541150 0.541150 0.541150
3306.984863 0.000000 4068.147705 0.000000 0.899514 0.000000 0.436892 0.576295 0.576295 0.576295
3308.232422 0.000000 4081.243164 0.000000 0.082747 0.000000 0.996571 0.493015 0.493015 0.493015
3298.803955 0.000000 4170.936035 0.000000 0.794236 0.000000 0.607609 0.563806 0.563806 0.563806
3326.286865 0.000000 4184.678711 0.000000 0.471474 0.000000 0.881880 0.551475 0.551475 0.551475
3296.605713 0.000000 4171.960449 0.000000 0.934385 0.000000 0.356264 0.577629 0.577629 0.577629
3327.261475 0.000000 4177.096680 0.000000 0.943122 0.000000 0.332447 0.559389 0.559389 0.559389
3316.851074 0.000000 4166.567871 0.000000 0.358924 0.000000 0.933367 0.490015 0.490015 0.490015
3327.280518 0.000000 4183.253418 0.000000 0.514514 0.000000 0.857482 0.482702 0.482702 0.482702
3256.684570 0.000000 4213.223633 0.000000 0.643331 0.000000 0.765588 0.498122 0.498122 0.498122
3254.164062 0.000000 4212.570312 0.000000 0.975623 0.000000 0.219452 0.533053 0.533053 0.533053
3255.369385 0.000000 4213.240723 0.000000 0.328416 0.000000 0.944533 0.225957 0.225957 0.225957
3291.284180 0.000000 4201.008301 0.000000 0.095924 0.000000 0.995389 0.471876 0.471876 0.471876
3274.052002 0.000000 4213.864258 0.000000 0.998778 0.000000 0.049413 0.597112 0.597112 0.597112
3298.974365 0.000000 4208.645508 0.000000 0.944197 0.000000 0.329382 0.528103 0.528103 0.528103
3306.984863 0.000000 4206.147461 0.000000 0.875185 0.000000 0.483788 0.583359 0.583359 0.583359
3274.711426 0.000000 4191.653320 0.000000 0.436144 0.000000 0.899877 0.316602 0.316602 0.316602
3298.316162 0.000000 4204.715332 0.000000 0.896288 0.000000 0.443473 0.540122 0.540122 0.540122
3320.990967 0.000000 4231.005371 0.000000 0.662037 0.000000 0.749471 0.384246 0.384246 0.384246
3306.440430 0.000000 4223.395508 0.000000 0.999992 0.000000 0.004101 0.598698 0.598698 0.598698
3289.229980 0.000000 4202.233398 0.000000 0.794916 0.000000 0.606720 0.545314 0.545314 0.545314
3278.660889 0.000000 4230.955566 0.000000 0.784448 0.000000 0.620195 0.475739 0.475739 0.475739
3301.170166 0.000000 4216.434570 0.000000 0.950701 0.000000 0.310108 0.578274 0.578274 0.578274
3304.339844 0.000000 4219.251953 0.000000 0.081962 0.000000 0.996635 0.287796 0.287796 0.287796
3273.085938 0.000000 4190.182129 0.000000 0.885691 0.000000 0.464276 0.521168 0.521168 0.521168
3326.875977 0.000000 4227.578613 0.000000 0.293659 0.000000 0.955910 0.346438 0.346438 0.346438
3274.871338 0.000000 4211.828613 0.000000 0.753052 0.000000 0.657962 0.527930 0.527930 0.527930
3321.848389 0.000000 4229.043945 0.000000 0.386957 0.000000 0.922098 0.151769 0.151769 0.151769
3299.895752 0.000000 4206.008789 0.000000 0.222641 0.000000 0.974900 0.190626 0.190626 0.190626
3317.357910 0.000000 4228.613770 0.000000 0.997257 0.000000 0.074013 0.584354 0.584354 0.584354
3264.721680 0.000000 4193.152832 0.000000 0.502409 0.000000 0.864630 0.498310 0.498310 0.498310
3327.280518 0.000000 4229.253418 0.000000 0.454320 0.000000 0.890839 0.341499 0.341499 0.341499
3308.570312 0.000000 4204.869141 0.000000 0.827969 0.000000 0.560774 0.487640 0.487640 0.487640
3272.193359 0.000000 4213.915527 0.000000 0.152237 0.000000 0.988344 0.447071 0.447071 0.447071
3300.475586 0.000000 4209.356934 0.000000 0.112568 0.000000 0.993644 0.377236 0.377236 0.377236
3317.535400 0.000000 4231.489746 0.000000 0.922912 0.000000 0.385011 0.541983 0.541983 0.541983
3289.754639 0.000000 4200.577637 0.000000 0.401080 0.000000 0.916043 0.204476 0.204476 0.204476
3296.532227 0.000000 4205.728516 0.000000 0.411419 0.000000 0.911446 0.356072 0.356072 0.356072
3323.159668 0.000000 4228.266113 0.000000 0.119861 0.000000 0.992791 0.045894 0.045894 0.045894
3320.864746 0.000000 4227.809082 0.000000 0.970479 0.000000 0.241185 0.506957 0.506957 0.506957
3323.572510 0.000000 4226.576172 0.000000 0.988545 0.000000 0.150928 0.560511 0.560511 0.560511
3326.612549 0.000000 4221.744629 0.000000 0.037012 0.000000 0.999315 0.370251 0.370251 0.370251
3266.987549 0.000000 4192.995605 0.000000 0.848285 0.000000 0.529540 0.452040 0.452040 0.452040
3319.565674 0.000000 4224.450684 0.000000 0.193586 0.000000 0.981083 0.297015 0.297015 0.297015
3277.353027 0.000000 4231.321777 0.000000 0.879558 0.000000 0.475792 0.479671 0.479671 0.479671
3327.481689 0.000000 4226.349609 0.000000 0.101822 0.000000 0.994803 0.307379 0.307379 0.307379
3321.192627 0.000000 4225.741211 0.000000 0.999999 0.000000 0.001549 0.599629 0.599629 0.599629
3298.730957 0.000000 4209.896973 0.000000 0.011470 0.000000 0.999934 0.265986 0.265986 0.265986
3361.821045 0.000000 4074.769043 0.000000 0.680839 0.000000 0.732433 0.510127 0.510127 0.510127
3370.642334 0.000000 4055.503906 0.000000 0.997393 0.000000 0.072159 0.595889 0.595889 0.595889
3373.890869 0.000000 4056.016846 0.000000 0.421832 0.000000 0.906674 0.555783 0.555783 0.555783
3360.625732 0.000000 4077.354980 0.000000 0.976181 0.000000 0.216957 0.572810 0.572810 0.572810
3382.613770 0.000000 4092.097168 0.000000 0.147840 0.000000 0.989011 0.476421 0.476421 0.476421
3351.180176 0.000000 4085.007080 0.000000 0.952588 0.000000 0.304263 0.566193 0.566193 0.566193
3375.721680 0.000000 4055.125000 0.000000 0.999565 0.000000 0.029498 0.596332 0.596332 0.596332
3329.798828 0.000000 4082.162598 0.000000 0.049148 0.000000 0.998792 0.372071 0.372071 0.372071
3443.950684 0.000000 4062.386230 0.000000 0.239473 0.000000 0.970903 0.532316 0.532316 0.532316
3443.413818 0.000000 4056.959961 0.000000 0.986918 0.000000 0.161226 0.595876 0.595876 0.595876
3426.803955 0.000000 4078.935791 0.000000 0.541859 0.000000 0.840469 0.522252 0.522252 0.522252
3409.635498 0.000000 4053.049316 0.000000 0.706279 0.000000 0.707934 0.545802 0.545802 0.545802
3432.478516 0.000000 4067.224609 0.000000 0.383334 0.000000 0.923610 0.490654 0.490654 0.490654
3381.290039 0.000000 4094.016846 0.000000 0.875367 0.000000 0.483459 0.594709 0.594709 0.594709
3373.199951 0.000000 4138.374023 0.000000 0.588839 0.000000 0.808250 0.540788 0.540788 0.540788
3387.951172 0.000000 4116.495605 0.000000 0.004560 0.000000 0.999990 0.513194 0.513194 0.513194
3383.926758 0.000000 4094.061768 0.000000 0.169734 0.000000 0.985490 0.411229 0.411229 0.411229
3383.325195 0.000000 4095.747803 0.000000 0.999919 0.000000 0.012728 0.598284 0.598284 0.598284
3412.968506 0.000000 4136.449707 0.000000 0.837249 0.000000 0.546822 0.564467 0.564467 0.564467
3443.950684 0.000000 4108.386230 0.000000 0.290694 0.000000 0.956816 0.584711 0.584711 0.584711
3401.853760 0.000000 4134.072266 0.000000 0.781196 0.000000 0.624285 0.587881 0.587881 0.587881
3452.676758 0.000000 4135.996582 0.000000 0.528447 0.000000 0.848966 0.508864 0.508864 0.508864
3430.783691 0.000000 4120.575684 0.000000 0.624939 0.000000 0.780674 0.585241 0.585241 0.585241
3446.130371 0.000000 4112.425293 0.000000 0.835875 0.000000 0.548921 0.519052 0.519052 0.519052
3451.569092 0.000000 4138.354004 0.000000 0.941404 0.000000 0.337281 0.580933 0.580933 0.580933
3407.530518 0.000000 4135.699219 0.000000 0.982730 0.000000 0.185046 0.580485 0.580485 0.580485
3445.882568 0.000000 4110.049316 0.000000 0.646204 0.000000 0.763164 0.477753 0.477753 0.477753
3402.875732 0.000000 4101.834961 0.000000 0.603271 0.000000 0.797536 0.517027 0.517027 0.517027
3475.420410 0.000000 4055.959717 0.000000 0.991312 0.000000 0.131531 0.598024 0.598024 0.598024
3470.444336 0.000000 4053.209473 0.000000 0.940336 0.000000 0.340247 0.594800 0.594800 0.594800
3459.616943 0.000000 4051.821289 0.000000 0.993744 0.000000 0.111679 0.593965 0.593965 0.593965
3478.870850 0.000000 4054.240723 0.000000 0.089203 0.000000 0.996013 0.546741 0.546741 0.546741
3497.780762 0.000000 4053.428711 0.000000 0.051826 0.000000 0.998656 0.486236 0.486236 0.486236
3468.484131 0.000000 4052.703857 0.000000 0.450366 0.000000 0.892844 0.510730 0.510730 0.510730
3471.020996 0.000000 4055.144531 0.000000 0.888790 0.000000 0.458315 0.543660 0.543660 0.543660
3477.223145 0.000000 4055.401855 0.000000 0.759839 0.000000 0.650111 0.523671 0.523671 0.523671
3471.643555 0.000000 4065.911865 0.000000 0.759919 0.000000 0.650018 0.524744 0.524744 0.524744
3457.905029 0.000000 4051.984375 0.000000 0.999682 0.000000 0.025236 0.597013 0.597013 0.597013
3553.457275 0.000000 4092.145996 0.000000 0.872429 0.000000 0.488740 0.580112 0.580112 0.580112
3548.255371 0.000000 4079.518799 0.000000 0.972393 0.000000 0.233351 0.571424 0.571424 0.571424
3481.497803 0.000000 4130.978516 0.000000 0.776166 0.000000 0.630528 0.587737 0.587737 0.587737
3481.220947 0.000000 4135.629395 0.000000 0.053242 0.000000 0.998582 0.395416 0.395416 0.395416
3517.913086 0.000000 4125.802734 0.000000 0.326981 0.000000 0.945031 0.234768 0.234768 0.234768
3483.903076 0.000000 4095.876465 0.000000 0.994928 0.000000 0.100593 0.597434 0.597434 0.597434
3456.607910 0.000000 4132.598633 0.000000 0.930705 0.000000 0.365769 0.584294 0.584294 0.584294
3504.129395 0.000000 4130.499023 0.000000 0.373622 0.000000 0.927581 0.432739 0.432739 0.432739
3460.837646 0.000000 4104.047852 0.000000 0.886611 0.000000 0.462515 0.570470 0.570470 0.570470
3483.184326 0.000000 4133.181152 0.000000 0.629037 0.000000 0.777376 0.531972 0.531972 0.531972
3519.261475 0.000000 4131.096680 0.000000 0.484755 0.000000 0.874650 0.206068 0.206068 0.206068
3462.854248 0.000000 4103.190918 0.000000 0.695201 0.000000 0.718815 0.517098 0.517098 0.517098
3516.326416 0.000000 4126.504883 0.000000 0.989924 0.000000 0.141599 0.564246 0.564246 0.564246
3517.452881 0.000000 4128.899902 0.000000 0.692193 0.000000 0.721713 0.317389 0.317389 0.317389
3502.587891 0.000000 4131.862305 0.000000 0.765624 0.000000 0.643288 0.413682 0.413682 0.413682
3517.137695 0.000000 4124.730469 0.000000 0.211712 0.000000 0.977332 0.199421 0.199421 0.199421
3545.220947 0.000000 4135.629395 0.000000 0.250588 0.000000 0.968094 0.548688 0.548688 0.548688
3531.102783 0.000000 4124.572266 0.000000 0.934683 0.000000 0.355482 0.557537 0.557537 0.557537
3522.429443 0.000000 4139.144531 0.000000 0.551563 0.000000 0.834133 0.418231 0.418231 0.418231
3557.612549 0.000000 4133.407715 0.000000 0.694338 0.000000 0.719649 0.539836 0.539836 0.539836
3559.567627 0.000000 4135.455566 0.000000 0.232341 0.000000 0.972634 0.433859 0.433859 0.433859
3558.824463 0.000000 4132.018555 0.000000 0.964075 0.000000 0.265629 0.575434 0.575434 0.575434
3525.541260 0.000000 4120.027832 0.000000 0.054496 0.000000 0.998514 0.263852 0.263852 0.263852
3529.707275 0.000000 4124.888672 0.000000 0.998909 0.000000 0.046706 0.587332 0.587332 0.587332
3528.128662 0.000000 4125.143066 0.000000 0.501331 0.000000 0.865256 0.316495 0.316495 0.316495
3525.884277 0.000000 4121.305664 0.000000 0.566245 0.000000 0.824237 0.385211 0.385211 0.385211
3376.385742 0.000000 4183.922363 0.000000 0.454278 0.000000 0.890860 0.537430 0.537430 0.537430
3372.701660 0.000000 4140.086914 0.000000 0.928328 0.000000 0.371763 0.594865 0.594865 0.594865
3343.878418 0.000000 4162.332520 0.000000 0.113080 0.000000 0.993586 0.503940 0.503940 0.503940
3367.607910 0.000000 4184.420410 0.000000 0.975513 0.000000 0.219942 0.583391 0.583391 0.583391
3342.089600 0.000000 4163.976562 0.000000 0.881452 0.000000 0.472273 0.567582 0.567582 0.567582
3378.354980 0.000000 4185.243652 0.000000 0.880082 0.000000 0.474821 0.565168 0.565168 0.565168
3386.369873 0.000000 4165.903320 0.000000 0.608461 0.000000 0.793584 0.458569 0.458569 0.458569
3371.589844 0.000000 4175.619629 0.000000 0.684967 0.000000 0.728574 0.502187 0.502187 0.502187
3412.968506 0.000000 4182.449707 0.000000 0.145570 0.000000 0.989348 0.401528 0.401528 0.401528
3439.855713 0.000000 4145.161621 0.000000 0.999922 0.000000 0.012511 0.599813 0.599813 0.599813
3400.825439 0.000000 4172.309082 0.000000 0.960682 0.000000 0.277650 0.589464 0.589464 0.589464
3436.701660 0.000000 4140.086914 0.000000 0.517637 0.000000 0.855600 0.518489 0.518489 0.518489
3423.914307 0.000000 4180.268555 0.000000 0.988205 0.000000 0.153136 0.597006 0.597006 0.597006
3439.663574 0.000000 4165.591797 0.000000 0.601126 0.000000 0.799154 0.504303 0.504303 0.504303
3425.457275 0.000000 4184.145996 0.000000 0.444554 0.000000 0.895752 0.442026 0.442026 0.442026
3442.044678 0.000000 4157.801758 0.000000 0.798047 0.000000 0.602595 0.578687 0.578687 0.578687
3427.822021 0.000000 4143.237305 0.000000 0.508420 0.000000 0.861109 0.547163 0.547163 0.547163
3400.030518 0.000000 4176.123535 0.000000 0.797431 0.000000 0.603411 0.570891 0.570891 0.570891
3443.064209 0.000000 4165.990723 0.000000 0.572971 0.000000 0.819576 0.551073 0.551073 0.551073
3450.408447 0.000000 4147.445801 0.000000 0.919299 0.000000 0.393559 0.572128 0.572128 0.572128
3405.170654 0.000000 4168.847656 0.000000 0.332867 0.000000 0.942974 0.454274 0.454274 0.454274
3427.201660 0.000000 4174.185547 0.000000 0.794836 0.000000 0.606825 0.534559 0.534559 0.534559
3402.179932 0.000000 4157.430176 0.000000 0.206955 0.000000 0.978351 0.555105 0.555105 0.555105
3437.366699 0.000000 4143.250000 0.000000 0.445581 0.000000 0.895242 0.475413 0.475413 0.475413
3425.599609 0.000000 4145.588379 0.000000 0.983793 0.000000 0.179307 0.588118 0.588118 0.588118
3445.938232 0.000000 4164.762695 0.000000 0.376690 0.000000 0.926340 0.516603 0.516603 0.516603
3437.757080 0.000000 4163.165527 0.000000 0.671192 0.000000 0.741283 0.534962 0.534962 0.534962
3435.498291 0.000000 4179.680664 0.000000 0.925009 0.000000 0.379945 0.546291 0.546291 0.546291
3398.194824 0.000000 4173.937012 0.000000 0.978824 0.000000 0.204703 0.545649 0.545649 0.545649
3441.610840 0.000000 4163.691895 0.000000 0.264543 0.000000 0.964374 0.478982 0.478982 0.478982
3443.763916 0.000000 4159.772949 0.000000 0.864779 0.000000 0.502153 0.550353 0.550353 0.550353
3425.426758 0.000000 4153.757812 0.000000 0.460682 0.000000 0.887565 0.482223 0.482223 0.482223
3452.030762 0.000000 4178.962402 0.000000 0.810140 0.000000 0.586237 0.447055 0.447055 0.447055
3407.662109 0.000000 4169.269531 0.000000 0.404656 0.000000 0.914469 0.518742 0.518742 0.518742
3422.601807 0.000000 4149.541504 0.000000 0.829804 0.000000 0.558055 0.563640 0.563640 0.563640
3402.743164 0.000000 4182.239258 0.000000 0.016931 0.000000 0.999857 0.327673 0.327673 0.327673
3405.856445 0.000000 4161.354492 0.000000 0.295231 0.000000 0.955426 0.481951 0.481951 0.481951
3419.018555 0.000000 4182.484863 0.000000 0.959755 0.000000 0.280837 0.576974 0.576974 0.576974
3402.236816 0.000000 4159.366699 0.000000 0.181631 0.000000 0.983367 0.404541 0.404541 0.404541
3423.683350 0.000000 4185.136230 0.000000 0.989803 0.000000 0.142443 0.579233 0.579233 0.579233
3400.292969 0.000000 4174.200195 0.000000 0.937582 0.000000 0.347763 0.536155 0.536155 0.536155
3433.606201 0.000000 4180.462402 0.000000 0.998002 0.000000 0.063177 0.593845 0.593845 0.593845
3413.566650 0.000000 4184.224121 0.000000 0.982348 0.000000 0.187063 0.581115 0.581115 0.581115
3437.925537 0.000000 4165.020508 0.000000 0.812263 0.000000 0.583291 0.542162 0.542162 0.542162
3430.824463 0.000000 4178.018555 0.000000 0.955109 0.000000 0.296254 0.552244 0.552244 0.552244
3421.095947 0.000000 4166.719727 0.000000 0.999554 0.000000 0.029863 0.594184 0.594184 0.594184
3427.420654 0.000000 4176.100586 0.000000 0.438255 0.000000 0.898851 0.474495 0.474495 0.474495
3405.793457 0.000000 4179.592773 0.000000 0.117684 0.000000 0.993051 0.432429 0.432429 0.432429
3423.315674 0.000000 4170.689453 0.000000 0.565153 0.000000 0.824986 0.489553 0.489553 0.489553
3451.136719 0.000000 4152.160156 0.000000 0.364354 0.000000 0.931261 0.456456 0.456456 0.456456
3421.047607 0.000000 4183.228516 0.000000 0.999997 0.000000 0.002260 0.599553 0.599553 0.599553
3440.916016 0.000000 4178.003906 0.000000 0.731662 0.000000 0.681668 0.462932 0.462932 0.462932
3425.240723 0.000000 4150.234863 0.000000 0.116430 0.000000 0.993199 0.423571 0.423571 0.423571
3431.496338 0.000000 4174.814941 0.000000 0.863307 0.000000 0.504678 0.531852 0.531852 0.531852
3419.067139 0.000000 4177.336914 0.000000 0.999046 0.000000 0.043676 0.594699 0.594699 0.594699
3402.723145 0.000000 4183.773438 0.000000 0.487219 0.000000 0.873280 0.413895 0.413895 0.413895
3432.895020 0.000000 4163.570312 0.000000 0.130182 0.000000 0.991490 0.345429 0.345429 0.345429
3441.106934 0.000000 4179.669434 0.000000 0.983450 0.000000 0.181181 0.566706 0.566706 0.566706
3448.203125 0.000000 4153.469727 0.000000 0.948424 0.000000 0.317006 0.554097 0.554097 0.554097
3421.042725 0.000000 4173.381348 0.000000 0.155075 0.000000 0.987903 0.379550 0.379550 0.379550
3453.452881 0.000000 4174.899902 0.000000 0.387676 0.000000 0.921796 0.371642 0.371642 0.371642
3435.203613 0.000000 4174.265625 0.000000 0.674999 0.000000 0.737818 0.377498 0.377498 0.377498
3420.610840 0.000000 4176.083008 0.000000 0.898753 0.000000 0.438455 0.505497 0.505497 0.505497
3328.933838 0.000000 4228.710449 0.000000 0.291899 0.000000 0.956449 0.296431 0.296431 0.296431
3353.497803 0.000000 4222.978516 0.000000 0.266457 0.000000 0.963847 0.407056 0.407056 0.407056
3389.391113 0.000000 4191.980469 0.000000 0.866723 0.000000 0.498789 0.591396 0.591396 0.591396
3375.663574 0.000000 4211.591797 0.000000 0.876571 0.000000 0.481273 0.578941 0.578941 0.578941
3366.783691 0.000000 4212.575684 0.000000 0.988399 0.000000 0.151882 0.570994 0.570994 0.570994
3386.072266 0.000000 4218.936523 0.000000 0.908684 0.000000 0.417486 0.497425 0.497425 0.497425
3350.870850 0.000000 4192.240723 0.000000 0.956497 0.000000 0.291743 0.560089 0.560089 0.560089
3381.622803 0.000000 4197.256348 0.000000 0.047429 0.000000 0.998875 0.538390 0.538390 0.538390
3373.199951 0.000000 4230.374023 0.000000 0.845976 0.000000 0.533221 0.562933 0.562933 0.562933
3334.729492 0.000000 4225.938477 0.000000 0.280602 0.000000 0.959824 0.542193 0.542193 0.542193
3391.310791 0.000000 4194.432129 0.000000 0.963157 0.000000 0.268939 0.539227 0.539227 0.539227
3364.380859 0.000000 4214.322754 0.000000 0.642679 0.000000 0.766135 0.563393 0.563393 0.563393
3387.224609 0.000000 4189.993164 0.000000 0.157799 0.000000 0.987471 0.401136 0.401136 0.401136
3380.441650 0.000000 4222.829590 0.000000 0.275794 0.000000 0.961217 0.145417 0.145417 0.145417
3383.926758 0.000000 4186.062012 0.000000 0.574855 0.000000 0.818255 0.512430 0.512430 0.512430
3385.441650 0.000000 4198.577148 0.000000 0.833923 0.000000 0.551881 0.529067 0.529067 0.529067
3375.696289 0.000000 4204.727539 0.000000 0.793320 0.000000 0.608805 0.544113 0.544113 0.544113
3388.168457 0.000000 4220.181641 0.000000 0.988092 0.000000 0.153864 0.567605 0.567605 0.567605
3377.385498 0.000000 4213.592285 0.000000 0.204894 0.000000 0.978784 0.395616 0.395616 0.395616
3329.690674 0.000000 4226.594727 0.000000 0.116285 0.000000 0.993216 0.290673 0.290673 0.290673
3328.041016 0.000000 4230.817871 0.000000 0.811814 0.000000 0.583916 0.418799 0.418799 0.418799
3365.170166 0.000000 4216.434570 0.000000 0.155336 0.000000 0.987862 0.341444 0.341444 0.341444
3369.601318 0.000000 4200.541504 0.000000 0.303275 0.000000 0.952903 0.163089 0.163089 0.163089
3351.027588 0.000000 4227.527344 0.000000 0.558242 0.000000 0.829678 0.481273 0.481273 0.481273
3351.180176 0.000000 4223.006836 0.000000 0.851160 0.000000 0.524907 0.425342 0.425342 0.425342
3366.417725 0.000000 4210.558594 0.000000 0.853035 0.000000 0.521853 0.530096 0.530096 0.530096
3378.271484 0.000000 4201.711914 0.000000 0.900870 0.000000 0.434089 0.546864 0.546864 0.546864
3352.821045 0.000000 4192.510254 0.000000 0.915027 0.000000 0.403393 0.534693 0.534693 0.534693
3376.875488 0.000000 4220.327637 0.000000 0.764125 0.000000 0.645068 0.422513 0.422513 0.422513
3374.644775 0.000000 4229.063965 0.000000 0.068511 0.000000 0.997650 0.462736 0.462736 0.462736
3336.292969 0.000000 4220.200195 0.000000 0.834734 0.000000 0.550654 0.544095 0.544095 0.544095
3379.976562 0.000000 4198.500488 0.000000 0.009000 0.000000 0.999960 0.377751 0.377751 0.377751
3349.566650 0.000000 4230.224121 0.000000 0.103806 0.000000 0.994598 0.340734 0.340734 0.340734
3365.816895 0.000000 4231.116699 0.000000 0.913957 0.000000 0.405811 0.561192 0.561192 0.561192
3387.815918 0.000000 4188.233887 0.000000 0.706288 0.000000 0.707925 0.489249 0.489249 0.489249
3383.625977 0.000000 4202.470215 0.000000 0.933411 0.000000 0.358810 0.564817 0.564817 0.564817
3350.418457 0.000000 4196.859375 0.000000 0.160605 0.000000 0.987019 0.393091 0.393091 0.393091
3385.711670 0.000000 4217.139160 0.000000 0.763907 0.000000 0.645327 0.480218 0.480218 0.480218
3352.597168 0.000000 4229.249512 0.000000 0.680872 0.000000 0.732402 0.415341 0.415341 0.415341
3376.262695 0.000000 4215.924805 0.000000 0.269655 0.000000 0.962957 0.341454 0.341454 0.341454
3353.528076 0.000000 4225.854492 0.000000 0.996969 0.000000 0.077804 0.575267 0.575267 0.575267
3389.686035 0.000000 4193.628418 0.000000 0.452470 0.000000 0.891779 0.472980 0.472980 0.472980
3329.798828 0.000000 4220.162598 0.000000 0.984661 0.000000 0.174480 0.560594 0.560594 0.560594
3386.324219 0.000000 4188.722656 0.000000 0.869780 0.000000 0.493440 0.527339 0.527339 0.527339
3389.574951 0.000000 4219.400391 0.000000 0.065174 0.000000 0.997874 0.024912 0.024912 0.024912
3336.369141 0.000000 4226.252441 0.000000 0.563654 0.000000 0.826011 0.381604 0.381604 0.381604
3353.048340 0.000000 4224.399414 0.000000 0.153804 0.000000 0.988101 0.150213 0.150213 0.150213
3390.059570 0.000000 4195.256836 0.000000 0.281336 0.000000 0.959609 0.313063 0.313063 0.313063
3386.150879 0.000000 4213.412109 0.000000 0.987411 0.000000 0.158177 0.548606 0.548606 0.548606
3381.174316 0.000000 4199.547363 0.000000 0.308655 0.000000 0.951174 0.296849 0.296849 0.296849
3383.009766 0.000000 4201.131348 0.000000 0.297941 0.000000 0.954584 0.174453 0.174453 0.174453
3389.452881 0.000000 4220.899902 0.000000 0.991583 0.000000 0.129473 0.572772 0.572772 0.572772
3377.336670 0.000000 4221.683594 0.000000 0.460440 0.000000 0.887691 0.323483 0.323483 0.323483
3338.464844 0.000000 4224.833008 0.000000 0.856491 0.000000 0.516161 0.460264 0.460264 0.460264
3386.640625 0.000000 4220.202637 0.000000 0.408416 0.000000 0.912796 0.160703 0.160703 0.160703
3378.396484 0.000000 4214.530273 0.000000 0.801833 0.000000 0.597548 0.458978 0.458978 0.458978
3377.118652 0.000000 4217.035156 0.000000 0.359597 0.000000 0.933108 0.304480 0.304480 0.304480
3337.363281 0.000000 4222.279785 0.000000 0.115243 0.000000 0.993337 0.044117 0.044117 0.044117
3330.076660 0.000000 4221.458984 0.000000 0.963211 0.000000 0.268745 0.525822 0.525822 0.525822
3336.016113 0.000000 4223.443848 0.000000 0.653655 0.000000 0.756793 0.272118 0.272118 0.272118
3339.405273 0.000000 4223.776367 0.000000 0.832263 0.000000 0.554381 0.401953 0.401953 0.401953
3381.449707 0.000000 4223.666504 0.000000 0.986610 0.000000 0.163100 0.542329 0.542329 0.542329
3403.529541 0.000000 4195.854980 0.000000 0.508182 0.000000 0.861250 0.598446 0.598446 0.598446
3423.975098 0.000000 4220.368652 0.000000 0.889212 0.000000 0.457496 0.541634 0.541634 0.541634
3408.917480 0.000000 4186.235352 0.000000 0.957653 0.000000 0.287926 0.594750 0.594750 0.594750
3400.395020 0.000000 4188.013672 0.000000 0.996050 0.000000 0.088794 0.592142 0.592142 0.592142
3431.355225 0.000000 4217.266602 0.000000 0.648985 0.000000 0.760801 0.588345 0.588345 0.588345
3444.074951 0.000000 4208.433594 0.000000 0.998727 0.000000 0.050446 0.584578 0.584578 0.584578
3404.547119 0.000000 4186.236328 0.000000 0.247354 0.000000 0.968925 0.109323 0.109323 0.109323
3407.878418 0.000000 4208.332520 0.000000 0.018185 0.000000 0.999835 0.504646 0.504646 0.504646
3407.600586 0.000000 4195.242676 0.000000 0.738602 0.000000 0.674142 0.581161 0.581161 0.581161
3443.690186 0.000000 4190.349609 0.000000 0.772410 0.000000 0.635124 0.534027 0.534027 0.534027
3425.802002 0.000000 4223.323242 0.000000 0.999787 0.000000 0.020620 0.595120 0.595120 0.595120
3395.906982 0.000000 4226.958984 0.000000 0.870036 0.000000 0.492988 0.428569 0.428569 0.428569
3445.979492 0.000000 4224.852539 0.000000 0.861987 0.000000 0.506931 0.481347 0.481347 0.481347
3445.938232 0.000000 4210.762695 0.000000 0.718060 0.000000 0.695981 0.427037 0.427037 0.427037
3410.193359 0.000000 4201.255859 0.000000 0.979541 0.000000 0.201242 0.581182 0.581182 0.581182
3413.906006 0.000000 4221.181152 0.000000 0.704088 0.000000 0.710113 0.564514 0.564514 0.564514
3395.296875 0.000000 4201.662598 0.000000 0.659285 0.000000 0.751893 0.547740 0.547740 0.547740
3398.423340 0.000000 4190.327148 0.000000 0.630106 0.000000 0.776509 0.426864 0.426864 0.426864
3434.077637 0.000000 4217.359375 0.000000 0.183177 0.000000 0.983080 0.460841 0.460841 0.460841
3394.429443 0.000000 4231.144531 0.000000 0.415798 0.000000 0.909457 0.163797 0.163797 0.163797
3392.113281 0.000000 4199.982422 0.000000 0.682402 0.000000 0.730977 0.421950 0.421950 0.421950
3412.941895 0.000000 4186.791016 0.000000 0.933836 0.000000 0.357702 0.571507 0.571507 0.571507
3432.065674 0.000000 4192.741699 0.000000 0.983475 0.000000 0.181045 0.586911 0.586911 0.586911
3446.609619 0.000000 4199.732422 0.000000 0.831160 0.000000 0.556034 0.485186 0.485186 0.485186
3422.050293 0.000000 4218.296387 0.000000 0.432588 0.000000 0.901592 0.329065 0.329065 0.329065
3402.063477 0.000000 4186.137695 0.000000 0.495685 0.000000 0.868502 0.376197 0.376197 0.376197
3421.410889 0.000000 4220.876953 0.000000 0.604173 0.000000 0.796853 0.497792 0.497792 0.497792
3406.089600 0.000000 4209.976562 0.000000 0.854246 0.000000 0.519869 0.566425 0.566425 0.566425
3419.281494 0.000000 4221.622070 0.000000 0.518356 0.000000 0.855165 0.317251 0.317251 0.317251
3401.085938 0.000000 4190.182129 0.000000 0.007727 0.000000 0.999970 0.391618 0.391618 0.391618
3398.758545 0.000000 4217.538574 0.000000 0.132879 0.000000 0.991132 0.399743 0.399743 0.399743
3395.820312 0.000000 4229.343262 0.000000 0.992480 0.000000 0.122408 0.553126 0.553126 0.553126
3428.431641 0.000000 4218.417480 0.000000 0.045843 0.000000 0.998949 0.234520 0.234520 0.234520
3442.354980 0.000000 4231.243652 0.000000 0.933334 0.000000 0.359009 0.459738 0.459738 0.459738
3427.738281 0.000000 4224.051758 0.000000 0.242655 0.000000 0.970113 0.093622 0.093622 0.093622
3417.473389 0.000000 4218.140137 0.000000 0.999234 0.000000 0.039142 0.592317 0.592317 0.592317
3446.921143 0.000000 4208.948242 0.000000 0.955939 0.000000 0.293566 0.547335 0.547335 0.547335
3408.088379 0.000000 4210.547363 0.000000 0.999885 0.000000 0.015132 0.597756 0.597756 0.597756
3401.068115 0.000000 4192.696777 0.000000 0.216021 0.000000 0.976389 0.474339 0.474339 0.474339
3445.590088 0.000000 4190.854004 0.000000 0.933442 0.000000 0.358729 0.568123 0.568123 0.568123
3396.765381 0.000000 4231.079590 0.000000 0.988949 0.000000 0.148257 0.562330 0.562330 0.562330
3425.626953 0.000000 4221.375488 0.000000 0.157233 0.000000 0.987561 0.060309 0.060309 0.060309
3435.589844 0.000000 4221.619629 0.000000 0.998936 0.000000 0.046123 0.595093 0.595093 0.595093
3399.011719 0.000000 4212.658691 0.000000 0.956795 0.000000 0.290764 0.569949 0.569949 0.569949
3425.427734 0.000000 4225.111816 0.000000 0.782009 0.000000 0.623267 0.342966 0.342966 0.342966
3426.778809 0.000000 4187.774902 0.000000 0.397767 0.000000 0.917487 0.394660 0.394660 0.394660
3396.896729 0.000000 4200.760742 0.000000 0.465400 0.000000 0.885100 0.424196 0.424196 0.424196
3406.929443 0.000000 4186.389160 0.000000 0.989569 0.000000 0.144058 0.565353 0.565353 0.565353
3409.329590 0.000000 4211.856934 0.000000 0.755158 0.000000 0.655543 0.493984 0.493984 0.493984
3417.528076 0.000000 4225.854492 0.000000 0.319080 0.000000 0.947728 0.277100 0.277100 0.277100
3394.535156 0.000000 4228.068848 0.000000 0.331059 0.000000 0.943610 0.128887 0.128887 0.128887
3418.811523 0.000000 4226.847656 0.000000 0.983495 0.000000 0.180935 0.566479 0.566479 0.566479
3450.518311 0.000000 4201.224121 0.000000 0.999031 0.000000 0.044006 0.592021 0.592021 0.592021
3403.260254 0.000000 4187.272949 0.000000 0.619490 0.000000 0.785004 0.407990 0.407990 0.407990
3429.940186 0.000000 4218.016602 0.000000 0.795388 0.000000 0.606101 0.443940 0.443940 0.443940
3399.598145 0.000000 4229.335938 0.000000 0.753951 0.000000 0.656931 0.457208 0.457208 0.457208
3395.713867 0.000000 4194.962891 0.000000 0.348046 0.000000 0.937478 0.277781 0.277781 0.277781
3446.185059 0.000000 4218.995117 0.000000 0.990234 0.000000 0.139418 0.546572 0.546572 0.546572
3422.557861 0.000000 4219.757812 0.000000 0.755043 0.000000 0.655676 0.427547 0.427547 0.427547
3448.203125 0.000000 4199.469727 0.000000 0.282979 0.000000 0.959126 0.242287 0.242287 0.242287
3421.042725 0.000000 4219.381348 0.000000 0.630355 0.000000 0.776307 0.408287 0.408287 0.408287
3393.440918 0.000000 4195.752930 0.000000 0.921428 0.000000 0.388549 0.534844 0.534844 0.534844
3398.629150 0.000000 4221.642578 0.000000 0.960939 0.000000 0.276761 0.492887 0.492887 0.492887
3399.430420 0.000000 4218.936035 0.000000 0.415117 0.000000 0.909768 0.163511 0.163511 0.163511
3425.370850 0.000000 4219.747070 0.000000 0.505332 0.000000 0.862925 0.270969 0.270969 0.270969
3424.484863 0.000000 4224.017090 0.000000 0.795483 0.000000 0.605976 0.351339 0.351339 0.351339
3446.017090 0.000000 4193.175781 0.000000 0.018455 0.000000 0.999830 0.200049 0.200049 0.200049
3425.411377 0.000000 4187.366699 0.000000 0.744152 0.000000 0.668011 0.467410 0.467410 0.467410
3419.535645 0.000000 4229.875488 0.000000 0.685378 0.000000 0.728187 0.288436 0.288436 0.288436
3443.857422 0.000000 4224.142578 0.000000 0.994591 0.000000 0.103867 0.583946 0.583946 0.583946
3420.200439 0.000000 4226.170410 0.000000 0.995587 0.000000 0.093848 0.578882 0.578882 0.578882
3409.516846 0.000000 4199.855469 0.000000 0.991677 0.000000 0.128753 0.565188 0.565188 0.565188
3416.176514 0.000000 4226.718262 0.000000 0.997869 0.000000 0.065244 0.575452 0.575452 0.575452
3438.625977 0.000000 4230.628906 0.000000 0.651351 0.000000 0.758777 0.270957 0.270957 0.270957
3430.990723 0.000000 4218.869141 0.000000 0.295261 0.000000 0.955417 0.322021 0.322021 0.322021
3425.253418 0.000000 4226.512695 0.000000 0.964773 0.000000 0.263083 0.511871 0.511871 0.511871
3448.894775 0.000000 4187.161621 0.000000 0.481551 0.000000 0.876418 0.332742 0.332742 0.332742
3399.695557 0.000000 4204.947754 0.000000 0.036139 0.000000 0.999347 0.197711 0.197711 0.197711
3424.229980 0.000000 4221.729980 0.000000 0.562335 0.000000 0.826909 0.228116 0.228116 0.228116
3401.570312 0.000000 4212.621094 0.000000 0.999941 0.000000 0.010870 0.596190 0.596190 0.596190
3397.716553 0.000000 4222.779785 0.000000 0.689563 0.000000 0.724226 0.290637 0.290637 0.290637
3455.543213 0.000000 4212.957031 0.000000 0.340934 0.000000 0.940087 0.316072 0.316072 0.316072
3416.674072 0.000000 4219.223145 0.000000 0.226156 0.000000 0.974091 0.336530 0.336530 0.336530
3393.562744 0.000000 4197.160645 0.000000 0.980039 0.000000 0.198805 0.553832 0.553832 0.553832
3516.759521 0.000000 4151.443848 0.000000 0.802808 0.000000 0.596237 0.583733 0.583733 0.583733
3482.297607 0.000000 4162.674805 0.000000 0.719658 0.000000 0.694328 0.506879 0.506879 0.506879
3507.690186 0.000000 4144.349609 0.000000 0.594554 0.000000 0.804055 0.437694 0.437694 0.437694
3478.870850 0.000000 4146.240723 0.000000 0.995442 0.000000 0.095374 0.592560 0.592560 0.592560
3490.142334 0.000000 4148.778809 0.000000 0.349595 0.000000 0.936901 0.514555 0.514555 0.514555
3494.924072 0.000000 4144.246582 0.000000 0.990569 0.000000 0.137013 0.554911 0.554911 0.554911
3519.310791 0.000000 4148.432129 0.000000 0.369048 0.000000 0.929410 0.299826 0.299826 0.299826
3459.296875 0.000000 4155.662598 0.000000 0.136428 0.000000 0.990650 0.352987 0.352987 0.352987
3460.419922 0.000000 4146.562500 0.000000 0.229962 0.000000 0.973200 0.499732 0.499732 0.499732
3474.251221 0.000000 4160.989258 0.000000 0.012535 0.000000 0.999921 0.380589 0.380589 0.380589
3496.065674 0.000000 4146.741699 0.000000 0.509249 0.000000 0.860619 0.452505 0.452505 0.452505
3489.426758 0.000000 4153.757812 0.000000 0.820152 0.000000 0.572145 0.424816 0.424816 0.424816
3510.276367 0.000000 4148.680176 0.000000 0.555489 0.000000 0.831524 0.482341 0.482341 0.482341
3516.576172 0.000000 4148.841797 0.000000 0.039488 0.000000 0.999220 0.485311 0.485311 0.485311
3513.441650 0.000000 4152.577148 0.000000 0.995000 0.000000 0.099879 0.589510 0.589510 0.589510
3490.322021 0.000000 4151.661621 0.000000 0.959554 0.000000 0.281526 0.554259 0.554259 0.554259
3456.170898 0.000000 4148.992676 0.000000 0.910749 0.000000 0.412961 0.570029 0.570029 0.570029
3497.780762 0.000000 4145.428711 0.000000 0.814599 0.000000 0.580024 0.486924 0.486924 0.486924
3484.054199 0.000000 4163.864258 0.000000 0.992664 0.000000 0.120905 0.589288 0.589288 0.589288
3489.870850 0.000000 4160.841309 0.000000 0.969498 0.000000 0.245098 0.530638 0.530638 0.530638
3488.394775 0.000000 4158.165039 0.000000 0.058428 0.000000 0.998292 0.475405 0.475405 0.475405
3461.179443 0.000000 4156.559570 0.000000 0.990628 0.000000 0.136591 0.586659 0.586659 0.586659
3511.500977 0.000000 4151.897461 0.000000 0.130572 0.000000 0.991439 0.334714 0.334714 0.334714
3509.590088 0.000000 4144.854004 0.000000 0.826222 0.000000 0.563344 0.403688 0.403688 0.403688
3462.150879 0.000000 4159.972168 0.000000 0.004695 0.000000 0.999989 0.356026 0.356026 0.356026
3505.899658 0.000000 4149.996094 0.000000 0.959750 0.000000 0.280857 0.539872 0.539872 0.539872
3460.896729 0.000000 4154.760742 0.000000 0.096261 0.000000 0.995356 0.405650 0.405650 0.405650
3519.008789 0.000000 4146.690430 0.000000 0.786489 0.000000 0.617605 0.442448 0.442448 0.442448
3517.686035 0.000000 4147.628418 0.000000 0.048139 0.000000 0.998841 0.166647 0.166647 0.166647
3516.114258 0.000000 4147.292969 0.000000 0.254629 0.000000 0.967039 0.226217 0.226217 0.226217
3513.812500 0.000000 4148.913574 0.000000 0.778819 0.000000 0.627248 0.509610 0.509610 0.509610
3472.540771 0.000000 4160.897461 0.000000 0.222704 0.000000 0.974886 0.382215 0.382215 0.382215
3508.460693 0.000000 4142.970703 0.000000 0.251680 0.000000 0.967811 0.154363 0.154363 0.154363
3483.879395 0.000000 4160.125977 0.000000 0.997149 0.000000 0.075455 0.583256 0.583256 0.583256
3462.215332 0.000000 4150.744141 0.000000 0.038316 0.000000 0.999266 0.379629 0.379629 0.379629
3518.059570 0.000000 4149.256836 0.000000 0.727230 0.000000 0.686394 0.409620 0.409620 0.409620
3507.516602 0.000000 4145.776855 0.000000 0.036819 0.000000 0.999322 0.333458 0.333458 0.333458
3495.798584 0.000000 4145.361816 0.000000 0.576732 0.000000 0.816934 0.286363 0.286363 0.286363
3488.520996 0.000000 4152.783691 0.000000 0.971901 0.000000 0.235388 0.531660 0.531660 0.531660
3513.999756 0.000000 4146.178223 0.000000 0.961622 0.000000 0.274376 0.548374 0.548374 0.548374
3528.395020 0.000000 4142.013672 0.000000 0.983697 0.000000 0.179833 0.574540 0.574540 0.574540
3553.821045 0.000000 4166.769043 0.000000 0.298156 0.000000 0.954517 0.579106 0.579106 0.579106
3570.515137 0.000000 4178.681641 0.000000 0.526443 0.000000 0.850210 0.274191 0.274191 0.274191
3544.115967 0.000000 4150.505371 0.000000 0.805531 0.000000 0.592554 0.485997 0.485997 0.485997
3537.678711 0.000000 4158.352051 0.000000 0.324590 0.000000 0.945855 0.369638 0.369638 0.369638
3524.912598 0.000000 4140.229492 0.000000 0.444665 0.000000 0.895697 0.538480 0.538480 0.538480
3530.711426 0.000000 4145.653320 0.000000 0.678761 0.000000 0.734359 0.503641 0.503641 0.503641
3576.990967 0.000000 4185.005371 0.000000 0.988957 0.000000 0.148206 0.574153 0.574153 0.574153
3582.910645 0.000000 4168.108398 0.000000 0.301482 0.000000 0.953472 0.473088 0.473088 0.473088
3573.979492 0.000000 4178.852539 0.000000 0.343212 0.000000 0.939258 0.254477 0.254477 0.254477
3530.179932 0.000000 4157.430176 0.000000 0.999976 0.000000 0.006888 0.598463 0.598463 0.598463
3572.030518 0.000000 4181.210938 0.000000 0.998796 0.000000 0.049049 0.581257 0.581257 0.581257
3523.296875 0.000000 4155.662598 0.000000 0.863493 0.000000 0.504360 0.579412 0.579412 0.579412
3537.992676 0.000000 4150.355957 0.000000 0.998583 0.000000 0.053211 0.581659 0.581659 0.581659
3522.591797 0.000000 4141.448730 0.000000 0.996559 0.000000 0.082885 0.588067 0.588067 0.588067
3569.432129 0.000000 4172.350098 0.000000 0.809751 0.000000 0.586774 0.431864 0.431864 0.431864
3530.063477 0.000000 4140.137695 0.000000 0.180429 0.000000 0.983588 0.335690 0.335690 0.335690
3557.130615 0.000000 4161.832031 0.000000 0.320859 0.000000 0.947127 0.292496 0.292496 0.292496
3542.449463 0.000000 4142.561523 0.000000 0.929458 0.000000 0.368928 0.556984 0.556984 0.556984
3574.613770 0.000000 4184.097168 0.000000 0.537600 0.000000 0.843200 0.454235 0.454235 0.454235
3557.391113 0.000000 4153.181152 0.000000 0.990219 0.000000 0.139521 0.583226 0.583226 0.583226
3560.339844 0.000000 4173.251953 0.000000 0.949005 0.000000 0.315262 0.551476 0.551476 0.551476
3529.085938 0.000000 4144.182129 0.000000 0.948660 0.000000 0.316299 0.546490 0.546490 0.546490
3554.322021 0.000000 4151.661621 0.000000 0.943447 0.000000 0.331523 0.508888 0.508888 0.508888
3526.096924 0.000000 4142.142090 0.000000 0.715654 0.000000 0.698455 0.540929 0.540929 0.540929
3556.431641 0.000000 4172.417480 0.000000 0.321992 0.000000 0.946742 0.367266 0.367266 0.367266
3549.351562 0.000000 4155.549805 0.000000 0.973702 0.000000 0.227824 0.569358 0.569358 0.569358
3577.848389 0.000000 4183.043945 0.000000 0.698164 0.000000 0.715937 0.541431 0.541431 0.541431
3533.724609 0.000000 4150.024902 0.000000 0.237273 0.000000 0.971443 0.482348 0.482348 0.482348
3568.875488 0.000000 4174.327637 0.000000 0.359443 0.000000 0.933167 0.464835 0.464835 0.464835
3530.236816 0.000000 4159.366699 0.000000 0.223167 0.000000 0.974780 0.468972 0.468972 0.468972
3552.283691 0.000000 4148.457031 0.000000 0.986224 0.000000 0.165417 0.563159 0.563159 0.563159
3541.989502 0.000000 4144.403809 0.000000 0.383507 0.000000 0.923538 0.485381 0.485381 0.485381
3543.387451 0.000000 4155.712402 0.000000 0.999988 0.000000 0.004791 0.599361 0.599361 0.599361
3549.095947 0.000000 4166.719727 0.000000 0.172106 0.000000 0.985079 0.426210 0.426210 0.426210
3524.238037 0.000000 4142.119629 0.000000 0.280232 0.000000 0.959932 0.372558 0.372558 0.372558
3573.747314 0.000000 4180.719238 0.000000 0.825678 0.000000 0.564141 0.371049 0.371049 0.371049
3532.977539 0.000000 4141.919434 0.000000 0.446719 0.000000 0.894674 0.450667 0.450667 0.450667
3554.306396 0.000000 4172.651855 0.000000 0.346752 0.000000 0.937957 0.461489 0.461489 0.461489
3572.351807 0.000000 4179.515137 0.000000 0.930280 0.000000 0.366850 0.493658 0.493658 0.493658
3570.397461 0.000000 4180.442383 0.000000 0.574557 0.000000 0.818464 0.476494 0.476494 0.476494
3536.946777 0.000000 4151.659668 0.000000 0.960263 0.000000 0.279095 0.502551 0.502551 0.502551
3523.291992 0.000000 4140.002930 0.000000 0.301324 0.000000 0.953522 0.418132 0.418132 0.418132
3531.124268 0.000000 4156.040527 0.000000 0.364957 0.000000 0.931024 0.332793 0.332793 0.332793
3557.940186 0.000000 4172.016602 0.000000 0.936505 0.000000 0.350655 0.532917 0.532917 0.532917
3542.590820 0.000000 4154.359375 0.000000 0.869105 0.000000 0.494628 0.531022 0.531022 0.531022
3551.571289 0.000000 4163.632812 0.000000 0.316578 0.000000 0.948567 0.431661 0.431661 0.431661
3524.740479 0.000000 4144.943359 0.000000 0.711455 0.000000 0.702732 0.302356 0.302356 0.302356
3578.150879 0.000000 4167.412109 0.000000 0.135341 0.000000 0.990799 0.103445 0.103445 0.103445
3529.010254 0.000000 4158.622070 0.000000 0.932266 0.000000 0.361774 0.521817 0.521817 0.521817
3564.310059 0.000000 4163.516602 0.000000 0.754955 0.000000 0.655777 0.441442 0.441442 0.441442
3536.540771 0.000000 4150.336426 0.000000 0.948186 0.000000 0.317717 0.488608 0.488608 0.488608
3569.118652 0.000000 4171.035156 0.000000 0.881076 0.000000 0.472975 0.498897 0.498897 0.498897
3551.320068 0.000000 4161.464844 0.000000 0.897501 0.000000 0.441012 0.479591 0.479591 0.479591
3524.587891 0.000000 4153.331543 0.000000 0.895005 0.000000 0.446057 0.459407 0.459407 0.459407
3581.728760 0.000000 4167.298828 0.000000 0.920780 0.000000 0.390083 0.492555 0.492555 0.492555
3550.383789 0.000000 4156.547852 0.000000 0.912611 0.000000 0.408829 0.472561 0.472561 0.472561
3520.184082 0.000000 4152.687012 0.000000 0.997883 0.000000 0.065033 0.578553 0.578553 0.578553
3554.730957 0.000000 4163.896973 0.000000 0.903782 0.000000 0.427993 0.450277 0.450277 0.450277
3558.138672 0.000000 4160.936523 0.000000 0.724694 0.000000 0.689071 0.454242 0.454242 0.454242
3551.256836 0.000000 4158.888184 0.000000 0.973344 0.000000 0.229352 0.514380 0.514380 0.514380
3463.156738 0.000000 4193.084961 0.000000 0.565170 0.000000 0.824974 0.509900 0.509900 0.509900
3462.854248 0.000000 4195.190918 0.000000 0.365542 0.000000 0.930795 0.209258 0.209258 0.209258
3468.484131 0.000000 4190.703613 0.000000 0.971054 0.000000 0.238858 0.546530 0.546530 0.546530
3461.278564 0.000000 4194.268555 0.000000 0.989432 0.000000 0.145000 0.581691 0.581691 0.581691
3463.503906 0.000000 4198.815430 0.000000 0.801582 0.000000 0.597885 0.355209 0.355209 0.355209
3462.215332 0.000000 4196.744141 0.000000 0.861369 0.000000 0.507980 0.489057 0.489057 0.489057
3464.959961 0.000000 4198.185059 0.000000 0.997746 0.000000 0.067099 0.584912 0.584912 0.584912
3466.737305 0.000000 4190.127930 0.000000 0.966053 0.000000 0.258342 0.553813 0.553813 0.553813
3463.131348 0.000000 4200.199707 0.000000 0.718013 0.000000 0.696030 0.402805 0.402805 0.402805
3468.143799 0.000000 4194.640625 0.000000 0.878498 0.000000 0.477745 0.409745 0.409745 0.409745
3460.587891 0.000000 4199.331543 0.000000 0.265710 0.000000 0.964053 0.102727 0.102727 0.102727
3462.451904 0.000000 4198.008789 0.000000 0.337062 0.000000 0.941482 0.131320 0.131320 0.131320
3221.332520 0.000000 4247.273438 0.000000 0.749180 0.000000 0.662366 0.377686 0.377686 0.377686
3232.116455 0.000000 4243.508301 0.000000 0.138616 0.000000 0.990346 0.548529 0.548529 0.548529
3245.890869 0.000000 4240.017090 0.000000 0.122371 0.000000 0.992484 0.422127 0.422127 0.422127
3250.114258 0.000000 4243.856934 0.000000 0.205405 0.000000 0.978677 0.211820 0.211820 0.211820
3246.235352 0.000000 4245.422852 0.000000 0.965815 0.000000 0.259231 0.528904 0.528904 0.528904
3258.369873 0.000000 4257.903320 0.000000 0.524534 0.000000 0.851390 0.494717 0.494717 0.494717
3245.283203 0.000000 4242.012207 0.000000 0.157312 0.000000 0.987549 0.329112 0.329112 0.329112
3205.179443 0.000000 4248.559570 0.000000 0.319398 0.000000 0.947621 0.239867 0.239867 0.239867
3248.386475 0.000000 4244.774902 0.000000 0.706156 0.000000 0.708056 0.479795 0.479795 0.479795
3258.904053 0.000000 4256.039551 0.000000 0.687887 0.000000 0.725818 0.516051 0.516051 0.516051
3223.387451 0.000000 4247.712402 0.000000 0.733138 0.000000 0.680080 0.528304 0.528304 0.528304
3251.746826 0.000000 4242.721191 0.000000 0.847389 0.000000 0.530973 0.440692 0.440692 0.440692
3238.604736 0.000000 4239.723633 0.000000 0.235624 0.000000 0.971844 0.426292 0.426292 0.426292
3258.150879 0.000000 4259.412109 0.000000 0.530308 0.000000 0.847805 0.312026 0.312026 0.312026
3256.784424 0.000000 4257.630859 0.000000 0.062724 0.000000 0.998031 0.200170 0.200170 0.200170
3207.869141 0.000000 4240.216797 0.000000 0.449158 0.000000 0.893452 0.348414 0.348414 0.348414
3245.934570 0.000000 4243.812988 0.000000 0.961596 0.000000 0.274468 0.546691 0.546691 0.546691
3247.145752 0.000000 4244.483887 0.000000 0.774206 0.000000 0.632934 0.414188 0.414188 0.414188
3323.178223 0.000000 4251.564941 0.000000 0.163571 0.000000 0.986531 0.572611 0.572611 0.572611
3316.074951 0.000000 4254.433594 0.000000 0.128475 0.000000 0.991713 0.386164 0.386164 0.386164
3317.290039 0.000000 4232.017090 0.000000 0.787172 0.000000 0.616733 0.589050 0.589050 0.589050
3270.037842 0.000000 4275.622559 0.000000 0.996466 0.000000 0.083999 0.591056 0.591056 0.591056
3320.780029 0.000000 4234.512695 0.000000 0.428327 0.000000 0.903624 0.169076 0.169076 0.169076
3273.062500 0.000000 4275.906738 0.000000 0.867394 0.000000 0.497623 0.506375 0.506375 0.506375
3270.729492 0.000000 4271.938477 0.000000 0.954195 0.000000 0.299185 0.495776 0.495776 0.495776
3266.354736 0.000000 4237.626465 0.000000 0.135197 0.000000 0.990819 0.299027 0.299027 0.299027
3322.218262 0.000000 4232.789551 0.000000 0.598460 0.000000 0.801152 0.492823 0.492823 0.492823
3316.125488 0.000000 4249.462891 0.000000 0.305445 0.000000 0.952210 0.173317 0.173317 0.173317
3322.017578 0.000000 4253.380371 0.000000 0.451871 0.000000 0.892083 0.349106 0.349106 0.349106
3324.573730 0.000000 4252.799316 0.000000 0.091653 0.000000 0.995791 0.393962 0.393962 0.393962
3298.778809 0.000000 4233.774902 0.000000 0.912382 0.000000 0.409339 0.461653 0.461653 0.461653
3303.496338 0.000000 4266.814941 0.000000 0.914640 0.000000 0.404270 0.465967 0.465967 0.465967
3317.475098 0.000000 4255.335449 0.000000 0.790029 0.000000 0.613069 0.502134 0.502134 0.502134
3272.369141 0.000000 4272.252441 0.000000 0.197248 0.000000 0.980354 0.400614 0.400614 0.400614
3324.826904 0.000000 4248.849121 0.000000 0.675573 0.000000 0.737293 0.397576 0.397576 0.397576
3325.689209 0.000000 4251.519531 0.000000 0.906505 0.000000 0.422195 0.467462 0.467462 0.467462
3302.143066 0.000000 4267.389648 0.000000 0.999725 0.000000 0.023461 0.592444 0.592444 0.592444
3320.894775 0.000000 4233.161621 0.000000 0.817648 0.000000 0.575719 0.365667 0.365667 0.365667
3317.422363 0.000000 4249.317871 0.000000 0.999961 0.000000 0.008830 0.597011 0.597011 0.597011
3323.319336 0.000000 4253.202637 0.000000 0.999962 0.000000 0.008678 0.598024 0.598024 0.598024
3302.138672 0.000000 4252.936523 0.000000 0.999826 0.000000 0.018638 0.595812 0.595812 0.595812
3279.821289 0.000000 4304.711426 0.000000 0.556821 0.000000 0.830633 0.569165 0.569165 0.569165
3272.395020 0.000000 4280.013672 0.000000 0.891375 0.000000 0.453267 0.478093 0.478093 0.478093
3275.609619 0.000000 4301.602051 0.000000 0.910566 0.000000 0.413364 0.563615 0.563615 0.563615
3267.319824 0.000000 4290.867188 0.000000 0.936579 0.000000 0.350458 0.584446 0.584446 0.584446
3280.799805 0.000000 4321.845215 0.000000 0.797024 0.000000 0.603948 0.423219 0.423219 0.423219
3306.042969 0.000000 4305.821289 0.000000 0.687595 0.000000 0.726094 0.548875 0.548875 0.548875
3268.837646 0.000000 4288.047852 0.000000 0.995455 0.000000 0.095230 0.584142 0.584142 0.584142
3308.871338 0.000000 4304.608887 0.000000 0.767311 0.000000 0.641276 0.377884 0.377884 0.377884
3294.872070 0.000000 4321.376465 0.000000 0.805367 0.000000 0.592777 0.512560 0.512560 0.512560
3326.927979 0.000000 4278.151367 0.000000 0.749133 0.000000 0.662419 0.541433 0.541433 0.541433
3297.502197 0.000000 4319.860352 0.000000 0.972758 0.000000 0.231823 0.561802 0.561802 0.561802
3266.685059 0.000000 4288.549805 0.000000 0.815415 0.000000 0.578877 0.539891 0.539891 0.539891
3268.774658 0.000000 4289.821289 0.000000 0.998321 0.000000 0.057918 0.590365 0.590365 0.590365
3279.107178 0.000000 4311.412109 0.000000 0.193989 0.000000 0.981004 0.319771 0.319771 0.319771
3276.766602 0.000000 4300.509277 0.000000 0.541313 0.000000 0.840821 0.291797 0.291797 0.291797
3280.208740 0.000000 4323.387695 0.000000 0.900311 0.000000 0.435248 0.492074 0.492074 0.492074
3309.618164 0.000000 4306.757812 0.000000 0.415547 0.000000 0.909572 0.333082 0.333082 0.333082
3278.323242 0.000000 4308.065430 0.000000 0.999781 0.000000 0.020911 0.597118 0.597118 0.597118
3276.670410 0.000000 4302.685547 0.000000 0.591133 0.000000 0.806574 0.327322 0.327322 0.327322
3296.484863 0.000000 4316.017090 0.000000 0.804748 0.000000 0.593616 0.457200 0.457200 0.457200
3187.950684 0.000000 4338.386230 0.000000 0.011805 0.000000 0.999930 0.567306 0.567306 0.567306
3186.044678 0.000000 4341.801758 0.000000 0.096505 0.000000 0.995332 0.092124 0.092124 0.092124
3196.474609 0.000000 4349.510742 0.000000 0.360437 0.000000 0.932784 0.473958 0.473958 0.473958
3195.951172 0.000000 4346.495605 0.000000 0.097779 0.000000 0.995208 0.229352 0.229352 0.229352
3162.030518 0.000000 4368.287598 0.000000 0.966207 0.000000 0.257769 0.566024 0.566024 0.566024
3194.369873 0.000000 4349.903320 0.000000 0.818585 0.000000 0.574385 0.475354 0.475354 0.475354
3194.904053 0.000000 4348.039551 0.000000 0.828979 0.000000 0.559280 0.479090 0.479090 0.479090
3192.666504 0.000000 4346.654297 0.000000 0.251339 0.000000 0.967899 0.315978 0.315978 0.315978
3184.989502 0.000000 4340.449219 0.000000 0.715206 0.000000 0.698913 0.487556 0.487556 0.487556
3166.267090 0.000000 4368.810547 0.000000 0.962932 0.000000 0.269743 0.556633 0.556633 0.556633
3189.170166 0.000000 4343.560059 0.000000 0.908886 0.000000 0.417045 0.519450 0.519450 0.519450
3194.341553 0.000000 4346.781250 0.000000 0.573420 0.000000 0.819261 0.358383 0.358383 0.358383
3187.184326 0.000000 4342.546875 0.000000 0.069977 0.000000 0.997549 0.123416 0.123416 0.123416
3132.759521 0.000000 4381.443848 0.000000 0.215599 0.000000 0.976482 0.312105 0.312105 0.312105
3134.537598 0.000000 4409.369629 0.000000 0.473200 0.000000 0.880955 0.438542 0.438542 0.438542
3134.875977 0.000000 4411.578613 0.000000 0.171579 0.000000 0.985170 0.264856 0.264856 0.264856
3134.777832 0.000000 4380.574707 0.000000 0.913491 0.000000 0.406858 0.520916 0.520916 0.520916
3134.172363 0.000000 4381.819336 0.000000 0.989557 0.000000 0.144141 0.572700 0.572700 0.572700
3132.212158 0.000000 4380.236328 0.000000 0.975117 0.000000 0.221691 0.552450 0.552450 0.552450
3136.380859 0.000000 4403.485352 0.000000 0.987297 0.000000 0.158885 0.579445 0.579445 0.579445
3136.377197 0.000000 4386.761719 0.000000 0.578492 0.000000 0.815688 0.565706 0.565706 0.565706
3142.984863 0.000000 4385.695801 0.000000 0.171892 0.000000 0.985116 0.065986 0.065986 0.065986
3159.473877 0.000000 4402.665039 0.000000 0.918284 0.000000 0.395923 0.519511 0.519511 0.519511
3163.903076 0.000000 4371.876465 0.000000 0.958344 0.000000 0.285616 0.569629 0.569629 0.569629
3154.455322 0.000000 4394.452148 0.000000 0.547818 0.000000 0.836598 0.476786 0.476786 0.476786
3139.296875 0.000000 4385.662598 0.000000 0.928056 0.000000 0.372441 0.454225 0.454225 0.454225
3154.251221 0.000000 4390.989258 0.000000 0.963851 0.000000 0.266441 0.573741 0.573741 0.573741
3161.237793 0.000000 4404.433594 0.000000 0.793470 0.000000 0.608609 0.491208 0.491208 0.491208
3146.743164 0.000000 4412.239258 0.000000 0.828009 0.000000 0.560714 0.460013 0.460013 0.460013
3162.187256 0.000000 4370.004883 0.000000 0.202866 0.000000 0.979207 0.456714 0.456714 0.456714
3137.690674 0.000000 4410.594727 0.000000 0.725457 0.000000 0.688268 0.514719 0.514719 0.514719
3141.179443 0.000000 4386.559570 0.000000 0.273746 0.000000 0.961802 0.415929 0.415929 0.415929
3145.085205 0.000000 4385.712402 0.000000 0.134416 0.000000 0.990925 0.363392 0.363392 0.363392
3137.991943 0.000000 4384.263672 0.000000 0.902672 0.000000 0.430329 0.552688 0.552688 0.552688
3144.291016 0.000000 4387.329102 0.000000 0.443527 0.000000 0.896261 0.183851 0.183851 0.183851
3164.262451 0.000000 4370.209961 0.000000 0.780963 0.000000 0.624577 0.515119 0.515119 0.515119
3155.736572 0.000000 4395.584961 0.000000 0.871926 0.000000 0.489638 0.536385 0.536385 0.536385
3138.535156 0.000000 4412.068848 0.000000 0.855029 0.000000 0.518580 0.519151 0.519151 0.519151
3147.843994 0.000000 4387.441895 0.000000 0.999063 0.000000 0.043271 0.593970 0.593970 0.593970
3138.014160 0.000000 4386.660645 0.000000 0.938647 0.000000 0.344879 0.465504 0.465504 0.465504
3152.540771 0.000000 4390.897461 0.000000 0.905515 0.000000 0.424314 0.510073 0.510073 0.510073
3143.598145 0.000000 4413.335938 0.000000 0.913971 0.000000 0.405778 0.528024 0.528024 0.528024
3150.271729 0.000000 4387.313477 0.000000 0.465213 0.000000 0.885199 0.232042 0.232042 0.232042
3149.423096 0.000000 4389.912109 0.000000 0.370919 0.000000 0.928665 0.396655 0.396655 0.396655
3157.245361 0.000000 4400.279297 0.000000 0.977010 0.000000 0.213193 0.525338 0.525338 0.525338
3167.555908 0.000000 4370.683105 0.000000 0.802527 0.000000 0.596616 0.477428 0.477428 0.477428
3143.131348 0.000000 4384.199707 0.000000 0.737867 0.000000 0.674946 0.317000 0.317000 0.317000
3145.535645 0.000000 4411.531738 0.000000 0.921340 0.000000 0.388758 0.525836 0.525836 0.525836
3243.000732 0.000000 4348.128906 0.000000 0.518340 0.000000 0.855175 0.563119 0.563119 0.563119
3224.463623 0.000000 4342.576172 0.000000 0.208376 0.000000 0.978049 0.491959 0.491959 0.491959
3234.974365 0.000000 4346.645508 0.000000 0.421665 0.000000 0.906752 0.338058 0.338058 0.338058
3218.455322 0.000000 4348.452148 0.000000 0.480278 0.000000 0.877117 0.563142 0.563142 0.563142
3245.757080 0.000000 4347.165527 0.000000 0.053981 0.000000 0.998542 0.288730 0.288730 0.288730
3226.292480 0.000000 4344.342773 0.000000 0.957953 0.000000 0.286925 0.521970 0.521970 0.521970
3243.870605 0.000000 4346.174805 0.000000 0.865665 0.000000 0.500624 0.434282 0.434282 0.434282
3235.895752 0.000000 4344.008789 0.000000 0.788801 0.000000 0.614649 0.503821 0.503821 0.503821
3236.475586 0.000000 4347.356934 0.000000 0.956025 0.000000 0.293285 0.563438 0.563438 0.563438
3227.879395 0.000000 4344.125977 0.000000 0.805374 0.000000 0.592767 0.429875 0.429875 0.429875
3225.385498 0.000000 4345.557129 0.000000 0.946462 0.000000 0.322815 0.500048 0.500048 0.500048
3219.522217 0.000000 4342.255859 0.000000 0.896826 0.000000 0.442384 0.468205 0.468205 0.468205
3312.065918 0.000000 4345.212402 0.000000 0.094070 0.000000 0.995566 0.542493 0.542493 0.542493
3311.696289 0.000000 4342.727539 0.000000 0.998464 0.000000 0.055413 0.583474 0.583474 0.583474
3286.449463 0.000000 4326.561523 0.000000 0.886154 0.000000 0.463392 0.568244 0.568244 0.568244
3313.385498 0.000000 4351.592285 0.000000 0.591220 0.000000 0.806510 0.480541 0.480541 0.480541
3274.271973 0.000000 4369.216309 0.000000 0.672146 0.000000 0.740418 0.341496 0.341496 0.341496
3280.208740 0.000000 4369.387695 0.000000 0.858927 0.000000 0.512098 0.514635 0.514635 0.514635
3276.145996 0.000000 4366.984863 0.000000 0.303047 0.000000 0.952976 0.314346 0.314346 0.314346
3289.404785 0.000000 4328.750977 0.000000 0.877367 0.000000 0.479819 0.510044 0.510044 0.510044
3274.723145 0.000000 4367.773438 0.000000 0.334630 0.000000 0.942350 0.415817 0.415817 0.415817
3313.010254 0.000000 4346.297363 0.000000 0.675838 0.000000 0.737050 0.437386 0.437386 0.437386
3277.353027 0.000000 4369.321777 0.000000 0.989990 0.000000 0.141136 0.550152 0.550152 0.550152
3216.112061 0.000000 4383.112793 0.000000 0.965016 0.000000 0.262191 0.567017 0.567017 0.567017
3207.156738 0.000000 4377.084961 0.000000 0.978998 0.000000 0.203868 0.566171 0.566171 0.566171
3212.547119 0.000000 4370.236328 0.000000 0.142497 0.000000 0.989795 0.450287 0.450287 0.450287
3235.201660 0.000000 4404.185547 0.000000 0.495009 0.000000 0.868888 0.290860 0.290860 0.290860
3214.741455 0.000000 4372.138184 0.000000 0.985237 0.000000 0.171195 0.556447 0.556447 0.556447
3208.991699 0.000000 4378.983398 0.000000 0.749563 0.000000 0.661933 0.449380 0.449380 0.449380
3221.688721 0.000000 4379.298828 0.000000 0.509981 0.000000 0.860186 0.340932 0.340932 0.340932
3230.050293 0.000000 4402.296387 0.000000 0.949336 0.000000 0.314264 0.570790 0.570790 0.570790
3207.691650 0.000000 4375.459961 0.000000 0.998901 0.000000 0.046864 0.594874 0.594874 0.594874
3213.760498 0.000000 4373.555176 0.000000 0.411412 0.000000 0.911449 0.431654 0.431654 0.431654
3216.946777 0.000000 4381.659668 0.000000 0.051693 0.000000 0.998663 0.019754 0.019754 0.019754
3205.915283 0.000000 4375.904297 0.000000 0.942930 0.000000 0.332992 0.498298 0.498298 0.498298
3216.424072 0.000000 4371.792480 0.000000 0.917404 0.000000 0.397958 0.489644 0.489644 0.489644
3233.370850 0.000000 4403.747070 0.000000 0.701460 0.000000 0.712709 0.392033 0.392033 0.392033
3228.610840 0.000000 4406.083008 0.000000 0.829088 0.000000 0.559118 0.373368 0.373368 0.373368
3216.540771 0.000000 4380.336426 0.000000 0.916991 0.000000 0.398907 0.443268 0.443268 0.443268
3212.143799 0.000000 4378.640625 0.000000 0.999989 0.000000 0.004768 0.599179 0.599179 0.599179
3251.184326 0.000000 4388.546875 0.000000 0.999489 0.000000 0.031969 0.592576 0.592576 0.592576
3232.229980 0.000000 4405.729980 0.000000 0.865507 0.000000 0.500897 0.399604 0.399604 0.399604
3208.075195 0.000000 4379.983887 0.000000 0.014779 0.000000 0.999891 0.276019 0.276019 0.276019
3238.037109 0.000000 4387.994629 0.000000 0.600703 0.000000 0.799473 0.373804 0.373804 0.373804
3221.127930 0.000000 4372.255371 0.000000 0.190071 0.000000 0.981770 0.197035 0.197035 0.197035
3238.050049 0.000000 4386.661621 0.000000 0.667048 0.000000 0.745014 0.394768 0.394768 0.394768
3247.489502 0.000000 4383.728516 0.000000 0.143939 0.000000 0.989587 0.055172 0.055172 0.055172
3284.271484 0.000000 4381.640137 0.000000 0.953539 0.000000 0.301268 0.495943 0.495943 0.495943
3294.872070 0.000000 4413.376465 0.000000 0.382297 0.000000 0.924039 0.543509 0.543509 0.543509
3303.567627 0.000000 4411.455566 0.000000 0.966434 0.000000 0.256915 0.577815 0.577815 0.577815
3272.762695 0.000000 4383.734863 0.000000 0.521676 0.000000 0.853144 0.549482 0.549482 0.549482
3294.311768 0.000000 4387.882812 0.000000 0.204355 0.000000 0.978897 0.446650 0.446650 0.446650
3282.268066 0.000000 4382.650391 0.000000 0.971777 0.000000 0.235901 0.509035 0.509035 0.509035
3287.180176 0.000000 4407.006836 0.000000 0.749026 0.000000 0.662541 0.545760 0.545760 0.545760
3293.351562 0.000000 4385.549805 0.000000 0.378393 0.000000 0.925645 0.495472 0.495472 0.495472
3285.130127 0.000000 4410.294434 0.000000 0.990258 0.000000 0.139247 0.587444 0.587444 0.587444
3284.078613 0.000000 4383.669434 0.000000 0.960024 0.000000 0.279916 0.560478 0.560478 0.560478
3310.125000 0.000000 4376.086914 0.000000 0.904314 0.000000 0.426868 0.431540 0.431540 0.431540
3299.174316 0.000000 4412.870605 0.000000 0.965689 0.000000 0.259702 0.552383 0.552383 0.552383
3281.015869 0.000000 4386.695801 0.000000 0.221216 0.000000 0.975225 0.331498 0.331498 0.331498
3293.334229 0.000000 4389.601562 0.000000 0.672033 0.000000 0.740521 0.375173 0.375173 0.375173
3302.494141 0.000000 4375.952148 0.000000 0.478937 0.000000 0.877849 0.437914 0.437914 0.437914
3310.945068 0.000000 4379.503906 0.000000 0.522465 0.000000 0.852661 0.231397 0.231397 0.231397
3273.866211 0.000000 4372.735840 0.000000 0.972378 0.000000 0.233412 0.558006 0.558006 0.558006
3307.454102 0.000000 4413.668945 0.000000 0.375800 0.000000 0.926701 0.319416 0.319416 0.319416
3296.532227 0.000000 4389.728516 0.000000 0.920830 0.000000 0.389963 0.452386 0.452386 0.452386
3286.614014 0.000000 4413.066406 0.000000 0.320601 0.000000 0.947214 0.417321 0.417321 0.417321
3271.503906 0.000000 4382.815430 0.000000 0.483723 0.000000 0.875221 0.280674 0.280674 0.280674
3270.215332 0.000000 4380.744141 0.000000 0.874405 0.000000 0.485196 0.530946 0.530946 0.530946
3301.608887 0.000000 4370.017090 0.000000 0.600340 0.000000 0.799745 0.373693 0.373693 0.373693
3289.048340 0.000000 4408.399414 0.000000 0.080637 0.000000 0.996744 0.352246 0.352246 0.352246
3274.737305 0.000000 4374.127930 0.000000 0.660857 0.000000 0.750511 0.308828 0.308828 0.308828
3288.828613 0.000000 4379.253418 0.000000 0.391506 0.000000 0.920175 0.165908 0.165908 0.165908
3312.858643 0.000000 4376.154785 0.000000 0.631288 0.000000 0.775548 0.393922 0.393922 0.393922
3292.200439 0.000000 4410.170410 0.000000 0.724617 0.000000 0.689151 0.458776 0.458776 0.458776
3271.131348 0.000000 4384.199707 0.000000 0.796217 0.000000 0.605012 0.428695 0.428695 0.428695
3281.516846 0.000000 4383.855469 0.000000 0.729128 0.000000 0.684378 0.312089 0.312089 0.312089
3287.455322 0.000000 4381.788574 0.000000 0.457635 0.000000 0.889140 0.363707 0.363707 0.363707
3268.758789 0.000000 4389.763672 0.000000 0.465261 0.000000 0.885174 0.422543 0.422543 0.422543
3306.981201 0.000000 4376.166992 0.000000 0.813289 0.000000 0.581860 0.366511 0.366511 0.366511
3297.253418 0.000000 4410.512695 0.000000 0.056555 0.000000 0.998399 0.343696 0.343696 0.343696
3284.524902 0.000000 4378.665039 0.000000 0.182619 0.000000 0.983184 0.070149 0.070149 0.070149
3387.178223 0.000000 4251.564941 0.000000 0.997812 0.000000 0.066121 0.575617 0.575617 0.575617
3383.166748 0.000000 4238.214844 0.000000 0.872730 0.000000 0.488203 0.567913 0.567913 0.567913
3373.633057 0.000000 4249.389160 0.000000 0.997471 0.000000 0.071078 0.599467 0.599467 0.599467
3382.613281 0.000000 4267.079590 0.000000 0.603618 0.000000 0.797273 0.523977 0.523977 0.523977
3334.984863 0.000000 4247.695801 0.000000 0.525752 0.000000 0.850638 0.392778 0.392778 0.392778
3348.216064 0.000000 4235.416992 0.000000 0.828909 0.000000 0.559383 0.543978 0.543978 0.543978
3353.220947 0.000000 4273.629395 0.000000 0.022838 0.000000 0.999739 0.177992 0.177992 0.177992
3358.212158 0.000000 4256.437500 0.000000 0.438225 0.000000 0.898865 0.479512 0.479512 0.479512
3379.690186 0.000000 4236.349609 0.000000 0.970204 0.000000 0.242289 0.535848 0.535848 0.535848
3373.890869 0.000000 4240.017090 0.000000 0.922602 0.000000 0.385753 0.563814 0.563814 0.563814
3383.923340 0.000000 4253.133301 0.000000 0.970194 0.000000 0.242330 0.571035 0.571035 0.571035
3380.030518 0.000000 4273.210938 0.000000 0.974953 0.000000 0.222409 0.552965 0.552965 0.552965
3387.242432 0.000000 4248.676758 0.000000 0.490146 0.000000 0.871641 0.195668 0.195668 0.195668
3334.194824 0.000000 4265.937012 0.000000 0.082368 0.000000 0.996602 0.138510 0.138510 0.138510
3355.184326 0.000000 4271.181152 0.000000 0.945987 0.000000 0.324204 0.571809 0.571809 0.571809
3377.610840 0.000000 4255.691895 0.000000 0.995399 0.000000 0.095812 0.589507 0.589507 0.589507
3378.248291 0.000000 4238.557129 0.000000 0.240883 0.000000 0.970554 0.522447 0.522447 0.522447
3356.721191 0.000000 4253.627441 0.000000 0.858008 0.000000 0.513637 0.427894 0.427894 0.427894
3382.609619 0.000000 4245.732422 0.000000 0.580446 0.000000 0.814299 0.491677 0.491677 0.491677
3379.763916 0.000000 4251.772949 0.000000 0.422261 0.000000 0.906474 0.379008 0.379008 0.379008
3367.567627 0.000000 4273.455566 0.000000 0.633725 0.000000 0.773558 0.496664 0.496664 0.496664
3384.684570 0.000000 4259.223633 0.000000 0.274025 0.000000 0.961723 0.446965 0.446965 0.446965
3380.441650 0.000000 4268.829590 0.000000 0.235204 0.000000 0.971946 0.090691 0.090691 0.090691
3380.717041 0.000000 4238.567871 0.000000 0.505671 0.000000 0.862726 0.388003 0.388003 0.388003
3360.605713 0.000000 4263.960449 0.000000 0.999836 0.000000 0.018088 0.597832 0.597832 0.597832
3377.497559 0.000000 4235.439941 0.000000 0.609984 0.000000 0.792414 0.415018 0.415018 0.415018
3374.802734 0.000000 4233.205078 0.000000 0.809594 0.000000 0.586991 0.433672 0.433672 0.433672
3382.613770 0.000000 4276.097168 0.000000 0.998665 0.000000 0.051659 0.590478 0.590478 0.590478
3361.060547 0.000000 4256.535156 0.000000 0.692040 0.000000 0.721860 0.504563 0.504563 0.504563
3362.322021 0.000000 4243.661621 0.000000 0.530792 0.000000 0.847502 0.522745 0.522745 0.522745
3389.859863 0.000000 4255.742676 0.000000 0.126336 0.000000 0.991988 0.424781 0.424781 0.424781
3364.830566 0.000000 4233.335449 0.000000 0.333225 0.000000 0.942847 0.511485 0.511485 0.511485
3331.577148 0.000000 4255.090820 0.000000 0.171479 0.000000 0.985188 0.082584 0.082584 0.082584
3386.369873 0.000000 4257.903320 0.000000 0.683173 0.000000 0.730256 0.389068 0.389068 0.389068
3385.848389 0.000000 4275.043945 0.000000 0.880162 0.000000 0.474673 0.537767 0.537767 0.537767
3378.211182 0.000000 4253.360840 0.000000 0.958573 0.000000 0.284846 0.551974 0.551974 0.551974
3371.471924 0.000000 4233.770508 0.000000 0.102754 0.000000 0.994707 0.472472 0.472472 0.472472
3373.593750 0.000000 4247.354492 0.000000 0.951196 0.000000 0.308587 0.566166 0.566166 0.566166
3374.125000 0.000000 4238.086914 0.000000 0.914734 0.000000 0.404058 0.560747 0.560747 0.560747
3375.418457 0.000000 4235.258789 0.000000 0.859479 0.000000 0.511171 0.521237 0.521237 0.521237
3381.590088 0.000000 4236.854004 0.000000 0.650118 0.000000 0.759833 0.447450 0.447450 0.447450
3366.824463 0.000000 4270.018555 0.000000 0.951263 0.000000 0.308382 0.505143 0.505143 0.505143
3359.695312 0.000000 4257.673340 0.000000 0.142817 0.000000 0.989749 0.446044 0.446044 0.446044
3381.747314 0.000000 4272.719238 0.000000 0.998760 0.000000 0.049776 0.589557 0.589557 0.589557
3328.549561 0.000000 4261.735840 0.000000 0.992645 0.000000 0.121060 0.561461 0.561461 0.561461
3344.492676 0.000000 4246.851074 0.000000 0.832641 0.000000 0.553812 0.437350 0.437350 0.437350
3380.351807 0.000000 4271.515137 0.000000 0.945479 0.000000 0.325683 0.486207 0.486207 0.486207
3352.597168 0.000000 4275.249512 0.000000 0.190731 0.000000 0.981642 0.374863 0.374863 0.374863
3374.557129 0.000000 4258.869141 0.000000 0.750903 0.000000 0.660413 0.324458 0.324458 0.324458
3377.440918 0.000000 4257.454590 0.000000 0.383126 0.000000 0.923696 0.150183 0.150183 0.150183
3384.152100 0.000000 4275.403320 0.000000 0.624942 0.000000 0.780672 0.487293 0.487293 0.487293
3389.686035 0.000000 4239.628418 0.000000 0.998991 0.000000 0.044907 0.588763 0.588763 0.588763
3388.114258 0.000000 4239.292969 0.000000 0.553895 0.000000 0.832587 0.353908 0.353908 0.353908
3386.374512 0.000000 4250.191406 0.000000 0.339494 0.000000 0.940608 0.148814 0.148814 0.148814
3378.116699 0.000000 4236.904785 0.000000 0.986982 0.000000 0.160830 0.557657 0.557657 0.557657
3375.897217 0.000000 4232.001953 0.000000 0.134155 0.000000 0.990960 0.219206 0.219206 0.219206
3386.324219 0.000000 4234.722656 0.000000 0.007487 0.000000 0.999972 0.288551 0.288551 0.288551
3359.571289 0.000000 4255.632812 0.000000 0.721447 0.000000 0.692470 0.307827 0.307827 0.307827
3385.680420 0.000000 4248.518555 0.000000 0.918655 0.000000 0.395061 0.488062 0.488062 0.488062
3363.650635 0.000000 4261.702148 0.000000 0.768101 0.000000 0.640329 0.363704 0.363704 0.363704
3381.475098 0.000000 4255.335449 0.000000 0.923606 0.000000 0.383343 0.449727 0.449727 0.449727
3391.619141 0.000000 4247.424805 0.000000 0.863127 0.000000 0.504988 0.514361 0.514361 0.514361
3384.864746 0.000000 4273.809082 0.000000 0.295454 0.000000 0.955357 0.377271 0.377271 0.377271
3380.860352 0.000000 4240.075195 0.000000 0.984390 0.000000 0.176003 0.550176 0.550176 0.550176
3381.897217 0.000000 4268.418945 0.000000 0.662088 0.000000 0.749426 0.276395 0.276395 0.276395
3376.989502 0.000000 4248.449219 0.000000 0.739621 0.000000 0.673024 0.450703 0.450703 0.450703
3335.430420 0.000000 4264.936035 0.000000 0.993082 0.000000 0.117423 0.563506 0.563506 0.563506
3388.826904 0.000000 4248.849121 0.000000 0.454560 0.000000 0.890716 0.435390 0.435390 0.435390
3330.090088 0.000000 4255.317383 0.000000 0.518992 0.000000 0.854779 0.220716 0.220716 0.220716
3391.193848 0.000000 4248.818848 0.000000 0.915968 0.000000 0.401252 0.458989 0.458989 0.458989
3376.560791 0.000000 4234.329102 0.000000 0.531600 0.000000 0.846995 0.395695 0.395695 0.395695
3376.858643 0.000000 4238.154785 0.000000 0.505199 0.000000 0.863003 0.352021 0.352021 0.352021
3335.131348 0.000000 4246.199707 0.000000 0.743153 0.000000 0.669122 0.450669 0.450669 0.450669
3329.146973 0.000000 4233.566406 0.000000 0.191775 0.000000 0.981439 0.170712 0.170712 0.170712
3381.170166 0.000000 4251.560059 0.000000 0.572443 0.000000 0.819945 0.425762 0.425762 0.425762
3337.707275 0.000000 4262.888672 0.000000 0.799957 0.000000 0.600057 0.420691 0.420691 0.420691
3339.592285 0.000000 4244.888672 0.000000 0.494499 0.000000 0.869178 0.293844 0.293844 0.293844
3356.992432 0.000000 4249.542969 0.000000 0.678187 0.000000 0.734889 0.414518 0.414518 0.414518
3359.320068 0.000000 4253.464844 0.000000 0.081277 0.000000 0.996692 0.031080 0.031080 0.031080
3336.128662 0.000000 4263.143066 0.000000 0.950473 0.000000 0.310808 0.511946 0.511946 0.511946
3378.853027 0.000000 4255.157227 0.000000 0.136369 0.000000 0.990658 0.194022 0.194022 0.194022
3357.990967 0.000000 4253.038574 0.000000 0.874618 0.000000 0.484813 0.438509 0.438509 0.438509
3383.441162 0.000000 4249.919922 0.000000 0.929782 0.000000 0.368110 0.531673 0.531673 0.531673
3354.588379 0.000000 4248.212402 0.000000 0.846852 0.000000 0.531828 0.385806 0.385806 0.385806
3387.319336 0.000000 4253.202637 0.000000 0.013336 0.000000 0.999911 0.040089 0.040089 0.040089
3376.957764 0.000000 4260.819824 0.000000 0.927923 0.000000 0.372771 0.517603 0.517603 0.517603
3381.449707 0.000000 4269.666504 0.000000 0.622519 0.000000 0.782604 0.256669 0.256669 0.256669
3376.350586 0.000000 4249.628418 0.000000 0.664910 0.000000 0.746923 0.429443 0.429443 0.429443
3375.037354 0.000000 4256.400391 0.000000 0.123656 0.000000 0.992325 0.251075 0.251075 0.251075
3416.938232 0.000000 4259.962402 0.000000 0.872236 0.000000 0.489085 0.530339 0.530339 0.530339
3440.385742 0.000000 4275.922363 0.000000 0.405887 0.000000 0.913923 0.399682 0.399682 0.399682
3416.463623 0.000000 4250.576172 0.000000 0.288045 0.000000 0.957617 0.481253 0.481253 0.481253
3438.092773 0.000000 4273.087891 0.000000 0.995897 0.000000 0.090496 0.575838 0.575838 0.575838
3415.409912 0.000000 4276.584961 0.000000 0.748373 0.000000 0.663278 0.532650 0.532650 0.532650
3416.442383 0.000000 4257.076660 0.000000 0.198439 0.000000 0.980113 0.328911 0.328911 0.328911
3442.248291 0.000000 4238.557129 0.000000 0.809844 0.000000 0.586645 0.431907 0.431907 0.431907
3415.886475 0.000000 4271.354980 0.000000 0.902718 0.000000 0.430234 0.558695 0.558695 0.558695
3445.971924 0.000000 4234.648438 0.000000 0.800070 0.000000 0.599907 0.374484 0.374484 0.374484
3420.721191 0.000000 4253.627441 0.000000 0.027758 0.000000 0.999615 0.445139 0.445139 0.445139
3394.591797 0.000000 4233.448730 0.000000 0.981055 0.000000 0.193729 0.576637 0.576637 0.576637
3417.237793 0.000000 4266.433594 0.000000 0.298648 0.000000 0.954363 0.516459 0.516459 0.516459
3435.627197 0.000000 4248.210938 0.000000 0.265735 0.000000 0.964046 0.488847 0.488847 0.488847
3419.783691 0.000000 4260.196289 0.000000 0.438703 0.000000 0.898632 0.508004 0.508004 0.508004
3415.180176 0.000000 4269.006836 0.000000 0.663146 0.000000 0.748490 0.432766 0.432766 0.432766
3420.054199 0.000000 4255.864258 0.000000 0.997524 0.000000 0.070327 0.573115 0.573115 0.573115
3405.743408 0.000000 4275.147461 0.000000 0.998571 0.000000 0.053434 0.591752 0.591752 0.591752
3393.991943 0.000000 4246.263672 0.000000 0.413367 0.000000 0.910565 0.464547 0.464547 0.464547
3399.021729 0.000000 4232.549316 0.000000 0.937102 0.000000 0.349055 0.561010 0.561010 0.561010
3417.692871 0.000000 4258.453125 0.000000 0.391948 0.000000 0.919987 0.440782 0.440782 0.440782
3408.786865 0.000000 4260.052734 0.000000 0.895636 0.000000 0.444788 0.521979 0.521979 0.521979
3442.773926 0.000000 4232.077148 0.000000 0.422942 0.000000 0.906157 0.256840 0.256840 0.256840
3418.811523 0.000000 4272.847656 0.000000 0.938545 0.000000 0.345157 0.546684 0.546684 0.546684
3432.220215 0.000000 4247.642090 0.000000 0.004413 0.000000 0.999990 0.405255 0.405255 0.405255
3411.830322 0.000000 4273.361816 0.000000 0.193873 0.000000 0.981027 0.082769 0.082769 0.082769
3404.145996 0.000000 4274.984863 0.000000 0.167805 0.000000 0.985820 0.383660 0.383660 0.383660
3444.460693 0.000000 4234.970703 0.000000 0.128419 0.000000 0.991720 0.094549 0.094549 0.094549
3429.043213 0.000000 4247.786133 0.000000 0.776568 0.000000 0.630034 0.421328 0.421328 0.421328
3419.879395 0.000000 4252.125977 0.000000 0.284386 0.000000 0.958710 0.233091 0.233091 0.233091
3403.391113 0.000000 4261.055176 0.000000 0.888228 0.000000 0.459402 0.519206 0.519206 0.519206
3439.508301 0.000000 4273.779785 0.000000 0.947821 0.000000 0.318804 0.513487 0.513487 0.513487
3424.857178 0.000000 4247.139648 0.000000 0.998216 0.000000 0.059706 0.590604 0.590604 0.590604
3399.052246 0.000000 4261.945801 0.000000 0.926757 0.000000 0.375661 0.529045 0.529045 0.529045
3433.925049 0.000000 4251.146484 0.000000 0.599346 0.000000 0.800490 0.351146 0.351146 0.351146
3442.921143 0.000000 4235.012207 0.000000 0.977479 0.000000 0.211034 0.567512 0.567512 0.567512
3419.301025 0.000000 4253.653809 0.000000 0.506226 0.000000 0.862401 0.302453 0.302453 0.302453
3402.063965 0.000000 4261.428223 0.000000 0.984067 0.000000 0.177796 0.569744 0.569744 0.569744
3408.918701 0.000000 4261.916992 0.000000 0.183756 0.000000 0.982972 0.365399 0.365399 0.365399
3440.708252 0.000000 4274.521484 0.000000 0.782696 0.000000 0.622404 0.483267 0.483267 0.483267
3412.055176 0.000000 4269.633301 0.000000 0.202463 0.000000 0.979290 0.321532 0.321532 0.321532
3424.404785 0.000000 4248.755859 0.000000 0.978805 0.000000 0.204796 0.549331 0.549331 0.549331
3405.353027 0.000000 4277.321777 0.000000 0.802903 0.000000 0.596109 0.479462 0.479462 0.479462
3421.392090 0.000000 4255.353027 0.000000 0.584255 0.000000 0.811570 0.238336 0.238336 0.238336
3432.566895 0.000000 4249.807129 0.000000 0.879065 0.000000 0.476701 0.434761 0.434761 0.434761
3405.291260 0.000000 4259.511719 0.000000 0.029911 0.000000 0.999553 0.115293 0.115293 0.115293
3430.037109 0.000000 4249.994629 0.000000 0.983951 0.000000 0.178440 0.531474 0.531474 0.531474
3411.629639 0.000000 4265.071289 0.000000 0.881579 0.000000 0.472037 0.482915 0.482915 0.482915
3378.515137 0.000000 4316.681641 0.000000 0.930247 0.000000 0.366933 0.547661 0.547661 0.547661
3384.936523 0.000000 4292.959473 0.000000 0.897938 0.000000 0.440121 0.569280 0.569280 0.569280
3376.129395 0.000000 4314.499023 0.000000 0.816880 0.000000 0.576808 0.578818 0.578818 0.578818
3369.773438 0.000000 4278.480957 0.000000 0.051640 0.000000 0.998666 0.527182 0.527182 0.527182
3382.609619 0.000000 4291.732422 0.000000 0.651276 0.000000 0.758841 0.318668 0.318668 0.318668
3375.528809 0.000000 4316.967773 0.000000 0.572907 0.000000 0.819620 0.470478 0.470478 0.470478
3385.441650 0.000000 4290.577148 0.000000 0.775531 0.000000 0.631310 0.562132 0.562132 0.562132
3363.174316 0.000000 4320.870605 0.000000 0.828718 0.000000 0.559666 0.531490 0.531490 0.531490
3366.824463 0.000000 4316.018555 0.000000 0.927179 0.000000 0.374618 0.562613 0.562613 0.562613
3376.916016 0.000000 4316.003906 0.000000 0.012858 0.000000 0.999917 0.126263 0.126263 0.126263
3382.950928 0.000000 4288.153320 0.000000 0.973455 0.000000 0.228877 0.529781 0.529781 0.529781
3363.369629 0.000000 4319.441406 0.000000 0.990901 0.000000 0.134593 0.579575 0.579575 0.579575
3370.138184 0.000000 4279.732422 0.000000 0.853806 0.000000 0.520591 0.461390 0.461390 0.461390
3382.245605 0.000000 4290.480469 0.000000 0.996956 0.000000 0.077972 0.574512 0.574512 0.574512
3400.395020 0.000000 4280.013672 0.000000 0.468418 0.000000 0.883507 0.251119 0.251119 0.251119
3429.901123 0.000000 4297.609375 0.000000 0.869709 0.000000 0.493565 0.498710 0.498710 0.498710
3455.962891 0.000000 4302.480957 0.000000 0.033624 0.000000 0.999435 0.012846 0.012846 0.012846
3404.547119 0.000000 4278.236328 0.000000 0.508736 0.000000 0.860922 0.396495 0.396495 0.396495
3453.913086 0.000000 4309.802734 0.000000 0.598534 0.000000 0.801097 0.407937 0.407937 0.407937
3426.316162 0.000000 4296.715332 0.000000 0.966811 0.000000 0.255493 0.574071 0.574071 0.574071
3419.947510 0.000000 4296.508301 0.000000 0.335745 0.000000 0.941953 0.502477 0.502477 0.502477
3454.910645 0.000000 4306.108398 0.000000 0.967679 0.000000 0.252187 0.535462 0.535462 0.535462
3434.042969 0.000000 4305.821289 0.000000 0.126547 0.000000 0.991961 0.325315 0.325315 0.325315
3450.408447 0.000000 4285.445801 0.000000 0.952870 0.000000 0.303379 0.508118 0.508118 0.508118
3445.622803 0.000000 4289.256348 0.000000 0.993513 0.000000 0.113719 0.590782 0.590782 0.590782
3451.242432 0.000000 4294.676758 0.000000 0.697759 0.000000 0.716333 0.560527 0.560527 0.560527
3403.533447 0.000000 4280.888184 0.000000 0.309578 0.000000 0.950874 0.242521 0.242521 0.242521
3413.688721 0.000000 4287.298828 0.000000 0.996182 0.000000 0.087302 0.582847 0.582847 0.582847
3455.800049 0.000000 4308.330566 0.000000 0.225415 0.000000 0.974263 0.390715 0.390715 0.390715
3412.590088 0.000000 4283.686035 0.000000 0.868082 0.000000 0.496422 0.401576 0.401576 0.401576
3453.040771 0.000000 4307.262207 0.000000 0.926942 0.000000 0.375204 0.570041 0.570041 0.570041
3398.096924 0.000000 4280.142090 0.000000 0.342804 0.000000 0.939407 0.265327 0.265327 0.265327
3439.520264 0.000000 4294.620117 0.000000 0.981710 0.000000 0.190381 0.526833 0.526833 0.526833
3454.508789 0.000000 4303.957520 0.000000 0.904963 0.000000 0.425490 0.432122 0.432122 0.432122
3434.840088 0.000000 4304.043945 0.000000 0.972167 0.000000 0.234287 0.555012 0.555012 0.555012
3413.989502 0.000000 4282.403809 0.000000 0.873787 0.000000 0.486308 0.406012 0.406012 0.406012
3418.231689 0.000000 4295.731445 0.000000 0.240352 0.000000 0.970686 0.428916 0.428916 0.428916
3455.306641 0.000000 4300.460938 0.000000 0.969978 0.000000 0.243192 0.506167 0.506167 0.506167
3419.938965 0.000000 4294.698730 0.000000 0.150648 0.000000 0.988587 0.417128 0.417128 0.417128
3443.746826 0.000000 4288.721191 0.000000 0.680559 0.000000 0.732693 0.439879 0.439879 0.439879
3453.413574 0.000000 4292.112305 0.000000 0.237178 0.000000 0.971466 0.390604 0.390604 0.390604
3405.760498 0.000000 4281.555176 0.000000 0.610578 0.000000 0.791956 0.259090 0.259090 0.259090
3408.048584 0.000000 4283.790039 0.000000 0.491392 0.000000 0.870939 0.474906 0.474906 0.474906
3410.812256 0.000000 4284.246094 0.000000 0.999884 0.000000 0.015238 0.594179 0.594179 0.594179
3452.326416 0.000000 4310.504883 0.000000 0.931402 0.000000 0.363992 0.554240 0.554240 0.554240
3401.866211 0.000000 4280.735840 0.000000 0.122977 0.000000 0.992410 0.133823 0.133823 0.133823
3452.114258 0.000000 4285.292969 0.000000 0.629215 0.000000 0.777231 0.418639 0.418639 0.418639
3430.954102 0.000000 4291.489746 0.000000 0.990178 0.000000 0.139813 0.580669 0.580669 0.580669
3408.424072 0.000000 4279.792480 0.000000 0.768173 0.000000 0.640243 0.334600 0.334600 0.334600
3440.661621 0.000000 4288.949707 0.000000 0.468565 0.000000 0.883429 0.445867 0.445867 0.445867
3448.694092 0.000000 4284.534180 0.000000 0.575032 0.000000 0.818131 0.234012 0.234012 0.234012
3415.926514 0.000000 4280.019531 0.000000 0.999917 0.000000 0.012920 0.597136 0.597136 0.597136
3399.721436 0.000000 4281.367188 0.000000 0.999987 0.000000 0.005184 0.598579 0.598579 0.598579
3428.113770 0.000000 4296.553711 0.000000 0.136300 0.000000 0.990668 0.318594 0.318594 0.318594
3445.174316 0.000000 4291.547363 0.000000 0.472939 0.000000 0.881095 0.214008 0.214008 0.214008
3452.826904 0.000000 4294.849121 0.000000 0.976582 0.000000 0.215147 0.560697 0.560697 0.560697
3453.689209 0.000000 4297.519531 0.000000 0.736641 0.000000 0.676284 0.470947 0.470947 0.470947
3415.455322 0.000000 4289.788574 0.000000 0.997816 0.000000 0.066055 0.588019 0.588019 0.588019
3415.250488 0.000000 4281.644043 0.000000 0.566605 0.000000 0.823990 0.385308 0.385308 0.385308
3414.396484 0.000000 4286.015625 0.000000 0.343078 0.000000 0.939307 0.146562 0.146562 0.146562
3455.543213 0.000000 4304.957031 0.000000 0.953223 0.000000 0.302269 0.497886 0.497886 0.497886
3410.866699 0.000000 4281.287598 0.000000 0.607275 0.000000 0.794492 0.249285 0.249285 0.249285
3449.999756 0.000000 4284.178223 0.000000 0.930611 0.000000 0.366009 0.456869 0.456869 0.456869
3445.737549 0.000000 4292.731445 0.000000 0.631631 0.000000 0.775269 0.364789 0.364789 0.364789
3439.489502 0.000000 4291.728516 0.000000 0.992502 0.000000 0.122225 0.568798 0.568798 0.568798
3523.820312 0.000000 4275.343262 0.000000 0.598497 0.000000 0.801125 0.477519 0.477519 0.477519
3522.535156 0.000000 4274.068848 0.000000 0.472657 0.000000 0.881247 0.457835 0.457835 0.457835
3522.204590 0.000000 4275.599609 0.000000 0.225878 0.000000 0.974156 0.422975 0.422975 0.422975
3511.304199 0.000000 4319.863281 0.000000 0.349023 0.000000 0.937114 0.559985 0.559985 0.559985
3457.629639 0.000000 4306.186523 0.000000 0.481795 0.000000 0.876284 0.420808 0.420808 0.420808
3485.750488 0.000000 4307.706543 0.000000 0.573451 0.000000 0.819240 0.569799 0.569799 0.569799
3484.714355 0.000000 4319.500000 0.000000 0.576697 0.000000 0.816958 0.234791 0.234791 0.234791
3482.755859 0.000000 4308.402832 0.000000 0.962737 0.000000 0.270439 0.547494 0.547494 0.547494
3492.380859 0.000000 4306.322754 0.000000 0.355996 0.000000 0.934488 0.475267 0.475267 0.475267
3457.790771 0.000000 4308.985840 0.000000 0.998066 0.000000 0.062162 0.597205 0.597205 0.597205
3476.443848 0.000000 4309.940430 0.000000 0.504900 0.000000 0.863178 0.512632 0.512632 0.512632
3459.801270 0.000000 4307.285645 0.000000 0.995461 0.000000 0.095171 0.584295 0.584295 0.584295
3483.281494 0.000000 4313.622070 0.000000 0.008057 0.000000 0.999968 0.003077 0.003077 0.003077
3519.261475 0.000000 4315.096680 0.000000 0.541238 0.000000 0.840869 0.450374 0.450374 0.450374
3483.018555 0.000000 4320.484863 0.000000 0.301190 0.000000 0.953564 0.476847 0.476847 0.476847
3458.721191 0.000000 4310.707031 0.000000 0.558114 0.000000 0.829764 0.305334 0.305334 0.305334
3484.255371 0.000000 4309.519043 0.000000 0.205166 0.000000 0.978727 0.442657 0.442657 0.442657
3473.928223 0.000000 4320.462402 0.000000 0.989688 0.000000 0.143239 0.579331 0.579331 0.579331
3486.611572 0.000000 4319.496582 0.000000 0.802291 0.000000 0.596933 0.430401 0.430401 0.430401
3491.545166 0.000000 4304.622070 0.000000 0.499065 0.000000 0.866565 0.381736 0.381736 0.381736
3496.400391 0.000000 4305.255371 0.000000 0.555441 0.000000 0.831556 0.488218 0.488218 0.488218
3485.047607 0.000000 4321.228516 0.000000 0.934330 0.000000 0.356409 0.496829 0.496829 0.496829
3481.528076 0.000000 4317.854492 0.000000 0.958392 0.000000 0.285456 0.557505 0.557505 0.557505
3482.811523 0.000000 4318.847656 0.000000 0.654772 0.000000 0.755826 0.366385 0.366385 0.366385
3512.864746 0.000000 4319.809082 0.000000 0.691803 0.000000 0.722086 0.476728 0.476728 0.476728
3493.941162 0.000000 4301.204102 0.000000 0.519678 0.000000 0.854362 0.337624 0.337624 0.337624
3499.203613 0.000000 4312.265625 0.000000 0.885416 0.000000 0.464799 0.432731 0.432731 0.432731
3482.636963 0.000000 4312.313477 0.000000 0.820699 0.000000 0.571361 0.367699 0.367699 0.367699
3482.791260 0.000000 4309.807617 0.000000 0.032596 0.000000 0.999469 0.305074 0.305074 0.305074
3495.705811 0.000000 4302.203125 0.000000 0.959904 0.000000 0.280330 0.491468 0.491468 0.491468
3546.297607 0.000000 4300.674805 0.000000 0.267219 0.000000 0.963636 0.508456 0.508456 0.508456
3540.183594 0.000000 4307.209961 0.000000 0.996411 0.000000 0.084648 0.589971 0.589971 0.589971
3543.473877 0.000000 4310.665039 0.000000 0.292909 0.000000 0.956140 0.565662 0.565662 0.565662
3520.607910 0.000000 4316.598633 0.000000 0.902862 0.000000 0.429930 0.546744 0.546744 0.546744
3535.669189 0.000000 4313.452148 0.000000 0.598438 0.000000 0.801169 0.522051 0.522051 0.522051
3546.755859 0.000000 4308.402832 0.000000 0.273615 0.000000 0.961839 0.543804 0.543804 0.543804
3524.377441 0.000000 4304.895996 0.000000 0.682658 0.000000 0.730738 0.539857 0.539857 0.539857
3553.426758 0.000000 4291.757812 0.000000 0.738731 0.000000 0.674001 0.564548 0.564548 0.564548
3520.889160 0.000000 4314.009277 0.000000 0.625476 0.000000 0.780244 0.393528 0.393528 0.393528
3545.237793 0.000000 4312.433594 0.000000 0.993861 0.000000 0.110634 0.582065 0.582065 0.582065
3523.801270 0.000000 4307.285645 0.000000 0.175500 0.000000 0.984479 0.086183 0.086183 0.086183
3552.605713 0.000000 4309.960449 0.000000 0.526191 0.000000 0.850367 0.542129 0.542129 0.542129
3534.239014 0.000000 4315.321777 0.000000 0.778046 0.000000 0.628208 0.422961 0.422961 0.422961
3553.718750 0.000000 4294.427734 0.000000 0.893659 0.000000 0.448746 0.557478 0.557478 0.557478
3545.473389 0.000000 4310.140137 0.000000 0.135181 0.000000 0.990821 0.142087 0.142087 0.142087
3525.092773 0.000000 4313.588867 0.000000 0.659057 0.000000 0.752093 0.508194 0.508194 0.508194
3525.586914 0.000000 4308.112793 0.000000 0.995976 0.000000 0.089622 0.583197 0.583197 0.583197
3525.040283 0.000000 4306.306641 0.000000 0.900931 0.000000 0.433962 0.469555 0.469555 0.469555
3552.532227 0.000000 4297.728516 0.000000 0.997673 0.000000 0.068183 0.580171 0.580171 0.580171
3546.073975 0.000000 4307.011230 0.000000 0.721776 0.000000 0.692126 0.491219 0.491219 0.491219
3552.857178 0.000000 4293.139648 0.000000 0.128122 0.000000 0.991758 0.198148 0.198148 0.198148
3550.039307 0.000000 4292.279297 0.000000 0.997553 0.000000 0.069910 0.573274 0.573274 0.573274
3520.003418 0.000000 4315.214844 0.000000 0.772651 0.000000 0.634830 0.441340 0.441340 0.441340
3525.683350 0.000000 4310.542969 0.000000 0.104862 0.000000 0.994487 0.075257 0.075257 0.075257
3521.421875 0.000000 4315.348633 0.000000 0.360784 0.000000 0.932649 0.322793 0.322793 0.322793
3548.992432 0.000000 4295.542969 0.000000 0.983003 0.000000 0.183592 0.568194 0.568194 0.568194
3549.990967 0.000000 4299.038574 0.000000 0.988998 0.000000 0.147932 0.559967 0.559967 0.559967
3534.541504 0.000000 4300.667969 0.000000 0.143354 0.000000 0.989671 0.234494 0.234494 0.234494
3544.674072 0.000000 4311.223145 0.000000 0.974598 0.000000 0.223963 0.527931 0.527931 0.527931
3341.132080 0.000000 4342.447266 0.000000 0.972984 0.000000 0.230874 0.568592 0.568592 0.568592
3367.355225 0.000000 4355.266602 0.000000 0.948713 0.000000 0.316137 0.535918 0.535918 0.535918
3390.040771 0.000000 4339.734863 0.000000 0.999900 0.000000 0.014147 0.599046 0.599046 0.599046
3377.218994 0.000000 4325.048828 0.000000 0.360572 0.000000 0.932732 0.387555 0.387555 0.387555
3390.164062 0.000000 4327.022461 0.000000 0.269385 0.000000 0.963033 0.321954 0.321954 0.321954
3387.224609 0.000000 4327.993164 0.000000 0.380561 0.000000 0.924756 0.504520 0.504520 0.504520
3390.834473 0.000000 4337.113770 0.000000 0.038054 0.000000 0.999276 0.457653 0.457653 0.457653
3365.170166 0.000000 4354.434570 0.000000 0.999093 0.000000 0.042572 0.591389 0.591389 0.591389
3383.433105 0.000000 4328.066895 0.000000 0.990249 0.000000 0.139306 0.574250 0.574250 0.574250
3365.940186 0.000000 4356.016602 0.000000 0.634724 0.000000 0.772739 0.451836 0.451836 0.451836
3350.869629 0.000000 4349.202148 0.000000 0.932609 0.000000 0.360888 0.524783 0.524783 0.524783
3447.166748 0.000000 4330.214844 0.000000 0.794703 0.000000 0.606999 0.413380 0.413380 0.413380
3392.113281 0.000000 4337.982422 0.000000 0.641795 0.000000 0.766876 0.445523 0.445523 0.445523
3431.580078 0.000000 4352.878906 0.000000 0.758365 0.000000 0.651830 0.497902 0.497902 0.497902
3445.590088 0.000000 4328.854004 0.000000 0.140486 0.000000 0.990083 0.332274 0.332274 0.332274
3433.333984 0.000000 4353.602539 0.000000 0.993860 0.000000 0.110647 0.584056 0.584056 0.584056
3393.550537 0.000000 4336.511719 0.000000 0.763459 0.000000 0.645856 0.475892 0.475892 0.475892
3448.694092 0.000000 4330.534180 0.000000 0.458661 0.000000 0.888611 0.393461 0.393461 0.393461
3430.588623 0.000000 4353.990234 0.000000 0.643868 0.000000 0.765137 0.474713 0.474713 0.474713
3446.017090 0.000000 4331.175781 0.000000 0.974419 0.000000 0.224740 0.535147 0.535147 0.535147
3402.464844 0.000000 4362.833008 0.000000 0.943619 0.000000 0.331034 0.512060 0.512060 0.512060
3449.999756 0.000000 4330.178223 0.000000 0.392572 0.000000 0.919721 0.379672 0.379672 0.379672
3405.132080 0.000000 4388.447266 0.000000 0.889946 0.000000 0.456067 0.436844 0.436844 0.436844
3452.676758 0.000000 4411.996582 0.000000 0.422827 0.000000 0.906210 0.557525 0.557525 0.557525
3443.413818 0.000000 4378.959961 0.000000 0.784660 0.000000 0.619926 0.503848 0.503848 0.503848
3435.152588 0.000000 4380.775879 0.000000 0.481462 0.000000 0.876467 0.553586 0.553586 0.553586
3442.114258 0.000000 4381.856934 0.000000 0.991755 0.000000 0.128152 0.571704 0.571704 0.571704
3405.416504 0.000000 4382.134766 0.000000 0.999695 0.000000 0.024709 0.598482 0.598482 0.598482
3406.297607 0.000000 4384.293457 0.000000 0.135743 0.000000 0.990744 0.309888 0.309888 0.309888
3408.492676 0.000000 4384.851074 0.000000 0.073526 0.000000 0.997293 0.422826 0.422826 0.422826
3455.280518 0.000000 4413.253418 0.000000 0.837756 0.000000 0.546044 0.536836 0.536836 0.536836
3428.475586 0.000000 4393.356934 0.000000 0.947559 0.000000 0.319580 0.497676 0.497676 0.497676
3442.116699 0.000000 4374.904785 0.000000 0.832497 0.000000 0.554029 0.496210 0.496210 0.496210
3429.941162 0.000000 4393.204102 0.000000 0.917601 0.000000 0.397503 0.471408 0.471408 0.471408
3499.000732 0.000000 4348.128906 0.000000 0.890827 0.000000 0.454342 0.566089 0.566089 0.566089
3501.757080 0.000000 4347.165527 0.000000 0.213781 0.000000 0.976882 0.476157 0.476157 0.476157
3462.758545 0.000000 4355.538574 0.000000 0.991622 0.000000 0.129174 0.583313 0.583313 0.583313
3492.431641 0.000000 4356.417480 0.000000 0.682955 0.000000 0.730461 0.481001 0.481001 0.481001
3487.315674 0.000000 4354.689453 0.000000 0.822124 0.000000 0.569309 0.469357 0.469357 0.469357
3493.940186 0.000000 4356.016602 0.000000 0.927826 0.000000 0.373013 0.544459 0.544459 0.544459
3464.128662 0.000000 4355.143066 0.000000 0.525296 0.000000 0.850920 0.412487 0.412487 0.412487
3494.990723 0.000000 4356.869141 0.000000 0.705114 0.000000 0.709094 0.369766 0.369766 0.369766
3530.711426 0.000000 4329.653320 0.000000 0.265677 0.000000 0.964062 0.120266 0.120266 0.120266
3520.205322 0.000000 4335.292969 0.000000 0.509372 0.000000 0.860546 0.542563 0.542563 0.542563
3534.741455 0.000000 4326.138184 0.000000 0.999800 0.000000 0.019978 0.598623 0.598623 0.598623
3530.737305 0.000000 4328.127930 0.000000 0.859237 0.000000 0.511578 0.402113 0.402113 0.402113
3489.821045 0.000000 4396.769043 0.000000 0.584764 0.000000 0.811204 0.483777 0.483777 0.483777
3492.490479 0.000000 4381.104004 0.000000 0.834718 0.000000 0.550677 0.482944 0.482944 0.482944
3473.461670 0.000000 4401.191406 0.000000 0.856893 0.000000 0.515495 0.499404 0.499404 0.499404
3494.630615 0.000000 4385.173828 0.000000 0.748827 0.000000 0.662765 0.511009 0.511009 0.511009
3462.194824 0.000000 4403.937012 0.000000 0.848810 0.000000 0.528698 0.459813 0.459813 0.459813
3481.229980 0.000000 4386.233398 0.000000 0.970443 0.000000 0.241330 0.572983 0.572983 0.572983
3464.703857 0.000000 4399.856934 0.000000 0.863973 0.000000 0.503537 0.554155 0.554155 0.554155
3489.060547 0.000000 4394.535156 0.000000 0.008208 0.000000 0.999966 0.452539 0.452539 0.452539
3495.187012 0.000000 4387.341797 0.000000 0.821041 0.000000 0.570869 0.539934 0.539934 0.539934
3493.349854 0.000000 4379.130371 0.000000 0.267391 0.000000 0.963588 0.327353 0.327353 0.327353
3461.092773 0.000000 4405.588867 0.000000 0.495219 0.000000 0.868768 0.301969 0.301969 0.301969
3463.011719 0.000000 4396.658691 0.000000 0.101711 0.000000 0.994814 0.448178 0.448178 0.448178
3475.166016 0.000000 4400.704102 0.000000 0.161083 0.000000 0.986941 0.300296 0.300296 0.300296
3488.461182 0.000000 4397.712891 0.000000 0.350051 0.000000 0.936731 0.450986 0.450986 0.450986
3493.043213 0.000000 4385.786133 0.000000 0.167343 0.000000 0.985899 0.286938 0.286938 0.286938
3479.916016 0.000000 4387.141113 0.000000 0.987530 0.000000 0.157432 0.543640 0.543640 0.543640
3493.464844 0.000000 4384.518555 0.000000 0.658507 0.000000 0.752574 0.409849 0.409849 0.409849
3465.570312 0.000000 4396.621094 0.000000 0.255383 0.000000 0.966840 0.185151 0.185151 0.185151
3595.609619 0.000000 4071.602051 0.000000 0.301258 0.000000 0.953543 0.541269 0.541269 0.541269
3592.358154 0.000000 4068.146240 0.000000 0.783493 0.000000 0.621401 0.578907 0.578907 0.578907
3644.474609 0.000000 4073.510742 0.000000 0.490689 0.000000 0.871335 0.522351 0.522351 0.522351
3592.581299 0.000000 4071.126221 0.000000 0.999312 0.000000 0.037095 0.596443 0.596443 0.596443
3646.927979 0.000000 4048.151611 0.000000 0.655270 0.000000 0.755395 0.514065 0.514065 0.514065
3618.322021 0.000000 4059.661621 0.000000 0.529424 0.000000 0.848357 0.534760 0.534760 0.534760
3646.508789 0.000000 4073.957764 0.000000 0.947681 0.000000 0.319218 0.549872 0.549872 0.549872
3645.689209 0.000000 4067.519287 0.000000 0.998279 0.000000 0.058648 0.587342 0.587342 0.587342
3623.158203 0.000000 4066.723145 0.000000 0.797017 0.000000 0.603957 0.464012 0.464012 0.464012
3648.056885 0.000000 4048.552734 0.000000 0.856823 0.000000 0.515611 0.557804 0.557804 0.557804
3664.917480 0.000000 4048.235596 0.000000 0.836186 0.000000 0.548446 0.586957 0.586957 0.586957
3685.901123 0.000000 4067.609619 0.000000 0.741944 0.000000 0.670462 0.510841 0.510841 0.510841
3680.150635 0.000000 4050.069092 0.000000 0.627192 0.000000 0.778865 0.519754 0.519754 0.519754
3664.112061 0.000000 4061.112549 0.000000 0.153350 0.000000 0.988172 0.188269 0.188269 0.188269
3662.444336 0.000000 4053.209473 0.000000 0.657599 0.000000 0.753368 0.492649 0.492649 0.492649
3674.297607 0.000000 4070.674561 0.000000 0.946739 0.000000 0.322001 0.561695 0.561695 0.561695
3668.216064 0.000000 4051.416748 0.000000 0.995276 0.000000 0.097082 0.574220 0.574220 0.574220
3678.968994 0.000000 4055.094971 0.000000 0.820361 0.000000 0.571846 0.527050 0.527050 0.527050
3689.832031 0.000000 4082.934814 0.000000 0.585186 0.000000 0.810899 0.540504 0.540504 0.540504
3689.400879 0.000000 4064.770020 0.000000 0.520432 0.000000 0.853903 0.518749 0.518749 0.518749
3675.903076 0.000000 4049.876465 0.000000 0.900542 0.000000 0.434768 0.577767 0.577767 0.577767
3689.998535 0.000000 4051.290527 0.000000 0.037726 0.000000 0.999288 0.420880 0.420880 0.420880
3670.870850 0.000000 4054.240723 0.000000 0.844038 0.000000 0.536283 0.521996 0.521996 0.521996
3665.461670 0.000000 4079.191650 0.000000 0.631273 0.000000 0.775561 0.548147 0.548147 0.548147
3690.042969 0.000000 4075.821289 0.000000 0.864179 0.000000 0.503184 0.552610 0.552610 0.552610
3681.599609 0.000000 4053.588379 0.000000 0.792374 0.000000 0.610036 0.553808 0.553808 0.553808
3668.722656 0.000000 4067.119385 0.000000 0.855583 0.000000 0.517666 0.555172 0.555172 0.555172
3692.232422 0.000000 4081.243164 0.000000 0.789808 0.000000 0.613354 0.347784 0.347784 0.347784
3691.498291 0.000000 4087.680664 0.000000 0.786108 0.000000 0.618089 0.483224 0.483224 0.483224
3690.077637 0.000000 4079.359131 0.000000 0.925656 0.000000 0.378366 0.548269 0.548269 0.548269
3661.178711 0.000000 4055.708740 0.000000 0.917162 0.000000 0.398514 0.574826 0.574826 0.574826
3687.580078 0.000000 4076.878906 0.000000 0.399779 0.000000 0.916611 0.469734 0.469734 0.469734
3664.802490 0.000000 4081.412842 0.000000 0.318344 0.000000 0.947975 0.489809 0.489809 0.489809
3693.516602 0.000000 4083.269775 0.000000 0.939770 0.000000 0.341808 0.512214 0.512214 0.512214
3688.339844 0.000000 4081.251953 0.000000 0.219744 0.000000 0.975558 0.438314 0.438314 0.438314
3670.062988 0.000000 4075.906494 0.000000 0.928187 0.000000 0.372113 0.561734 0.561734 0.561734
3671.734375 0.000000 4056.314697 0.000000 0.699928 0.000000 0.714213 0.372404 0.372404 0.372404
3687.187012 0.000000 4065.341797 0.000000 0.347065 0.000000 0.937841 0.512543 0.512543 0.512543
3680.933594 0.000000 4048.036133 0.000000 0.627462 0.000000 0.778647 0.435560 0.435560 0.435560
3683.760742 0.000000 4053.399170 0.000000 0.770322 0.000000 0.637655 0.547177 0.547177 0.547177
3663.309082 0.000000 4059.284180 0.000000 0.530119 0.000000 0.847923 0.457497 0.457497 0.457497
3666.783203 0.000000 4048.911621 0.000000 0.415634 0.000000 0.909532 0.493926 0.493926 0.493926
3673.403809 0.000000 4049.711426 0.000000 0.869629 0.000000 0.493705 0.504866 0.504866 0.504866
3691.589844 0.000000 4083.619873 0.000000 0.999573 0.000000 0.029224 0.588836 0.588836 0.588836
3689.606201 0.000000 4088.462158 0.000000 0.000997 0.000000 1.000000 0.143819 0.143819 0.143819
3687.430664 0.000000 4068.855225 0.000000 0.923461 0.000000 0.383692 0.449583 0.449583 0.449583
3671.387451 0.000000 4063.712158 0.000000 0.207039 0.000000 0.978333 0.165362 0.165362 0.165362
3668.237061 0.000000 4075.195557 0.000000 0.853726 0.000000 0.520723 0.538469 0.538469 0.538469
3686.381836 0.000000 4050.430664 0.000000 0.988053 0.000000 0.154117 0.583544 0.583544 0.583544
3686.824463 0.000000 4086.018555 0.000000 0.465755 0.000000 0.884914 0.302220 0.302220 0.302220
3682.778809 0.000000 4049.775146 0.000000 0.474087 0.000000 0.880478 0.275772 0.275772 0.275772
3682.306396 0.000000 4080.651855 0.000000 0.948206 0.000000 0.317655 0.512842 0.512842 0.512842
3664.492676 0.000000 4062.851318 0.000000 0.820504 0.000000 0.571640 0.367569 0.367569 0.367569
3693.395996 0.000000 4079.903076 0.000000 0.782286 0.000000 0.622919 0.343136 0.343136 0.343136
3683.326904 0.000000 4064.933838 0.000000 0.902919 0.000000 0.429811 0.530787 0.530787 0.530787
3670.391113 0.000000 4093.861328 0.000000 0.802355 0.000000 0.596846 0.471625 0.471625 0.471625
3670.362549 0.000000 4048.073730 0.000000 0.945738 0.000000 0.324930 0.535061 0.535061 0.535061
3690.940918 0.000000 4078.044922 0.000000 0.708665 0.000000 0.705545 0.495588 0.495588 0.495588
3670.614014 0.000000 4091.066406 0.000000 0.930228 0.000000 0.366981 0.545965 0.545965 0.545965
3675.879395 0.000000 4068.125977 0.000000 0.955359 0.000000 0.295448 0.542943 0.542943 0.542943
3686.185791 0.000000 4088.846924 0.000000 0.606245 0.000000 0.795278 0.248790 0.248790 0.248790
3671.926514 0.000000 4050.019287 0.000000 0.722159 0.000000 0.691727 0.492442 0.492442 0.492442
3693.644775 0.000000 4081.748779 0.000000 0.179486 0.000000 0.983761 0.068932 0.068932 0.068932
3680.857178 0.000000 4063.139648 0.000000 0.540449 0.000000 0.841377 0.451731 0.451731 0.451731
3667.870117 0.000000 4063.170654 0.000000 0.609582 0.000000 0.792723 0.456045 0.456045 0.456045
3671.916016 0.000000 4065.141113 0.000000 0.967146 0.000000 0.254220 0.551871 0.551871 0.551871
3686.143066 0.000000 4083.389648 0.000000 0.999881 0.000000 0.015433 0.597573 0.597573 0.597573
3675.301025 0.000000 4069.653809 0.000000 0.196217 0.000000 0.980560 0.338748 0.338748 0.338748
3691.203613 0.000000 4082.265869 0.000000 0.299625 0.000000 0.954057 0.116234 0.116234 0.116234
3682.723877 0.000000 4093.216309 0.000000 0.375771 0.000000 0.926713 0.195096 0.195096 0.195096
3665.516846 0.000000 4061.855469 0.000000 0.406399 0.000000 0.913696 0.265148 0.265148 0.265148
3685.244385 0.000000 4091.796631 0.000000 0.100356 0.000000 0.994952 0.185956 0.185956 0.185956
3689.190918 0.000000 4084.208984 0.000000 0.998921 0.000000 0.046448 0.582252 0.582252 0.582252
3677.620361 0.000000 4054.643311 0.000000 0.992583 0.000000 0.121571 0.556004 0.556004 0.556004
3692.310059 0.000000 4071.516602 0.000000 0.172140 0.000000 0.985073 0.359213 0.359213 0.359213
3691.057617 0.000000 4088.976074 0.000000 0.859719 0.000000 0.510767 0.465898 0.465898 0.465898
3686.990723 0.000000 4080.869141 0.000000 0.243548 0.000000 0.969889 0.217007 0.217007 0.217007
3690.896729 0.000000 4063.072266 0.000000 0.992673 0.000000 0.120831 0.576231 0.576231 0.576231
3693.992432 0.000000 4078.045166 0.000000 0.282538 0.000000 0.959256 0.109412 0.109412 0.109412
3668.301270 0.000000 4092.556152 0.000000 0.990756 0.000000 0.135654 0.558419 0.558419 0.558419
3688.366211 0.000000 4069.805664 0.000000 0.618708 0.000000 0.785621 0.321142 0.321142 0.321142
3692.444092 0.000000 4082.549316 0.000000 0.998567 0.000000 0.053517 0.586526 0.586526 0.586526
3686.138672 0.000000 4068.936523 0.000000 0.955438 0.000000 0.295191 0.485540 0.485540 0.485540
3644.759521 0.000000 4105.443848 0.000000 0.780091 0.000000 0.625666 0.497730 0.497730 0.497730
3639.166748 0.000000 4100.214844 0.000000 0.254107 0.000000 0.967176 0.418936 0.418936 0.418936
3609.220947 0.000000 4135.629395 0.000000 0.634222 0.000000 0.773151 0.578818 0.578818 0.578818
3640.631104 0.000000 4104.169434 0.000000 0.086528 0.000000 0.996249 0.524412 0.524412 0.524412
3618.974365 0.000000 4116.645508 0.000000 0.085522 0.000000 0.996336 0.559956 0.559956 0.559956
3637.622803 0.000000 4105.256348 0.000000 0.852315 0.000000 0.523029 0.569495 0.569495 0.569495
3620.463867 0.000000 4119.091309 0.000000 0.803634 0.000000 0.595123 0.572311 0.572311 0.572311
3642.803711 0.000000 4104.193848 0.000000 0.953998 0.000000 0.299812 0.565335 0.565335 0.565335
3639.500977 0.000000 4105.897461 0.000000 0.857745 0.000000 0.514075 0.553091 0.553091 0.553091
3599.020996 0.000000 4101.144531 0.000000 0.035549 0.000000 0.999368 0.434423 0.434423 0.434423
3609.528076 0.000000 4133.854492 0.000000 0.445443 0.000000 0.895310 0.473734 0.473734 0.473734
3668.216064 0.000000 4097.416992 0.000000 0.607582 0.000000 0.794257 0.249433 0.249433 0.249433
3686.924072 0.000000 4098.246582 0.000000 0.901226 0.000000 0.433348 0.552332 0.552332 0.552332
3677.382080 0.000000 4106.956543 0.000000 0.687140 0.000000 0.726525 0.289361 0.289361 0.289361
3656.991699 0.000000 4102.983398 0.000000 0.984193 0.000000 0.177100 0.567197 0.567197 0.567197
3670.449463 0.000000 4096.561523 0.000000 0.735497 0.000000 0.677528 0.339077 0.339077 0.339077
3666.268066 0.000000 4106.650391 0.000000 0.184170 0.000000 0.982894 0.452641 0.452641 0.452641
3684.830566 0.000000 4095.335449 0.000000 0.999878 0.000000 0.015621 0.594033 0.594033 0.594033
3681.779053 0.000000 4097.483887 0.000000 0.118980 0.000000 0.992897 0.491285 0.491285 0.491285
3669.989502 0.000000 4098.403809 0.000000 0.385876 0.000000 0.922551 0.432845 0.432845 0.432845
3663.643555 0.000000 4111.912109 0.000000 0.964775 0.000000 0.263076 0.571688 0.571688 0.571688
3657.405518 0.000000 4104.702148 0.000000 0.999819 0.000000 0.019024 0.596124 0.596124 0.596124
3667.736572 0.000000 4119.584961 0.000000 0.994144 0.000000 0.108060 0.583620 0.583620 0.583620
3671.832764 0.000000 4098.937012 0.000000 0.258128 0.000000 0.966111 0.107574 0.107574 0.107574
3676.165283 0.000000 4105.883789 0.000000 0.365947 0.000000 0.930636 0.143106 0.143106 0.143106
3664.540771 0.000000 4114.897461 0.000000 0.159645 0.000000 0.987175 0.382384 0.382384 0.382384
3659.391113 0.000000 4123.055176 0.000000 0.996341 0.000000 0.085465 0.574365 0.574365 0.574365
3677.151855 0.000000 4102.947754 0.000000 0.483513 0.000000 0.875337 0.192767 0.192767 0.192767
3678.039307 0.000000 4108.279297 0.000000 0.996483 0.000000 0.083794 0.582533 0.582533 0.582533
3678.763672 0.000000 4106.157715 0.000000 0.998890 0.000000 0.047114 0.581997 0.581997 0.581997
3658.063965 0.000000 4123.428223 0.000000 0.329205 0.000000 0.944258 0.229911 0.229911 0.229911
3677.620361 0.000000 4100.643066 0.000000 0.754443 0.000000 0.656366 0.370484 0.370484 0.370484
3668.972168 0.000000 4111.759277 0.000000 0.140797 0.000000 0.990039 0.053960 0.053960 0.053960
3666.356689 0.000000 4111.140625 0.000000 0.852069 0.000000 0.523429 0.453121 0.453121 0.453121
3662.416016 0.000000 4112.870117 0.000000 0.972879 0.000000 0.231316 0.558041 0.558041 0.558041
3671.250488 0.000000 4097.644043 0.000000 0.816650 0.000000 0.577133 0.384358 0.384358 0.384358
3656.075195 0.000000 4103.983887 0.000000 0.016575 0.000000 0.999863 0.313642 0.313642 0.313642
3676.732666 0.000000 4108.408691 0.000000 0.905034 0.000000 0.425340 0.481543 0.481543 0.481543
3590.214600 0.000000 4164.754395 0.000000 0.153183 0.000000 0.988198 0.525710 0.525710 0.525710
3608.938232 0.000000 4167.962402 0.000000 0.247339 0.000000 0.968929 0.584172 0.584172 0.584172
3591.156738 0.000000 4147.084961 0.000000 0.977024 0.000000 0.213128 0.588418 0.588418 0.588418
3625.400879 0.000000 4156.770020 0.000000 0.126573 0.000000 0.991957 0.472393 0.472393 0.472393
3617.802002 0.000000 4177.323242 0.000000 0.660887 0.000000 0.750485 0.275784 0.275784 0.275784
3590.423340 0.000000 4144.327148 0.000000 0.997447 0.000000 0.071410 0.596574 0.596574 0.596574
3624.478516 0.000000 4159.224609 0.000000 0.706866 0.000000 0.707347 0.544682 0.544682 0.544682
3593.085205 0.000000 4155.712402 0.000000 0.265011 0.000000 0.964245 0.420492 0.420492 0.420492
3591.011719 0.000000 4166.658691 0.000000 0.974892 0.000000 0.222678 0.539789 0.539789 0.539789
3621.816895 0.000000 4185.116699 0.000000 0.952389 0.000000 0.304887 0.571227 0.571227 0.571227
3644.573730 0.000000 4160.799316 0.000000 0.050422 0.000000 0.998728 0.203736 0.203736 0.203736
3622.615234 0.000000 4183.065918 0.000000 0.469903 0.000000 0.882718 0.228978 0.228978 0.228978
3625.988770 0.000000 4178.939453 0.000000 0.936221 0.000000 0.351411 0.516630 0.516630 0.516630
3615.156250 0.000000 4168.814941 0.000000 0.725691 0.000000 0.688020 0.479524 0.479524 0.479524
3587.275146 0.000000 4170.717773 0.000000 0.610040 0.000000 0.792371 0.264317 0.264317 0.264317
3613.042725 0.000000 4173.381348 0.000000 0.270434 0.000000 0.962739 0.265848 0.265848 0.265848
3625.190918 0.000000 4176.208984 0.000000 0.932009 0.000000 0.362434 0.506112 0.506112 0.506112
3655.156738 0.000000 4147.084961 0.000000 0.719881 0.000000 0.694098 0.431074 0.431074 0.431074
3656.991699 0.000000 4148.983398 0.000000 0.980629 0.000000 0.195876 0.547433 0.547433 0.547433
3662.239014 0.000000 4177.321777 0.000000 0.632246 0.000000 0.774768 0.532288 0.532288 0.532288
3656.160156 0.000000 4181.802734 0.000000 0.315207 0.000000 0.949023 0.506370 0.506370 0.506370
3654.854248 0.000000 4149.190918 0.000000 0.963161 0.000000 0.268926 0.576752 0.576752 0.576752
3657.068115 0.000000 4146.696777 0.000000 0.999844 0.000000 0.017634 0.595562 0.595562 0.595562
3652.765381 0.000000 4185.079590 0.000000 0.374797 0.000000 0.927107 0.328047 0.328047 0.328047
3655.691650 0.000000 4145.459961 0.000000 0.657883 0.000000 0.753120 0.435213 0.435213 0.435213
3659.124268 0.000000 4156.040527 0.000000 0.986480 0.000000 0.163881 0.576080 0.576080 0.576080
3655.598145 0.000000 4183.335938 0.000000 0.975989 0.000000 0.217820 0.548360 0.548360 0.548360
3650.204590 0.000000 4183.599609 0.000000 0.707625 0.000000 0.706588 0.403713 0.403713 0.403713
3662.271729 0.000000 4157.313477 0.000000 0.755445 0.000000 0.655212 0.459802 0.459802 0.459802
3652.740479 0.000000 4144.943359 0.000000 0.320676 0.000000 0.947189 0.409877 0.409877 0.409877
3658.737305 0.000000 4144.127930 0.000000 0.991753 0.000000 0.128164 0.571509 0.571509 0.571509
3660.038086 0.000000 4174.604492 0.000000 0.668880 0.000000 0.743370 0.439308 0.439308 0.439308
3655.052246 0.000000 4169.945801 0.000000 0.856021 0.000000 0.516942 0.394926 0.394926 0.394926
3654.169678 0.000000 4185.173340 0.000000 0.963577 0.000000 0.267432 0.557014 0.557014 0.557014
3658.464844 0.000000 4178.833008 0.000000 0.300625 0.000000 0.953742 0.270174 0.270174 0.270174
3648.100098 0.000000 4158.115723 0.000000 0.872344 0.000000 0.488892 0.437019 0.437019 0.437019
3657.363281 0.000000 4176.279785 0.000000 0.587728 0.000000 0.809059 0.385396 0.385396 0.385396
3657.570312 0.000000 4166.621094 0.000000 0.891980 0.000000 0.452076 0.470710 0.470710 0.470710
3656.043457 0.000000 4164.427246 0.000000 0.211238 0.000000 0.977435 0.203347 0.203347 0.203347
3664.498291 0.000000 4182.575195 0.000000 0.083967 0.000000 0.996469 0.159051 0.159051 0.159051
3645.227539 0.000000 4222.372559 0.000000 0.321369 0.000000 0.946954 0.482640 0.482640 0.482640
3639.166748 0.000000 4192.214844 0.000000 0.358767 0.000000 0.933427 0.408852 0.408852 0.408852
3647.962891 0.000000 4210.480957 0.000000 0.988032 0.000000 0.154251 0.595128 0.595128 0.595128
3631.663574 0.000000 4211.591797 0.000000 0.976752 0.000000 0.214372 0.594498 0.594498 0.594498
3646.537598 0.000000 4225.369629 0.000000 0.945215 0.000000 0.326447 0.512828 0.512828 0.512828
3619.048828 0.000000 4186.003906 0.000000 0.704524 0.000000 0.709680 0.532630 0.532630 0.532630
3640.150635 0.000000 4216.251465 0.000000 0.994810 0.000000 0.101754 0.581525 0.581525 0.581525
3643.224609 0.000000 4189.993164 0.000000 0.497883 0.000000 0.867244 0.395603 0.395603 0.395603
3642.209229 0.000000 4221.627441 0.000000 0.562028 0.000000 0.827118 0.525595 0.525595 0.525595
3646.927979 0.000000 4186.151367 0.000000 0.664985 0.000000 0.746857 0.526732 0.526732 0.526732
3640.684570 0.000000 4213.223633 0.000000 0.803752 0.000000 0.594965 0.490231 0.490231 0.490231
3644.030762 0.000000 4224.962402 0.000000 0.994062 0.000000 0.108812 0.569460 0.569460 0.569460
3643.579346 0.000000 4216.968750 0.000000 0.153833 0.000000 0.988097 0.288126 0.288126 0.288126
3640.703613 0.000000 4220.453125 0.000000 0.705334 0.000000 0.708876 0.343892 0.343892 0.343892
3622.381836 0.000000 4188.430664 0.000000 0.049048 0.000000 0.998796 0.280878 0.280878 0.280878
3643.815918 0.000000 4188.233887 0.000000 0.756763 0.000000 0.653689 0.461264 0.461264 0.461264
3635.746826 0.000000 4196.721191 0.000000 0.436907 0.000000 0.899507 0.442490 0.442490 0.442490
3630.945068 0.000000 4195.503906 0.000000 0.555233 0.000000 0.831695 0.470535 0.470535 0.470535
3640.770264 0.000000 4222.539062 0.000000 0.805769 0.000000 0.592230 0.357897 0.357897 0.357897
3645.531494 0.000000 4224.031738 0.000000 0.231238 0.000000 0.972897 0.225364 0.225364 0.225364
3624.552734 0.000000 4190.197266 0.000000 0.715241 0.000000 0.698878 0.415697 0.415697 0.415697
3640.666504 0.000000 4208.654297 0.000000 0.014139 0.000000 0.999900 0.117325 0.117325 0.117325
3642.324219 0.000000 4188.722656 0.000000 0.889493 0.000000 0.456950 0.507588 0.507588 0.507588
3632.661621 0.000000 4196.949707 0.000000 0.074743 0.000000 0.997203 0.192161 0.192161 0.192161
3634.050293 0.000000 4194.099609 0.000000 0.943128 0.000000 0.332428 0.507107 0.507107 0.507107
3640.694092 0.000000 4192.534180 0.000000 0.320430 0.000000 0.947272 0.158151 0.158151 0.158151
3637.897217 0.000000 4222.418945 0.000000 0.457240 0.000000 0.889343 0.342270 0.342270 0.342270
3638.017090 0.000000 4193.175781 0.000000 0.017228 0.000000 0.999852 0.353324 0.353324 0.353324
3634.396484 0.000000 4214.530273 0.000000 0.214566 0.000000 0.976709 0.228690 0.228690 0.228690
3640.784424 0.000000 4211.630859 0.000000 0.449181 0.000000 0.893441 0.409660 0.409660 0.409660
3640.315918 0.000000 4217.630859 0.000000 0.311917 0.000000 0.950109 0.372788 0.372788 0.372788
3641.999756 0.000000 4192.178223 0.000000 0.556210 0.000000 0.831041 0.251744 0.251744 0.251744
3637.449707 0.000000 4223.666504 0.000000 0.882982 0.000000 0.469408 0.485089 0.485089 0.485089
3631.489502 0.000000 4199.728516 0.000000 0.960035 0.000000 0.279881 0.503119 0.503119 0.503119
3631.145752 0.000000 4198.483887 0.000000 0.213235 0.000000 0.977001 0.136918 0.136918 0.136918
3657.853760 0.000000 4226.072266 0.000000 0.404351 0.000000 0.914604 0.487589 0.487589 0.487589
3669.367432 0.000000 4224.181152 0.000000 0.992763 0.000000 0.120091 0.577640 0.577640 0.577640
3651.906982 0.000000 4226.958984 0.000000 0.982712 0.000000 0.185139 0.575733 0.575733 0.575733
3678.872070 0.000000 4229.376465 0.000000 0.327577 0.000000 0.944824 0.490672 0.490672 0.490672
3671.886475 0.000000 4225.354980 0.000000 0.825730 0.000000 0.564066 0.471627 0.471627 0.471627
3676.721191 0.000000 4207.627441 0.000000 0.794396 0.000000 0.607401 0.544264 0.544264 0.544264
3687.567627 0.000000 4227.455566 0.000000 0.365753 0.000000 0.930712 0.488893 0.488893 0.488893
3684.020264 0.000000 4230.619629 0.000000 0.680602 0.000000 0.732653 0.545809 0.545809 0.545809
3668.590088 0.000000 4191.686035 0.000000 0.323255 0.000000 0.946312 0.477248 0.477248 0.477248
3656.160156 0.000000 4227.802734 0.000000 0.226444 0.000000 0.974024 0.469300 0.469300 0.469300
3675.281494 0.000000 4221.622070 0.000000 0.997598 0.000000 0.069268 0.593977 0.593977 0.593977
3670.062988 0.000000 4213.906250 0.000000 0.202071 0.000000 0.979371 0.077721 0.077721 0.077721
3675.783691 0.000000 4214.196289 0.000000 0.366787 0.000000 0.930305 0.469302 0.469302 0.469302
3656.400146 0.000000 4224.690430 0.000000 0.147514 0.000000 0.989060 0.342129 0.342129 0.342129
3656.292969 0.000000 4220.200195 0.000000 0.421439 0.000000 0.906857 0.462195 0.462195 0.462195
3669.989502 0.000000 4190.403809 0.000000 0.487885 0.000000 0.872908 0.495093 0.495093 0.495093
3655.011719 0.000000 4212.658691 0.000000 0.859896 0.000000 0.510469 0.543024 0.543024 0.543024
3671.572266 0.000000 4212.654785 0.000000 0.873063 0.000000 0.487607 0.405444 0.405444 0.405444
3665.597412 0.000000 4225.060547 0.000000 0.148164 0.000000 0.988963 0.310295 0.310295 0.310295
3648.065918 0.000000 4227.212402 0.000000 0.692163 0.000000 0.721741 0.482843 0.482843 0.482843
3653.915283 0.000000 4191.904297 0.000000 0.708364 0.000000 0.705848 0.348806 0.348806 0.348806
3653.040283 0.000000 4214.306641 0.000000 0.334498 0.000000 0.942396 0.273959 0.273959 0.273959
3653.135010 0.000000 4189.433105 0.000000 0.208560 0.000000 0.978010 0.165858 0.165858 0.165858
3680.022949 0.000000 4228.360840 0.000000 0.370067 0.000000 0.929005 0.387573 0.387573 0.387573
3683.650635 0.000000 4215.702148 0.000000 0.400077 0.000000 0.916482 0.382951 0.382951 0.382951
3670.394531 0.000000 4225.287109 0.000000 0.885283 0.000000 0.465053 0.496391 0.496391 0.496391
3669.245361 0.000000 4216.279297 0.000000 0.748254 0.000000 0.663412 0.435931 0.435931 0.435931
3660.513916 0.000000 4218.137695 0.000000 0.615791 0.000000 0.787910 0.439611 0.439611 0.439611
3659.711670 0.000000 4205.044434 0.000000 0.724589 0.000000 0.689181 0.476992 0.476992 0.476992
3693.644775 0.000000 4219.749023 0.000000 0.104282 0.000000 0.994548 0.193657 0.193657 0.193657
3667.870117 0.000000 4201.170410 0.000000 0.438277 0.000000 0.898840 0.441031 0.441031 0.441031
3660.038086 0.000000 4220.604492 0.000000 0.785935 0.000000 0.618309 0.491163 0.491163 0.491163
3670.869629 0.000000 4211.202148 0.000000 0.919575 0.000000 0.392914 0.445760 0.445760 0.445760
3670.375732 0.000000 4207.229004 0.000000 0.997402 0.000000 0.072035 0.572461 0.572461 0.572461
3672.828613 0.000000 4195.253418 0.000000 0.344529 0.000000 0.938776 0.271308 0.271308 0.271308
3660.677246 0.000000 4223.507812 0.000000 0.805481 0.000000 0.592621 0.432774 0.432774 0.432774
3665.469238 0.000000 4205.805176 0.000000 0.877761 0.000000 0.479100 0.414395 0.414395 0.414395
3678.290283 0.000000 4211.988770 0.000000 0.485586 0.000000 0.874189 0.383292 0.383292 0.383292
3668.972168 0.000000 4203.759277 0.000000 0.055730 0.000000 0.998446 0.143847 0.143847 0.143847
3672.176514 0.000000 4226.718262 0.000000 0.695104 0.000000 0.718909 0.346444 0.346444 0.346444
3666.356689 0.000000 4203.140625 0.000000 0.986995 0.000000 0.160752 0.538330 0.538330 0.538330
3674.791260 0.000000 4217.807617 0.000000 0.290220 0.000000 0.956960 0.315132 0.315132 0.315132
3694.625977 0.000000 4230.628906 0.000000 0.937602 0.000000 0.347710 0.473927 0.473927 0.473927
3650.615234 0.000000 4188.801270 0.000000 0.058894 0.000000 0.998264 0.022509 0.022509 0.022509
3662.541504 0.000000 4208.667969 0.000000 0.262366 0.000000 0.964968 0.279334 0.279334 0.279334
3680.229980 0.000000 4221.729980 0.000000 0.963621 0.000000 0.267273 0.534750 0.534750 0.534750
3669.503662 0.000000 4206.247070 0.000000 0.067750 0.000000 0.997702 0.025899 0.025899 0.025899
3672.674072 0.000000 4219.223145 0.000000 0.525424 0.000000 0.850841 0.337826 0.337826 0.337826
3698.842041 0.000000 4227.720703 0.000000 0.611391 0.000000 0.791329 0.400334 0.400334 0.400334
3667.522217 0.000000 4204.255859 0.000000 0.578793 0.000000 0.815475 0.235771 0.235771 0.235771
3740.608154 0.000000 4230.936035 0.000000 0.268561 0.000000 0.963263 0.434619 0.434619 0.434619
3721.062500 0.000000 4229.906738 0.000000 0.009553 0.000000 0.999954 0.003649 0.003649 0.003649
3738.030518 0.000000 4230.287598 0.000000 0.280078 0.000000 0.959977 0.395662 0.395662 0.395662
3745.502197 0.000000 4227.860352 0.000000 0.018146 0.000000 0.999835 0.448826 0.448826 0.448826
3725.743408 0.000000 4229.147461 0.000000 0.707165 0.000000 0.707049 0.503540 0.503540 0.503540
3739.018555 0.000000 4228.484863 0.000000 0.731213 0.000000 0.682149 0.474057 0.474057 0.474057
3741.047607 0.000000 4229.228516 0.000000 0.365067 0.000000 0.930981 0.248541 0.248541 0.248541
3736.597168 0.000000 4229.249512 0.000000 0.986904 0.000000 0.161310 0.581313 0.581313 0.581313
3722.723145 0.000000 4229.773438 0.000000 0.314871 0.000000 0.949134 0.362113 0.362113 0.362113
3720.369141 0.000000 4226.252441 0.000000 0.410623 0.000000 0.911805 0.161626 0.161626 0.161626
3742.267090 0.000000 4230.810547 0.000000 0.537956 0.000000 0.842973 0.430263 0.430263 0.430263
3740.200439 0.000000 4226.170410 0.000000 0.921591 0.000000 0.388163 0.536107 0.536107 0.536107
3736.176514 0.000000 4226.718262 0.000000 0.997831 0.000000 0.065827 0.581153 0.581153 0.581153
3721.535645 0.000000 4227.531738 0.000000 0.688559 0.000000 0.725180 0.290108 0.290108 0.290108
3744.150879 0.000000 4229.858398 0.000000 0.995030 0.000000 0.099571 0.564145 0.564145 0.564145
3627.000732 0.000000 4256.128906 0.000000 0.992252 0.000000 0.124242 0.568653 0.568653 0.568653
3621.090820 0.000000 4274.382812 0.000000 0.030863 0.000000 0.999524 0.505425 0.505425 0.505425
3621.400635 0.000000 4268.645020 0.000000 0.958528 0.000000 0.285000 0.585714 0.585714 0.585714
3628.517578 0.000000 4262.009766 0.000000 0.703449 0.000000 0.710745 0.496975 0.496975 0.496975
3638.130371 0.000000 4250.425293 0.000000 0.948902 0.000000 0.315569 0.578359 0.578359 0.578359
3625.832031 0.000000 4266.935059 0.000000 0.230576 0.000000 0.973054 0.389536 0.389536 0.389536
3635.064209 0.000000 4257.990723 0.000000 0.840618 0.000000 0.541628 0.569992 0.569992 0.569992
3631.200684 0.000000 4260.574707 0.000000 0.867073 0.000000 0.498180 0.486731 0.486731 0.486731
3628.232422 0.000000 4265.243164 0.000000 0.616291 0.000000 0.787518 0.465530 0.465530 0.465530
3620.463867 0.000000 4257.091309 0.000000 0.897636 0.000000 0.440737 0.459845 0.459845 0.459845
3626.077637 0.000000 4263.359375 0.000000 0.110919 0.000000 0.993829 0.042455 0.042455 0.042455
3633.385498 0.000000 4259.592285 0.000000 0.995837 0.000000 0.091151 0.568142 0.568142 0.568142
3617.502197 0.000000 4273.860352 0.000000 0.996802 0.000000 0.079908 0.576035 0.576035 0.576035
3619.738281 0.000000 4270.051758 0.000000 0.508097 0.000000 0.861300 0.463197 0.463197 0.463197
3641.292236 0.000000 4251.644043 0.000000 0.928705 0.000000 0.370820 0.525454 0.525454 0.525454
3639.369629 0.000000 4257.926270 0.000000 0.781544 0.000000 0.623850 0.413318 0.413318 0.413318
3629.395996 0.000000 4263.902832 0.000000 0.885882 0.000000 0.463910 0.537133 0.537133 0.537133
3632.262695 0.000000 4261.924805 0.000000 0.354308 0.000000 0.935129 0.455166 0.455166 0.455166
3627.833984 0.000000 4263.593262 0.000000 0.986986 0.000000 0.160806 0.538309 0.538309 0.538309
3626.940918 0.000000 4262.044922 0.000000 0.484429 0.000000 0.874830 0.193167 0.193167 0.193167
3622.185791 0.000000 4272.847168 0.000000 0.153211 0.000000 0.988193 0.400482 0.400482 0.400482
3619.369629 0.000000 4273.441406 0.000000 0.832429 0.000000 0.554131 0.386218 0.386218 0.386218
3617.253418 0.000000 4272.512695 0.000000 0.599067 0.000000 0.800699 0.321846 0.321846 0.321846
3672.115967 0.000000 4242.505371 0.000000 0.894065 0.000000 0.447937 0.485206 0.485206 0.485206
3672.252930 0.000000 4245.946289 0.000000 0.977064 0.000000 0.212946 0.536034 0.536034 0.536034
3689.773438 0.000000 4232.480957 0.000000 0.886354 0.000000 0.463009 0.456504 0.456504 0.456504
3676.521484 0.000000 4239.534668 0.000000 0.725055 0.000000 0.688691 0.345099 0.345099 0.345099
3668.590088 0.000000 4237.686035 0.000000 0.043786 0.000000 0.999041 0.140246 0.140246 0.140246
3679.862793 0.000000 4236.228516 0.000000 0.349643 0.000000 0.936883 0.334587 0.334587 0.334587
3669.989502 0.000000 4236.403809 0.000000 0.950528 0.000000 0.310639 0.504898 0.504898 0.504898
3660.977539 0.000000 4233.919434 0.000000 0.672745 0.000000 0.739874 0.369194 0.369194 0.369194
3691.686768 0.000000 4235.833984 0.000000 0.934315 0.000000 0.356449 0.532849 0.532849 0.532849
3667.175293 0.000000 4236.630371 0.000000 0.984590 0.000000 0.174877 0.578672 0.578672 0.578672
3695.897217 0.000000 4232.001953 0.000000 0.810809 0.000000 0.585311 0.370533 0.370533 0.370533
3659.260254 0.000000 4233.272949 0.000000 0.671524 0.000000 0.740983 0.404989 0.404989 0.404989
3676.165283 0.000000 4243.883789 0.000000 0.941759 0.000000 0.336287 0.481324 0.481324 0.481324
3694.272949 0.000000 4236.527344 0.000000 0.998180 0.000000 0.060299 0.588070 0.588070 0.588070
3675.565430 0.000000 4240.889160 0.000000 0.996216 0.000000 0.086916 0.575362 0.575362 0.575362
3675.051270 0.000000 4239.230469 0.000000 0.827913 0.000000 0.560857 0.373458 0.373458 0.373458
3677.151855 0.000000 4240.947754 0.000000 0.650831 0.000000 0.759223 0.429536 0.429536 0.429536
3691.211914 0.000000 4232.134766 0.000000 0.958404 0.000000 0.285416 0.544938 0.544938 0.544938
3672.828613 0.000000 4241.253418 0.000000 0.988663 0.000000 0.150151 0.576520 0.576520 0.576520
3678.763672 0.000000 4244.157715 0.000000 0.536439 0.000000 0.843939 0.405881 0.405881 0.405881
3690.138184 0.000000 4233.732422 0.000000 0.904276 0.000000 0.426949 0.516083 0.516083 0.516083
3688.187012 0.000000 4232.893066 0.000000 0.795526 0.000000 0.605919 0.405968 0.405968 0.405968
3692.955811 0.000000 4236.461426 0.000000 0.488262 0.000000 0.872697 0.306063 0.306063 0.306063
3598.444336 0.000000 4283.209473 0.000000 0.867769 0.000000 0.496969 0.571174 0.571174 0.571174
3597.416504 0.000000 4290.134766 0.000000 0.564008 0.000000 0.825769 0.537421 0.537421 0.537421
3598.741455 0.000000 4280.138184 0.000000 0.105528 0.000000 0.994416 0.391516 0.391516 0.391516
3601.992676 0.000000 4288.355957 0.000000 0.046736 0.000000 0.998907 0.526947 0.526947 0.526947
3598.297607 0.000000 4292.293457 0.000000 0.747831 0.000000 0.663889 0.538012 0.538012 0.538012
3600.048584 0.000000 4283.790039 0.000000 0.854270 0.000000 0.519830 0.489456 0.489456 0.489456
3603.175293 0.000000 4282.630371 0.000000 0.742190 0.000000 0.670189 0.499884 0.499884 0.499884
3743.008057 0.000000 4252.138184 0.000000 0.003897 0.000000 0.999992 0.142315 0.142315 0.142315
3725.132080 0.000000 4250.447266 0.000000 0.394986 0.000000 0.918687 0.181271 0.181271 0.181271
3735.946777 0.000000 4232.442871 0.000000 0.000608 0.000000 1.000000 0.211915 0.211915 0.211915
3723.609619 0.000000 4255.602051 0.000000 0.658463 0.000000 0.752613 0.434085 0.434085 0.434085
3719.156738 0.000000 4239.084961 0.000000 0.768595 0.000000 0.639735 0.489782 0.489782 0.489782
3720.358154 0.000000 4252.146484 0.000000 0.990475 0.000000 0.137692 0.548065 0.548065 0.548065
3734.870850 0.000000 4238.240723 0.000000 0.772057 0.000000 0.635554 0.471042 0.471042 0.471042
3722.179932 0.000000 4249.430176 0.000000 0.952021 0.000000 0.306033 0.481198 0.481198 0.481198
3727.257812 0.000000 4248.179199 0.000000 0.572154 0.000000 0.820146 0.565428 0.565428 0.565428
3720.581299 0.000000 4255.126465 0.000000 0.706089 0.000000 0.708123 0.452672 0.452672 0.452672
3738.097900 0.000000 4240.424805 0.000000 0.404839 0.000000 0.914388 0.466898 0.466898 0.466898
3729.992676 0.000000 4242.355957 0.000000 0.442685 0.000000 0.896677 0.541690 0.541690 0.541690
3744.400635 0.000000 4254.340820 0.000000 0.960927 0.000000 0.276802 0.524799 0.524799 0.524799
3734.449463 0.000000 4234.561523 0.000000 0.504432 0.000000 0.863452 0.323712 0.323712 0.323712
3735.734375 0.000000 4240.314941 0.000000 0.246187 0.000000 0.969222 0.188089 0.188089 0.188089
3744.933594 0.000000 4232.036133 0.000000 0.084852 0.000000 0.996394 0.348497 0.348497 0.348497
3744.394775 0.000000 4250.165039 0.000000 0.998271 0.000000 0.058771 0.583528 0.583528 0.583528
3736.821045 0.000000 4238.510254 0.000000 0.569245 0.000000 0.822168 0.375899 0.375899 0.375899
3722.236816 0.000000 4251.366699 0.000000 0.135271 0.000000 0.990809 0.051829 0.051829 0.051829
3719.186768 0.000000 4253.873535 0.000000 0.907450 0.000000 0.420159 0.457103 0.457103 0.457103
3742.381836 0.000000 4234.560547 0.000000 0.989266 0.000000 0.146127 0.565072 0.565072 0.565072
3719.021729 0.000000 4232.549316 0.000000 0.388441 0.000000 0.921474 0.452550 0.452550 0.452550
3720.291016 0.000000 4249.329102 0.000000 0.448639 0.000000 0.893713 0.424459 0.424459 0.424459
3738.231689 0.000000 4249.731445 0.000000 0.172023 0.000000 0.985093 0.118386 0.118386 0.118386
3740.628906 0.000000 4237.631348 0.000000 0.680833 0.000000 0.732438 0.393168 0.393168 0.393168
3741.334229 0.000000 4251.601562 0.000000 0.998003 0.000000 0.063162 0.582580 0.582580 0.582580
3728.492676 0.000000 4246.851074 0.000000 0.101967 0.000000 0.994788 0.428405 0.428405 0.428405
3719.691650 0.000000 4237.459961 0.000000 0.651488 0.000000 0.758659 0.414226 0.414226 0.414226
3723.843994 0.000000 4249.441895 0.000000 0.763891 0.000000 0.645346 0.332056 0.332056 0.332056
3736.657471 0.000000 4252.260254 0.000000 0.901497 0.000000 0.432786 0.542342 0.542342 0.542342
3729.656494 0.000000 4240.680176 0.000000 0.911687 0.000000 0.410886 0.502324 0.502324 0.502324
3744.875732 0.000000 4238.984863 0.000000 0.582021 0.000000 0.813174 0.370992 0.370992 0.370992
3723.124268 0.000000 4248.040527 0.000000 0.964986 0.000000 0.262300 0.498623 0.498623 0.498623
3739.879395 0.000000 4252.125977 0.000000 0.541043 0.000000 0.840995 0.363536 0.363536 0.363536
3716.740479 0.000000 4236.943359 0.000000 0.474860 0.000000 0.880062 0.438824 0.438824 0.438824
3741.151855 0.000000 4240.947754 0.000000 0.365351 0.000000 0.930870 0.232496 0.232496 0.232496
3723.227295 0.000000 4254.139648 0.000000 0.149423 0.000000 0.988773 0.323324 0.323324 0.323324
3721.010254 0.000000 4250.622070 0.000000 0.883802 0.000000 0.467862 0.414029 0.414029 0.414029
3722.047852 0.000000 4254.915039 0.000000 0.762084 0.000000 0.647478 0.462857 0.462857 0.462857
3745.635498 0.000000 4255.149902 0.000000 0.839163 0.000000 0.543880 0.445811 0.445811 0.445811
3743.320068 0.000000 4253.464844 0.000000 0.146134 0.000000 0.989265 0.184015 0.184015 0.184015
3735.045654 0.000000 4241.653320 0.000000 0.990012 0.000000 0.140987 0.555926 0.555926 0.555926
3743.924561 0.000000 4241.792969 0.000000 0.311666 0.000000 0.950192 0.331420 0.331420 0.331420
3735.250488 0.000000 4235.644043 0.000000 0.263564 0.000000 0.964642 0.254244 0.254244 0.254244
3740.732666 0.000000 4246.408691 0.000000 0.648225 0.000000 0.761449 0.413300 0.413300 0.413300
3732.524902 0.000000 4240.665039 0.000000 0.748834 0.000000 0.662758 0.430702 0.430702 0.430702
3123.413818 0.000000 4424.959961 0.000000 0.752412 0.000000 0.658693 0.397499 0.397499 0.397499
3122.248291 0.000000 4422.557129 0.000000 0.998462 0.000000 0.055437 0.594766 0.594766 0.594766
3122.050293 0.000000 4424.099609 0.000000 0.965135 0.000000 0.261753 0.525419 0.525419 0.525419
3124.860352 0.000000 4424.075195 0.000000 0.412926 0.000000 0.910764 0.337555 0.337555 0.337555
3143.664062 0.000000 4427.259277 0.000000 0.803747 0.000000 0.594971 0.375687 0.375687 0.375687
3145.405518 0.000000 4426.702148 0.000000 0.981197 0.000000 0.193010 0.541812 0.541812 0.541812
3175.355225 0.000000 4493.266602 0.000000 0.495634 0.000000 0.868531 0.336780 0.336780 0.336780
3144.825439 0.000000 4494.309082 0.000000 0.998390 0.000000 0.056724 0.585378 0.585378 0.585378
3147.275635 0.000000 4476.353516 0.000000 0.627031 0.000000 0.778994 0.488968 0.488968 0.488968
3177.832031 0.000000 4496.935059 0.000000 0.418635 0.000000 0.908154 0.466938 0.466938 0.466938
3164.714355 0.000000 4503.500000 0.000000 0.359348 0.000000 0.933204 0.208890 0.208890 0.208890
3188.030518 0.000000 4503.210938 0.000000 0.976599 0.000000 0.215070 0.558764 0.558764 0.558764
3174.024902 0.000000 4495.895996 0.000000 0.151466 0.000000 0.988463 0.317351 0.317351 0.317351
3149.416504 0.000000 4474.134766 0.000000 0.932937 0.000000 0.360040 0.576828 0.576828 0.576828
3184.924561 0.000000 4503.159180 0.000000 0.595634 0.000000 0.803256 0.537127 0.537127 0.537127
3153.992676 0.000000 4472.355957 0.000000 0.318946 0.000000 0.947773 0.484265 0.484265 0.484265
3144.762695 0.000000 4475.734863 0.000000 0.247707 0.000000 0.968835 0.497144 0.497144 0.497144
3146.490967 0.000000 4474.041016 0.000000 0.659071 0.000000 0.752081 0.288886 0.288886 0.288886
3165.410889 0.000000 4496.876953 0.000000 0.999924 0.000000 0.012289 0.598085 0.598085 0.598085
3167.523682 0.000000 4498.880371 0.000000 0.896277 0.000000 0.443496 0.511899 0.511899 0.511899
3181.516602 0.000000 4497.270020 0.000000 0.032202 0.000000 0.999481 0.152889 0.152889 0.152889
3148.934814 0.000000 4477.987305 0.000000 0.770087 0.000000 0.637939 0.362688 0.362688 0.362688
3142.758545 0.000000 4493.538574 0.000000 0.215773 0.000000 0.976443 0.231056 0.231056 0.231056
3161.473389 0.000000 4494.140137 0.000000 0.678922 0.000000 0.734210 0.360401 0.360401 0.360401
3149.724609 0.000000 4472.024902 0.000000 0.439160 0.000000 0.898409 0.492999 0.492999 0.492999
3151.309082 0.000000 4473.284180 0.000000 0.461874 0.000000 0.886946 0.281414 0.281414 0.281414
3186.372070 0.000000 4498.675293 0.000000 0.913053 0.000000 0.407842 0.566020 0.566020 0.566020
3189.747314 0.000000 4502.719238 0.000000 0.917757 0.000000 0.397143 0.522307 0.522307 0.522307
3188.351807 0.000000 4501.515137 0.000000 0.770102 0.000000 0.637921 0.440416 0.440416 0.440416
3153.656494 0.000000 4470.680176 0.000000 0.254799 0.000000 0.966994 0.271509 0.271509 0.271509
3146.377197 0.000000 4494.120117 0.000000 0.997815 0.000000 0.066073 0.575932 0.575932 0.575932
3173.940186 0.000000 4494.016602 0.000000 0.585061 0.000000 0.810989 0.344976 0.344976 0.344976
3178.940918 0.000000 4492.044922 0.000000 0.793917 0.000000 0.608026 0.445317 0.445317 0.445317
3183.524902 0.000000 4497.062988 0.000000 0.737418 0.000000 0.675437 0.433380 0.433380 0.433380
3174.185791 0.000000 4502.847168 0.000000 0.549590 0.000000 0.835435 0.429646 0.429646 0.429646
3185.106934 0.000000 4501.669434 0.000000 0.870832 0.000000 0.491581 0.403703 0.403703 0.403703
3148.513916 0.000000 4494.137695 0.000000 0.061261 0.000000 0.998122 0.294749 0.294749 0.294749
3145.735107 0.000000 4495.574219 0.000000 0.280651 0.000000 0.959810 0.268587 0.268587 0.268587
3143.430420 0.000000 4494.936035 0.000000 0.699304 0.000000 0.714824 0.460430 0.460430 0.460430
3179.203613 0.000000 4496.265625 0.000000 0.083085 0.000000 0.996542 0.031773 0.031773 0.031773
3164.610840 0.000000 4498.083008 0.000000 0.868277 0.000000 0.496080 0.477148 0.477148 0.477148
3146.258057 0.000000 4475.414062 0.000000 0.612540 0.000000 0.790440 0.266842 0.266842 0.266842
3169.253418 0.000000 4502.512695 0.000000 0.203915 0.000000 0.978989 0.321835 0.321835 0.321835
3175.705811 0.000000 4486.203125 0.000000 0.565103 0.000000 0.825020 0.411065 0.411065 0.411065
3155.027100 0.000000 4473.139648 0.000000 0.976769 0.000000 0.214295 0.558268 0.558268 0.558268
3186.842041 0.000000 4503.720703 0.000000 0.888648 0.000000 0.458590 0.418025 0.418025 0.418025
3255.304199 0.000000 4457.863281 0.000000 0.945889 0.000000 0.324491 0.488124 0.488124 0.488124
3256.990967 0.000000 4461.005371 0.000000 0.990667 0.000000 0.136305 0.567844 0.567844 0.567844
3251.064209 0.000000 4441.990723 0.000000 0.944658 0.000000 0.328057 0.526901 0.526901 0.526901
3245.757080 0.000000 4439.165527 0.000000 0.513492 0.000000 0.858095 0.536647 0.536647 0.536647
3249.610840 0.000000 4439.691895 0.000000 0.999767 0.000000 0.021562 0.596770 0.596770 0.596770
3257.848389 0.000000 4459.043945 0.000000 0.177055 0.000000 0.984201 0.136837 0.136837 0.136837
3242.840088 0.000000 4442.043945 0.000000 0.575220 0.000000 0.817999 0.315889 0.315889 0.315889
3245.925537 0.000000 4441.020508 0.000000 0.230389 0.000000 0.973099 0.088800 0.088800 0.088800
3246.557129 0.000000 4442.869141 0.000000 0.810970 0.000000 0.585088 0.487657 0.487657 0.487657
3256.152100 0.000000 4459.403320 0.000000 0.502563 0.000000 0.864541 0.252750 0.252750 0.252750
3246.517578 0.000000 4452.497559 0.000000 0.171208 0.000000 0.985235 0.400955 0.400955 0.400955
3237.940186 0.000000 4448.016602 0.000000 0.919780 0.000000 0.392434 0.459250 0.459250 0.459250
3241.988770 0.000000 4454.939453 0.000000 0.741689 0.000000 0.670744 0.485465 0.485465 0.485465
3232.022949 0.000000 4458.360840 0.000000 0.694696 0.000000 0.719303 0.429240 0.429240 0.429240
3247.524902 0.000000 4451.062988 0.000000 0.886638 0.000000 0.462464 0.527264 0.527264 0.527264
3259.159668 0.000000 4458.266113 0.000000 0.986151 0.000000 0.165849 0.536356 0.536356 0.536356
3256.864746 0.000000 4457.809082 0.000000 0.997931 0.000000 0.064289 0.575426 0.575426 0.575426
3249.106934 0.000000 4455.669434 0.000000 0.092706 0.000000 0.995694 0.212572 0.212572 0.212572
3259.572510 0.000000 4456.576172 0.000000 0.583233 0.000000 0.812305 0.419638 0.419638 0.419638
3245.644775 0.000000 4449.749023 0.000000 0.865131 0.000000 0.501546 0.481165 0.481165 0.481165
3249.010254 0.000000 4438.297363 0.000000 0.522996 0.000000 0.852335 0.447146 0.447146 0.447146
3258.521484 0.000000 4461.367188 0.000000 0.627144 0.000000 0.778903 0.258931 0.258931 0.258931
3243.977051 0.000000 4461.105957 0.000000 0.995632 0.000000 0.093361 0.564287 0.564287 0.564287
3249.336670 0.000000 4451.683594 0.000000 0.460347 0.000000 0.887739 0.325093 0.325093 0.325093
3237.244385 0.000000 4459.796387 0.000000 0.420288 0.000000 0.907391 0.342817 0.342817 0.342817
3243.057617 0.000000 4456.976074 0.000000 0.934434 0.000000 0.356135 0.499639 0.499639 0.499639
3250.572754 0.000000 4440.741211 0.000000 0.626176 0.000000 0.779682 0.404450 0.404450 0.404450
3278.149902 0.000000 4448.001953 0.000000 0.999998 0.000000 0.001802 0.599965 0.599965 0.599965
3285.367432 0.000000 4454.181152 0.000000 0.403950 0.000000 0.914781 0.304160 0.304160 0.304160
3272.030518 0.000000 4452.123535 0.000000 0.659225 0.000000 0.751945 0.459778 0.459778 0.459778
3297.599609 0.000000 4421.588379 0.000000 0.373404 0.000000 0.927669 0.484318 0.484318 0.484318
3290.187256 0.000000 4416.004883 0.000000 0.084303 0.000000 0.996440 0.459730 0.459730 0.459730
3301.391113 0.000000 4429.181152 0.000000 0.762023 0.000000 0.647550 0.432241 0.432241 0.432241
3296.933594 0.000000 4416.036133 0.000000 0.723786 0.000000 0.690024 0.533839 0.533839 0.533839
3285.130127 0.000000 4456.294434 0.000000 0.925666 0.000000 0.378342 0.529093 0.529093 0.529093
3298.508545 0.000000 4444.695801 0.000000 0.291730 0.000000 0.956501 0.468244 0.468244 0.468244
3280.385986 0.000000 4453.288574 0.000000 0.960619 0.000000 0.277868 0.492447 0.492447 0.492447
3292.628906 0.000000 4421.631348 0.000000 0.649467 0.000000 0.760390 0.505532 0.505532 0.505532
3281.597412 0.000000 4455.060547 0.000000 0.881161 0.000000 0.472816 0.540246 0.540246 0.540246
3299.676758 0.000000 4425.564453 0.000000 0.990988 0.000000 0.133952 0.569409 0.569409 0.569409
3296.875732 0.000000 4422.984863 0.000000 0.997484 0.000000 0.070889 0.588097 0.588097 0.588097
3283.830322 0.000000 4457.361816 0.000000 0.956438 0.000000 0.291934 0.543643 0.543643 0.543643
3278.172119 0.000000 4451.771973 0.000000 0.935277 0.000000 0.353917 0.524136 0.524136 0.524136
3294.557861 0.000000 4449.757812 0.000000 0.420540 0.000000 0.907274 0.431425 0.431425 0.431425
3285.617432 0.000000 4452.706543 0.000000 0.553703 0.000000 0.832714 0.362694 0.362694 0.362694
3293.042725 0.000000 4449.381348 0.000000 0.154359 0.000000 0.988015 0.059197 0.059197 0.059197
3289.048340 0.000000 4454.399414 0.000000 0.711303 0.000000 0.702886 0.477407 0.477407 0.477407
3276.038086 0.000000 4450.604492 0.000000 0.999784 0.000000 0.020763 0.592068 0.592068 0.592068
3273.735107 0.000000 4449.574219 0.000000 0.274858 0.000000 0.961485 0.388992 0.388992 0.388992
3284.055176 0.000000 4453.633301 0.000000 0.311165 0.000000 0.950356 0.297486 0.297486 0.297486
3298.571289 0.000000 4426.302246 0.000000 0.619485 0.000000 0.785009 0.425567 0.425567 0.425567
3275.405273 0.000000 4453.776367 0.000000 0.470263 0.000000 0.882526 0.381358 0.381358 0.381358
3286.811035 0.000000 4417.332520 0.000000 0.242940 0.000000 0.970041 0.284328 0.284328 0.284328
3244.701660 0.000000 4462.086914 0.000000 0.998078 0.000000 0.061962 0.595171 0.595171 0.595171
3245.366699 0.000000 4465.250000 0.000000 0.237551 0.000000 0.971375 0.362753 0.362753 0.362753
3259.242432 0.000000 4478.676758 0.000000 0.555041 0.000000 0.831823 0.361610 0.361610 0.361610
3254.276367 0.000000 4470.680176 0.000000 0.569877 0.000000 0.821730 0.331293 0.331293 0.331293
3253.882568 0.000000 4478.049316 0.000000 0.895990 0.000000 0.444075 0.424239 0.424239 0.424239
3258.218262 0.000000 4462.789551 0.000000 0.676888 0.000000 0.736086 0.364554 0.364554 0.364554
3236.830566 0.000000 4463.335449 0.000000 0.063530 0.000000 0.997980 0.405837 0.405837 0.405837
3259.391846 0.000000 4467.819824 0.000000 0.144438 0.000000 0.989514 0.192058 0.192058 0.192058
3261.413574 0.000000 4476.112305 0.000000 0.822503 0.000000 0.568760 0.491251 0.491251 0.491251
3243.686768 0.000000 4465.833984 0.000000 0.962598 0.000000 0.270935 0.555614 0.555614 0.555614
3255.616211 0.000000 4481.327637 0.000000 0.429985 0.000000 0.902836 0.206895 0.206895 0.206895
3258.374512 0.000000 4480.191406 0.000000 0.707583 0.000000 0.706631 0.453067 0.453067 0.453067
3257.812500 0.000000 4470.913574 0.000000 0.998768 0.000000 0.049615 0.592862 0.592862 0.592862
3258.324219 0.000000 4464.722656 0.000000 0.757231 0.000000 0.653147 0.384643 0.384643 0.384643
3233.411377 0.000000 4463.366699 0.000000 0.779766 0.000000 0.626072 0.341594 0.341594 0.341594
3253.170166 0.000000 4481.560059 0.000000 0.900877 0.000000 0.434074 0.428491 0.428491 0.428491
3242.138184 0.000000 4463.732422 0.000000 0.116532 0.000000 0.993187 0.162225 0.162225 0.162225
3244.955811 0.000000 4466.461426 0.000000 0.169617 0.000000 0.985510 0.100763 0.100763 0.100763
3276.014404 0.000000 4506.589355 0.000000 0.907690 0.000000 0.419641 0.585080 0.585080 0.585080
3270.729492 0.000000 4501.938477 0.000000 0.075293 0.000000 0.997162 0.429756 0.429756 0.429756
3268.377441 0.000000 4488.895996 0.000000 0.013745 0.000000 0.999906 0.142859 0.142859 0.142859
3267.577148 0.000000 4485.090820 0.000000 0.112015 0.000000 0.993707 0.350933 0.350933 0.350933
3270.671387 0.000000 4499.740723 0.000000 0.868753 0.000000 0.495246 0.458749 0.458749 0.458749
3272.292969 0.000000 4496.200195 0.000000 0.084710 0.000000 0.996406 0.435283 0.435283 0.435283
3271.011719 0.000000 4488.658691 0.000000 0.960773 0.000000 0.277336 0.513705 0.513705 0.513705
3269.601318 0.000000 4485.228516 0.000000 0.968634 0.000000 0.248491 0.564641 0.564641 0.564641
3269.040283 0.000000 4490.306641 0.000000 0.787085 0.000000 0.616845 0.461596 0.461596 0.461596
3272.369141 0.000000 4502.252441 0.000000 0.465109 0.000000 0.885253 0.192923 0.192923 0.192923
3266.090088 0.000000 4485.317383 0.000000 0.191478 0.000000 0.981497 0.364665 0.364665 0.364665
3274.739258 0.000000 4498.281250 0.000000 0.776805 0.000000 0.629741 0.479591 0.479591 0.479591
3273.535645 0.000000 4503.531738 0.000000 0.665651 0.000000 0.746263 0.284525 0.284525 0.284525
3264.100098 0.000000 4480.115723 0.000000 0.960849 0.000000 0.277072 0.511267 0.511267 0.511267
3273.363281 0.000000 4498.279785 0.000000 0.890057 0.000000 0.455850 0.419203 0.419203 0.419203
3183.091309 0.000000 4519.206543 0.000000 0.225603 0.000000 0.974219 0.086922 0.086922 0.086922
3197.391113 0.000000 4513.980469 0.000000 0.060440 0.000000 0.998172 0.199564 0.199564 0.199564
3178.984863 0.000000 4528.147461 0.000000 0.389414 0.000000 0.921063 0.152787 0.152787 0.152787
3179.152588 0.000000 4518.775879 0.000000 0.784036 0.000000 0.620716 0.383331 0.383331 0.383331
3181.619629 0.000000 4528.229980 0.000000 0.294881 0.000000 0.955534 0.356216 0.356216 0.356216
3169.426758 0.000000 4521.757812 0.000000 0.946656 0.000000 0.322245 0.554293 0.554293 0.554293
3176.478516 0.000000 4527.224609 0.000000 0.906905 0.000000 0.421335 0.575895 0.575895 0.575895
3172.933838 0.000000 4525.309570 0.000000 0.629175 0.000000 0.777264 0.309272 0.309272 0.309272
3182.235352 0.000000 4521.422852 0.000000 0.868452 0.000000 0.495773 0.425949 0.425949 0.425949
3174.550781 0.000000 4519.270508 0.000000 0.414332 0.000000 0.910126 0.471524 0.471524 0.471524
3181.593750 0.000000 4523.354492 0.000000 0.984480 0.000000 0.175496 0.566440 0.566440 0.566440
3183.700684 0.000000 4531.293945 0.000000 0.802790 0.000000 0.596262 0.451675 0.451675 0.451675
3183.418457 0.000000 4511.258789 0.000000 0.030690 0.000000 0.999529 0.468503 0.468503 0.468503
3176.561768 0.000000 4518.783203 0.000000 0.232855 0.000000 0.972511 0.277854 0.277854 0.277854
3177.395752 0.000000 4528.601562 0.000000 0.627633 0.000000 0.778509 0.466342 0.466342 0.466342
3174.954102 0.000000 4521.489746 0.000000 0.960492 0.000000 0.278307 0.526492 0.526492 0.526492
3168.857178 0.000000 4523.139648 0.000000 0.260376 0.000000 0.965507 0.319953 0.319953 0.319953
3178.665527 0.000000 4529.463867 0.000000 0.153985 0.000000 0.988073 0.059053 0.059053 0.059053
3181.183838 0.000000 4529.929688 0.000000 0.621306 0.000000 0.783568 0.427364 0.427364 0.427364
3181.934570 0.000000 4519.812988 0.000000 0.932886 0.000000 0.360172 0.459262 0.459262 0.459262
3258.855713 0.000000 4536.786621 0.000000 0.971970 0.000000 0.235104 0.589691 0.589691 0.589691
3249.976562 0.000000 4537.901367 0.000000 0.943677 0.000000 0.330868 0.519178 0.519178 0.519178
3221.367432 0.000000 4546.181152 0.000000 0.239948 0.000000 0.970786 0.148276 0.148276 0.148276
3240.390625 0.000000 4547.006836 0.000000 0.152618 0.000000 0.988285 0.139215 0.139215 0.139215
3256.150635 0.000000 4538.251465 0.000000 0.835140 0.000000 0.550037 0.377536 0.377536 0.377536
3247.200684 0.000000 4536.574707 0.000000 0.467004 0.000000 0.884255 0.536621 0.536621 0.536621
3211.102783 0.000000 4538.572266 0.000000 0.291896 0.000000 0.956450 0.386165 0.386165 0.386165
3223.886475 0.000000 4547.354980 0.000000 0.999244 0.000000 0.038883 0.597495 0.597495 0.597495
3246.884766 0.000000 4539.085449 0.000000 0.746059 0.000000 0.665879 0.366419 0.366419 0.366419
3255.672852 0.000000 4540.851562 0.000000 0.999839 0.000000 0.017937 0.593148 0.593148 0.593148
3259.579346 0.000000 4538.968750 0.000000 0.118415 0.000000 0.992964 0.508644 0.508644 0.508644
3237.170166 0.000000 4538.434570 0.000000 0.340692 0.000000 0.940175 0.132794 0.132794 0.132794
3240.339844 0.000000 4541.251953 0.000000 0.516420 0.000000 0.856335 0.348969 0.348969 0.348969
3223.027588 0.000000 4549.527344 0.000000 0.957940 0.000000 0.286969 0.522394 0.522394 0.522394
3252.858398 0.000000 4541.731934 0.000000 0.516231 0.000000 0.856449 0.373562 0.373562 0.373562
3248.875488 0.000000 4542.327637 0.000000 0.303823 0.000000 0.952729 0.469554 0.469554 0.469554
3243.589844 0.000000 4543.619629 0.000000 0.228849 0.000000 0.973462 0.445455 0.445455 0.445455
3241.333984 0.000000 4537.602539 0.000000 0.901537 0.000000 0.432702 0.515542 0.515542 0.515542
3242.203613 0.000000 4541.215332 0.000000 0.043238 0.000000 0.999065 0.016521 0.016521 0.016521
3257.711670 0.000000 4539.139160 0.000000 0.249138 0.000000 0.968468 0.096177 0.096177 0.096177
3248.262695 0.000000 4537.924805 0.000000 0.486905 0.000000 0.873455 0.345411 0.345411 0.345411
3255.616211 0.000000 4527.327637 0.000000 0.328227 0.000000 0.944599 0.453692 0.453692 0.453692
3257.165771 0.000000 4536.873047 0.000000 0.048352 0.000000 0.998830 0.018476 0.018476 0.018476
3210.377197 0.000000 4540.120117 0.000000 0.659217 0.000000 0.751952 0.382015 0.382015 0.382015
3241.988770 0.000000 4546.939453 0.000000 0.934193 0.000000 0.356769 0.481419 0.481419 0.481419
3251.837646 0.000000 4538.147461 0.000000 0.876384 0.000000 0.481613 0.408061 0.408061 0.408061
3212.513916 0.000000 4540.137695 0.000000 0.604909 0.000000 0.796294 0.463399 0.463399 0.463399
3245.644775 0.000000 4541.749023 0.000000 0.129641 0.000000 0.991561 0.390655 0.390655 0.390655
3238.588623 0.000000 4537.990234 0.000000 0.518296 0.000000 0.855201 0.452469 0.452469 0.452469
3209.707275 0.000000 4538.888672 0.000000 0.375149 0.000000 0.926965 0.356564 0.356564 0.356564
3250.396484 0.000000 4536.530273 0.000000 0.904492 0.000000 0.426491 0.501660 0.501660 0.501660
3240.148682 0.000000 4538.146973 0.000000 0.827399 0.000000 0.561614 0.372217 0.372217 0.372217
3255.802490 0.000000 4543.603516 0.000000 0.725404 0.000000 0.688323 0.405540 0.405540 0.405540
3303.355225 0.000000 4539.266602 0.000000 0.993849 0.000000 0.110742 0.598670 0.598670 0.598670
3297.821045 0.000000 4534.769043 0.000000 0.452773 0.000000 0.891626 0.430142 0.430142 0.430142
3301.025635 0.000000 4515.003418 0.000000 0.856983 0.000000 0.515345 0.393197 0.393197 0.393197
3274.052002 0.000000 4535.864258 0.000000 0.403258 0.000000 0.915086 0.402645 0.402645 0.402645
3279.878418 0.000000 4530.332520 0.000000 0.858752 0.000000 0.512391 0.554067 0.554067 0.554067
3274.711426 0.000000 4513.653320 0.000000 0.983414 0.000000 0.181377 0.572953 0.572953 0.572953
3298.142334 0.000000 4516.778809 0.000000 0.861456 0.000000 0.507832 0.538562 0.538562 0.538562
3278.741455 0.000000 4510.138184 0.000000 0.241308 0.000000 0.970448 0.480728 0.480728 0.480728
3296.625732 0.000000 4537.354980 0.000000 0.347100 0.000000 0.937828 0.359501 0.359501 0.359501
3304.339844 0.000000 4541.251953 0.000000 0.800874 0.000000 0.598833 0.434582 0.434582 0.434582
3273.085938 0.000000 4512.182129 0.000000 0.982460 0.000000 0.186474 0.554764 0.554764 0.554764
3274.875732 0.000000 4515.834961 0.000000 0.372742 0.000000 0.927935 0.309731 0.309731 0.309731
3298.962158 0.000000 4515.118164 0.000000 0.663007 0.000000 0.748613 0.333888 0.333888 0.333888
3306.203613 0.000000 4541.215332 0.000000 0.896683 0.000000 0.442673 0.524439 0.524439 0.524439
3295.156250 0.000000 4536.814941 0.000000 0.589264 0.000000 0.807941 0.456279 0.456279 0.456279
3274.737305 0.000000 4512.127930 0.000000 0.358052 0.000000 0.933702 0.421362 0.421362 0.421362
3303.798584 0.000000 4513.361816 0.000000 0.999811 0.000000 0.019447 0.592571 0.592571 0.592571
3273.570312 0.000000 4534.621094 0.000000 0.577720 0.000000 0.816235 0.398325 0.398325 0.398325
3235.738281 0.000000 4592.051758 0.000000 0.950989 0.000000 0.309224 0.575983 0.575983 0.575983
3231.683350 0.000000 4599.136230 0.000000 0.930018 0.000000 0.367514 0.561667 0.561667 0.561667
3234.723877 0.000000 4599.216309 0.000000 0.452123 0.000000 0.891956 0.179200 0.179200 0.179200
3233.253418 0.000000 4594.512695 0.000000 0.635997 0.000000 0.771692 0.263293 0.263293 0.263293
3232.150879 0.000000 4597.858398 0.000000 0.038291 0.000000 0.999267 0.014629 0.014629 0.014629
3324.676758 0.000000 4595.996582 0.000000 0.294179 0.000000 0.955750 0.575226 0.575226 0.575226
3326.875977 0.000000 4595.578613 0.000000 0.024526 0.000000 0.999699 0.254886 0.254886 0.254886
3327.280518 0.000000 4597.253418 0.000000 0.884454 0.000000 0.466628 0.488737 0.488737 0.488737
3325.702393 0.000000 4597.227539 0.000000 0.741007 0.000000 0.671497 0.501849 0.501849 0.501849
3382.185059 0.000000 4448.995117 0.000000 0.091114 0.000000 0.995840 0.227667 0.227667 0.227667
3385.192627 0.000000 4455.741211 0.000000 0.973987 0.000000 0.226604 0.553775 0.553775 0.553775
3447.166748 0.000000 4422.214844 0.000000 0.782480 0.000000 0.622676 0.503343 0.503343 0.503343
3419.284180 0.000000 4431.008301 0.000000 0.980989 0.000000 0.194064 0.584787 0.584787 0.584787
3430.783691 0.000000 4442.575684 0.000000 0.199840 0.000000 0.979829 0.495370 0.495370 0.495370
3448.631104 0.000000 4426.169434 0.000000 0.000932 0.000000 1.000000 0.174370 0.174370 0.174370
3449.414551 0.000000 4454.232422 0.000000 0.340067 0.000000 0.940401 0.372686 0.372686 0.372686
3428.490479 0.000000 4427.104004 0.000000 0.880618 0.000000 0.473828 0.580775 0.580775 0.580775
3443.064209 0.000000 4441.990723 0.000000 0.105156 0.000000 0.994456 0.139022 0.139022 0.139022
3442.114258 0.000000 4427.856934 0.000000 0.078833 0.000000 0.996888 0.524019 0.524019 0.524019
3454.834473 0.000000 4429.113770 0.000000 0.140172 0.000000 0.990127 0.092280 0.092280 0.092280
3449.441650 0.000000 4428.577148 0.000000 0.005207 0.000000 0.999986 0.412389 0.412389 0.412389
3431.580078 0.000000 4444.878906 0.000000 0.655098 0.000000 0.755544 0.428085 0.428085 0.428085
3444.125488 0.000000 4433.462891 0.000000 0.469662 0.000000 0.882846 0.514109 0.514109 0.514109
3447.835693 0.000000 4455.805176 0.000000 0.339859 0.000000 0.940476 0.442318 0.442318 0.442318
3448.370850 0.000000 4424.076660 0.000000 0.016029 0.000000 0.999872 0.423001 0.423001 0.423001
3442.155518 0.000000 4429.737305 0.000000 0.812501 0.000000 0.582960 0.419141 0.419141 0.419141
3443.903076 0.000000 4440.297852 0.000000 0.705220 0.000000 0.708989 0.352103 0.352103 0.352103
3443.976562 0.000000 4428.500488 0.000000 0.262324 0.000000 0.964980 0.220663 0.220663 0.220663
3447.625977 0.000000 4432.470215 0.000000 0.838307 0.000000 0.545198 0.422069 0.422069 0.422069
3423.695312 0.000000 4441.673340 0.000000 0.998562 0.000000 0.053600 0.594538 0.594538 0.594538
3451.136719 0.000000 4428.160156 0.000000 0.740574 0.000000 0.671974 0.452093 0.452093 0.452093
3408.786865 0.000000 4444.052734 0.000000 0.994306 0.000000 0.106564 0.564976 0.564976 0.564976
3448.770264 0.000000 4452.539062 0.000000 0.779827 0.000000 0.625995 0.463217 0.463217 0.463217
3450.518311 0.000000 4431.224121 0.000000 1.000000 0.000000 0.000840 0.599896 0.599896 0.599896
3430.954102 0.000000 4429.489746 0.000000 0.987882 0.000000 0.155204 0.560551 0.560551 0.560551
3424.461182 0.000000 4443.712891 0.000000 0.999388 0.000000 0.034994 0.591716 0.591716 0.591716
3438.517578 0.000000 4452.497559 0.000000 0.731498 0.000000 0.681844 0.434792 0.434792 0.434792
3447.627930 0.000000 4444.566895 0.000000 0.949585 0.000000 0.313509 0.478194 0.478194 0.478194
3446.875977 0.000000 4447.168945 0.000000 0.969199 0.000000 0.246277 0.516506 0.516506 0.516506
3442.820068 0.000000 4449.128906 0.000000 0.081069 0.000000 0.996709 0.113561 0.113561 0.113561
3439.524902 0.000000 4451.062988 0.000000 0.021819 0.000000 0.999762 0.008335 0.008335 0.008335
3453.574951 0.000000 4449.400391 0.000000 0.954536 0.000000 0.298097 0.546496 0.546496 0.546496
3455.619141 0.000000 4431.424805 0.000000 0.420387 0.000000 0.907345 0.322406 0.322406 0.322406
3446.185059 0.000000 4448.995117 0.000000 0.751922 0.000000 0.659252 0.472767 0.472767 0.472767
3450.194092 0.000000 4429.801270 0.000000 0.953494 0.000000 0.301411 0.538544 0.538544 0.538544
3445.170166 0.000000 4435.560059 0.000000 0.686901 0.000000 0.726751 0.379418 0.379418 0.379418
3449.755615 0.000000 4427.159668 0.000000 0.882736 0.000000 0.469870 0.467381 0.467381 0.467381
3452.456299 0.000000 4428.805664 0.000000 0.912764 0.000000 0.408488 0.510494 0.510494 0.510494
3446.836426 0.000000 4445.735840 0.000000 0.786867 0.000000 0.617123 0.345958 0.345958 0.345958
3420.992432 0.000000 4433.542969 0.000000 0.979089 0.000000 0.203431 0.546298 0.546298 0.546298
3440.458252 0.000000 4440.414062 0.000000 0.789895 0.000000 0.613242 0.347838 0.347838 0.347838
3442.853027 0.000000 4439.157227 0.000000 0.831913 0.000000 0.554906 0.469589 0.469589 0.469589
3447.441162 0.000000 4433.919922 0.000000 0.392473 0.000000 0.919763 0.239748 0.239748 0.239748
3438.587891 0.000000 4453.862305 0.000000 0.986025 0.000000 0.166599 0.563144 0.563144 0.563144
3449.192627 0.000000 4455.741211 0.000000 0.997948 0.000000 0.064036 0.588098 0.588098 0.588098
3440.957764 0.000000 4444.819824 0.000000 0.983366 0.000000 0.181637 0.539809 0.539809 0.539809
3442.694580 0.000000 4443.260254 0.000000 0.139172 0.000000 0.990268 0.164810 0.164810 0.164810
3446.164062 0.000000 4442.570312 0.000000 0.993032 0.000000 0.117848 0.554880 0.554880 0.554880
3389.227539 0.000000 4498.372559 0.000000 0.527204 0.000000 0.849739 0.275999 0.275999 0.275999
3382.613281 0.000000 4497.079590 0.000000 0.994358 0.000000 0.106080 0.590926 0.590926 0.590926
3365.025635 0.000000 4469.003418 0.000000 0.691400 0.000000 0.722472 0.590325 0.590325 0.590325
3372.517578 0.000000 4492.009766 0.000000 0.999379 0.000000 0.035245 0.589597 0.589597 0.589597
3363.661377 0.000000 4477.116699 0.000000 0.999912 0.000000 0.013267 0.594932 0.594932 0.594932
3386.072266 0.000000 4494.936523 0.000000 0.768015 0.000000 0.640432 0.534407 0.534407 0.534407
3370.077637 0.000000 4493.359375 0.000000 0.982142 0.000000 0.188140 0.579871 0.579871 0.579871
3384.703613 0.000000 4496.453125 0.000000 0.100826 0.000000 0.994904 0.038578 0.038578 0.038578
3373.395996 0.000000 4493.902832 0.000000 0.547386 0.000000 0.836880 0.307399 0.307399 0.307399
3378.820068 0.000000 4495.128906 0.000000 0.608095 0.000000 0.793864 0.404919 0.404919 0.404919
3387.703613 0.000000 4497.514160 0.000000 0.345191 0.000000 0.938532 0.284274 0.284274 0.284274
3365.464844 0.000000 4476.518555 0.000000 0.283843 0.000000 0.958871 0.375145 0.375145 0.375145
3398.214600 0.000000 4486.754395 0.000000 0.368417 0.000000 0.929661 0.553518 0.553518 0.553518
3403.609619 0.000000 4485.602051 0.000000 0.279329 0.000000 0.960195 0.584569 0.584569 0.584569
3407.878418 0.000000 4484.332520 0.000000 0.809163 0.000000 0.587584 0.453235 0.453235 0.453235
3405.170654 0.000000 4490.847656 0.000000 0.215817 0.000000 0.976434 0.198634 0.198634 0.198634
3398.729492 0.000000 4501.938477 0.000000 0.567130 0.000000 0.823628 0.431839 0.431839 0.431839
3400.616699 0.000000 4487.666992 0.000000 0.125856 0.000000 0.992049 0.048201 0.048201 0.048201
3405.856445 0.000000 4483.354492 0.000000 0.590020 0.000000 0.807388 0.519766 0.519766 0.519766
3393.690674 0.000000 4502.594727 0.000000 0.202231 0.000000 0.979338 0.196562 0.196562 0.196562
3394.813477 0.000000 4500.802734 0.000000 0.793277 0.000000 0.608860 0.349952 0.349952 0.349952
3397.092773 0.000000 4497.588867 0.000000 0.243634 0.000000 0.969867 0.484912 0.484912 0.484912
3397.794434 0.000000 4503.667969 0.000000 0.923700 0.000000 0.383117 0.488691 0.488691 0.488691
3404.894043 0.000000 4492.687500 0.000000 0.895545 0.000000 0.444970 0.423857 0.423857 0.423857
3407.706787 0.000000 4493.030762 0.000000 0.710802 0.000000 0.703393 0.302001 0.302001 0.302001
3401.850342 0.000000 4486.367188 0.000000 0.997679 0.000000 0.068099 0.573968 0.573968 0.573968
3407.107178 0.000000 4495.412109 0.000000 0.635298 0.000000 0.772267 0.449318 0.449318 0.449318
3410.339355 0.000000 4494.681152 0.000000 0.999808 0.000000 0.019581 0.596891 0.596891 0.596891
3406.662109 0.000000 4487.541992 0.000000 0.181061 0.000000 0.983472 0.369096 0.369096 0.369096
3393.421875 0.000000 4499.348633 0.000000 0.866598 0.000000 0.499008 0.433307 0.433307 0.433307
3392.173096 0.000000 4501.891113 0.000000 0.161811 0.000000 0.986822 0.235058 0.235058 0.235058
3400.043457 0.000000 4486.427246 0.000000 0.221849 0.000000 0.975081 0.085451 0.085451 0.085451
3397.716553 0.000000 4498.779785 0.000000 0.997724 0.000000 0.067433 0.576952 0.576952 0.576952
3395.966309 0.000000 4498.345703 0.000000 0.470128 0.000000 0.882598 0.332733 0.332733 0.332733
3475.420410 0.000000 4423.959961 0.000000 0.229693 0.000000 0.973263 0.327214 0.327214 0.327214
3457.887939 0.000000 4437.718262 0.000000 0.067869 0.000000 0.997694 0.120495 0.120495 0.120495
3471.600586 0.000000 4425.242676 0.000000 0.746358 0.000000 0.665545 0.546549 0.546549 0.546549
3462.603516 0.000000 4444.525391 0.000000 0.401073 0.000000 0.916046 0.239169 0.239169 0.239169
3458.481445 0.000000 4440.979980 0.000000 0.663602 0.000000 0.748086 0.277168 0.277168 0.277168
3471.257812 0.000000 4432.179199 0.000000 0.263201 0.000000 0.964741 0.254145 0.254145 0.254145
3456.113281 0.000000 4429.982422 0.000000 0.572614 0.000000 0.819825 0.502103 0.502103 0.502103
3460.377441 0.000000 4442.895996 0.000000 0.323865 0.000000 0.946103 0.317446 0.317446 0.317446
3472.897461 0.000000 4423.259277 0.000000 0.727219 0.000000 0.686406 0.416416 0.416416 0.416416
3458.147461 0.000000 4434.262207 0.000000 0.031061 0.000000 0.999518 0.399343 0.399343 0.399343
3456.676758 0.000000 4439.625000 0.000000 0.136636 0.000000 0.990621 0.426042 0.426042 0.426042
3459.577148 0.000000 4439.090820 0.000000 0.093752 0.000000 0.995596 0.035863 0.035863 0.035863
3471.020996 0.000000 4423.144531 0.000000 0.656535 0.000000 0.754296 0.427186 0.427186 0.427186
3460.416016 0.000000 4440.667480 0.000000 0.710547 0.000000 0.703649 0.480745 0.480745 0.480745
3474.812256 0.000000 4422.246094 0.000000 0.329582 0.000000 0.944127 0.348421 0.348421 0.348421
3457.831299 0.000000 4436.024902 0.000000 0.908316 0.000000 0.418285 0.462308 0.462308 0.462308
3470.271729 0.000000 4433.313477 0.000000 0.987600 0.000000 0.156992 0.558203 0.558203 0.558203
3463.052246 0.000000 4445.945801 0.000000 0.572690 0.000000 0.819772 0.300578 0.300578 0.300578
3470.668213 0.000000 4428.893066 0.000000 0.244751 0.000000 0.969586 0.221331 0.221331 0.221331
3458.090088 0.000000 4439.317383 0.000000 0.300739 0.000000 0.953706 0.116680 0.116680 0.116680
3458.987549 0.000000 4422.995605 0.000000 0.159149 0.000000 0.987255 0.325241 0.325241 0.325241
3461.541260 0.000000 4442.027832 0.000000 0.453562 0.000000 0.891225 0.349537 0.349537 0.349537
3459.648438 0.000000 4441.776855 0.000000 0.559959 0.000000 0.828520 0.227020 0.227020 0.227020
3471.821289 0.000000 4488.711426 0.000000 0.561888 0.000000 0.827213 0.334430 0.334430 0.334430
3477.169678 0.000000 4484.059570 0.000000 0.899909 0.000000 0.436077 0.458057 0.458057 0.458057
3498.453613 0.000000 4504.277832 0.000000 0.930890 0.000000 0.365299 0.533341 0.533341 0.533341
3502.092773 0.000000 4503.087891 0.000000 0.757297 0.000000 0.653071 0.542437 0.542437 0.542437
3495.607910 0.000000 4506.420410 0.000000 0.895315 0.000000 0.445433 0.472758 0.472758 0.472758
3501.199951 0.000000 4506.374023 0.000000 0.759753 0.000000 0.650211 0.561828 0.561828 0.561828
3499.498291 0.000000 4501.680664 0.000000 0.660182 0.000000 0.751106 0.482898 0.482898 0.482898
3478.769043 0.000000 4492.002930 0.000000 0.328588 0.000000 0.944473 0.357464 0.357464 0.357464
3476.443848 0.000000 4493.940430 0.000000 0.653754 0.000000 0.756707 0.479152 0.479152 0.479152
3484.721191 0.000000 4483.627441 0.000000 0.237688 0.000000 0.971342 0.454477 0.454477 0.454477
3515.569092 0.000000 4506.354004 0.000000 0.592318 0.000000 0.805705 0.291262 0.291262 0.291262
3503.528809 0.000000 4500.967773 0.000000 0.590811 0.000000 0.806810 0.549378 0.549378 0.549378
3472.802490 0.000000 4495.413086 0.000000 0.279676 0.000000 0.960094 0.434163 0.434163 0.434163
3478.285156 0.000000 4474.717285 0.000000 0.071076 0.000000 0.997471 0.384347 0.384347 0.384347
3510.613770 0.000000 4506.097168 0.000000 0.987701 0.000000 0.156356 0.571779 0.571779 0.571779
3506.327637 0.000000 4504.904297 0.000000 0.854690 0.000000 0.519138 0.458549 0.458549 0.458549
3485.351562 0.000000 4477.549805 0.000000 0.352111 0.000000 0.935958 0.197304 0.197304 0.197304
3513.848389 0.000000 4505.043945 0.000000 0.871776 0.000000 0.489904 0.507204 0.507204 0.507204
3500.546875 0.000000 4504.454102 0.000000 0.547623 0.000000 0.836725 0.518333 0.518333 0.518333
3480.680176 0.000000 4492.350098 0.000000 0.970453 0.000000 0.241289 0.520787 0.520787 0.520787
3480.778809 0.000000 4474.170410 0.000000 0.247626 0.000000 0.968856 0.210311 0.210311 0.210311
3468.894043 0.000000 4492.687500 0.000000 0.981321 0.000000 0.192380 0.581151 0.581151 0.581151
3485.334229 0.000000 4481.601562 0.000000 0.698980 0.000000 0.715141 0.362476 0.362476 0.362476
3509.747314 0.000000 4502.719238 0.000000 0.266609 0.000000 0.963805 0.457746 0.457746 0.457746
3508.351807 0.000000 4501.515137 0.000000 0.367649 0.000000 0.929965 0.231466 0.231466 0.231466
3470.574463 0.000000 4489.853516 0.000000 0.747282 0.000000 0.664507 0.401848 0.401848 0.401848
3474.339355 0.000000 4494.681152 0.000000 0.399329 0.000000 0.916808 0.443615 0.443615 0.443615
3472.786865 0.000000 4490.052734 0.000000 0.439630 0.000000 0.898179 0.469654 0.469654 0.469654
3475.166016 0.000000 4492.704102 0.000000 0.215959 0.000000 0.976402 0.415554 0.415554 0.415554
3512.152100 0.000000 4505.403320 0.000000 0.204392 0.000000 0.978889 0.352603 0.352603 0.352603
3470.323242 0.000000 4492.065430 0.000000 0.470273 0.000000 0.882521 0.256654 0.256654 0.256654
3499.785645 0.000000 4500.136230 0.000000 0.161891 0.000000 0.986809 0.405938 0.405938 0.405938
3477.245361 0.000000 4492.279297 0.000000 0.605242 0.000000 0.796042 0.470357 0.470357 0.470357
3478.869629 0.000000 4487.202148 0.000000 0.929829 0.000000 0.367991 0.540729 0.540729 0.540729
3489.370850 0.000000 4495.747070 0.000000 0.766203 0.000000 0.642599 0.333427 0.333427 0.333427
3479.524658 0.000000 4493.231445 0.000000 0.982147 0.000000 0.188114 0.562865 0.562865 0.562865
3507.857422 0.000000 4500.142578 0.000000 0.013918 0.000000 0.999903 0.273507 0.273507 0.273507
3499.977051 0.000000 4507.105957 0.000000 0.476367 0.000000 0.879246 0.408506 0.408506 0.408506
3493.244385 0.000000 4505.796387 0.000000 0.521442 0.000000 0.853287 0.354997 0.354997 0.354997
3496.867432 0.000000 4503.547363 0.000000 0.697438 0.000000 0.716645 0.370211 0.370211 0.370211
3487.256836 0.000000 4480.888184 0.000000 0.290749 0.000000 0.956799 0.284679 0.284679 0.284679
3520.380859 0.000000 4495.485352 0.000000 0.881016 0.000000 0.473086 0.421364 0.421364 0.421364
3523.313477 0.000000 4496.643066 0.000000 0.954778 0.000000 0.297320 0.585530 0.585530 0.585530
3520.676758 0.000000 4485.625000 0.000000 0.242975 0.000000 0.970032 0.264484 0.264484 0.264484
3523.577148 0.000000 4485.090820 0.000000 0.558414 0.000000 0.829563 0.350872 0.350872 0.350872
3522.721191 0.000000 4494.707031 0.000000 0.554975 0.000000 0.831867 0.363063 0.363063 0.363063
3527.011719 0.000000 4488.658691 0.000000 0.892300 0.000000 0.451443 0.515808 0.515808 0.515808
3524.416016 0.000000 4486.667480 0.000000 0.326765 0.000000 0.945106 0.362648 0.362648 0.362648
3525.601318 0.000000 4485.228516 0.000000 0.572011 0.000000 0.820246 0.480416 0.480416 0.480416
3529.735107 0.000000 4495.574219 0.000000 0.800351 0.000000 0.599532 0.433394 0.433394 0.433394
3522.090088 0.000000 4485.317383 0.000000 0.540982 0.000000 0.841034 0.345558 0.345558 0.345558
3525.683350 0.000000 4494.542969 0.000000 0.791951 0.000000 0.610585 0.496697 0.496697 0.496697
3529.570312 0.000000 4488.621094 0.000000 0.547925 0.000000 0.836527 0.404070 0.404070 0.404070
3348.968506 0.000000 4550.449707 0.000000 0.994686 0.000000 0.102952 0.597219 0.597219 0.597219
3376.385742 0.000000 4551.922363 0.000000 0.939115 0.000000 0.343604 0.520139 0.520139 0.520139
3363.661377 0.000000 4523.116699 0.000000 0.982113 0.000000 0.188291 0.594609 0.594609 0.594609
3375.663574 0.000000 4533.591797 0.000000 0.693545 0.000000 0.720413 0.452998 0.452998 0.452998
3351.473877 0.000000 4540.665039 0.000000 0.521083 0.000000 0.853506 0.347237 0.347237 0.347237
3375.128906 0.000000 4541.550781 0.000000 0.546022 0.000000 0.837771 0.539003 0.539003 0.539003
3355.550537 0.000000 4541.264648 0.000000 0.912360 0.000000 0.409389 0.457844 0.457844 0.457844
3348.470459 0.000000 4553.930176 0.000000 0.109584 0.000000 0.993977 0.118538 0.118538 0.118538
3379.064209 0.000000 4533.990723 0.000000 0.316799 0.000000 0.948493 0.321358 0.321358 0.321358
3370.042969 0.000000 4535.821289 0.000000 0.663549 0.000000 0.748133 0.565815 0.565815 0.565815
3351.409912 0.000000 4552.584961 0.000000 0.099867 0.000000 0.995001 0.463408 0.463408 0.463408
3376.129395 0.000000 4544.499023 0.000000 0.110433 0.000000 0.993884 0.048830 0.048830 0.048830
3366.630615 0.000000 4523.173828 0.000000 0.998998 0.000000 0.044749 0.594301 0.594301 0.594301
3372.871338 0.000000 4534.608887 0.000000 0.663066 0.000000 0.748561 0.525242 0.525242 0.525242
3376.924561 0.000000 4549.159180 0.000000 0.029406 0.000000 0.999568 0.011234 0.011234 0.011234
3373.619629 0.000000 4528.229980 0.000000 0.357675 0.000000 0.933846 0.361736 0.361736 0.361736
3365.391113 0.000000 4521.181152 0.000000 0.070232 0.000000 0.997531 0.498856 0.498856 0.498856
3353.473389 0.000000 4540.140137 0.000000 0.717477 0.000000 0.696582 0.493801 0.493801 0.493801
3379.903076 0.000000 4532.297852 0.000000 0.950805 0.000000 0.309790 0.529701 0.529701 0.529701
3349.566650 0.000000 4552.224121 0.000000 0.066155 0.000000 0.997809 0.104170 0.104170 0.104170
3389.413574 0.000000 4522.112305 0.000000 0.944887 0.000000 0.327398 0.519060 0.519060 0.519060
3372.570312 0.000000 4526.869141 0.000000 0.815038 0.000000 0.579407 0.504651 0.504651 0.504651
3363.326904 0.000000 4524.933594 0.000000 0.658233 0.000000 0.752814 0.451900 0.451900 0.451900
3372.210693 0.000000 4533.155762 0.000000 0.996817 0.000000 0.079729 0.589718 0.589718 0.589718
3376.653809 0.000000 4553.501953 0.000000 0.809885 0.000000 0.586588 0.523944 0.523944 0.523944
3383.627930 0.000000 4536.566895 0.000000 0.094169 0.000000 0.995556 0.392103 0.392103 0.392103
3365.043213 0.000000 4523.786133 0.000000 0.659062 0.000000 0.752089 0.395988 0.395988 0.395988
3375.524902 0.000000 4543.062988 0.000000 0.584278 0.000000 0.811553 0.360316 0.360316 0.360316
3372.330078 0.000000 4528.809082 0.000000 0.987000 0.000000 0.160719 0.568083 0.568083 0.568083
3378.572754 0.000000 4532.741211 0.000000 0.210065 0.000000 0.977687 0.296648 0.296648 0.296648
3373.183838 0.000000 4529.929688 0.000000 0.609207 0.000000 0.793011 0.418935 0.418935 0.418935
3454.286865 0.000000 4552.678711 0.000000 0.986148 0.000000 0.165869 0.591014 0.591014 0.591014
3342.149902 0.000000 4586.001953 0.000000 0.349341 0.000000 0.936996 0.236324 0.236324 0.236324
3343.669189 0.000000 4589.452148 0.000000 0.592019 0.000000 0.805924 0.511554 0.511554 0.511554
3372.199707 0.000000 4559.509277 0.000000 0.610510 0.000000 0.792008 0.537015 0.537015 0.537015
3343.662109 0.000000 4583.269531 0.000000 0.958406 0.000000 0.285407 0.583525 0.583525 0.583525
3346.783203 0.000000 4554.911621 0.000000 0.661053 0.000000 0.750339 0.444925 0.444925 0.444925
3375.418457 0.000000 4557.258789 0.000000 0.037403 0.000000 0.999300 0.191152 0.191152 0.191152
3343.706787 0.000000 4585.030762 0.000000 0.793446 0.000000 0.608640 0.461797 0.461797 0.461797
3343.107178 0.000000 4587.412109 0.000000 0.176196 0.000000 0.984355 0.182474 0.182474 0.182474
3347.809570 0.000000 4555.979492 0.000000 0.000484 0.000000 1.000000 0.313030 0.313030 0.313030
3343.950928 0.000000 4586.339355 0.000000 0.893886 0.000000 0.448294 0.460736 0.460736 0.460736
3425.426758 0.000000 4567.757812 0.000000 0.344642 0.000000 0.938734 0.479492 0.479492 0.479492
3426.322021 0.000000 4565.661621 0.000000 0.235692 0.000000 0.971828 0.502170 0.502170 0.502170
3393.550537 0.000000 4566.511719 0.000000 0.318981 0.000000 0.947761 0.404004 0.404004 0.404004
3432.561768 0.000000 4564.783203 0.000000 0.994278 0.000000 0.106824 0.588136 0.588136 0.588136
3396.896729 0.000000 4568.760742 0.000000 0.419774 0.000000 0.907629 0.402331 0.402331 0.402331
3434.896729 0.000000 4569.072266 0.000000 0.437857 0.000000 0.899045 0.337173 0.337173 0.337173
3487.008057 0.000000 4528.138184 0.000000 0.276239 0.000000 0.961089 0.509116 0.509116 0.509116
3496.356689 0.000000 4520.604492 0.000000 0.834367 0.000000 0.551209 0.447835 0.447835 0.447835
3480.938232 0.000000 4535.962402 0.000000 0.774628 0.000000 0.632417 0.432830 0.432830 0.432830
3516.759521 0.000000 4519.443848 0.000000 0.839303 0.000000 0.543663 0.522510 0.522510 0.522510
3493.901123 0.000000 4527.609375 0.000000 0.159843 0.000000 0.987143 0.116243 0.116243 0.116243
3503.091309 0.000000 4519.206543 0.000000 0.849479 0.000000 0.527623 0.543387 0.543387 0.543387
3500.517578 0.000000 4538.009766 0.000000 0.465774 0.000000 0.884904 0.520268 0.520268 0.520268
3491.661377 0.000000 4523.116699 0.000000 0.514441 0.000000 0.857526 0.206401 0.206401 0.206401
3510.166016 0.000000 4535.894531 0.000000 0.988165 0.000000 0.153398 0.567242 0.567242 0.567242
3497.400879 0.000000 4524.770020 0.000000 0.941234 0.000000 0.337755 0.593807 0.593807 0.593807
3487.454346 0.000000 4523.792969 0.000000 0.863997 0.000000 0.503496 0.584983 0.584983 0.584983
3483.550537 0.000000 4541.264648 0.000000 0.020037 0.000000 0.999799 0.298020 0.298020 0.298020
3499.962158 0.000000 4521.971680 0.000000 0.671347 0.000000 0.741143 0.423690 0.423690 0.423690
3495.607910 0.000000 4552.420410 0.000000 0.980101 0.000000 0.198498 0.588626 0.588626 0.588626
3485.791260 0.000000 4512.291016 0.000000 0.969406 0.000000 0.245465 0.573253 0.573253 0.573253
3474.421387 0.000000 4548.666504 0.000000 0.669597 0.000000 0.742724 0.538556 0.538556 0.538556
3506.114258 0.000000 4519.856934 0.000000 0.959543 0.000000 0.281562 0.531166 0.531166 0.531166
3494.630615 0.000000 4523.173828 0.000000 0.123521 0.000000 0.992342 0.439609 0.439609 0.439609
3503.200684 0.000000 4536.574707 0.000000 0.639621 0.000000 0.768691 0.526451 0.526451 0.526451
3498.077637 0.000000 4539.359375 0.000000 0.988066 0.000000 0.154029 0.582858 0.582858 0.582858
3478.769043 0.000000 4538.002930 0.000000 0.664010 0.000000 0.747724 0.354553 0.354553 0.354553
3476.443848 0.000000 4539.940430 0.000000 0.999974 0.000000 0.007157 0.598907 0.598907 0.598907
3501.619629 0.000000 4528.229980 0.000000 0.751422 0.000000 0.659822 0.552507 0.552507 0.552507
3488.400635 0.000000 4530.340820 0.000000 0.085366 0.000000 0.996350 0.508779 0.508779 0.508779
3500.199707 0.000000 4513.509277 0.000000 0.919908 0.000000 0.392134 0.560163 0.560163 0.560163
3492.020264 0.000000 4552.619629 0.000000 0.593079 0.000000 0.805144 0.430365 0.430365 0.430365
3484.521484 0.000000 4515.534668 0.000000 0.457794 0.000000 0.889058 0.386714 0.386714 0.386714
3471.530518 0.000000 4549.699219 0.000000 0.997851 0.000000 0.065529 0.595678 0.595678 0.595678
3495.829102 0.000000 4544.462402 0.000000 0.963567 0.000000 0.267467 0.563903 0.563903 0.563903
3470.660889 0.000000 4552.955566 0.000000 0.269991 0.000000 0.962863 0.281277 0.281277 0.281277
3493.130615 0.000000 4529.832031 0.000000 0.278406 0.000000 0.960463 0.410828 0.410828 0.410828
3489.060547 0.000000 4532.535156 0.000000 0.677445 0.000000 0.735574 0.487337 0.487337 0.487337
3505.385498 0.000000 4535.592285 0.000000 0.856549 0.000000 0.516066 0.483035 0.483035 0.483035
3489.718750 0.000000 4524.427734 0.000000 0.717624 0.000000 0.696431 0.501908 0.501908 0.501908
3518.777832 0.000000 4518.574707 0.000000 0.709263 0.000000 0.704944 0.476951 0.476951 0.476951
3475.144043 0.000000 4551.850098 0.000000 0.510461 0.000000 0.859901 0.505421 0.505421 0.505421
3495.187012 0.000000 4525.341797 0.000000 0.923867 0.000000 0.382715 0.545878 0.545878 0.545878
3492.431641 0.000000 4540.417480 0.000000 0.710259 0.000000 0.703940 0.366044 0.366044 0.366044
3499.870605 0.000000 4530.174805 0.000000 0.905708 0.000000 0.423903 0.542953 0.542953 0.542953
3478.758545 0.000000 4527.750977 0.000000 0.856276 0.000000 0.516519 0.509752 0.509752 0.509752
3487.382812 0.000000 4521.509277 0.000000 0.115555 0.000000 0.993301 0.083468 0.083468 0.083468
3494.417725 0.000000 4532.558594 0.000000 0.456639 0.000000 0.889652 0.419314 0.419314 0.419314
3501.593750 0.000000 4523.354492 0.000000 0.057223 0.000000 0.998361 0.246320 0.246320 0.246320
3498.421143 0.000000 4520.670410 0.000000 0.795934 0.000000 0.605383 0.462663 0.462663 0.462663
3500.656250 0.000000 4520.093262 0.000000 0.045775 0.000000 0.998952 0.451517 0.451517 0.451517
3507.976562 0.000000 4520.500488 0.000000 0.773617 0.000000 0.633653 0.495146 0.495146 0.495146
3499.764893 0.000000 4516.948242 0.000000 0.536772 0.000000 0.843727 0.305176 0.305176 0.305176
3500.056641 0.000000 4536.219727 0.000000 0.144809 0.000000 0.989460 0.435585 0.435585 0.435585
3507.746826 0.000000 4518.721191 0.000000 0.871104 0.000000 0.491099 0.476197 0.476197 0.476197
3496.561768 0.000000 4518.783203 0.000000 0.998493 0.000000 0.054877 0.580837 0.580837 0.580837
3484.628906 0.000000 4513.631348 0.000000 0.053521 0.000000 0.998567 0.436363 0.436363 0.436363
3473.928223 0.000000 4550.462402 0.000000 0.827806 0.000000 0.561014 0.479555 0.479555 0.479555
3473.597412 0.000000 4547.060547 0.000000 0.996410 0.000000 0.084659 0.589462 0.589462 0.589462
3504.262695 0.000000 4537.924805 0.000000 0.671302 0.000000 0.741184 0.336140 0.336140 0.336140
3505.440918 0.000000 4533.454590 0.000000 0.751454 0.000000 0.659785 0.519052 0.519052 0.519052
3478.117920 0.000000 4539.540527 0.000000 0.328958 0.000000 0.944344 0.240938 0.240938 0.240938
3490.694336 0.000000 4533.170898 0.000000 0.999658 0.000000 0.026167 0.595727 0.595727 0.595727
3506.773926 0.000000 4508.077148 0.000000 0.596327 0.000000 0.802741 0.400388 0.400388 0.400388
3500.459229 0.000000 4515.194336 0.000000 0.166184 0.000000 0.986095 0.345555 0.345555 0.345555
3511.325195 0.000000 4509.748047 0.000000 0.737739 0.000000 0.675086 0.513413 0.513413 0.513413
3513.165771 0.000000 4536.873047 0.000000 0.827292 0.000000 0.561772 0.499922 0.499922 0.499922
3472.208740 0.000000 4553.387695 0.000000 0.203833 0.000000 0.979006 0.246136 0.246136 0.246136
3506.116699 0.000000 4512.904785 0.000000 0.076858 0.000000 0.997042 0.239730 0.239730 0.239730
3519.257812 0.000000 4509.812500 0.000000 0.554558 0.000000 0.832145 0.476317 0.476317 0.476317
3504.661621 0.000000 4518.949707 0.000000 0.165550 0.000000 0.986201 0.109812 0.109812 0.109812
3493.043213 0.000000 4523.786133 0.000000 0.709937 0.000000 0.704265 0.308555 0.308555 0.308555
3486.818848 0.000000 4543.526367 0.000000 0.997346 0.000000 0.072811 0.582316 0.582316 0.582316
3477.245361 0.000000 4538.279297 0.000000 0.911722 0.000000 0.410807 0.535319 0.535319 0.535319
3478.375732 0.000000 4529.229004 0.000000 0.888831 0.000000 0.458235 0.483777 0.483777 0.483777
3492.113770 0.000000 4526.553711 0.000000 0.744637 0.000000 0.667470 0.349315 0.349315 0.349315
3479.524658 0.000000 4539.231445 0.000000 0.999169 0.000000 0.040753 0.588154 0.588154 0.588154
3504.858643 0.000000 4514.154785 0.000000 0.771284 0.000000 0.636491 0.472882 0.472882 0.472882
3486.763672 0.000000 4520.157715 0.000000 0.997633 0.000000 0.068758 0.575571 0.575571 0.575571
3485.620361 0.000000 4514.643066 0.000000 0.099292 0.000000 0.995058 0.313485 0.313485 0.313485
3491.341797 0.000000 4529.310547 0.000000 0.681715 0.000000 0.731618 0.435269 0.435269 0.435269
3498.981201 0.000000 4514.166992 0.000000 0.703291 0.000000 0.710902 0.297944 0.297944 0.297944
3498.896729 0.000000 4523.072266 0.000000 0.522594 0.000000 0.852582 0.210043 0.210043 0.210043
3490.215576 0.000000 4523.053711 0.000000 0.563085 0.000000 0.826399 0.228463 0.228463 0.228463
3480.674072 0.000000 4541.223145 0.000000 0.847785 0.000000 0.530339 0.386477 0.386477 0.386477
3510.164062 0.000000 4534.570312 0.000000 0.983124 0.000000 0.182942 0.560867 0.560867 0.560867
3485.489746 0.000000 4538.958496 0.000000 0.186517 0.000000 0.982452 0.123461 0.123461 0.123461
3523.291992 0.000000 4508.002930 0.000000 0.045815 0.000000 0.998950 0.410404 0.410404 0.410404
3521.146973 0.000000 4509.566406 0.000000 0.331205 0.000000 0.943559 0.232393 0.232393 0.232393
3494.931152 0.000000 4554.683105 0.000000 0.114097 0.000000 0.993470 0.192030 0.192030 0.192030
3469.132080 0.000000 4572.447266 0.000000 0.789131 0.000000 0.614225 0.574241 0.574241 0.574241
3487.454346 0.000000 4569.792969 0.000000 0.865447 0.000000 0.501000 0.585065 0.585065 0.585065
3497.998535 0.000000 4557.290527 0.000000 0.822761 0.000000 0.568387 0.444243 0.444243 0.444243
3478.870850 0.000000 4560.240723 0.000000 0.914365 0.000000 0.404891 0.580643 0.580643 0.580643
3461.199463 0.000000 4575.652832 0.000000 0.185130 0.000000 0.982714 0.405042 0.405042 0.405042
3471.257812 0.000000 4570.179199 0.000000 0.168326 0.000000 0.985731 0.276662 0.276662 0.276662
3460.837646 0.000000 4564.047852 0.000000 0.207176 0.000000 0.978304 0.436773 0.436773 0.436773
3459.296875 0.000000 4569.662598 0.000000 0.934330 0.000000 0.356409 0.488641 0.488641 0.488641
3461.982422 0.000000 4567.264160 0.000000 0.842104 0.000000 0.539314 0.443854 0.443854 0.443854
3471.523926 0.000000 4573.680176 0.000000 0.519421 0.000000 0.854519 0.474145 0.474145 0.474145
3475.754639 0.000000 4570.994629 0.000000 0.600062 0.000000 0.799953 0.405553 0.405553 0.405553
3462.619629 0.000000 4572.123535 0.000000 0.249269 0.000000 0.968434 0.505172 0.505172 0.505172
3469.856445 0.000000 4575.354492 0.000000 0.516907 0.000000 0.856042 0.535353 0.535353 0.535353
3479.734375 0.000000 4562.314941 0.000000 0.699411 0.000000 0.714720 0.542751 0.542751 0.542751
3458.685059 0.000000 4564.549805 0.000000 0.162357 0.000000 0.986732 0.163507 0.163507 0.163507
3496.233887 0.000000 4556.239746 0.000000 0.197760 0.000000 0.980251 0.246584 0.246584 0.246584
3480.821045 0.000000 4560.510254 0.000000 0.670717 0.000000 0.741714 0.479837 0.479837 0.479837
3494.381836 0.000000 4556.430664 0.000000 0.851282 0.000000 0.524709 0.533807 0.533807 0.533807
3457.550537 0.000000 4566.511719 0.000000 0.076717 0.000000 0.997053 0.436632 0.436632 0.436632
3471.643555 0.000000 4571.912109 0.000000 0.984834 0.000000 0.173499 0.559774 0.559774 0.559774
3460.774658 0.000000 4565.821289 0.000000 0.906736 0.000000 0.421699 0.547834 0.547834 0.547834
3483.565430 0.000000 4562.889160 0.000000 0.547142 0.000000 0.837040 0.285027 0.285027 0.285027
3456.812988 0.000000 4569.310547 0.000000 0.572105 0.000000 0.820180 0.314762 0.314762 0.314762
3480.828613 0.000000 4563.253418 0.000000 0.310338 0.000000 0.950626 0.120531 0.120531 0.120531
3486.763672 0.000000 4566.157715 0.000000 0.957736 0.000000 0.287649 0.524390 0.524390 0.524390
3459.583008 0.000000 4568.235352 0.000000 0.999523 0.000000 0.030869 0.590566 0.590566 0.590566
3474.356689 0.000000 4571.140625 0.000000 0.284211 0.000000 0.958762 0.331023 0.331023 0.331023
3471.226318 0.000000 4575.145508 0.000000 0.795684 0.000000 0.605712 0.473296 0.473296 0.473296
3237.608887 0.000000 4600.017090 0.000000 0.000548 0.000000 1.000000 0.000209 0.000209 0.000209
3233.411377 0.000000 4601.366699 0.000000 0.130788 0.000000 0.991410 0.054414 0.054414 0.054414
3325.227539 0.000000 4636.372559 0.000000 0.195249 0.000000 0.980754 0.400318 0.400318 0.400318
3326.537598 0.000000 4639.369629 0.000000 0.733136 0.000000 0.680082 0.511499 0.511499 0.511499
3294.872070 0.000000 4643.376465 0.000000 0.284899 0.000000 0.958558 0.215962 0.215962 0.215962
3327.261475 0.000000 4637.096680 0.000000 0.590884 0.000000 0.806756 0.389097 0.389097 0.389097
3260.676758 0.000000 4687.996582 0.000000 0.308605 0.000000 0.951190 0.321316 0.321316 0.321316
3258.096191 0.000000 4686.922363 0.000000 0.899932 0.000000 0.436030 0.558774 0.558774 0.558774
3280.799805 0.000000 4689.845215 0.000000 0.535328 0.000000 0.844644 0.503567 0.503567 0.503567
3280.385986 0.000000 4683.288574 0.000000 0.877766 0.000000 0.479090 0.545367 0.545367 0.545367
3254.130371 0.000000 4710.425293 0.000000 0.387220 0.000000 0.921987 0.531464 0.531464 0.531464
3230.968994 0.000000 4699.095215 0.000000 0.933069 0.000000 0.359697 0.572994 0.572994 0.572994
3238.924072 0.000000 4696.246582 0.000000 0.021170 0.000000 0.999776 0.483939 0.483939 0.483939
3233.599609 0.000000 4697.588379 0.000000 0.912824 0.000000 0.408354 0.477130 0.477130 0.477130
3233.718750 0.000000 4708.427734 0.000000 0.998825 0.000000 0.048472 0.593535 0.593535 0.593535
3253.723145 0.000000 4712.915527 0.000000 0.460430 0.000000 0.887696 0.235125 0.235125 0.235125
3229.351562 0.000000 4707.549805 0.000000 0.625502 0.000000 0.780223 0.326502 0.326502 0.326502
3231.862793 0.000000 4696.228516 0.000000 0.799612 0.000000 0.600517 0.548861 0.548861 0.548861
3231.382812 0.000000 4705.509277 0.000000 0.951188 0.000000 0.308612 0.548775 0.548775 0.548775
3232.394775 0.000000 4710.165039 0.000000 0.278980 0.000000 0.960297 0.387763 0.387763 0.387763
3246.464844 0.000000 4713.653320 0.000000 0.736057 0.000000 0.676920 0.395058 0.395058 0.395058
3247.184814 0.000000 4712.078125 0.000000 0.926548 0.000000 0.376178 0.493703 0.493703 0.493703
3232.127930 0.000000 4697.565918 0.000000 0.889833 0.000000 0.456287 0.461600 0.461600 0.461600
3228.732666 0.000000 4706.408691 0.000000 0.857214 0.000000 0.514960 0.434695 0.434695 0.434695
3269.915283 0.000000 4697.904297 0.000000 0.110340 0.000000 0.993894 0.162535 0.162535 0.162535
3268.740479 0.000000 4696.943359 0.000000 0.147393 0.000000 0.989078 0.173730 0.173730 0.173730
3266.987549 0.000000 4698.995605 0.000000 0.950086 0.000000 0.311988 0.547720 0.547720 0.547720
3328.933838 0.000000 4642.710449 0.000000 0.643446 0.000000 0.765492 0.585635 0.585635 0.585635
3331.906982 0.000000 4640.958984 0.000000 0.183208 0.000000 0.983074 0.448383 0.448383 0.448383
3354.097900 0.000000 4608.424805 0.000000 0.996593 0.000000 0.082483 0.591589 0.591589 0.591589
3331.820312 0.000000 4643.343262 0.000000 0.858581 0.000000 0.512677 0.463729 0.463729 0.463729
3330.535156 0.000000 4642.068848 0.000000 0.514538 0.000000 0.857467 0.339173 0.339173 0.339173
3356.165283 0.000000 4611.883789 0.000000 0.710004 0.000000 0.704198 0.377639 0.377639 0.377639
3330.204590 0.000000 4643.599609 0.000000 0.270709 0.000000 0.962661 0.271749 0.271749 0.271749
3357.151855 0.000000 4608.947754 0.000000 0.776122 0.000000 0.630583 0.449760 0.449760 0.449760
3373.890869 0.000000 4654.017090 0.000000 0.007094 0.000000 0.999975 0.358742 0.358742 0.358742
3374.945068 0.000000 4655.503906 0.000000 0.727450 0.000000 0.686161 0.493523 0.493523 0.493523
"}
object={
	name="tree_leaf_2_high_generator_1_1"
	render_pass=Map
	clamp_to_water_level=no
	generated_content=yes
	layer="tree_high_layer"
	pdxmesh="tree_leaf_01_b_mesh"
	count=2413
	transform="3451.178223 0.000000 3377.564941 0.000000 0.762952 0.000000 -0.646455 0.667388 0.667388 0.667388
3454.777832 0.000000 3368.574707 0.000000 0.357835 0.000000 -0.933785 0.683020 0.683020 0.683020
3455.008789 0.000000 3364.690430 0.000000 0.972477 0.000000 -0.232997 0.689824 0.689824 0.689824
3452.114258 0.000000 3365.292725 0.000000 0.246903 0.000000 -0.969040 0.772193 0.772193 0.772193
3448.203125 0.000000 3371.469971 0.000000 0.314844 0.000000 -0.949143 0.789190 0.789190 0.789190
3449.755615 0.000000 3369.159912 0.000000 0.858160 0.000000 -0.513382 0.795431 0.795431 0.795431
3451.210938 0.000000 3366.634521 0.000000 0.883249 0.000000 -0.468905 0.771800 0.771800 0.771800
3455.705811 0.000000 3362.003906 0.000000 0.976616 0.000000 -0.214992 0.647388 0.647388 0.647388
3440.350586 0.000000 3375.628418 0.000000 0.683029 0.000000 -0.730392 0.803623 0.803623 0.803623
3460.837646 0.000000 3368.047852 0.000000 0.970671 0.000000 -0.240411 0.616002 0.616002 0.616002
3456.561035 0.000000 3360.910400 0.000000 0.151179 0.000000 -0.988506 0.846571 0.846571 0.846571
3462.854248 0.000000 3367.190674 0.000000 0.587000 0.000000 -0.809587 0.710231 0.710231 0.710231
3461.278564 0.000000 3366.268555 0.000000 0.178463 0.000000 -0.983947 1.131465 1.131465 1.131465
3461.915283 0.000000 3363.904297 0.000000 0.865371 0.000000 -0.501131 0.715582 0.715582 0.715582
3460.740479 0.000000 3362.943359 0.000000 0.164326 0.000000 -0.986406 0.909534 0.909534 0.909534
3458.987549 0.000000 3364.995850 0.000000 0.970223 0.000000 -0.242213 0.693448 0.693448 0.693448
3053.629395 0.000000 3949.320312 0.000000 0.214638 0.000000 -0.976694 0.756226 0.756226 0.756226
2997.979492 0.000000 3994.852539 0.000000 0.961772 0.000000 -0.273851 0.621191 0.621191 0.621191
3025.461670 0.000000 3987.191650 0.000000 0.333311 0.000000 -0.942817 0.642410 0.642410 0.642410
3053.366699 0.000000 3959.250244 0.000000 0.533660 0.000000 -0.845699 0.646801 0.646801 0.646801
3056.611328 0.000000 3964.737305 0.000000 0.945108 0.000000 -0.326757 0.625928 0.625928 0.625928
3052.199707 0.000000 3961.509277 0.000000 0.698268 0.000000 -0.715837 0.644218 0.644218 0.644218
2970.627197 0.000000 4007.704346 0.000000 0.970181 0.000000 -0.242380 0.607334 0.607334 0.607334
2976.150635 0.000000 4004.069092 0.000000 0.905652 0.000000 -0.424021 0.632140 0.632140 0.632140
2954.179932 0.000000 4019.429932 0.000000 0.362327 0.000000 -0.932051 0.689878 0.689878 0.689878
2968.574219 0.000000 4005.470459 0.000000 0.834563 0.000000 -0.550912 0.620102 0.620102 0.620102
3017.853760 0.000000 4042.072266 0.000000 0.261595 0.000000 -0.965178 0.668477 0.668477 0.668477
3014.037842 0.000000 4045.622803 0.000000 0.999947 0.000000 -0.010334 0.600201 0.600201 0.600201
3049.998535 0.000000 4005.290527 0.000000 0.221678 0.000000 -0.975120 0.747321 0.747321 0.747321
3017.062500 0.000000 4045.906738 0.000000 0.681979 0.000000 -0.731371 0.693389 0.693389 0.693389
3022.741455 0.000000 4004.138184 0.000000 0.914331 0.000000 -0.404968 0.618737 0.618737 0.618737
3012.419922 0.000000 4008.562256 0.000000 0.563784 0.000000 -0.825922 0.669876 0.669876 0.669876
3018.743164 0.000000 4044.239014 0.000000 0.535673 0.000000 -0.844425 0.691875 0.691875 0.691875
3003.951172 0.000000 4070.495605 0.000000 0.981466 0.000000 -0.191637 0.621952 0.621952 0.621952
3023.821289 0.000000 4074.711426 0.000000 0.828958 0.000000 -0.559310 0.620449 0.620449 0.620449
3062.166016 0.000000 4075.894531 0.000000 0.996786 0.000000 -0.080116 0.601322 0.601322 0.601322
3046.924072 0.000000 4052.246338 0.000000 0.324766 0.000000 -0.945794 0.704019 0.704019 0.704019
3064.684570 0.000000 4075.223877 0.000000 0.959110 0.000000 -0.283032 0.630518 0.630518 0.630518
3066.904053 0.000000 4072.039307 0.000000 0.999957 0.000000 -0.009311 0.601255 0.601255 0.601255
2979.822021 0.000000 4097.237305 0.000000 0.978349 0.000000 -0.206963 0.613740 0.613740 0.613740
2979.760742 0.000000 4099.398926 0.000000 0.488831 0.000000 -0.872379 0.692097 0.692097 0.692097
2991.418457 0.000000 4097.258789 0.000000 0.747310 0.000000 -0.664476 0.684917 0.684917 0.684917
3159.409912 0.000000 3908.584961 0.000000 0.781931 0.000000 -0.623365 0.668555 0.668555 0.668555
3155.144043 0.000000 3907.850098 0.000000 0.270457 0.000000 -0.962732 0.716562 0.716562 0.716562
3154.065674 0.000000 3909.311768 0.000000 0.106771 0.000000 -0.994284 0.757874 0.757874 0.757874
3078.214600 0.000000 3934.754395 0.000000 0.933702 0.000000 -0.358052 0.624135 0.624135 0.624135
3099.284180 0.000000 3925.008057 0.000000 0.689487 0.000000 -0.724298 0.734681 0.734681 0.734681
3096.252930 0.000000 3923.946289 0.000000 0.549529 0.000000 -0.835475 0.722960 0.722960 0.722960
3098.547119 0.000000 3922.478027 0.000000 0.998650 0.000000 -0.051938 0.605293 0.605293 0.605293
3101.351562 0.000000 3925.549561 0.000000 0.995913 0.000000 -0.090317 0.608128 0.608128 0.608128
3111.430664 0.000000 3930.855225 0.000000 0.986205 0.000000 -0.165526 0.618682 0.618682 0.618682
3096.778809 0.000000 3922.170654 0.000000 0.983433 0.000000 -0.181274 0.622663 0.622663 0.622663
3090.339355 0.000000 3942.681152 0.000000 0.349733 0.000000 -0.936849 0.850850 0.850850 0.850850
3162.627197 0.000000 3915.704346 0.000000 0.062320 0.000000 -0.998056 0.681343 0.681343 0.681343
3160.938232 0.000000 3937.962402 0.000000 0.739209 0.000000 -0.673476 0.628777 0.628777 0.628777
3149.132080 0.000000 3928.447021 0.000000 0.894250 0.000000 -0.447569 0.670206 0.670206 0.670206
3161.497803 0.000000 3946.978760 0.000000 0.248422 0.000000 -0.968652 0.677099 0.677099 0.677099
3173.400635 0.000000 3946.645020 0.000000 0.599366 0.000000 -0.800475 0.893334 0.893334 0.893334
3156.183594 0.000000 3939.210205 0.000000 0.955712 0.000000 -0.294303 0.663988 0.663988 0.663988
3157.367432 0.000000 3948.181152 0.000000 0.136606 0.000000 -0.990626 0.862016 0.862016 0.862016
3166.212158 0.000000 3934.437256 0.000000 0.950532 0.000000 -0.310627 0.643528 0.643528 0.643528
3163.903076 0.000000 3911.876465 0.000000 0.178699 0.000000 -0.983904 0.662515 0.662515 0.662515
3154.455322 0.000000 3934.452148 0.000000 0.827152 0.000000 -0.561978 0.642909 0.642909 0.642909
3148.905273 0.000000 3951.322021 0.000000 0.752055 0.000000 -0.659100 0.689469 0.689469 0.689469
3146.179932 0.000000 3927.429932 0.000000 0.880116 0.000000 -0.474759 0.676324 0.676324 0.676324
3154.421387 0.000000 3950.666748 0.000000 0.989149 0.000000 -0.146919 0.645500 0.645500 0.645500
3156.941895 0.000000 3910.791016 0.000000 0.771731 0.000000 -0.635949 0.656784 0.656784 0.656784
3154.251221 0.000000 3930.989258 0.000000 0.919297 0.000000 -0.393565 0.652715 0.652715 0.652715
3159.821045 0.000000 3931.663330 0.000000 0.860084 0.000000 -0.510152 0.634483 0.634483 0.634483
3162.547119 0.000000 3922.478027 0.000000 0.951053 0.000000 -0.309027 0.614589 0.614589 0.614589
3162.030518 0.000000 3954.287842 0.000000 0.987467 0.000000 -0.157826 0.632762 0.632762 0.632762
3159.886475 0.000000 3949.354980 0.000000 0.703437 0.000000 -0.710758 0.744476 0.744476 0.744476
3168.400635 0.000000 3932.340576 0.000000 0.646110 0.000000 -0.763245 0.875745 0.875745 0.875745
3148.106934 0.000000 3948.884521 0.000000 0.998999 0.000000 -0.044725 0.602882 0.602882 0.602882
3161.237793 0.000000 3944.433594 0.000000 0.479047 0.000000 -0.877789 0.712324 0.712324 0.712324
3175.829102 0.000000 3946.462402 0.000000 0.114475 0.000000 -0.993426 1.156178 1.156178 1.156178
3150.239014 0.000000 3947.321777 0.000000 0.666593 0.000000 -0.745422 0.699541 0.699541 0.699541
3162.292480 0.000000 3930.342773 0.000000 0.449931 0.000000 -0.893063 0.765388 0.765388 0.765388
3158.449463 0.000000 3912.561279 0.000000 0.262781 0.000000 -0.964855 0.678185 0.678185 0.678185
3169.060547 0.000000 3934.534912 0.000000 0.055443 0.000000 -0.998462 1.035811 1.035811 1.035811
3173.170166 0.000000 3940.434570 0.000000 0.492611 0.000000 -0.870250 1.003251 1.003251 1.003251
3155.144043 0.000000 3953.850098 0.000000 0.251913 0.000000 -0.967750 0.893751 0.893751 0.893751
3158.861328 0.000000 3933.598389 0.000000 0.431345 0.000000 -0.902187 0.687614 0.687614 0.687614
3157.130127 0.000000 3950.294434 0.000000 0.258295 0.000000 -0.966066 0.743197 0.743197 0.743197
3152.088379 0.000000 3934.547363 0.000000 0.829150 0.000000 -0.559026 0.654204 0.654204 0.654204
3154.180908 0.000000 3939.354248 0.000000 0.909906 0.000000 -0.414815 0.640366 0.640366 0.640366
3167.683350 0.000000 3955.136475 0.000000 0.383627 0.000000 -0.923488 0.816871 0.816871 0.816871
3161.403809 0.000000 3911.711426 0.000000 0.952634 0.000000 -0.304121 0.664804 0.664804 0.664804
3156.237061 0.000000 3937.195557 0.000000 0.586685 0.000000 -0.809815 0.731484 0.731484 0.731484
3169.427734 0.000000 3949.111816 0.000000 0.868965 0.000000 -0.494873 0.718646 0.718646 0.718646
3163.938965 0.000000 3926.698730 0.000000 0.901865 0.000000 -0.432018 0.672270 0.672270 0.672270
3167.315674 0.000000 3940.689453 0.000000 0.252032 0.000000 -0.967719 0.730106 0.730106 0.730106
3165.334229 0.000000 3929.601318 0.000000 0.990030 0.000000 -0.140854 0.614607 0.614607 0.614607
3167.695312 0.000000 3935.673584 0.000000 0.578442 0.000000 -0.815724 0.731467 0.731467 0.731467
3160.650879 0.000000 3933.231689 0.000000 0.768850 0.000000 -0.639429 0.681057 0.681057 0.681057
3170.306396 0.000000 3942.651855 0.000000 0.886826 0.000000 -0.462104 0.680590 0.680590 0.680590
3165.047607 0.000000 3953.228516 0.000000 0.886261 0.000000 -0.463187 0.675745 0.675745 0.675745
3159.555664 0.000000 3944.827148 0.000000 0.289686 0.000000 -0.957122 0.917509 0.917509 0.917509
3152.048584 0.000000 3915.790039 0.000000 0.992338 0.000000 -0.123550 0.635439 0.635439 0.635439
3156.200684 0.000000 3930.712158 0.000000 0.666364 0.000000 -0.745626 0.710921 0.710921 0.710921
3152.670166 0.000000 3950.457031 0.000000 0.994638 0.000000 -0.103421 0.639575 0.639575 0.639575
3147.843994 0.000000 3927.441895 0.000000 0.022212 0.000000 -0.999753 0.838926 0.838926 0.838926
3174.130127 0.000000 3938.065186 0.000000 0.265022 0.000000 -0.964242 0.855602 0.855602 0.855602
3172.645996 0.000000 3950.791260 0.000000 0.797217 0.000000 -0.603693 0.683493 0.683493 0.683493
3160.798828 0.000000 3955.443604 0.000000 0.366000 0.000000 -0.930615 1.056873 1.056873 1.056873
3152.208740 0.000000 3955.387695 0.000000 0.996435 0.000000 -0.084362 0.610122 0.610122 0.610122
3160.657471 0.000000 3930.260010 0.000000 0.732086 0.000000 -0.681212 0.742567 0.742567 0.742567
3168.461182 0.000000 3937.713135 0.000000 0.800685 0.000000 -0.599085 0.704881 0.704881 0.704881
3173.164795 0.000000 3936.711914 0.000000 0.820842 0.000000 -0.571155 0.748429 0.748429 0.748429
3155.830322 0.000000 3951.361816 0.000000 0.517174 0.000000 -0.855880 0.916982 0.916982 0.916982
3147.124268 0.000000 3926.040527 0.000000 0.178047 0.000000 -0.984022 0.814736 0.814736 0.814736
3159.506348 0.000000 3938.615479 0.000000 0.826324 0.000000 -0.563196 0.762200 0.762200 0.762200
3162.073975 0.000000 3939.011475 0.000000 0.980473 0.000000 -0.196653 0.648627 0.648627 0.648627
3161.404785 0.000000 3914.750732 0.000000 0.999128 0.000000 -0.041763 0.613767 0.613767 0.613767
3163.565430 0.000000 3918.889160 0.000000 0.794603 0.000000 -0.607129 0.709459 0.709459 0.709459
3157.245361 0.000000 3940.279297 0.000000 0.146885 0.000000 -0.989154 0.804683 0.804683 0.804683
3176.916748 0.000000 3947.559326 0.000000 0.611955 0.000000 -0.790892 0.735284 0.735284 0.735284
3174.588623 0.000000 3939.990479 0.000000 0.217646 0.000000 -0.976028 0.865182 0.865182 0.865182
3166.267090 0.000000 3954.810303 0.000000 0.986451 0.000000 -0.164056 0.630364 0.630364 0.630364
3161.385498 0.000000 3931.557373 0.000000 0.769578 0.000000 -0.638553 0.731761 0.731761 0.731761
3171.369629 0.000000 3951.441406 0.000000 0.055712 0.000000 -0.998447 0.890489 0.890489 0.890489
3175.205322 0.000000 3949.798828 0.000000 0.717761 0.000000 -0.696290 0.826131 0.826131 0.826131
3163.234619 0.000000 3955.237061 0.000000 0.726191 0.000000 -0.687493 0.756696 0.756696 0.756696
3150.282715 0.000000 3950.979248 0.000000 0.893739 0.000000 -0.448587 0.777687 0.777687 0.777687
3164.992432 0.000000 3927.542969 0.000000 0.194687 0.000000 -0.980865 1.024245 1.024245 1.024245
3162.791260 0.000000 3941.807373 0.000000 0.750608 0.000000 -0.660748 0.772996 0.772996 0.772996
3159.045654 0.000000 3919.653564 0.000000 0.327319 0.000000 -0.944914 0.844653 0.844653 0.844653
3174.990723 0.000000 3942.869141 0.000000 0.828212 0.000000 -0.560415 0.762180 0.762180 0.762180
3173.190918 0.000000 3948.121826 0.000000 0.076682 0.000000 -0.997056 0.924505 0.924505 0.924505
3162.461914 0.000000 3937.636475 0.000000 0.517258 0.000000 -0.855829 0.841560 0.841560 0.841560
3158.396484 0.000000 3918.015625 0.000000 0.555122 0.000000 -0.831769 0.794224 0.794224 0.794224
3156.301270 0.000000 3954.556152 0.000000 0.506266 0.000000 -0.862378 0.852358 0.852358 0.852358
3161.488037 0.000000 3923.269043 0.000000 0.336691 0.000000 -0.941615 0.888653 0.888653 0.888653
3155.027100 0.000000 3921.139893 0.000000 0.996269 0.000000 -0.086307 0.620840 0.620840 0.620840
3152.498291 0.000000 3952.575195 0.000000 0.999638 0.000000 -0.026891 0.608178 0.608178 0.608178
3166.383789 0.000000 3926.548096 0.000000 0.905165 0.000000 -0.425060 0.682204 0.682204 0.682204
3161.849609 0.000000 3952.986328 0.000000 0.584743 0.000000 -0.811219 0.924582 0.924582 0.924582
3158.811035 0.000000 3911.332764 0.000000 0.176720 0.000000 -0.984261 0.877548 0.877548 0.877548
3155.263916 0.000000 3952.575928 0.000000 0.819632 0.000000 -0.572890 0.736153 0.736153 0.736153
3237.400635 0.000000 3900.645020 0.000000 0.964909 0.000000 -0.262586 0.618308 0.618308 0.618308
3250.772705 0.000000 3898.739746 0.000000 0.408421 0.000000 -0.912794 0.632732 0.632732 0.632732
3255.835693 0.000000 3903.804932 0.000000 0.951184 0.000000 -0.308625 0.622559 0.622559 0.622559
3264.380859 0.000000 3897.485352 0.000000 0.994439 0.000000 -0.105310 0.602687 0.602687 0.602687
3268.765381 0.000000 3909.079590 0.000000 0.378432 0.000000 -0.925629 0.787789 0.787789 0.787789
3260.353516 0.000000 3910.510498 0.000000 0.914421 0.000000 -0.404765 0.609988 0.609988 0.609988
3228.608154 0.000000 3954.936035 0.000000 0.433929 0.000000 -0.900947 0.613445 0.613445 0.613445
3251.413818 0.000000 3918.959961 0.000000 0.887010 0.000000 -0.461750 0.643137 0.643137 0.643137
3262.040771 0.000000 3925.734619 0.000000 0.987839 0.000000 -0.155478 0.617538 0.617538 0.617538
3263.310791 0.000000 3918.432373 0.000000 0.816337 0.000000 -0.577576 0.731897 0.731897 0.731897
3262.927979 0.000000 3910.151611 0.000000 0.389429 0.000000 -0.921057 0.724516 0.724516 0.724516
3262.834473 0.000000 3923.113525 0.000000 0.846769 0.000000 -0.531961 0.678140 0.678140 0.678140
3262.777832 0.000000 3920.574707 0.000000 0.658246 0.000000 -0.752803 0.763418 0.763418 0.763418
3231.683350 0.000000 3955.136475 0.000000 0.654851 0.000000 -0.755758 0.673156 0.673156 0.673156
3263.306641 0.000000 3932.460693 0.000000 0.491657 0.000000 -0.870789 0.725058 0.725058 0.725058
3261.413574 0.000000 3924.112305 0.000000 0.662542 0.000000 -0.749025 0.688769 0.688769 0.688769
3263.008789 0.000000 3916.690430 0.000000 0.654617 0.000000 -0.755961 0.809277 0.809277 0.809277
3261.686035 0.000000 3917.628174 0.000000 0.121681 0.000000 -0.992569 0.801830 0.801830 0.801830
3290.627197 0.000000 3915.704346 0.000000 0.939011 0.000000 -0.343888 0.629974 0.629974 0.629974
3277.132080 0.000000 3928.447021 0.000000 0.475435 0.000000 -0.879751 0.717587 0.717587 0.717587
3283.028809 0.000000 3944.224609 0.000000 0.294723 0.000000 -0.955583 0.720003 0.720003 0.720003
3272.395020 0.000000 3912.013672 0.000000 0.242427 0.000000 -0.970170 0.876075 0.876075 0.876075
3270.984863 0.000000 3925.695801 0.000000 0.531131 0.000000 -0.847290 0.986120 0.986120 0.986120
3287.946777 0.000000 3910.442871 0.000000 0.999523 0.000000 -0.030880 0.603285 0.603285 0.603285
3280.112061 0.000000 3923.112549 0.000000 0.594260 0.000000 -0.804273 0.748373 0.748373 0.748373
3278.444336 0.000000 3915.209473 0.000000 0.907578 0.000000 -0.419883 0.605842 0.605842 0.605842
3267.616943 0.000000 3913.821289 0.000000 0.512630 0.000000 -0.858610 0.624747 0.624747 0.624747
3281.678711 0.000000 3928.352051 0.000000 0.265596 0.000000 -0.964084 0.621453 0.621453 0.621453
3275.275635 0.000000 3924.353271 0.000000 0.972087 0.000000 -0.234619 0.635120 0.635120 0.635120
3276.547119 0.000000 3910.236572 0.000000 0.421060 0.000000 -0.907033 0.707221 0.707221 0.707221
3305.400879 0.000000 3926.770020 0.000000 0.793213 0.000000 -0.608944 0.650018 0.650018 0.650018
3268.560059 0.000000 3941.642822 0.000000 0.298813 0.000000 -0.954312 0.636070 0.636070 0.636070
3268.912598 0.000000 3910.229736 0.000000 0.987469 0.000000 -0.157811 0.608783 0.608783 0.608783
3286.870850 0.000000 3916.240723 0.000000 0.521585 0.000000 -0.853199 0.874052 0.874052 0.874052
3264.138184 0.000000 3915.328125 0.000000 0.829019 0.000000 -0.559220 0.672893 0.672893 0.672893
3284.271484 0.000000 3921.640137 0.000000 0.838979 0.000000 -0.544164 0.678433 0.678433 0.678433
3270.603516 0.000000 3938.525146 0.000000 0.998307 0.000000 -0.058170 0.607846 0.607846 0.607846
3264.205322 0.000000 3921.293213 0.000000 0.337546 0.000000 -0.941309 0.719417 0.719417 0.719417
3292.714355 0.000000 3951.500244 0.000000 0.308663 0.000000 -0.951171 0.728038 0.728038 0.728038
3266.481445 0.000000 3934.979980 0.000000 0.276334 0.000000 -0.961062 0.636738 0.636738 0.636738
3282.455322 0.000000 3934.452148 0.000000 0.314997 0.000000 -0.949093 0.734851 0.734851 0.734851
3277.170654 0.000000 3938.847900 0.000000 0.139686 0.000000 -0.990196 0.891450 0.891450 0.891450
3288.252930 0.000000 3923.946289 0.000000 0.646024 0.000000 -0.763317 0.631220 0.631220 0.631220
3279.257812 0.000000 3926.179443 0.000000 0.968643 0.000000 -0.248458 0.626704 0.626704 0.626704
3288.574219 0.000000 3913.470459 0.000000 0.856239 0.000000 -0.516580 0.670744 0.670744 0.670744
3268.837646 0.000000 3920.047852 0.000000 0.998420 0.000000 -0.056197 0.612718 0.612718 0.612718
3272.581299 0.000000 3933.126221 0.000000 0.450285 0.000000 -0.892885 0.679358 0.679358 0.679358
3278.741455 0.000000 3912.138184 0.000000 0.770240 0.000000 -0.637754 0.698414 0.698414 0.698414
3270.423340 0.000000 3914.327393 0.000000 0.999993 0.000000 -0.003783 0.600652 0.600652 0.600652
3290.097900 0.000000 3918.424805 0.000000 0.092495 0.000000 -0.995713 0.940986 0.940986 0.940986
3264.224121 0.000000 3929.509521 0.000000 0.075645 0.000000 -0.997135 0.703018 0.703018 0.703018
3264.113281 0.000000 3923.982666 0.000000 0.676707 0.000000 -0.736253 0.722716 0.722716 0.722716
3296.625732 0.000000 3939.354980 0.000000 0.817275 0.000000 -0.576248 0.633117 0.633117 0.633117
3287.821045 0.000000 3931.663330 0.000000 0.905308 0.000000 -0.424756 0.688713 0.688713 0.688713
3292.721191 0.000000 3931.627686 0.000000 0.166419 0.000000 -0.986055 0.717740 0.717740 0.717740
3272.762695 0.000000 3923.734619 0.000000 0.967800 0.000000 -0.251722 0.637354 0.637354 0.637354
3272.616699 0.000000 3935.666992 0.000000 0.864372 0.000000 -0.502852 0.642620 0.642620 0.642620
3292.521484 0.000000 3917.534668 0.000000 0.086170 0.000000 -0.996280 0.746765 0.746765 0.746765
3279.662109 0.000000 3939.269531 0.000000 0.325067 0.000000 -0.945691 0.926832 0.926832 0.926832
3267.801270 0.000000 3939.285889 0.000000 0.946258 0.000000 -0.323411 0.625652 0.625652 0.625652
3294.601807 0.000000 3919.541504 0.000000 0.097121 0.000000 -0.995273 0.694911 0.694911 0.694911
3264.561035 0.000000 3912.910400 0.000000 0.935870 0.000000 -0.352345 0.648004 0.648004 0.648004
3286.393799 0.000000 3927.452393 0.000000 0.973976 0.000000 -0.226652 0.621234 0.621234 0.621234
3280.802490 0.000000 3943.412842 0.000000 0.966054 0.000000 -0.258339 0.633662 0.633662 0.633662
3277.856445 0.000000 3931.354492 0.000000 0.709829 0.000000 -0.704374 0.669071 0.669071 0.669071
3276.934814 0.000000 3925.987549 0.000000 0.640499 0.000000 -0.767959 0.742971 0.742971 0.742971
3287.734375 0.000000 3918.314697 0.000000 0.493934 0.000000 -0.869499 0.800545 0.800545 0.800545
3282.268066 0.000000 3922.650146 0.000000 0.774312 0.000000 -0.632803 0.692370 0.692370 0.692370
3266.685059 0.000000 3920.549805 0.000000 0.550742 0.000000 -0.834676 0.719821 0.719821 0.719821
3264.640137 0.000000 3936.259766 0.000000 0.706895 0.000000 -0.707319 0.669438 0.669438 0.669438
3292.054199 0.000000 3933.864014 0.000000 0.148284 0.000000 -0.988945 0.734190 0.734190 0.734190
3270.854248 0.000000 3919.190674 0.000000 0.931499 0.000000 -0.363743 0.648516 0.648516 0.648516
3295.862793 0.000000 3914.228271 0.000000 0.527909 0.000000 -0.849301 0.782387 0.782387 0.782387
3284.078613 0.000000 3923.669434 0.000000 0.586631 0.000000 -0.809855 0.721596 0.721596 0.721596
3280.088379 0.000000 3934.547363 0.000000 0.719073 0.000000 -0.694935 0.703581 0.703581 0.703581
3319.500977 0.000000 3921.897217 0.000000 0.260682 0.000000 -0.965425 0.721390 0.721390 0.721390
3288.821045 0.000000 3916.510254 0.000000 0.960756 0.000000 -0.277395 0.707365 0.707365 0.707365
3284.369141 0.000000 3933.985352 0.000000 0.388454 0.000000 -0.921468 0.877343 0.877343 0.877343
3274.236816 0.000000 3929.366943 0.000000 0.404526 0.000000 -0.914526 0.722767 0.722767 0.722767
3289.403809 0.000000 3911.711426 0.000000 0.997366 0.000000 -0.072535 0.607177 0.607177 0.607177
3270.150879 0.000000 3929.972168 0.000000 0.748355 0.000000 -0.663299 0.685820 0.685820 0.685820
3294.403809 0.000000 3932.498291 0.000000 0.972871 0.000000 -0.231348 0.626228 0.626228 0.626228
3283.793213 0.000000 3919.806641 0.000000 0.476104 0.000000 -0.879389 0.711065 0.711065 0.711065
3285.223145 0.000000 3917.401855 0.000000 0.874355 0.000000 -0.485287 0.792024 0.792024 0.792024
3294.381836 0.000000 3912.560547 0.000000 0.977057 0.000000 -0.212979 0.620254 0.620254 0.620254
3269.278564 0.000000 3918.268555 0.000000 0.987991 0.000000 -0.154512 0.623935 0.623935 0.623935
3275.849854 0.000000 3937.515869 0.000000 0.450603 0.000000 -0.892724 0.740484 0.740484 0.740484
3279.643555 0.000000 3927.911865 0.000000 0.985052 0.000000 -0.172256 0.618412 0.618412 0.618412
3268.238037 0.000000 3912.119629 0.000000 0.987638 0.000000 -0.156752 0.631830 0.631830 0.631830
3295.695312 0.000000 3935.673584 0.000000 0.894567 0.000000 -0.446935 0.720764 0.720764 0.720764
3294.611572 0.000000 3951.496582 0.000000 0.864850 0.000000 -0.502031 0.667753 0.667753 0.667753
3288.650879 0.000000 3933.231689 0.000000 0.973967 0.000000 -0.226690 0.623293 0.623293 0.623293
3288.597168 0.000000 3953.249512 0.000000 0.281002 0.000000 -0.959707 0.788775 0.788775 0.788775
3271.691650 0.000000 3915.459717 0.000000 0.460330 0.000000 -0.887748 0.788184 0.788184 0.788184
3272.193359 0.000000 3937.915283 0.000000 0.819070 0.000000 -0.573694 0.722643 0.722643 0.722643
3281.329590 0.000000 3935.856934 0.000000 0.465653 0.000000 -0.884967 0.746465 0.746465 0.746465
3275.843994 0.000000 3927.441895 0.000000 0.107271 0.000000 -0.994230 1.020854 1.020854 1.020854
3269.915283 0.000000 3915.904297 0.000000 0.972097 0.000000 -0.234580 0.658169 0.658169 0.658169
3287.832764 0.000000 3914.937256 0.000000 0.986430 0.000000 -0.164182 0.638293 0.638293 0.638293
3288.798828 0.000000 3955.443604 0.000000 0.663028 0.000000 -0.748594 0.804012 0.804012 0.804012
3275.124268 0.000000 3926.040527 0.000000 0.917666 0.000000 -0.397354 0.717523 0.717523 0.717523
3269.135010 0.000000 3913.432861 0.000000 0.192799 0.000000 -0.981238 0.878414 0.878414 0.878414
3294.705566 0.000000 3915.560303 0.000000 0.988399 0.000000 -0.151877 0.627406 0.627406 0.627406
3291.565430 0.000000 3918.889160 0.000000 0.945349 0.000000 -0.326059 0.676617 0.676617 0.676617
3291.051270 0.000000 3917.230469 0.000000 0.532308 0.000000 -0.846551 0.881254 0.881254 0.881254
3285.245361 0.000000 3940.279297 0.000000 0.746527 0.000000 -0.665356 0.811547 0.811547 0.811547
3276.513916 0.000000 3942.137695 0.000000 0.204835 0.000000 -0.978796 0.822788 0.822788 0.822788
3271.721436 0.000000 3913.367188 0.000000 0.447346 0.000000 -0.894361 0.838782 0.838782 0.838782
3272.959961 0.000000 3922.185059 0.000000 0.999992 0.000000 -0.004089 0.600600 0.600600 0.600600
3286.465088 0.000000 3943.755615 0.000000 0.173421 0.000000 -0.984848 0.861481 0.861481 0.861481
3286.375732 0.000000 3931.228760 0.000000 0.663850 0.000000 -0.747865 0.770844 0.770844 0.770844
3288.828613 0.000000 3919.253418 0.000000 0.752694 0.000000 -0.658371 0.874505 0.874505 0.874505
3271.131348 0.000000 3924.199463 0.000000 0.266052 0.000000 -0.963959 1.097137 1.097137 1.097137
3281.516846 0.000000 3923.855469 0.000000 0.783454 0.000000 -0.621450 0.706477 0.706477 0.706477
3280.918701 0.000000 3939.916992 0.000000 0.999625 0.000000 -0.027367 0.609512 0.609512 0.609512
3294.290283 0.000000 3935.988770 0.000000 0.690162 0.000000 -0.723655 0.810879 0.810879 0.810879
3268.758789 0.000000 3929.763672 0.000000 0.432825 0.000000 -0.901478 0.800209 0.800209 0.800209
3292.992432 0.000000 3927.542969 0.000000 0.987114 0.000000 -0.160021 0.637795 0.637795 0.637795
3276.143799 0.000000 3918.640381 0.000000 0.178317 0.000000 -0.983973 1.012711 1.012711 1.012711
3285.640625 0.000000 3934.425781 0.000000 0.882446 0.000000 -0.470413 0.694638 0.694638 0.694638
3290.588379 0.000000 3926.212402 0.000000 0.808649 0.000000 -0.588291 0.710227 0.710227 0.710227
3273.570312 0.000000 3936.621094 0.000000 0.735505 0.000000 -0.677519 0.749415 0.749415 0.749415
3286.396484 0.000000 3918.015625 0.000000 0.885903 0.000000 -0.463870 0.691762 0.691762 0.691762
3272.075195 0.000000 3919.983887 0.000000 0.147193 0.000000 -0.989108 0.962381 0.962381 0.962381
3277.291260 0.000000 3937.511963 0.000000 0.489086 0.000000 -0.872235 0.863515 0.863515 0.863515
3282.811035 0.000000 3924.125244 0.000000 0.760305 0.000000 -0.649567 0.770508 0.770508 0.770508
3288.899658 0.000000 3917.788818 0.000000 0.980813 0.000000 -0.194952 0.674946 0.674946 0.674946
3106.974365 0.000000 3978.645752 0.000000 0.029918 0.000000 -0.999552 0.680784 0.680784 0.680784
3111.334229 0.000000 3978.726562 0.000000 0.991108 0.000000 -0.133057 0.605997 0.605997 0.605997
3108.475586 0.000000 3979.356934 0.000000 0.397790 0.000000 -0.917477 0.739210 0.739210 0.739210
3165.791260 0.000000 3960.291260 0.000000 0.979644 0.000000 -0.200744 0.610899 0.610899 0.610899
3160.574219 0.000000 3959.470459 0.000000 0.316328 0.000000 -0.948650 0.691670 0.691670 0.691670
3193.441650 0.000000 3968.577148 0.000000 0.847205 0.000000 -0.531266 0.629364 0.629364 0.629364
3162.187256 0.000000 3956.004639 0.000000 0.999997 0.000000 -0.002584 0.600987 0.600987 0.600987
3159.180176 0.000000 3993.007080 0.000000 0.970248 0.000000 -0.242115 0.620880 0.620880 0.620880
3167.862793 0.000000 3960.228271 0.000000 0.227268 0.000000 -0.973832 0.704495 0.704495 0.704495
3179.014404 0.000000 3974.161377 0.000000 0.212297 0.000000 -0.977205 0.795120 0.795120 0.795120
3154.783203 0.000000 3956.911621 0.000000 0.503493 0.000000 -0.863999 0.775009 0.775009 0.775009
3164.262451 0.000000 3956.209717 0.000000 0.732770 0.000000 -0.680477 0.709865 0.709865 0.709865
3158.362549 0.000000 3956.073730 0.000000 0.496960 0.000000 -0.867773 0.900611 0.900611 0.900611
3165.457764 0.000000 3957.415527 0.000000 0.998586 0.000000 -0.053162 0.607808 0.607808 0.607808
3162.736328 0.000000 3957.297363 0.000000 0.226234 0.000000 -0.974073 1.112830 1.112830 1.112830
3103.008057 0.000000 4022.138428 0.000000 0.313708 0.000000 -0.949520 0.718122 0.718122 0.718122
3072.377197 0.000000 4018.761719 0.000000 0.878855 0.000000 -0.477089 0.649169 0.649169 0.649169
3112.390625 0.000000 4041.006836 0.000000 0.863136 0.000000 -0.504971 0.645990 0.645990 0.645990
3075.296875 0.000000 4017.662598 0.000000 0.996569 0.000000 -0.082765 0.605585 0.605585 0.605585
3076.419922 0.000000 4008.562256 0.000000 0.998418 0.000000 -0.056223 0.602359 0.602359 0.602359
3102.900635 0.000000 4029.251953 0.000000 0.681169 0.000000 -0.732126 0.693515 0.693515 0.693515
3111.567627 0.000000 4043.455811 0.000000 0.298362 0.000000 -0.954453 0.710148 0.710148 0.710148
3112.233887 0.000000 4004.239502 0.000000 0.243638 0.000000 -0.969866 0.780569 0.780569 0.780569
3102.403809 0.000000 4024.498291 0.000000 0.639288 0.000000 -0.768967 0.735344 0.735344 0.735344
3073.991943 0.000000 4016.263428 0.000000 0.435102 0.000000 -0.900381 0.739328 0.739328 0.739328
3077.278564 0.000000 4010.268555 0.000000 0.127093 0.000000 -0.991891 0.779450 0.779450 0.779450
3103.571289 0.000000 4025.632568 0.000000 0.084163 0.000000 -0.996452 0.829352 0.829352 0.829352
3175.355225 0.000000 4033.266602 0.000000 0.546973 0.000000 -0.837151 0.665385 0.665385 0.665385
3164.179932 0.000000 4012.298828 0.000000 0.313768 0.000000 -0.949500 0.650621 0.650621 0.650621
3170.316162 0.000000 4020.715088 0.000000 0.265150 0.000000 -0.964207 0.693646 0.693646 0.693646
3172.463867 0.000000 4027.091309 0.000000 0.418158 0.000000 -0.908374 0.704109 0.704109 0.704109
3169.426758 0.000000 4015.757568 0.000000 0.654512 0.000000 -0.756052 0.666774 0.666774 0.666774
3173.130615 0.000000 4023.831787 0.000000 0.949819 0.000000 -0.312800 0.639554 0.639554 0.639554
3231.454346 0.000000 3971.792725 0.000000 0.537486 0.000000 -0.843273 0.706709 0.706709 0.706709
3241.998535 0.000000 3959.290527 0.000000 0.737442 0.000000 -0.675411 0.689970 0.689970 0.689970
3235.822021 0.000000 3959.237549 0.000000 0.900815 0.000000 -0.434203 0.639695 0.639695 0.639695
3202.481445 0.000000 3980.979980 0.000000 0.916236 0.000000 -0.400639 0.647545 0.647545 0.647545
3256.684570 0.000000 3983.223877 0.000000 0.701317 0.000000 -0.712849 0.702227 0.702227 0.702227
3212.934814 0.000000 3971.987549 0.000000 0.761064 0.000000 -0.648677 0.656037 0.656037 0.656037
3214.297607 0.000000 3970.293457 0.000000 0.959307 0.000000 -0.282363 0.621011 0.621011 0.621011
3235.760742 0.000000 3961.399170 0.000000 0.983587 0.000000 -0.180434 0.623100 0.623100 0.623100
3215.309082 0.000000 3967.284180 0.000000 0.152562 0.000000 -0.988294 0.731658 0.731658 0.731658
3247.418457 0.000000 3959.259033 0.000000 0.632905 0.000000 -0.774229 0.719377 0.719377 0.719377
3238.381836 0.000000 3958.430664 0.000000 0.797829 0.000000 -0.602883 0.683362 0.683362 0.683362
3212.747803 0.000000 3969.648682 0.000000 0.539240 0.000000 -0.842152 0.799476 0.799476 0.799476
3280.917480 0.000000 3956.235596 0.000000 0.538263 0.000000 -0.842777 0.618019 0.618019 0.618019
3265.629639 0.000000 3984.186523 0.000000 0.901611 0.000000 -0.432548 0.624792 0.624792 0.624792
3313.218994 0.000000 3957.048828 0.000000 0.962505 0.000000 -0.271263 0.629627 0.629627 0.629627
3291.903076 0.000000 3957.876465 0.000000 0.999787 0.000000 -0.020646 0.600557 0.600557 0.600557
3302.924072 0.000000 3960.246338 0.000000 0.978348 0.000000 -0.206968 0.628730 0.628730 0.628730
3265.790771 0.000000 3986.985596 0.000000 0.943442 0.000000 -0.331537 0.625816 0.625816 0.625816
3302.381836 0.000000 3958.430664 0.000000 0.976607 0.000000 -0.215030 0.626945 0.626945 0.626945
3202.295898 0.000000 4010.369873 0.000000 0.706311 0.000000 -0.707902 0.682471 0.682471 0.682471
3211.533447 0.000000 4004.888184 0.000000 0.247644 0.000000 -0.968851 0.696926 0.696926 0.696926
3202.685059 0.000000 4012.549805 0.000000 0.992606 0.000000 -0.121378 0.610936 0.610936 0.610936
3300.490479 0.000000 4013.104004 0.000000 0.253666 0.000000 -0.967292 0.765377 0.765377 0.765377
3363.048828 0.000000 3910.004150 0.000000 0.736106 0.000000 -0.676867 0.670164 0.670164 0.670164
3362.778809 0.000000 3911.775146 0.000000 0.991990 0.000000 -0.126315 0.611952 0.611952 0.611952
3518.286865 0.000000 3954.678711 0.000000 0.144630 0.000000 -0.989486 0.753758 0.753758 0.753758
3548.608154 0.000000 3954.936035 0.000000 0.401396 0.000000 -0.915904 0.671104 0.671104 0.671104
3557.400635 0.000000 3946.645020 0.000000 0.770427 0.000000 -0.637528 0.651775 0.651775 0.651775
3551.914307 0.000000 3950.268555 0.000000 0.964938 0.000000 -0.262477 0.656492 0.656492 0.656492
3540.183594 0.000000 3939.210205 0.000000 0.714270 0.000000 -0.699870 0.637159 0.637159 0.637159
3555.201660 0.000000 3944.185547 0.000000 0.953423 0.000000 -0.301636 0.629375 0.629375 0.629375
3554.996826 0.000000 3950.066895 0.000000 0.395464 0.000000 -0.918482 0.657550 0.657550 0.657550
3546.755859 0.000000 3940.402588 0.000000 0.619919 0.000000 -0.784666 0.650001 0.650001 0.650001
3522.429443 0.000000 3955.144287 0.000000 0.922913 0.000000 -0.385008 0.617168 0.617168 0.617168
3553.502197 0.000000 3951.860596 0.000000 0.969274 0.000000 -0.245986 0.665151 0.665151 0.665151
3550.611572 0.000000 3951.496582 0.000000 0.903730 0.000000 -0.428102 0.694099 0.694099 0.694099
3547.067139 0.000000 3947.336914 0.000000 0.422595 0.000000 -0.906319 0.741049 0.741049 0.741049
3452.353516 0.000000 3956.510498 0.000000 0.033092 0.000000 -0.999452 0.657584 0.657584 0.657584
3441.218994 0.000000 3957.048828 0.000000 0.967004 0.000000 -0.254763 0.613120 0.613120 0.613120
3409.461670 0.000000 3987.191650 0.000000 0.959055 0.000000 -0.283219 0.613334 0.613334 0.613334
3451.224609 0.000000 3959.993408 0.000000 0.913085 0.000000 -0.407770 0.616987 0.616987 0.616987
3402.743164 0.000000 3998.239014 0.000000 0.432643 0.000000 -0.901565 0.758177 0.758177 0.758177
3424.394775 0.000000 3974.164795 0.000000 0.044068 0.000000 -0.999029 0.766944 0.766944 0.766944
3412.369141 0.000000 3979.985352 0.000000 0.996972 0.000000 -0.077761 0.609794 0.609794 0.609794
3445.590088 0.000000 3960.854004 0.000000 0.977946 0.000000 -0.208856 0.632148 0.632148 0.632148
3425.626953 0.000000 3991.375488 0.000000 0.786863 0.000000 -0.617127 0.678704 0.678704 0.678704
3402.723145 0.000000 3999.773438 0.000000 0.951530 0.000000 -0.307557 0.644019 0.644019 0.644019
3384.936523 0.000000 4016.959229 0.000000 0.963796 0.000000 -0.266639 0.607682 0.607682 0.607682
3375.128906 0.000000 4035.551025 0.000000 0.450971 0.000000 -0.892539 0.697476 0.697476 0.697476
3381.367188 0.000000 4033.584961 0.000000 0.418226 0.000000 -0.908343 0.722875 0.722875 0.722875
3371.498291 0.000000 4041.680664 0.000000 0.918604 0.000000 -0.395180 0.649293 0.649293 0.649293
3387.625977 0.000000 4015.968262 0.000000 0.282081 0.000000 -0.959391 0.680833 0.680833 0.680833
3386.803711 0.000000 4012.193848 0.000000 0.875028 0.000000 -0.484072 0.656011 0.656011 0.656011
3386.518311 0.000000 4017.224121 0.000000 0.268696 0.000000 -0.963225 0.786763 0.786763 0.786763
3382.875977 0.000000 4033.169189 0.000000 0.804027 0.000000 -0.594592 0.687751 0.687751 0.687751
3398.214600 0.000000 4026.754395 0.000000 0.468971 0.000000 -0.883214 0.643788 0.643788 0.643788
3425.821045 0.000000 4028.769043 0.000000 0.994344 0.000000 -0.106204 0.604622 0.604622 0.604622
3403.275635 0.000000 4016.353271 0.000000 0.819747 0.000000 -0.572725 0.663943 0.663943 0.663943
3428.490479 0.000000 4013.104004 0.000000 0.936127 0.000000 -0.351662 0.609151 0.609151 0.609151
3431.482178 0.000000 4011.336670 0.000000 0.925233 0.000000 -0.379399 0.654211 0.654211 0.654211
3448.812500 0.000000 4019.821777 0.000000 0.887676 0.000000 -0.460469 0.638707 0.638707 0.638707
3404.934814 0.000000 4017.987549 0.000000 0.091780 0.000000 -0.995779 0.739562 0.739562 0.739562
3427.545166 0.000000 4028.622314 0.000000 0.936561 0.000000 -0.350506 0.639159 0.639159 0.639159
3504.376221 0.000000 3970.741455 0.000000 0.247829 0.000000 -0.968804 0.762180 0.762180 0.762180
3504.129395 0.000000 3992.498779 0.000000 0.165175 0.000000 -0.986264 0.740994 0.740994 0.740994
3486.078613 0.000000 3956.086182 0.000000 0.262729 0.000000 -0.964870 0.734876 0.734876 0.734876
3456.224121 0.000000 3975.509521 0.000000 0.858256 0.000000 -0.513222 0.625026 0.625026 0.625026
3474.251221 0.000000 3976.989258 0.000000 0.674154 0.000000 -0.738590 0.714517 0.714517 0.714517
3518.927979 0.000000 3956.151611 0.000000 0.911402 0.000000 -0.411516 0.619694 0.619694 0.619694
3518.784912 0.000000 3974.207520 0.000000 0.824181 0.000000 -0.566327 0.692887 0.692887 0.692887
3456.676758 0.000000 3979.625000 0.000000 0.982748 0.000000 -0.184948 0.623406 0.623406 0.623406
3513.292236 0.000000 3975.644287 0.000000 0.877503 0.000000 -0.479572 0.659937 0.659937 0.659937
3546.627197 0.000000 3961.704346 0.000000 0.768948 0.000000 -0.639312 0.700780 0.700780 0.700780
3541.332520 0.000000 3971.273438 0.000000 0.831131 0.000000 -0.556077 0.655646 0.655646 0.655646
3564.701660 0.000000 3956.086914 0.000000 0.826788 0.000000 -0.562514 0.645640 0.645640 0.645640
3537.678711 0.000000 3974.352051 0.000000 0.123711 0.000000 -0.992318 0.764704 0.764704 0.764704
3549.791260 0.000000 3960.291260 0.000000 0.963975 0.000000 -0.265991 0.619358 0.619358 0.619358
3538.421387 0.000000 3996.666748 0.000000 0.081217 0.000000 -0.996696 0.655779 0.655779 0.655779
3550.078613 0.000000 3956.086182 0.000000 0.023258 0.000000 -0.999730 0.669543 0.669543 0.669543
3562.077637 0.000000 3987.359131 0.000000 0.103019 0.000000 -0.994679 0.866001 0.866001 0.866001
3540.941895 0.000000 3956.791016 0.000000 0.708087 0.000000 -0.706125 0.639929 0.639929 0.639929
3543.027588 0.000000 3997.527344 0.000000 0.796199 0.000000 -0.605035 0.652562 0.652562 0.652562
3563.833984 0.000000 3987.593506 0.000000 0.173611 0.000000 -0.984814 0.853079 0.853079 0.853079
3583.962891 0.000000 4026.480957 0.000000 0.996613 0.000000 -0.082239 0.603947 0.603947 0.603947
3562.642334 0.000000 4009.503906 0.000000 0.388175 0.000000 -0.921586 0.747486 0.747486 0.747486
3524.912598 0.000000 4002.229736 0.000000 0.084941 0.000000 -0.996386 0.735759 0.735759 0.735759
3571.064209 0.000000 4027.990479 0.000000 0.999982 0.000000 -0.006014 0.600432 0.600432 0.600432
3547.426025 0.000000 4028.017822 0.000000 0.997338 0.000000 -0.072912 0.607543 0.607543 0.607543
3613.750488 0.000000 3985.706787 0.000000 0.960154 0.000000 -0.279473 0.614426 0.614426 0.614426
3595.275635 0.000000 3970.353271 0.000000 0.466325 0.000000 -0.884613 0.694322 0.694322 0.694322
3594.711426 0.000000 3961.653320 0.000000 0.861256 0.000000 -0.508171 0.639924 0.639924 0.639924
3623.334229 0.000000 3978.726562 0.000000 0.671166 0.000000 -0.741307 0.658787 0.658787 0.658787
3597.416504 0.000000 3968.135010 0.000000 0.547575 0.000000 -0.836757 0.666823 0.666823 0.666823
3584.721680 0.000000 3963.152832 0.000000 0.299042 0.000000 -0.954240 0.746149 0.746149 0.746149
3697.976562 0.000000 3985.901123 0.000000 0.193825 0.000000 -0.981036 1.125493 1.125493 1.125493
3698.515137 0.000000 3994.681641 0.000000 0.955469 0.000000 -0.295090 0.625576 0.625576 0.625576
3702.166016 0.000000 3983.894531 0.000000 0.962044 0.000000 -0.272894 0.606210 0.606210 0.606210
3695.200684 0.000000 3984.574463 0.000000 0.773901 0.000000 -0.633306 0.673966 0.673966 0.673966
3697.385498 0.000000 3983.592529 0.000000 0.525618 0.000000 -0.850721 0.871259 0.871259 0.871259
3703.627930 0.000000 3984.567139 0.000000 0.271776 0.000000 -0.962361 0.990072 0.990072 0.990072
3702.875977 0.000000 3987.169189 0.000000 0.873340 0.000000 -0.487111 0.794339 0.794339 0.794339
3699.837646 0.000000 3986.147217 0.000000 0.697133 0.000000 -0.716942 0.760459 0.760459 0.760459
3702.185059 0.000000 3988.995361 0.000000 0.077458 0.000000 -0.996996 0.812496 0.812496 0.812496
3682.723877 0.000000 4001.216309 0.000000 0.230622 0.000000 -0.973043 1.028930 1.028930 1.028930
3695.739014 0.000000 3996.403320 0.000000 0.664000 0.000000 -0.747732 0.834064 0.834064 0.834064
3698.396484 0.000000 3984.530029 0.000000 0.680073 0.000000 -0.733144 0.914337 0.914337 0.914337
3702.836426 0.000000 3985.735840 0.000000 0.736170 0.000000 -0.676797 0.823826 0.823826 0.823826
3703.565674 0.000000 3994.450928 0.000000 0.500310 0.000000 -0.865847 0.786603 0.786603 0.786603
3696.957764 0.000000 3984.819580 0.000000 0.538574 0.000000 -0.842578 0.982756 0.982756 0.982756
3699.694336 0.000000 4001.404541 0.000000 0.986322 0.000000 -0.164832 0.661017 0.661017 0.661017
3697.652588 0.000000 4000.091309 0.000000 0.278280 0.000000 -0.960500 1.092283 1.092283 1.092283
3610.627197 0.000000 4007.704346 0.000000 0.847721 0.000000 -0.530443 0.649414 0.649414 0.649414
3644.676758 0.000000 4043.996582 0.000000 0.424269 0.000000 -0.905536 0.652595 0.652595 0.652595
3602.783203 0.000000 4002.911621 0.000000 0.968374 0.000000 -0.249505 0.622286 0.622286 0.622286
3668.968506 0.000000 4044.449951 0.000000 0.348784 0.000000 -0.937203 1.005697 1.005697 1.005697
3648.380859 0.000000 4035.485352 0.000000 0.126443 0.000000 -0.991974 0.602163 0.602163 0.602163
3685.090820 0.000000 4044.382812 0.000000 0.998557 0.000000 -0.053699 0.620522 0.620522 0.620522
3708.759521 0.000000 4013.443848 0.000000 0.045226 0.000000 -0.998977 1.182719 1.182719 1.182719
3680.150635 0.000000 4004.069092 0.000000 0.892432 0.000000 -0.451181 0.761268 0.761268 0.761268
3683.661377 0.000000 4017.116699 0.000000 0.850440 0.000000 -0.526071 0.744388 0.744388 0.744388
3710.040771 0.000000 4017.734619 0.000000 0.376819 0.000000 -0.926287 1.004518 1.004518 1.004518
3682.974365 0.000000 4024.645752 0.000000 0.545387 0.000000 -0.838184 0.678910 0.678910 0.678910
3681.457275 0.000000 4046.145996 0.000000 0.039561 0.000000 -0.999217 1.184885 1.184885 1.184885
3689.998535 0.000000 4005.290527 0.000000 0.944309 0.000000 -0.329059 0.633150 0.633150 0.633150
3698.772705 0.000000 4036.739746 0.000000 0.532161 0.000000 -0.846643 0.985656 0.985656 0.985656
3701.979492 0.000000 4040.852539 0.000000 0.319170 0.000000 -0.947698 1.075915 1.075915 1.075915
3683.048828 0.000000 4002.004150 0.000000 0.194417 0.000000 -0.980919 1.125262 1.125262 1.125262
3661.170654 0.000000 4030.847900 0.000000 0.999942 0.000000 -0.010750 0.601031 0.601031 0.601031
3651.313477 0.000000 4036.643066 0.000000 0.880524 0.000000 -0.474002 0.636246 0.636246 0.636246
3696.129395 0.000000 4038.498779 0.000000 0.971878 0.000000 -0.235486 0.690802 0.690802 0.690802
3666.421387 0.000000 4042.666748 0.000000 0.877055 0.000000 -0.480390 0.635279 0.635279 0.635279
3711.310791 0.000000 4010.432373 0.000000 0.161231 0.000000 -0.986917 1.138144 1.138144 1.138144
3707.242432 0.000000 4018.676758 0.000000 0.314496 0.000000 -0.949259 0.648717 0.648717 0.648717
3708.576172 0.000000 4010.842041 0.000000 0.780506 0.000000 -0.625148 0.857954 0.857954 0.857954
3699.526611 0.000000 4003.642578 0.000000 0.642326 0.000000 -0.766432 0.692875 0.692875 0.692875
3687.580078 0.000000 4030.878906 0.000000 0.441381 0.000000 -0.897320 0.685077 0.685077 0.685077
3700.858398 0.000000 4035.731934 0.000000 0.782605 0.000000 -0.622519 0.856669 0.856669 0.856669
3684.830566 0.000000 4003.335449 0.000000 0.466457 0.000000 -0.884544 1.014636 1.014636 1.014636
3703.214844 0.000000 4039.137207 0.000000 0.764130 0.000000 -0.645063 0.818443 0.818443 0.818443
3680.933594 0.000000 4002.036133 0.000000 0.862522 0.000000 -0.506020 0.802660 0.802660 0.802660
3681.779053 0.000000 4005.483643 0.000000 0.951424 0.000000 -0.307884 0.707825 0.707825 0.707825
3698.372070 0.000000 4038.675293 0.000000 0.324258 0.000000 -0.945969 1.062713 1.062713 1.062713
3650.721191 0.000000 4034.707031 0.000000 0.859391 0.000000 -0.511320 0.645826 0.645826 0.645826
3695.418457 0.000000 4005.259033 0.000000 0.999674 0.000000 -0.025524 0.602562 0.602562 0.602562
3683.174316 0.000000 4044.870605 0.000000 0.784319 0.000000 -0.620358 0.855615 0.855615 0.855615
3679.683350 0.000000 4047.136475 0.000000 0.942493 0.000000 -0.334224 0.641348 0.641348 0.641348
3678.381836 0.000000 4004.560547 0.000000 0.337521 0.000000 -0.941318 0.796584 0.796584 0.796584
3682.778809 0.000000 4003.775146 0.000000 0.529668 0.000000 -0.848205 0.986780 0.986780 0.986780
3701.747314 0.000000 4042.719238 0.000000 0.365195 0.000000 -0.930931 0.739850 0.739850 0.739850
3709.413574 0.000000 4016.112305 0.000000 0.721984 0.000000 -0.691910 0.891877 0.891877 0.891877
3700.351807 0.000000 4041.515137 0.000000 0.853867 0.000000 -0.520492 0.809102 0.809102 0.809102
3711.008789 0.000000 4008.690430 0.000000 0.993664 0.000000 -0.112394 0.643022 0.643022 0.643022
3686.615234 0.000000 4045.065918 0.000000 0.839411 0.000000 -0.543496 0.819480 0.819480 0.819480
3708.384033 0.000000 4017.480469 0.000000 0.952089 0.000000 -0.305821 0.718717 0.718717 0.718717
3709.686035 0.000000 4009.628174 0.000000 0.290320 0.000000 -0.956930 1.087486 1.087486 1.087486
3670.391113 0.000000 4047.861328 0.000000 0.138160 0.000000 -0.990410 0.973286 0.973286 0.973286
3708.114258 0.000000 4009.292725 0.000000 0.639815 0.000000 -0.768529 0.934813 0.934813 0.934813
3694.517578 0.000000 4038.497314 0.000000 0.005189 0.000000 -0.999987 1.198018 1.198018 1.198018
3703.627930 0.000000 4030.567139 0.000000 0.318928 0.000000 -0.947779 0.964010 0.964010 0.964010
3700.259521 0.000000 4037.276367 0.000000 0.953430 0.000000 -0.301613 0.677561 0.677561 0.677561
3711.257812 0.000000 4003.812500 0.000000 0.468784 0.000000 -0.883313 0.737877 0.737877 0.737877
3702.875977 0.000000 4033.169189 0.000000 0.999088 0.000000 -0.042697 0.613243 0.613243 0.613243
3690.940918 0.000000 4032.044922 0.000000 0.768513 0.000000 -0.639834 0.707119 0.707119 0.707119
3699.837646 0.000000 4032.147217 0.000000 0.816455 0.000000 -0.577409 0.835123 0.835123 0.835123
3698.820068 0.000000 4035.128906 0.000000 0.589108 0.000000 -0.808054 0.959375 0.959375 0.959375
3696.661621 0.000000 4012.949707 0.000000 0.712783 0.000000 -0.701385 0.896921 0.896921 0.896921
3711.619141 0.000000 4017.425049 0.000000 0.755624 0.000000 -0.655006 0.843916 0.843916 0.843916
3699.461670 0.000000 4009.463867 0.000000 0.508613 0.000000 -0.860995 0.746047 0.746047 0.746047
3702.185059 0.000000 4034.995361 0.000000 0.367225 0.000000 -0.930132 0.846977 0.846977 0.846977
3697.106934 0.000000 4041.669434 0.000000 0.858495 0.000000 -0.512822 0.675013 0.675013 0.675013
3695.895996 0.000000 4034.267334 0.000000 0.274285 0.000000 -0.961648 0.803358 0.803358 0.803358
3701.897217 0.000000 4038.419189 0.000000 0.656309 0.000000 -0.754492 0.926540 0.926540 0.926540
3710.059570 0.000000 4011.256836 0.000000 0.975521 0.000000 -0.219906 0.684690 0.684690 0.684690
3696.989502 0.000000 4018.449219 0.000000 0.053168 0.000000 -0.998586 1.179682 1.179682 1.179682
3701.174316 0.000000 4015.547119 0.000000 0.895670 0.000000 -0.444720 0.776036 0.776036 0.776036
3695.967285 0.000000 4029.279785 0.000000 0.897887 0.000000 -0.440227 0.773440 0.773440 0.773440
3708.826904 0.000000 4018.848877 0.000000 0.029964 0.000000 -0.999551 1.188553 1.188553 1.188553
3697.010254 0.000000 4024.297119 0.000000 0.709164 0.000000 -0.705043 0.898887 0.898887 0.898887
3695.184814 0.000000 4022.078125 0.000000 0.588676 0.000000 -0.808369 0.959579 0.959579 0.959579
3692.330078 0.000000 4022.808838 0.000000 0.999887 0.000000 -0.015002 0.605731 0.605731 0.605731
3682.723877 0.000000 4047.216309 0.000000 0.996888 0.000000 -0.078829 0.630142 0.630142 0.630142
3685.244385 0.000000 4045.796631 0.000000 0.806724 0.000000 -0.590928 0.841486 0.841486 0.841486
3710.172363 0.000000 4013.819336 0.000000 0.906812 0.000000 -0.421535 0.716021 0.716021 0.716021
3698.396484 0.000000 4030.530029 0.000000 0.643827 0.000000 -0.765171 0.932815 0.932815 0.932815
3707.210938 0.000000 4010.634521 0.000000 0.996332 0.000000 -0.085569 0.632725 0.632725 0.632725
3711.705811 0.000000 4006.003906 0.000000 0.823700 0.000000 -0.567026 0.830287 0.830287 0.830287
3702.836426 0.000000 4031.735840 0.000000 0.763177 0.000000 -0.646190 0.805221 0.805221 0.805221
3696.458252 0.000000 4026.414062 0.000000 0.891555 0.000000 -0.452912 0.779538 0.779538 0.779538
3699.184326 0.000000 4020.546875 0.000000 0.986416 0.000000 -0.164264 0.663030 0.663030 0.663030
3703.441162 0.000000 4019.919922 0.000000 0.759910 0.000000 -0.650028 0.766415 0.766415 0.766415
3694.587891 0.000000 4039.862305 0.000000 0.846920 0.000000 -0.531720 0.814145 0.814145 0.814145
3708.212158 0.000000 4012.236328 0.000000 0.585377 0.000000 -0.810761 0.961136 0.961136 0.961136
3685.464844 0.000000 4016.518555 0.000000 0.113621 0.000000 -0.993524 1.058299 1.058299 1.058299
3685.096680 0.000000 4004.819336 0.000000 0.699315 0.000000 -0.714814 0.904186 0.904186 0.904186
3710.672852 0.000000 4016.433838 0.000000 0.996245 0.000000 -0.086575 0.629605 0.629605 0.629605
3682.571289 0.000000 4012.302246 0.000000 0.703130 0.000000 -0.711061 0.821571 0.821571 0.821571
3701.737549 0.000000 4016.731201 0.000000 0.680475 0.000000 -0.732771 0.914128 0.914128 0.914128
3701.449707 0.000000 4039.666748 0.000000 0.939532 0.000000 -0.342462 0.733513 0.733513 0.733513
3696.350586 0.000000 4019.628418 0.000000 0.352883 0.000000 -0.935668 1.062242 1.062242 1.062242
3722.046387 0.000000 3993.516357 0.000000 0.919599 0.000000 -0.392859 0.645963 0.645963 0.645963
3724.677246 0.000000 3993.507568 0.000000 0.997053 0.000000 -0.076720 0.613114 0.613114 0.613114
3714.295898 0.000000 4010.369873 0.000000 0.945833 0.000000 -0.324653 0.696085 0.696085 0.696085
3719.156738 0.000000 4009.085205 0.000000 0.999763 0.000000 -0.021775 0.605187 0.605187 0.605187
3718.423340 0.000000 4006.327393 0.000000 0.408435 0.000000 -0.912788 0.739539 0.739539 0.739539
3716.419922 0.000000 4008.562256 0.000000 0.194810 0.000000 -0.980841 1.125109 1.125109 1.125109
3717.278564 0.000000 4010.268555 0.000000 0.917229 0.000000 -0.398360 0.691448 0.691448 0.691448
3723.260254 0.000000 4003.272949 0.000000 0.513369 0.000000 -0.858168 0.938442 0.938442 0.938442
3713.529297 0.000000 4002.028076 0.000000 0.891845 0.000000 -0.452342 0.685077 0.685077 0.685077
3721.687500 0.000000 4003.421387 0.000000 0.081073 0.000000 -0.996708 1.168998 1.168998 1.168998
3089.777344 0.000000 4050.576172 0.000000 0.398274 0.000000 -0.917266 0.673052 0.673052 0.673052
3311.128906 0.000000 4081.551025 0.000000 0.848812 0.000000 -0.528695 0.629205 0.629205 0.629205
3302.630615 0.000000 4063.174072 0.000000 0.840063 0.000000 -0.542488 0.666995 0.666995 0.666995
3309.516602 0.000000 4083.269775 0.000000 0.890269 0.000000 -0.455434 0.636832 0.636832 0.636832
3313.976562 0.000000 4169.901367 0.000000 0.905072 0.000000 -0.425258 0.609869 0.609869 0.609869
3317.938232 0.000000 4164.762695 0.000000 0.995893 0.000000 -0.090534 0.605432 0.605432 0.605432
3326.813477 0.000000 4174.317871 0.000000 0.593456 0.000000 -0.804867 0.679871 0.679871 0.679871
3243.000732 0.000000 4210.128906 0.000000 0.662048 0.000000 -0.749462 0.683762 0.683762 0.683762
3254.166016 0.000000 4213.894531 0.000000 0.914966 0.000000 -0.403531 0.725684 0.725684 0.725684
3243.870605 0.000000 4208.174805 0.000000 0.673516 0.000000 -0.739173 0.820549 0.820549 0.820549
3272.395020 0.000000 4188.013672 0.000000 0.669272 0.000000 -0.743017 0.607528 0.607528 0.607528
3303.355225 0.000000 4217.266602 0.000000 0.669197 0.000000 -0.743085 0.605019 0.605019 0.605019
3276.014404 0.000000 4230.589355 0.000000 0.179344 0.000000 -0.983786 0.937419 0.937419 0.937419
3271.156738 0.000000 4193.084961 0.000000 0.349310 0.000000 -0.937007 0.663645 0.663645 0.663645
3305.832031 0.000000 4220.935059 0.000000 0.644006 0.000000 -0.765020 0.657411 0.657411 0.657411
3264.138184 0.000000 4191.328125 0.000000 0.833012 0.000000 -0.553256 0.741388 0.741388 0.741388
3326.537598 0.000000 4225.369629 0.000000 0.995921 0.000000 -0.090233 0.607309 0.607309 0.607309
3326.286865 0.000000 4230.678711 0.000000 0.937841 0.000000 -0.347064 0.713618 0.713618 0.713618
3302.024902 0.000000 4219.895996 0.000000 0.988001 0.000000 -0.154445 0.618350 0.618350 0.618350
3268.419922 0.000000 4192.562500 0.000000 0.999502 0.000000 -0.031562 0.605816 0.605816 0.605816
3309.619629 0.000000 4206.229980 0.000000 0.170434 0.000000 -0.985369 0.692241 0.692241 0.692241
3326.813477 0.000000 4220.317871 0.000000 0.982981 0.000000 -0.183708 0.627675 0.627675 0.627675
3272.616699 0.000000 4211.666992 0.000000 0.087186 0.000000 -0.996192 0.857773 0.857773 0.857773
3266.354736 0.000000 4191.626465 0.000000 0.419131 0.000000 -0.907926 0.717652 0.717652 0.717652
3327.261475 0.000000 4223.096680 0.000000 0.983037 0.000000 -0.183409 0.642826 0.642826 0.642826
3300.431641 0.000000 4218.417480 0.000000 0.878872 0.000000 -0.477058 0.721423 0.721423 0.721423
3296.394775 0.000000 4204.165039 0.000000 0.493416 0.000000 -0.869793 0.824359 0.824359 0.824359
3307.014404 0.000000 4204.161133 0.000000 0.713429 0.000000 -0.700728 0.673270 0.673270 0.673270
3273.068115 0.000000 4192.696777 0.000000 0.763391 0.000000 -0.645937 0.777774 0.777774 0.777774
3323.464355 0.000000 4222.975098 0.000000 0.298879 0.000000 -0.954291 1.084065 1.084065 1.084065
3273.850342 0.000000 4210.367188 0.000000 0.168855 0.000000 -0.985641 0.843460 0.843460 0.843460
3325.070312 0.000000 4226.343750 0.000000 0.392354 0.000000 -0.919814 0.734672 0.734672 0.734672
3320.152100 0.000000 4229.403320 0.000000 0.818732 0.000000 -0.574175 0.833613 0.833613 0.833613
3314.397461 0.000000 4226.442383 0.000000 0.998384 0.000000 -0.056826 0.609879 0.609879 0.609879
3269.915283 0.000000 4191.904297 0.000000 0.782737 0.000000 -0.622352 0.736847 0.736847 0.736847
3279.288086 0.000000 4229.477539 0.000000 0.954174 0.000000 -0.299252 0.638240 0.638240 0.638240
3301.940186 0.000000 4218.016602 0.000000 0.950767 0.000000 -0.309908 0.676935 0.676935 0.676935
3268.740479 0.000000 4190.943359 0.000000 0.996284 0.000000 -0.086132 0.617568 0.617568 0.617568
3322.463867 0.000000 4225.308105 0.000000 0.811300 0.000000 -0.584630 0.801099 0.801099 0.801099
3274.737305 0.000000 4190.127930 0.000000 0.628257 0.000000 -0.778006 0.825680 0.825680 0.825680
3301.941162 0.000000 4209.204102 0.000000 0.326849 0.000000 -0.945077 0.789126 0.789126 0.789126
3315.792969 0.000000 4228.644043 0.000000 0.926309 0.000000 -0.376766 0.660759 0.660759 0.660759
3319.594238 0.000000 4231.252930 0.000000 0.906267 0.000000 -0.422706 0.705906 0.705906 0.705906
3307.203613 0.000000 4220.265625 0.000000 0.248646 0.000000 -0.968594 0.999261 0.999261 0.999261
3299.341797 0.000000 4207.310547 0.000000 0.983709 0.000000 -0.179770 0.654963 0.654963 0.654963
3322.044434 0.000000 4222.986816 0.000000 0.826626 0.000000 -0.562751 0.828308 0.828308 0.828308
3328.380859 0.000000 4081.485352 0.000000 0.829959 0.000000 -0.557825 0.614183 0.614183 0.614183
3375.855713 0.000000 4053.161865 0.000000 0.184927 0.000000 -0.982752 0.620743 0.620743 0.620743
3353.497803 0.000000 4084.978760 0.000000 0.817231 0.000000 -0.576310 0.613801 0.613801 0.613801
3380.171143 0.000000 4092.156738 0.000000 0.839943 0.000000 -0.542674 0.643821 0.643821 0.643821
3379.064209 0.000000 4073.990479 0.000000 0.391695 0.000000 -0.920095 0.649002 0.649002 0.649002
3331.313477 0.000000 4082.643066 0.000000 0.039007 0.000000 -0.999239 0.650479 0.650479 0.650479
3377.385498 0.000000 4075.592529 0.000000 0.825576 0.000000 -0.564291 0.680831 0.680831 0.680831
3374.125000 0.000000 4054.086914 0.000000 0.875223 0.000000 -0.483720 0.662773 0.662773 0.662773
3383.369629 0.000000 4073.926270 0.000000 0.975433 0.000000 -0.220297 0.627948 0.627948 0.627948
3406.444336 0.000000 4053.209473 0.000000 0.792379 0.000000 -0.610030 0.669778 0.669778 0.669778
3440.376221 0.000000 4062.741455 0.000000 0.913702 0.000000 -0.406384 0.643254 0.643254 0.643254
3454.164062 0.000000 4051.022705 0.000000 0.948885 0.000000 -0.315622 0.615873 0.615873 0.615873
3442.114258 0.000000 4059.856934 0.000000 0.665822 0.000000 -0.746110 0.632801 0.632801 0.632801
3440.611328 0.000000 4056.737305 0.000000 0.471338 0.000000 -0.881952 0.667945 0.667945 0.667945
3397.982422 0.000000 4061.264160 0.000000 0.747569 0.000000 -0.664184 0.677255 0.677255 0.677255
3431.829102 0.000000 4084.462402 0.000000 0.921792 0.000000 -0.387685 0.642341 0.642341 0.642341
3428.431641 0.000000 4080.417236 0.000000 0.039004 0.000000 -0.999239 0.742259 0.742259 0.742259
3435.014404 0.000000 4066.161377 0.000000 0.995274 0.000000 -0.097110 0.612093 0.612093 0.612093
3370.453613 0.000000 4136.277832 0.000000 0.403771 0.000000 -0.914860 0.625955 0.625955 0.625955
3388.474609 0.000000 4119.510742 0.000000 0.932031 0.000000 -0.362380 0.612220 0.612220 0.612220
3346.193359 0.000000 4109.255859 0.000000 0.769677 0.000000 -0.638433 0.658086 0.658086 0.658086
3370.488770 0.000000 4138.972168 0.000000 0.615946 0.000000 -0.787789 0.691049 0.691049 0.691049
3386.369873 0.000000 4119.903320 0.000000 0.476854 0.000000 -0.878982 0.683635 0.683635 0.683635
3407.644775 0.000000 4133.188477 0.000000 0.098802 0.000000 -0.995107 0.630866 0.630866 0.630866
3433.998535 0.000000 4097.290527 0.000000 0.998170 0.000000 -0.060464 0.603172 0.603172 0.603172
3402.711426 0.000000 4099.653320 0.000000 0.872365 0.000000 -0.488856 0.619128 0.619128 0.619128
3404.905273 0.000000 4135.321777 0.000000 0.490888 0.000000 -0.871223 0.701398 0.701398 0.701398
3437.199951 0.000000 4138.374023 0.000000 0.712792 0.000000 -0.701376 0.681507 0.681507 0.681507
3428.380859 0.000000 4122.322754 0.000000 0.690677 0.000000 -0.723163 0.690816 0.690816 0.690816
3405.178711 0.000000 4101.708984 0.000000 0.754297 0.000000 -0.656533 0.678317 0.678317 0.678317
3401.085938 0.000000 4098.182129 0.000000 0.967099 0.000000 -0.254398 0.620036 0.620036 0.620036
3444.125488 0.000000 4111.462891 0.000000 0.939004 0.000000 -0.343905 0.649433 0.649433 0.649433
3449.848389 0.000000 4137.043945 0.000000 0.706893 0.000000 -0.707320 0.667085 0.667085 0.667085
3407.020996 0.000000 4101.144531 0.000000 0.992956 0.000000 -0.118485 0.612275 0.612275 0.612275
3435.686768 0.000000 4097.833984 0.000000 0.563714 0.000000 -0.825970 0.719381 0.719381 0.719381
3447.616211 0.000000 4113.327637 0.000000 0.573359 0.000000 -0.819304 0.733763 0.733763 0.733763
3456.138184 0.000000 4053.328125 0.000000 0.224632 0.000000 -0.974444 0.644298 0.644298 0.644298
3471.257812 0.000000 4064.179443 0.000000 0.920174 0.000000 -0.391510 0.642783 0.642783 0.642783
3469.178711 0.000000 4055.708740 0.000000 0.461713 0.000000 -0.887029 0.681702 0.681702 0.681702
3482.030518 0.000000 4092.287842 0.000000 0.599230 0.000000 -0.800577 0.641714 0.641714 0.641714
3477.688721 0.000000 4057.298828 0.000000 0.263896 0.000000 -0.964551 0.762091 0.762091 0.762091
3486.601807 0.000000 4057.541504 0.000000 0.617870 0.000000 -0.786280 0.648790 0.648790 0.648790
3456.561035 0.000000 4050.910400 0.000000 0.081365 0.000000 -0.996684 0.776243 0.776243 0.776243
3487.382812 0.000000 4061.509033 0.000000 0.104924 0.000000 -0.994480 0.801984 0.801984 0.801984
3567.855713 0.000000 4053.161865 0.000000 0.987750 0.000000 -0.156047 0.606337 0.606337 0.606337
3553.821045 0.000000 4074.769043 0.000000 0.625820 0.000000 -0.779968 0.684424 0.684424 0.684424
3576.936523 0.000000 4062.959229 0.000000 0.231687 0.000000 -0.972790 0.684114 0.684114 0.684114
3574.130371 0.000000 4066.425293 0.000000 0.505240 0.000000 -0.862979 0.660822 0.660822 0.660822
3569.497559 0.000000 4051.439941 0.000000 0.320005 0.000000 -0.947416 0.682061 0.682061 0.682061
3575.625977 0.000000 4064.470215 0.000000 0.695942 0.000000 -0.718098 0.705595 0.705595 0.705595
3552.022949 0.000000 4090.360840 0.000000 0.312028 0.000000 -0.950073 0.774618 0.774618 0.774618
3456.933838 0.000000 4136.710449 0.000000 0.951443 0.000000 -0.307825 0.622498 0.622498 0.622498
3517.227539 0.000000 4130.372559 0.000000 0.901832 0.000000 -0.432087 0.683660 0.683660 0.683660
3514.072266 0.000000 4126.936523 0.000000 0.980368 0.000000 -0.197174 0.652920 0.652920 0.652920
3464.991699 0.000000 4102.983398 0.000000 0.242836 0.000000 -0.970068 0.733030 0.733030 0.733030
3503.528809 0.000000 4132.967773 0.000000 0.881083 0.000000 -0.472962 0.624352 0.624352 0.624352
3516.168457 0.000000 4128.181641 0.000000 0.982477 0.000000 -0.186383 0.665714 0.665714 0.665714
3461.278564 0.000000 4102.268555 0.000000 0.679716 0.000000 -0.733475 0.677706 0.677706 0.677706
3502.517578 0.000000 4130.497559 0.000000 0.262255 0.000000 -0.964999 0.948071 0.948071 0.948071
3517.574951 0.000000 4127.400391 0.000000 0.031973 0.000000 -0.999489 0.987247 0.987247 0.987247
3514.451416 0.000000 4124.087402 0.000000 0.498723 0.000000 -0.866761 0.989567 0.989567 0.989567
3551.008057 0.000000 4114.138184 0.000000 0.969566 0.000000 -0.244830 0.610745 0.610745 0.610745
3535.821289 0.000000 4120.711426 0.000000 0.999993 0.000000 -0.003778 0.600159 0.600159 0.600159
3528.825439 0.000000 4126.309082 0.000000 0.673806 0.000000 -0.738908 0.845354 0.845354 0.845354
3520.607910 0.000000 4132.598633 0.000000 0.275806 0.000000 -0.961213 0.644491 0.644491 0.644491
3548.714355 0.000000 4135.500000 0.000000 0.893551 0.000000 -0.448961 0.657190 0.657190 0.657190
3522.481445 0.000000 4118.979980 0.000000 0.989696 0.000000 -0.143183 0.604950 0.604950 0.604950
3531.465576 0.000000 4127.256348 0.000000 0.975961 0.000000 -0.217946 0.619417 0.619417 0.619417
3547.184326 0.000000 4133.181152 0.000000 0.994152 0.000000 -0.107987 0.609238 0.609238 0.609238
3524.377441 0.000000 4120.895996 0.000000 0.999988 0.000000 -0.004887 0.601084 0.601084 0.601084
3520.889160 0.000000 4130.009277 0.000000 0.003947 0.000000 -0.999992 0.743169 0.743169 0.743169
3528.703857 0.000000 4123.856934 0.000000 0.637562 0.000000 -0.770399 0.702756 0.702756 0.702756
3520.041016 0.000000 4138.817871 0.000000 0.934351 0.000000 -0.356355 0.651304 0.651304 0.651304
3553.870850 0.000000 4114.841309 0.000000 0.358132 0.000000 -0.933671 0.747953 0.747953 0.747953
3524.416016 0.000000 4118.667480 0.000000 0.218307 0.000000 -0.975880 0.808398 0.808398 0.808398
3549.047607 0.000000 4137.228516 0.000000 0.508371 0.000000 -0.861138 0.965215 0.965215 0.965215
3546.811523 0.000000 4134.847656 0.000000 0.701700 0.000000 -0.712473 0.793625 0.793625 0.793625
3529.735107 0.000000 4127.574219 0.000000 0.825546 0.000000 -0.564335 0.776945 0.776945 0.776945
3328.933838 0.000000 4182.710449 0.000000 0.858746 0.000000 -0.512402 0.644322 0.644322 0.644322
3357.750488 0.000000 4169.706543 0.000000 0.240085 0.000000 -0.970752 0.723365 0.723365 0.723365
3384.900879 0.000000 4164.257812 0.000000 0.433495 0.000000 -0.901156 0.621857 0.621857 0.621857
3390.040771 0.000000 4155.734863 0.000000 0.033084 0.000000 -0.999453 0.752023 0.752023 0.752023
3388.474609 0.000000 4165.510742 0.000000 0.269883 0.000000 -0.962893 0.648590 0.648590 0.648590
3387.951172 0.000000 4162.495605 0.000000 0.396053 0.000000 -0.918227 0.643574 0.643574 0.643574
3354.097900 0.000000 4148.424805 0.000000 0.986642 0.000000 -0.162906 0.625492 0.625492 0.625492
3390.834473 0.000000 4153.113770 0.000000 0.237660 0.000000 -0.971348 0.677747 0.677747 0.677747
3386.904053 0.000000 4164.039551 0.000000 0.930498 0.000000 -0.366298 0.657862 0.657862 0.657862
3355.565430 0.000000 4148.889160 0.000000 0.080869 0.000000 -0.996725 0.832094 0.832094 0.832094
3372.550537 0.000000 4180.945801 0.000000 0.159115 0.000000 -0.987260 0.819812 0.819812 0.819812
3437.271973 0.000000 4177.504883 0.000000 0.993225 0.000000 -0.116211 0.624077 0.624077 0.624077
3429.090820 0.000000 4182.382812 0.000000 0.999995 0.000000 -0.003106 0.600019 0.600019 0.600019
3405.132080 0.000000 4158.447266 0.000000 0.852758 0.000000 -0.522306 0.673264 0.673264 0.673264
3424.116455 0.000000 4151.508301 0.000000 0.937730 0.000000 -0.347364 0.643044 0.643044 0.643044
3453.227539 0.000000 4176.372559 0.000000 0.224012 0.000000 -0.974586 0.986787 0.986787 0.986787
3447.166748 0.000000 4146.214844 0.000000 0.211642 0.000000 -0.977347 0.636603 0.636603 0.636603
3424.150635 0.000000 4142.068848 0.000000 0.420563 0.000000 -0.907263 0.618730 0.618730 0.618730
3407.644775 0.000000 4179.188477 0.000000 0.672713 0.000000 -0.739904 0.634935 0.634935 0.634935
3434.453613 0.000000 4182.277832 0.000000 0.813567 0.000000 -0.581472 0.629745 0.629745 0.629745
3422.968994 0.000000 4147.095215 0.000000 0.197205 0.000000 -0.980362 0.630834 0.630834 0.630834
3454.040771 0.000000 4155.734863 0.000000 0.762909 0.000000 -0.646506 0.634750 0.634750 0.634750
3422.212158 0.000000 4164.437500 0.000000 0.658809 0.000000 -0.752310 0.723731 0.723731 0.723731
3434.984863 0.000000 4160.147461 0.000000 0.994190 0.000000 -0.107637 0.602908 0.602908 0.602908
3438.092773 0.000000 4181.087891 0.000000 0.923163 0.000000 -0.384409 0.624232 0.624232 0.624232
3440.376221 0.000000 4154.741211 0.000000 0.998352 0.000000 -0.057390 0.602580 0.602580 0.602580
3425.802002 0.000000 4177.323242 0.000000 0.813559 0.000000 -0.581482 0.625098 0.625098 0.625098
3394.481445 0.000000 4164.979980 0.000000 0.399429 0.000000 -0.916764 0.707722 0.707722 0.707722
3436.232422 0.000000 4173.243164 0.000000 0.995237 0.000000 -0.097489 0.603510 0.603510 0.603510
3451.224609 0.000000 4143.993164 0.000000 0.686829 0.000000 -0.726819 0.667036 0.667036 0.667036
3451.242432 0.000000 4156.676758 0.000000 0.425203 0.000000 -0.905098 0.683059 0.683059 0.683059
3422.900635 0.000000 4167.251953 0.000000 0.551729 0.000000 -0.834023 0.706380 0.706380 0.706380
3422.872070 0.000000 4183.376465 0.000000 0.996094 0.000000 -0.088301 0.613774 0.613774 0.613774
3403.687012 0.000000 4160.744141 0.000000 0.595138 0.000000 -0.803624 0.647536 0.647536 0.647536
3454.813477 0.000000 4174.317871 0.000000 0.978685 0.000000 -0.205367 0.615491 0.615491 0.615491
3422.050293 0.000000 4172.296387 0.000000 0.100356 0.000000 -0.994952 0.723332 0.723332 0.723332
3404.106934 0.000000 4178.884766 0.000000 0.136319 0.000000 -0.990665 0.765404 0.765404 0.765404
3431.829102 0.000000 4176.462402 0.000000 0.973998 0.000000 -0.226557 0.618144 0.618144 0.618144
3400.703857 0.000000 4169.856934 0.000000 0.788813 0.000000 -0.614633 0.660482 0.660482 0.660482
3402.046387 0.000000 4177.516602 0.000000 0.176466 0.000000 -0.984307 0.860902 0.860902 0.860902
3424.605713 0.000000 4171.960449 0.000000 0.825787 0.000000 -0.563983 0.645776 0.645776 0.645776
3449.197754 0.000000 4145.085938 0.000000 0.998406 0.000000 -0.056434 0.603383 0.603383 0.603383
3437.516602 0.000000 4175.270020 0.000000 0.644892 0.000000 -0.764274 0.753762 0.753762 0.753762
3402.068604 0.000000 4175.014648 0.000000 0.586610 0.000000 -0.809869 0.665041 0.665041 0.665041
3450.218262 0.000000 4140.789551 0.000000 0.953964 0.000000 -0.299923 0.645172 0.645172 0.645172
3392.640137 0.000000 4166.259766 0.000000 0.451147 0.000000 -0.892450 0.700762 0.700762 0.700762
3428.431641 0.000000 4172.417480 0.000000 0.615014 0.000000 -0.788516 0.681642 0.681642 0.681642
3421.501465 0.000000 4179.526855 0.000000 0.863197 0.000000 -0.504868 0.638052 0.638052 0.638052
3427.738281 0.000000 4178.051758 0.000000 0.239091 0.000000 -0.970997 0.697574 0.697574 0.697574
3427.760742 0.000000 4145.398926 0.000000 0.712468 0.000000 -0.701704 0.680390 0.680390 0.680390
3436.546875 0.000000 4182.454102 0.000000 0.994952 0.000000 -0.100349 0.612497 0.612497 0.612497
3425.626953 0.000000 4175.375488 0.000000 0.954472 0.000000 -0.298301 0.645828 0.645828 0.645828
3424.283691 0.000000 4148.457031 0.000000 0.864796 0.000000 -0.502124 0.650431 0.650431 0.650431
3437.629395 0.000000 4179.320312 0.000000 0.715166 0.000000 -0.698954 0.737957 0.737957 0.737957
3402.271973 0.000000 4185.216309 0.000000 0.962999 0.000000 -0.269503 0.678480 0.678480 0.678480
3423.695312 0.000000 4165.673340 0.000000 0.750170 0.000000 -0.661245 0.704975 0.704975 0.704975
3453.531494 0.000000 4178.031738 0.000000 0.263607 0.000000 -0.964630 0.918397 0.918397 0.918397
3411.830322 0.000000 4181.361816 0.000000 0.502484 0.000000 -0.864587 0.740790 0.740790 0.740790
3438.517578 0.000000 4176.497559 0.000000 0.778170 0.000000 -0.628054 0.699682 0.699682 0.699682
3451.159668 0.000000 4182.266113 0.000000 0.525404 0.000000 -0.850853 0.741760 0.741760 0.741760
3420.789062 0.000000 4165.216309 0.000000 0.733780 0.000000 -0.679387 0.755519 0.755519 0.755519
3430.185791 0.000000 4180.847168 0.000000 0.903642 0.000000 -0.428289 0.666298 0.666298 0.666298
3448.864746 0.000000 4181.809082 0.000000 0.999076 0.000000 -0.042981 0.616423 0.616423 0.616423
3435.785645 0.000000 4178.136230 0.000000 0.928600 0.000000 -0.371082 0.652392 0.652392 0.652392
3403.711670 0.000000 4159.044434 0.000000 0.111437 0.000000 -0.993771 0.805453 0.805453 0.805453
3398.629150 0.000000 4175.642578 0.000000 0.976806 0.000000 -0.214125 0.638466 0.638466 0.638466
3399.430420 0.000000 4172.936035 0.000000 0.735391 0.000000 -0.677643 0.796290 0.796290 0.796290
3443.792969 0.000000 4182.644043 0.000000 0.970929 0.000000 -0.239366 0.660828 0.660828 0.660828
3431.205322 0.000000 4179.798828 0.000000 0.877599 0.000000 -0.479395 0.679385 0.679385 0.679385
3447.594238 0.000000 4185.252930 0.000000 0.339090 0.000000 -0.940754 0.803656 0.803656 0.803656
3420.200439 0.000000 4180.170410 0.000000 0.681651 0.000000 -0.731678 0.752454 0.752454 0.752454
3402.739258 0.000000 4176.281250 0.000000 0.306198 0.000000 -0.951968 0.835849 0.835849 0.835849
3445.170166 0.000000 4159.560059 0.000000 0.750982 0.000000 -0.660322 0.763137 0.763137 0.763137
3420.108398 0.000000 4174.499023 0.000000 0.402343 0.000000 -0.915489 0.995053 0.995053 0.995053
3436.164551 0.000000 4176.790527 0.000000 0.981026 0.000000 -0.193877 0.640333 0.640333 0.640333
3403.405273 0.000000 4177.776367 0.000000 0.990346 0.000000 -0.138618 0.626039 0.626039 0.626039
3379.950684 0.000000 4200.386230 0.000000 0.743602 0.000000 -0.668623 0.686664 0.686664 0.686664
3377.976562 0.000000 4215.901367 0.000000 0.931029 0.000000 -0.364946 0.674425 0.674425 0.674425
3336.395020 0.000000 4188.013672 0.000000 0.989218 0.000000 -0.146448 0.605064 0.605064 0.605064
3381.290039 0.000000 4186.017090 0.000000 0.772672 0.000000 -0.634805 0.644299 0.644299 0.644299
3332.531006 0.000000 4223.556641 0.000000 0.806641 0.000000 -0.591041 0.612314 0.612314 0.612314
3372.517578 0.000000 4216.009766 0.000000 0.345706 0.000000 -0.938343 0.625539 0.625539 0.625539
3362.803955 0.000000 4216.936035 0.000000 0.800677 0.000000 -0.599097 0.716430 0.716430 0.716430
3353.220947 0.000000 4227.629395 0.000000 0.973839 0.000000 -0.227239 0.611675 0.611675 0.611675
3369.400879 0.000000 4202.770020 0.000000 0.203681 0.000000 -0.979037 0.777975 0.777975 0.777975
3328.607910 0.000000 4224.598633 0.000000 0.658602 0.000000 -0.752491 0.691871 0.691871 0.691871
3384.780029 0.000000 4188.512695 0.000000 0.881750 0.000000 -0.471718 0.675792 0.675792 0.675792
3352.252930 0.000000 4199.946289 0.000000 0.705949 0.000000 -0.708262 0.670735 0.670735 0.670735
3384.150635 0.000000 4216.251465 0.000000 0.981290 0.000000 -0.192538 0.633085 0.633085 0.633085
3339.465576 0.000000 4219.256348 0.000000 0.608706 0.000000 -0.793396 0.657651 0.657651 0.657651
3334.423340 0.000000 4190.327148 0.000000 0.943542 0.000000 -0.331252 0.615172 0.615172 0.615172
3338.046387 0.000000 4223.516602 0.000000 0.745914 0.000000 -0.666042 0.845661 0.845661 0.845661
3375.078613 0.000000 4231.945312 0.000000 0.483453 0.000000 -0.875370 1.007259 1.007259 1.007259
3387.579346 0.000000 4216.968750 0.000000 0.988739 0.000000 -0.149651 0.632852 0.632852 0.632852
3350.285156 0.000000 4198.717285 0.000000 0.330088 0.000000 -0.943950 0.699848 0.699848 0.699848
3330.813477 0.000000 4224.802734 0.000000 0.686005 0.000000 -0.727597 0.769654 0.769654 0.769654
3375.520264 0.000000 4202.620117 0.000000 0.502348 0.000000 -0.864666 0.678228 0.678228 0.678228
3371.014404 0.000000 4204.161133 0.000000 0.108298 0.000000 -0.994118 1.110363 1.110363 1.110363
3378.372070 0.000000 4222.675293 0.000000 0.422990 0.000000 -0.906134 0.693430 0.693430 0.693430
3378.155518 0.000000 4199.737305 0.000000 0.788996 0.000000 -0.614398 0.694151 0.694151 0.694151
3332.911133 0.000000 4225.392090 0.000000 0.123561 0.000000 -0.992337 0.777725 0.777725 0.777725
3391.008789 0.000000 4192.690430 0.000000 0.781971 0.000000 -0.623315 0.806654 0.806654 0.806654
3374.557129 0.000000 4212.869141 0.000000 0.862770 0.000000 -0.505597 0.772301 0.772301 0.772301
3337.405518 0.000000 4196.702148 0.000000 0.041257 0.000000 -0.999149 0.771834 0.771834 0.771834
3328.065918 0.000000 4227.212402 0.000000 0.439723 0.000000 -0.898133 0.837275 0.837275 0.837275
3385.165771 0.000000 4214.873047 0.000000 0.475164 0.000000 -0.879897 0.835241 0.835241 0.835241
3368.220215 0.000000 4201.642090 0.000000 0.813887 0.000000 -0.581024 0.814528 0.814528 0.814528
3347.830322 0.000000 4227.361816 0.000000 0.819779 0.000000 -0.572680 0.736096 0.736096 0.736096
3380.259521 0.000000 4221.276367 0.000000 0.623582 0.000000 -0.781758 0.739814 0.739814 0.739814
3350.614014 0.000000 4229.066406 0.000000 0.915907 0.000000 -0.401390 0.669913 0.669913 0.669913
3378.820068 0.000000 4219.128906 0.000000 0.869350 0.000000 -0.494198 0.756408 0.756408 0.756408
3368.895020 0.000000 4209.570312 0.000000 0.181225 0.000000 -0.983442 0.868316 0.868316 0.868316
3350.394531 0.000000 4225.287109 0.000000 0.728435 0.000000 -0.685115 0.707405 0.707405 0.707405
3349.617432 0.000000 4222.706543 0.000000 0.779487 0.000000 -0.626418 0.786580 0.786580 0.786580
3381.897217 0.000000 4222.418945 0.000000 0.216051 0.000000 -0.976382 1.076284 1.076284 1.076284
3340.038086 0.000000 4220.604492 0.000000 0.997574 0.000000 -0.069618 0.611063 0.611063 0.611063
3375.967285 0.000000 4213.279785 0.000000 0.997584 0.000000 -0.069465 0.622598 0.622598 0.622598
3358.267090 0.000000 4230.810547 0.000000 0.253786 0.000000 -0.967260 0.936628 0.936628 0.936628
3338.739258 0.000000 4222.281250 0.000000 0.630218 0.000000 -0.776418 0.899611 0.899611 0.899611
3387.703613 0.000000 4221.514160 0.000000 0.113728 0.000000 -0.993512 1.156465 1.156465 1.156465
3368.202148 0.000000 4200.168945 0.000000 0.492916 0.000000 -0.870077 0.965177 0.965177 0.965177
3355.234619 0.000000 4231.236816 0.000000 0.430416 0.000000 -0.902631 0.858024 0.858024 0.858024
3348.055176 0.000000 4223.633301 0.000000 0.796040 0.000000 -0.605243 0.779172 0.779172 0.779172
3374.625977 0.000000 4230.628906 0.000000 0.653026 0.000000 -0.757335 0.928199 0.928199 0.928199
3337.535645 0.000000 4227.531738 0.000000 0.833886 0.000000 -0.551937 0.731372 0.731372 0.731372
3389.137695 0.000000 4216.730469 0.000000 0.719179 0.000000 -0.694825 0.767998 0.767998 0.767998
3382.245605 0.000000 4198.480469 0.000000 0.136165 0.000000 -0.990686 1.038262 1.038262 1.038262
3376.957764 0.000000 4214.819824 0.000000 0.938720 0.000000 -0.344681 0.670107 0.670107 0.670107
3353.849609 0.000000 4228.986328 0.000000 0.355713 0.000000 -0.934595 0.871227 0.871227 0.871227
3386.451416 0.000000 4216.087402 0.000000 0.978554 0.000000 -0.205991 0.645375 0.645375 0.645375
3401.853760 0.000000 4226.072266 0.000000 0.975264 0.000000 -0.221042 0.612687 0.612687 0.612687
3447.304199 0.000000 4227.863281 0.000000 0.918502 0.000000 -0.395417 0.656023 0.656023 0.656023
3394.295898 0.000000 4194.370117 0.000000 0.847971 0.000000 -0.530043 0.748117 0.748117 0.748117
3417.497803 0.000000 4222.978516 0.000000 0.359600 0.000000 -0.933107 0.686493 0.686493 0.686493
3408.112061 0.000000 4199.112793 0.000000 0.949694 0.000000 -0.313179 0.685887 0.685887 0.685887
3423.914307 0.000000 4226.268555 0.000000 0.685688 0.000000 -0.727895 0.873545 0.873545 0.873545
3434.642334 0.000000 4193.503906 0.000000 0.320039 0.000000 -0.947404 0.639164 0.639164 0.639164
3406.444336 0.000000 4191.209473 0.000000 0.071547 0.000000 -0.997437 0.656142 0.656142 0.656142
3400.358154 0.000000 4206.146484 0.000000 0.159477 0.000000 -0.987202 0.733121 0.733121 0.733121
3395.319824 0.000000 4198.867188 0.000000 0.984832 0.000000 -0.173512 0.631348 0.631348 0.631348
3453.913086 0.000000 4217.802734 0.000000 0.656114 0.000000 -0.754662 0.725532 0.725532 0.725532
3448.631104 0.000000 4196.169434 0.000000 0.993065 0.000000 -0.117564 0.613415 0.613415 0.613415
3419.550537 0.000000 4219.264648 0.000000 0.970908 0.000000 -0.239454 0.692362 0.692362 0.692362
3448.780029 0.000000 4188.512695 0.000000 0.900165 0.000000 -0.435549 0.622951 0.622951 0.622951
3400.030518 0.000000 4222.123535 0.000000 0.574266 0.000000 -0.818669 0.625860 0.625860 0.625860
3392.205322 0.000000 4197.292969 0.000000 0.999995 0.000000 -0.003289 0.600759 0.600759 0.600759
3454.910645 0.000000 4214.108398 0.000000 0.293279 0.000000 -0.956027 0.958530 0.958530 0.958530
3420.714355 0.000000 4227.500000 0.000000 0.544906 0.000000 -0.838497 0.823458 0.823458 0.823458
3406.741455 0.000000 4188.138184 0.000000 0.996081 0.000000 -0.088446 0.607694 0.607694 0.607694
3422.872070 0.000000 4229.376465 0.000000 0.732705 0.000000 -0.680546 0.649333 0.649333 0.649333
3405.178711 0.000000 4193.708984 0.000000 0.830830 0.000000 -0.556526 0.640668 0.640668 0.640668
3403.687012 0.000000 4206.744141 0.000000 0.983080 0.000000 -0.183178 0.659328 0.659328 0.659328
3417.237793 0.000000 4220.433594 0.000000 0.289603 0.000000 -0.957147 0.774068 0.774068 0.774068
3453.040771 0.000000 4215.262207 0.000000 0.108356 0.000000 -0.994112 0.989875 0.989875 0.989875
3445.723145 0.000000 4206.915527 0.000000 0.994536 0.000000 -0.104398 0.613787 0.613787 0.613787
3392.170898 0.000000 4194.992676 0.000000 0.990041 0.000000 -0.140776 0.623062 0.623062 0.623062
3406.297607 0.000000 4200.293457 0.000000 0.640720 0.000000 -0.767775 0.683919 0.683919 0.683919
3405.724609 0.000000 4196.024902 0.000000 0.779503 0.000000 -0.626399 0.714580 0.714580 0.714580
3407.309082 0.000000 4197.284180 0.000000 0.118667 0.000000 -0.992934 0.832700 0.832700 0.832700
3401.858643 0.000000 4207.518555 0.000000 0.963241 0.000000 -0.268640 0.625667 0.625667 0.625667
3447.500977 0.000000 4197.897461 0.000000 0.984750 0.000000 -0.173976 0.666794 0.666794 0.666794
3442.372070 0.000000 4222.675293 0.000000 0.935047 0.000000 -0.354523 0.649400 0.649400 0.649400
3397.794434 0.000000 4227.667969 0.000000 0.521565 0.000000 -0.853212 0.835782 0.835782 0.835782
3447.369629 0.000000 4211.926270 0.000000 0.860828 0.000000 -0.508896 0.790340 0.790340 0.790340
3396.911133 0.000000 4225.392090 0.000000 0.829480 0.000000 -0.558536 0.826364 0.826364 0.826364
3423.098389 0.000000 4224.651855 0.000000 0.990667 0.000000 -0.136308 0.642397 0.642397 0.642397
3393.550537 0.000000 4198.511719 0.000000 0.292130 0.000000 -0.956379 0.876787 0.876787 0.876787
3422.611572 0.000000 4227.496582 0.000000 0.857409 0.000000 -0.514635 0.781385 0.781385 0.781385
3404.977539 0.000000 4187.919434 0.000000 0.062250 0.000000 -0.998061 1.160390 1.160390 1.160390
3444.351807 0.000000 4225.515137 0.000000 0.542403 0.000000 -0.840118 0.822634 0.822634 0.822634
3399.691650 0.000000 4191.459961 0.000000 0.753698 0.000000 -0.657221 0.739646 0.739646 0.739646
3446.950928 0.000000 4196.153320 0.000000 0.029198 0.000000 -0.999574 1.188846 1.188846 1.188846
3443.837646 0.000000 4216.147461 0.000000 0.940797 0.000000 -0.338970 0.669932 0.669932 0.669932
3394.204590 0.000000 4229.599609 0.000000 0.924127 0.000000 -0.382086 0.749753 0.749753 0.749753
3445.475098 0.000000 4209.335449 0.000000 0.151165 0.000000 -0.988509 1.033630 1.033630 1.033630
3414.394531 0.000000 4225.287109 0.000000 0.989670 0.000000 -0.143361 0.626074 0.626074 0.626074
3444.860352 0.000000 4194.075195 0.000000 0.490445 0.000000 -0.871472 0.977254 0.977254 0.977254
3417.048340 0.000000 4224.399414 0.000000 0.568092 0.000000 -0.822965 0.850489 0.850489 0.850489
3414.465088 0.000000 4219.755859 0.000000 0.993021 0.000000 -0.117936 0.619832 0.619832 0.619832
3430.143066 0.000000 4221.389648 0.000000 0.113449 0.000000 -0.993544 0.879377 0.879377 0.879377
3401.010254 0.000000 4204.622070 0.000000 0.171175 0.000000 -0.985241 0.924766 0.924766 0.924766
3447.337402 0.000000 4210.295410 0.000000 0.767444 0.000000 -0.641116 0.848112 0.848112 0.848112
3448.784424 0.000000 4211.630859 0.000000 0.969617 0.000000 -0.244627 0.642572 0.642572 0.642572
3418.636963 0.000000 4220.313477 0.000000 0.294774 0.000000 -0.955567 0.950471 0.950471 0.950471
3423.749023 0.000000 4219.014648 0.000000 0.664991 0.000000 -0.746851 0.803379 0.803379 0.803379
3404.143799 0.000000 4194.640625 0.000000 0.663323 0.000000 -0.748334 0.795052 0.795052 0.795052
3448.315918 0.000000 4217.630859 0.000000 0.478925 0.000000 -0.877856 0.831096 0.831096 0.831096
3446.245605 0.000000 4198.480469 0.000000 0.755662 0.000000 -0.654961 0.739063 0.739063 0.739063
3392.184082 0.000000 4198.687012 0.000000 0.932273 0.000000 -0.361754 0.680396 0.680396 0.680396
3443.694336 0.000000 4231.404785 0.000000 0.997166 0.000000 -0.075231 0.628763 0.628763 0.628763
3441.652588 0.000000 4230.091309 0.000000 0.057610 0.000000 -0.998339 1.177983 1.177983 1.177983
3487.008057 0.000000 4160.138184 0.000000 0.145732 0.000000 -0.989324 0.932883 0.932883 0.932883
3471.821289 0.000000 4166.711426 0.000000 0.814255 0.000000 -0.580507 0.611133 0.611133 0.611133
3482.627197 0.000000 4145.704102 0.000000 0.640193 0.000000 -0.768214 0.693170 0.693170 0.693170
3458.295898 0.000000 4148.370117 0.000000 0.600783 0.000000 -0.799412 0.705454 0.705454 0.705454
3488.116455 0.000000 4151.508301 0.000000 0.965104 0.000000 -0.261868 0.632942 0.632942 0.632942
3498.642334 0.000000 4147.503906 0.000000 0.851417 0.000000 -0.524489 0.750519 0.750519 0.750519
3457.887939 0.000000 4161.718262 0.000000 0.405943 0.000000 -0.913899 0.641443 0.641443 0.641443
3473.678711 0.000000 4158.352051 0.000000 0.876474 0.000000 -0.481449 0.639878 0.639878 0.639878
3487.454346 0.000000 4155.792969 0.000000 0.207091 0.000000 -0.978322 0.769359 0.769359 0.769359
3463.664062 0.000000 4151.259277 0.000000 0.562623 0.000000 -0.826713 0.739953 0.739953 0.739953
3460.308838 0.000000 4158.438477 0.000000 0.999879 0.000000 -0.015575 0.601587 0.601587 0.601587
3461.199463 0.000000 4161.652832 0.000000 0.443221 0.000000 -0.896413 0.744865 0.744865 0.744865
3514.408447 0.000000 4147.445801 0.000000 0.898286 0.000000 -0.439411 0.670873 0.670873 0.670873
3460.837646 0.000000 4150.047852 0.000000 0.687003 0.000000 -0.726654 0.690167 0.690167 0.690167
3456.224121 0.000000 4159.509766 0.000000 0.849615 0.000000 -0.527404 0.665741 0.665741 0.665741
3506.248291 0.000000 4146.557129 0.000000 0.886077 0.000000 -0.463539 0.700355 0.700355 0.700355
3509.971924 0.000000 4142.648438 0.000000 0.986048 0.000000 -0.166460 0.656616 0.656616 0.656616
3484.721191 0.000000 4161.627441 0.000000 0.706479 0.000000 -0.707734 0.728380 0.728380 0.728380
3510.609619 0.000000 4153.732422 0.000000 0.790413 0.000000 -0.612575 0.822211 0.822211 0.822211
3492.933838 0.000000 4157.309570 0.000000 0.369991 0.000000 -0.929035 0.687476 0.687476 0.687476
3462.619629 0.000000 4158.123535 0.000000 0.803208 0.000000 -0.595698 0.699412 0.699412 0.699412
3482.292480 0.000000 4160.342773 0.000000 0.026878 0.000000 -0.999639 0.942276 0.942276 0.942276
3458.685059 0.000000 4150.549805 0.000000 0.986437 0.000000 -0.164143 0.615314 0.615314 0.615314
3480.821045 0.000000 4146.510254 0.000000 0.477230 0.000000 -0.878778 0.698071 0.698071 0.698071
3463.186768 0.000000 4161.873535 0.000000 0.774207 0.000000 -0.632932 0.796077 0.796077 0.796077
3491.409180 0.000000 4153.281738 0.000000 0.262393 0.000000 -0.964961 0.738822 0.738822 0.738822
3460.774658 0.000000 4151.821289 0.000000 0.240003 0.000000 -0.970772 0.747252 0.747252 0.747252
3494.494141 0.000000 4145.952148 0.000000 0.965312 0.000000 -0.261100 0.686657 0.686657 0.686657
3516.903809 0.000000 4144.153320 0.000000 0.342798 0.000000 -0.939409 1.020630 1.020630 1.020630
3489.240723 0.000000 4150.234863 0.000000 0.884335 0.000000 -0.466853 0.660390 0.660390 0.660390
3496.552734 0.000000 4144.197266 0.000000 0.918147 0.000000 -0.396240 0.674455 0.674455 0.674455
3510.950928 0.000000 4150.153320 0.000000 0.734612 0.000000 -0.678488 0.737392 0.737392 0.737392
3470.662109 0.000000 4165.541992 0.000000 0.609765 0.000000 -0.792583 0.730212 0.730212 0.730212
3506.116699 0.000000 4144.904785 0.000000 0.916784 0.000000 -0.399383 0.671388 0.671388 0.671388
3458.014160 0.000000 4156.660645 0.000000 0.611211 0.000000 -0.791467 0.851697 0.851697 0.851697
3512.694092 0.000000 4146.534180 0.000000 0.201946 0.000000 -0.979397 0.853995 0.853995 0.853995
3507.461670 0.000000 4147.463867 0.000000 0.875320 0.000000 -0.483545 0.705085 0.705085 0.705085
3459.402832 0.000000 4157.188477 0.000000 0.546298 0.000000 -0.837591 0.873650 0.873650 0.873650
3483.301025 0.000000 4161.653809 0.000000 0.967625 0.000000 -0.252391 0.656565 0.656565 0.656565
3459.583008 0.000000 4154.235352 0.000000 0.441104 0.000000 -0.897456 0.791894 0.791894 0.791894
3498.981201 0.000000 4146.166992 0.000000 0.248158 0.000000 -0.968720 0.959867 0.959867 0.959867
3487.320068 0.000000 4161.464844 0.000000 0.998266 0.000000 -0.058869 0.613764 0.613764 0.613764
3510.245605 0.000000 4152.480469 0.000000 0.249541 0.000000 -0.968364 1.044410 1.044410 1.044410
3520.056885 0.000000 4140.552734 0.000000 0.970694 0.000000 -0.240318 0.605817 0.605817 0.605817
3541.332520 0.000000 4155.273438 0.000000 0.717284 0.000000 -0.696781 0.693535 0.693535 0.693535
3552.116455 0.000000 4151.508301 0.000000 0.559482 0.000000 -0.828842 0.624880 0.624880 0.624880
3549.750488 0.000000 4169.706543 0.000000 0.582990 0.000000 -0.812479 0.641198 0.641198 0.641198
3567.663574 0.000000 4165.591797 0.000000 0.595422 0.000000 -0.803413 0.682457 0.682457 0.682457
3540.216064 0.000000 4143.416992 0.000000 0.947755 0.000000 -0.318999 0.637448 0.637448 0.637448
3531.275635 0.000000 4154.353516 0.000000 0.601460 0.000000 -0.798903 0.740015 0.740015 0.740015
3567.128906 0.000000 4173.550781 0.000000 0.133208 0.000000 -0.991088 0.630139 0.630139 0.630139
3554.803955 0.000000 4170.936035 0.000000 0.814011 0.000000 -0.580849 0.721617 0.721617 0.721617
3532.547119 0.000000 4140.236328 0.000000 0.259254 0.000000 -0.965809 0.776410 0.776410 0.776410
3561.832031 0.000000 4174.935059 0.000000 0.994530 0.000000 -0.104448 0.622257 0.622257 0.622257
3551.454346 0.000000 4155.792969 0.000000 0.677993 0.000000 -0.735068 0.623502 0.623502 0.623502
3556.490479 0.000000 4151.104004 0.000000 0.043141 0.000000 -0.999069 0.675514 0.675514 0.675514
3535.600586 0.000000 4149.242676 0.000000 0.918024 0.000000 -0.396524 0.658021 0.658021 0.658021
3554.142334 0.000000 4148.778809 0.000000 0.145449 0.000000 -0.989366 0.856115 0.856115 0.856115
3568.129395 0.000000 4176.499023 0.000000 0.774247 0.000000 -0.632884 0.801192 0.801192 0.801192
3531.533447 0.000000 4142.888184 0.000000 0.692249 0.000000 -0.721659 0.907944 0.907944 0.907944
3526.423340 0.000000 4144.327148 0.000000 0.239973 0.000000 -0.970780 1.017887 1.017887 1.017887
3546.097900 0.000000 4148.424805 0.000000 0.167260 0.000000 -0.985913 0.736579 0.736579 0.736579
3562.077637 0.000000 4171.359375 0.000000 0.793679 0.000000 -0.608336 0.753796 0.753796 0.753796
3552.625732 0.000000 4169.354980 0.000000 0.822126 0.000000 -0.569305 0.685280 0.685280 0.685280
3533.178711 0.000000 4147.708984 0.000000 0.983576 0.000000 -0.180493 0.614408 0.614408 0.614408
3550.311768 0.000000 4157.882812 0.000000 0.802952 0.000000 -0.596044 0.793218 0.793218 0.793218
3540.590088 0.000000 4145.686035 0.000000 0.884182 0.000000 -0.467142 0.647325 0.647325 0.647325
3557.170166 0.000000 4170.434570 0.000000 0.895239 0.000000 -0.445587 0.656035 0.656035 0.656035
3555.895752 0.000000 4160.008789 0.000000 0.482710 0.000000 -0.875780 1.007583 1.007583 1.007583
3532.484131 0.000000 4144.703613 0.000000 0.856480 0.000000 -0.516180 0.725118 0.725118 0.725118
3535.309082 0.000000 4151.284180 0.000000 0.936587 0.000000 -0.350436 0.665430 0.665430 0.665430
3525.179443 0.000000 4156.559570 0.000000 0.060901 0.000000 -0.998144 0.871399 0.871399 0.871399
3570.372070 0.000000 4176.675293 0.000000 0.279889 0.000000 -0.960032 0.787017 0.787017 0.787017
3567.700684 0.000000 4163.293945 0.000000 0.132389 0.000000 -0.991198 0.727089 0.727089 0.727089
3529.068115 0.000000 4146.696777 0.000000 0.874094 0.000000 -0.485757 0.725366 0.725366 0.725366
3580.391357 0.000000 4167.447266 0.000000 0.308066 0.000000 -0.951365 0.937209 0.937209 0.937209
3554.508545 0.000000 4168.695801 0.000000 0.832892 0.000000 -0.553436 0.767796 0.767796 0.767796
3520.721680 0.000000 4147.152832 0.000000 0.815519 0.000000 -0.578731 0.668411 0.668411 0.668411
3546.003906 0.000000 4150.657715 0.000000 0.964135 0.000000 -0.265412 0.646275 0.646275 0.646275
3555.409180 0.000000 4153.281738 0.000000 0.969128 0.000000 -0.246558 0.637691 0.637691 0.637691
3528.291016 0.000000 4157.329102 0.000000 0.161403 0.000000 -0.986889 1.138078 1.138078 1.138078
3546.322998 0.000000 4164.595215 0.000000 0.048494 0.000000 -0.998823 0.862231 0.862231 0.862231
3537.015869 0.000000 4156.695801 0.000000 0.689012 0.000000 -0.724750 0.694718 0.694718 0.694718
3562.203613 0.000000 4173.215332 0.000000 0.612824 0.000000 -0.790219 0.837486 0.837486 0.837486
3555.676758 0.000000 4149.564453 0.000000 0.219869 0.000000 -0.975529 0.842506 0.842506 0.842506
3527.691650 0.000000 4145.459961 0.000000 0.836212 0.000000 -0.548407 0.782592 0.782592 0.782592
3556.475586 0.000000 4163.356934 0.000000 0.662233 0.000000 -0.749298 0.923531 0.923531 0.923531
3529.866211 0.000000 4142.735840 0.000000 0.931102 0.000000 -0.364759 0.652573 0.652573 0.652573
3531.843994 0.000000 4157.441895 0.000000 0.985235 0.000000 -0.171207 0.638401 0.638401 0.638401
3525.915283 0.000000 4145.904297 0.000000 0.427009 0.000000 -0.904247 1.031481 1.031481 1.031481
3543.832764 0.000000 4144.937012 0.000000 0.681577 0.000000 -0.731746 0.763540 0.763540 0.763540
3563.833984 0.000000 4171.593262 0.000000 0.985223 0.000000 -0.171276 0.640480 0.640480 0.640480
3531.260254 0.000000 4141.272949 0.000000 0.790358 0.000000 -0.612645 0.725443 0.725443 0.725443
3552.532227 0.000000 4159.728516 0.000000 0.143523 0.000000 -0.989647 1.144988 1.144988 1.144988
3562.940918 0.000000 4170.044922 0.000000 0.708026 0.000000 -0.706186 0.784400 0.784400 0.784400
3525.135010 0.000000 4143.433105 0.000000 0.902629 0.000000 -0.430419 0.678649 0.678649 0.678649
3551.156250 0.000000 4168.814941 0.000000 0.036871 0.000000 -0.999320 0.802198 0.802198 0.802198
3548.789062 0.000000 4165.216309 0.000000 0.951642 0.000000 -0.307210 0.669694 0.669694 0.669694
3555.650635 0.000000 4169.702148 0.000000 0.994558 0.000000 -0.104188 0.629863 0.629863 0.629863
3543.916016 0.000000 4157.141113 0.000000 0.918180 0.000000 -0.396164 0.698236 0.698236 0.698236
3557.941162 0.000000 4163.204102 0.000000 0.532361 0.000000 -0.846518 0.985566 0.985566 0.985566
3571.857422 0.000000 4178.142578 0.000000 0.881659 0.000000 -0.471888 0.757531 0.757531 0.757531
3553.635498 0.000000 4163.149902 0.000000 0.740630 0.000000 -0.671913 0.881433 0.881433 0.881433
3537.469238 0.000000 4159.805176 0.000000 0.380005 0.000000 -0.924984 0.819362 0.819362 0.819362
3555.341797 0.000000 4161.310547 0.000000 0.919027 0.000000 -0.394195 0.754772 0.754772 0.754772
3548.992432 0.000000 4157.542969 0.000000 0.472326 0.000000 -0.881424 0.818169 0.818169 0.818169
3532.143799 0.000000 4148.640625 0.000000 0.323776 0.000000 -0.946134 0.860267 0.860267 0.860267
3522.615234 0.000000 4142.801270 0.000000 0.446594 0.000000 -0.894737 0.812412 0.812412 0.812412
3554.571289 0.000000 4150.302246 0.000000 0.998945 0.000000 -0.045921 0.612386 0.612386 0.612386
3462.984863 0.000000 4201.695801 0.000000 0.995171 0.000000 -0.098154 0.625182 0.625182 0.625182
3471.600586 0.000000 4195.242676 0.000000 0.318434 0.000000 -0.947945 0.740062 0.740062 0.740062
3466.711426 0.000000 4191.653320 0.000000 0.385702 0.000000 -0.922624 0.807657 0.807657 0.807657
3458.481445 0.000000 4210.979980 0.000000 0.165656 0.000000 -0.986184 0.806158 0.806158 0.806158
3469.178711 0.000000 4193.708984 0.000000 0.894963 0.000000 -0.446140 0.645719 0.645719 0.645719
3465.068115 0.000000 4192.696777 0.000000 0.539000 0.000000 -0.842306 0.886547 0.886547 0.886547
3471.020996 0.000000 4193.144531 0.000000 0.561936 0.000000 -0.827181 0.725482 0.725482 0.725482
3467.976562 0.000000 4197.444824 0.000000 0.312496 0.000000 -0.949919 1.078602 1.078602 1.078602
3457.102783 0.000000 4210.951172 0.000000 0.863807 0.000000 -0.503824 0.743950 0.743950 0.743950
3466.338379 0.000000 4195.097656 0.000000 0.188273 0.000000 -0.982117 1.127653 1.127653 1.127653
3463.869141 0.000000 4194.216797 0.000000 0.598275 0.000000 -0.801291 0.903510 0.903510 0.903510
3464.075195 0.000000 4195.983887 0.000000 0.995143 0.000000 -0.098437 0.618757 0.618757 0.618757
3079.430420 0.000000 4310.936035 0.000000 0.291205 0.000000 -0.956661 0.959141 0.959141 0.959141
3247.091309 0.000000 4243.206543 0.000000 0.997726 0.000000 -0.067397 0.613842 0.613842 0.613842
3256.900879 0.000000 4256.257812 0.000000 0.936673 0.000000 -0.350206 0.694863 0.694863 0.694863
3207.664062 0.000000 4243.259277 0.000000 0.551723 0.000000 -0.834028 0.682741 0.682741 0.682741
3248.376221 0.000000 4246.741211 0.000000 0.663234 0.000000 -0.748412 0.726675 0.726675 0.726675
3239.482178 0.000000 4241.336426 0.000000 0.994360 0.000000 -0.106061 0.608277 0.608277 0.608277
3204.837646 0.000000 4242.047852 0.000000 0.998979 0.000000 -0.045182 0.602099 0.602099 0.602099
3218.193359 0.000000 4247.255859 0.000000 0.197870 0.000000 -0.980228 0.828058 0.828058 0.828058
3240.065674 0.000000 4238.741699 0.000000 0.692917 0.000000 -0.721017 0.709767 0.709767 0.709767
3233.426758 0.000000 4245.757812 0.000000 0.960779 0.000000 -0.277315 0.696811 0.696811 0.696811
3256.684570 0.000000 4259.223633 0.000000 0.607224 0.000000 -0.794530 0.689404 0.689404 0.689404
3219.754639 0.000000 4248.994629 0.000000 0.181533 0.000000 -0.983385 0.824586 0.824586 0.824586
3234.322021 0.000000 4243.661621 0.000000 0.999218 0.000000 -0.039538 0.606220 0.606220 0.606220
3206.854248 0.000000 4241.190918 0.000000 0.608123 0.000000 -0.793842 0.808811 0.808811 0.808811
3235.409180 0.000000 4245.281738 0.000000 0.584465 0.000000 -0.811419 0.781492 0.781492 0.781492
3219.870117 0.000000 4247.170410 0.000000 0.271766 0.000000 -0.962363 0.815414 0.815414 0.815414
3232.520996 0.000000 4244.783691 0.000000 0.146874 0.000000 -0.989155 1.090391 1.090391 1.090391
3247.489502 0.000000 4245.728516 0.000000 0.980335 0.000000 -0.197341 0.653858 0.653858 0.653858
3273.853760 0.000000 4272.072266 0.000000 0.673748 0.000000 -0.738961 0.720820 0.720820 0.720820
3326.040771 0.000000 4247.734863 0.000000 0.994679 0.000000 -0.103027 0.635558 0.635558 0.635558
3264.138184 0.000000 4237.328125 0.000000 0.986698 0.000000 -0.162562 0.607582 0.607582 0.607582
3303.334229 0.000000 4254.726562 0.000000 0.853417 0.000000 -0.521229 0.665704 0.665704 0.665704
3299.048828 0.000000 4232.003906 0.000000 0.533389 0.000000 -0.845870 0.930735 0.930735 0.930735
3317.938232 0.000000 4256.762695 0.000000 0.925773 0.000000 -0.378081 0.668532 0.668532 0.668532
3317.882568 0.000000 4248.049316 0.000000 0.352952 0.000000 -0.935641 1.009648 1.009648 1.009648
3305.603271 0.000000 4254.243164 0.000000 0.966182 0.000000 -0.257860 0.616408 0.616408 0.616408
3272.160156 0.000000 4273.802734 0.000000 0.967452 0.000000 -0.253056 0.637173 0.637173 0.637173
3324.837158 0.000000 4250.294434 0.000000 0.029676 0.000000 -0.999560 1.068622 1.068622 1.068622
3303.430664 0.000000 4252.854980 0.000000 0.610189 0.000000 -0.792256 0.805478 0.805478 0.805478
3326.497559 0.000000 4236.744629 0.000000 0.914409 0.000000 -0.404791 0.666796 0.666796 0.666796
3327.257812 0.000000 4233.812500 0.000000 0.768694 0.000000 -0.639617 0.812071 0.812071 0.812071
3327.619141 0.000000 4247.424805 0.000000 0.999075 0.000000 -0.042997 0.614818 0.614818 0.614818
3327.705811 0.000000 4236.003906 0.000000 0.931810 0.000000 -0.362947 0.659532 0.659532 0.659532
3272.912354 0.000000 4277.294434 0.000000 0.995567 0.000000 -0.094052 0.616508 0.616508 0.616508
3321.383545 0.000000 4235.739258 0.000000 0.212895 0.000000 -0.977075 1.118053 1.118053 1.118053
3326.672852 0.000000 4246.434082 0.000000 0.298045 0.000000 -0.954552 1.036909 1.036909 1.036909
3295.914307 0.000000 4318.268555 0.000000 0.817513 0.000000 -0.575910 0.722268 0.722268 0.722268
3278.149902 0.000000 4310.001953 0.000000 0.577806 0.000000 -0.816174 0.794502 0.794502 0.794502
3326.164062 0.000000 4281.022461 0.000000 0.984907 0.000000 -0.173084 0.613811 0.613811 0.613811
3275.687012 0.000000 4298.744141 0.000000 0.397259 0.000000 -0.917706 0.666158 0.666158 0.666158
3277.061768 0.000000 4304.147949 0.000000 0.183380 0.000000 -0.983042 0.718371 0.718371 0.718371
3269.982422 0.000000 4291.264160 0.000000 0.912528 0.000000 -0.409015 0.631559 0.631559 0.631559
3277.856445 0.000000 4299.354492 0.000000 1.000000 0.000000 -0.000615 0.600063 0.600063 0.600063
3297.427734 0.000000 4317.111816 0.000000 0.945393 0.000000 -0.325932 0.674596 0.674596 0.674596
3308.056641 0.000000 4306.219727 0.000000 0.279750 0.000000 -0.960073 0.900804 0.900804 0.900804
3276.894043 0.000000 4308.687500 0.000000 0.995210 0.000000 -0.097760 0.623174 0.623174 0.623174
3279.706787 0.000000 4309.030762 0.000000 0.116483 0.000000 -0.993193 0.800382 0.800382 0.800382
3281.928223 0.000000 4320.462402 0.000000 0.966429 0.000000 -0.256932 0.670840 0.670840 0.670840
3282.065674 0.000000 4323.312012 0.000000 0.896807 0.000000 -0.442421 0.646682 0.646682 0.646682
3294.611572 0.000000 4319.496582 0.000000 0.659495 0.000000 -0.751709 0.769470 0.769470 0.769470
3273.866211 0.000000 4280.735840 0.000000 0.371429 0.000000 -0.928461 0.908443 0.908443 0.908443
3279.950928 0.000000 4310.339355 0.000000 0.248824 0.000000 -0.968549 0.868772 0.868772 0.868772
3280.498291 0.000000 4320.575195 0.000000 0.999979 0.000000 -0.006534 0.601781 0.601781 0.601781
3187.763916 0.000000 4343.772949 0.000000 0.035205 0.000000 -0.999380 1.087641 1.087641 1.087641
3189.723145 0.000000 4344.915527 0.000000 0.086114 0.000000 -0.996285 0.831274 0.831274 0.831274
3167.683350 0.000000 4369.136230 0.000000 0.249680 0.000000 -0.968329 0.809344 0.809344 0.809344
3134.813477 0.000000 4404.317871 0.000000 0.351022 0.000000 -0.936367 0.879616 0.879616 0.879616
3135.261475 0.000000 4407.096680 0.000000 0.896281 0.000000 -0.443486 0.681216 0.681216 0.681216
3135.280518 0.000000 4413.253418 0.000000 0.970853 0.000000 -0.239676 0.652207 0.652207 0.652207
3134.612549 0.000000 4405.744629 0.000000 0.967087 0.000000 -0.254447 0.659349 0.659349 0.659349
3135.481689 0.000000 4410.349609 0.000000 0.999697 0.000000 -0.024618 0.605901 0.605901 0.605901
3135.849854 0.000000 4405.162598 0.000000 0.923518 0.000000 -0.383556 0.690806 0.690806 0.690806
3136.933838 0.000000 4412.710449 0.000000 0.693062 0.000000 -0.720878 0.907513 0.907513 0.907513
3144.395020 0.000000 4372.013672 0.000000 0.649008 0.000000 -0.760781 0.783888 0.783888 0.783888
3153.678711 0.000000 4388.352051 0.000000 0.231921 0.000000 -0.972735 0.916371 0.916371 0.916371
3139.906982 0.000000 4410.958984 0.000000 0.045933 0.000000 -0.998945 0.659387 0.659387 0.659387
3146.179932 0.000000 4387.430176 0.000000 0.726498 0.000000 -0.687168 0.705537 0.705537 0.705537
3151.257812 0.000000 4386.179199 0.000000 0.598598 0.000000 -0.801050 0.914512 0.914512 0.914512
3154.362549 0.000000 4397.380371 0.000000 0.399436 0.000000 -0.916761 0.985712 0.985712 0.985712
3151.523926 0.000000 4389.680176 0.000000 0.213732 0.000000 -0.976892 0.776636 0.776636 0.776636
3145.085938 0.000000 4374.182129 0.000000 0.238225 0.000000 -0.971210 0.950703 0.950703 0.950703
3139.820312 0.000000 4413.343262 0.000000 0.553198 0.000000 -0.833050 0.746011 0.746011 0.746011
3150.297607 0.000000 4384.293457 0.000000 0.959453 0.000000 -0.281869 0.635954 0.635954 0.635954
3154.180908 0.000000 4399.354492 0.000000 0.768814 0.000000 -0.639472 0.689378 0.689378 0.689378
3146.236816 0.000000 4389.366699 0.000000 0.901027 0.000000 -0.433762 0.694089 0.694089 0.694089
3155.102539 0.000000 4392.628418 0.000000 0.677053 0.000000 -0.735934 0.694153 0.694153 0.694153
3140.896729 0.000000 4384.760742 0.000000 0.088507 0.000000 -0.996076 0.915267 0.915267 0.915267
3156.743408 0.000000 4403.683105 0.000000 0.278396 0.000000 -0.960466 0.769870 0.769870 0.769870
3146.271973 0.000000 4415.216309 0.000000 0.435203 0.000000 -0.900332 0.776240 0.776240 0.776240
3151.643555 0.000000 4387.912109 0.000000 0.073611 0.000000 -0.997287 1.106823 1.106823 1.106823
3159.555664 0.000000 4404.827148 0.000000 0.302062 0.000000 -0.953288 0.910500 0.910500 0.910500
3136.065918 0.000000 4411.212402 0.000000 0.993387 0.000000 -0.114815 0.612927 0.612927 0.612927
3145.866211 0.000000 4372.735840 0.000000 0.104984 0.000000 -0.994474 0.911746 0.911746 0.911746
3137.798828 0.000000 4404.162598 0.000000 0.904842 0.000000 -0.425749 0.659948 0.659948 0.659948
3147.124268 0.000000 4386.040527 0.000000 0.996682 0.000000 -0.081399 0.611352 0.611352 0.611352
3138.204590 0.000000 4413.599609 0.000000 0.805705 0.000000 -0.592317 0.694009 0.694009 0.694009
3146.723145 0.000000 4413.773438 0.000000 0.361555 0.000000 -0.932351 0.882412 0.882412 0.882412
3144.369141 0.000000 4410.252441 0.000000 0.902998 0.000000 -0.429644 0.682488 0.682488 0.682488
3147.711670 0.000000 4389.044434 0.000000 0.989828 0.000000 -0.142267 0.629936 0.629936 0.629936
3139.402832 0.000000 4387.188477 0.000000 0.953720 0.000000 -0.300696 0.716663 0.716663 0.716663
3158.465088 0.000000 4403.755859 0.000000 0.513183 0.000000 -0.858279 0.804036 0.804036 0.804036
3160.513428 0.000000 4405.922363 0.000000 0.533666 0.000000 -0.845695 0.767578 0.767578 0.767578
3153.469238 0.000000 4389.805176 0.000000 0.278128 0.000000 -0.960544 0.905060 0.905060 0.905060
3144.641113 0.000000 4370.627930 0.000000 0.678746 0.000000 -0.734373 0.880437 0.880437 0.880437
3139.583008 0.000000 4384.235352 0.000000 0.631768 0.000000 -0.775157 0.938795 0.938795 0.938795
3156.976562 0.000000 4380.479004 0.000000 0.940247 0.000000 -0.340494 0.721263 0.721263 0.721263
3145.687500 0.000000 4371.421387 0.000000 0.385831 0.000000 -0.922570 0.999429 0.999429 0.999429
3227.947510 0.000000 4342.508301 0.000000 0.741672 0.000000 -0.670763 0.668283 0.668283 0.668283
3218.251221 0.000000 4344.989258 0.000000 0.419857 0.000000 -0.907590 0.903296 0.903296 0.903296
3233.870850 0.000000 4344.841309 0.000000 0.001927 0.000000 -0.999998 0.773904 0.773904 0.773904
3245.925537 0.000000 4349.020508 0.000000 0.518472 0.000000 -0.855094 0.695261 0.695261 0.695261
3219.102539 0.000000 4346.628418 0.000000 0.661193 0.000000 -0.750216 0.841457 0.841457 0.841457
3217.386963 0.000000 4347.116211 0.000000 0.287558 0.000000 -0.957763 0.839504 0.839504 0.839504
3224.657471 0.000000 4344.260254 0.000000 0.498600 0.000000 -0.866832 0.918923 0.918923 0.918923
3227.301025 0.000000 4345.653809 0.000000 0.074582 0.000000 -0.997215 1.001160 1.001160 1.001160
3244.310059 0.000000 4347.516602 0.000000 0.795447 0.000000 -0.606024 0.733607 0.733607 0.733607
3234.730957 0.000000 4347.896973 0.000000 0.809620 0.000000 -0.586955 0.744704 0.744704 0.744704
3309.633057 0.000000 4341.389160 0.000000 0.955535 0.000000 -0.294877 0.620177 0.620177 0.620177
3288.574219 0.000000 4327.470703 0.000000 0.426741 0.000000 -0.904374 0.750635 0.750635 0.750635
3313.610840 0.000000 4347.691895 0.000000 0.911633 0.000000 -0.411005 0.683114 0.683114 0.683114
3300.020264 0.000000 4368.619629 0.000000 0.597694 0.000000 -0.801725 0.828507 0.828507 0.828507
3278.660889 0.000000 4368.955566 0.000000 0.159128 0.000000 -0.987258 0.703564 0.703564 0.703564
3274.743164 0.000000 4366.239258 0.000000 0.758614 0.000000 -0.651541 0.706295 0.706295 0.706295
3311.520264 0.000000 4340.620117 0.000000 0.959535 0.000000 -0.281589 0.621807 0.621807 0.621807
3309.593750 0.000000 4339.354492 0.000000 0.897333 0.000000 -0.441355 0.666417 0.666417 0.666417
3301.816895 0.000000 4369.116699 0.000000 0.817616 0.000000 -0.575764 0.750722 0.750722 0.750722
3313.440918 0.000000 4349.454590 0.000000 0.043010 0.000000 -0.999075 1.057699 1.057699 1.057699
3287.832764 0.000000 4328.937012 0.000000 0.999975 0.000000 -0.007087 0.601306 0.601306 0.601306
3310.159180 0.000000 4342.765625 0.000000 0.992067 0.000000 -0.125708 0.637571 0.637571 0.637571
3312.458252 0.000000 4348.414062 0.000000 0.678778 0.000000 -0.734344 0.847068 0.847068 0.847068
3251.950684 0.000000 4384.386230 0.000000 0.265651 0.000000 -0.964069 0.777466 0.777466 0.777466
3227.550537 0.000000 4403.264648 0.000000 0.897123 0.000000 -0.441781 0.613709 0.613709 0.613709
3227.903076 0.000000 4371.876465 0.000000 0.749839 0.000000 -0.661621 0.619493 0.619493 0.619493
3215.600586 0.000000 4379.242676 0.000000 0.979539 0.000000 -0.201254 0.611231 0.611231 0.611231
3206.423340 0.000000 4374.327148 0.000000 0.998001 0.000000 -0.063204 0.606916 0.606916 0.606916
3250.211182 0.000000 4391.360840 0.000000 0.701721 0.000000 -0.712452 0.693839 0.693839 0.693839
3226.637939 0.000000 4373.528809 0.000000 0.154707 0.000000 -0.987960 0.735697 0.735697 0.735697
3250.271484 0.000000 4385.711914 0.000000 0.804413 0.000000 -0.594070 0.686709 0.686709 0.686709
3215.309082 0.000000 4381.284180 0.000000 0.667997 0.000000 -0.744164 0.843894 0.843894 0.843894
3225.403809 0.000000 4371.711426 0.000000 0.983411 0.000000 -0.181393 0.629235 0.629235 0.629235
3219.793213 0.000000 4379.806641 0.000000 0.940120 0.000000 -0.340844 0.673982 0.673982 0.673982
3235.420654 0.000000 4406.100586 0.000000 0.043071 0.000000 -0.999072 1.165236 1.165236 1.165236
3214.929443 0.000000 4370.389160 0.000000 0.299054 0.000000 -0.954236 0.972012 0.972012 0.972012
3212.977539 0.000000 4371.919434 0.000000 0.382874 0.000000 -0.923801 0.723508 0.723508 0.723508
3216.048584 0.000000 4375.790039 0.000000 0.134189 0.000000 -0.990956 0.905489 0.905489 0.905489
3230.818848 0.000000 4405.526367 0.000000 0.111249 0.000000 -0.993793 1.157418 1.157418 1.157418
3204.740479 0.000000 4374.943359 0.000000 0.465388 0.000000 -0.885107 0.925567 0.925567 0.925567
3251.743164 0.000000 4385.972168 0.000000 0.993897 0.000000 -0.110316 0.615068 0.615068 0.615068
3248.989502 0.000000 4386.449219 0.000000 0.861141 0.000000 -0.508366 0.711835 0.711835 0.711835
3236.113770 0.000000 4388.553711 0.000000 0.588014 0.000000 -0.808851 0.814524 0.814524 0.814524
3214.668213 0.000000 4382.893066 0.000000 0.037478 0.000000 -0.999297 0.962893 0.962893 0.962893
3228.456299 0.000000 4408.499023 0.000000 0.877249 0.000000 -0.480037 0.694501 0.694501 0.694501
3247.017334 0.000000 4385.259277 0.000000 0.799634 0.000000 -0.600488 0.799720 0.799720 0.799720
3228.108398 0.000000 4404.499023 0.000000 0.130651 0.000000 -0.991428 0.949381 0.949381 0.949381
3218.866699 0.000000 4373.287598 0.000000 0.417688 0.000000 -0.908590 0.880027 0.880027 0.880027
3248.350586 0.000000 4387.628418 0.000000 0.072192 0.000000 -0.997391 0.914259 0.914259 0.914259
3220.524902 0.000000 4378.665039 0.000000 0.193487 0.000000 -0.981103 0.944232 0.944232 0.944232
3247.145752 0.000000 4382.483887 0.000000 0.960879 0.000000 -0.276969 0.707196 0.707196 0.707196
3295.008057 0.000000 4390.138184 0.000000 0.897811 0.000000 -0.440382 0.654647 0.654647 0.654647
3272.395020 0.000000 4372.013672 0.000000 0.981119 0.000000 -0.193404 0.634694 0.634694 0.634694
3306.453613 0.000000 4412.277832 0.000000 0.992511 0.000000 -0.122151 0.628982 0.628982 0.628982
3265.887939 0.000000 4391.718262 0.000000 0.270957 0.000000 -0.962591 0.776716 0.776716 0.776716
3281.678711 0.000000 4388.352051 0.000000 0.414725 0.000000 -0.909947 0.706167 0.706167 0.706167
3268.308838 0.000000 4388.438477 0.000000 0.999847 0.000000 -0.017481 0.602854 0.602854 0.602854
3309.890869 0.000000 4378.017090 0.000000 0.989998 0.000000 -0.141082 0.616963 0.616963 0.616963
3269.199463 0.000000 4391.652832 0.000000 0.301176 0.000000 -0.953569 0.649262 0.649262 0.649262
3279.257812 0.000000 4386.179199 0.000000 0.215090 0.000000 -0.976594 0.697354 0.697354 0.697354
3298.996826 0.000000 4410.066895 0.000000 0.652958 0.000000 -0.757394 0.708124 0.708124 0.708124
3264.224121 0.000000 4389.509766 0.000000 0.538068 0.000000 -0.842902 0.667586 0.667586 0.667586
3308.199707 0.000000 4375.509277 0.000000 0.646139 0.000000 -0.763219 0.752173 0.752173 0.752173
3274.063477 0.000000 4370.137695 0.000000 0.856028 0.000000 -0.516929 0.807510 0.807510 0.807510
3287.734375 0.000000 4378.314941 0.000000 0.740733 0.000000 -0.671800 0.692688 0.692688 0.692688
3264.676758 0.000000 4393.625000 0.000000 0.566204 0.000000 -0.824265 0.701594 0.701594 0.701594
3267.421875 0.000000 4390.330566 0.000000 0.440839 0.000000 -0.897586 0.698476 0.698476 0.698476
3296.394775 0.000000 4388.165039 0.000000 0.150105 0.000000 -0.988670 1.123301 1.123301 1.123301
3269.179443 0.000000 4386.559570 0.000000 0.009801 0.000000 -0.999952 0.978798 0.978798 0.978798
3288.821045 0.000000 4376.510254 0.000000 0.658999 0.000000 -0.752144 0.694365 0.694365 0.694365
3311.721680 0.000000 4377.125000 0.000000 0.055539 0.000000 -0.998457 1.178775 1.178775 1.178775
3283.793213 0.000000 4379.806641 0.000000 0.999584 0.000000 -0.028836 0.611016 0.611016 0.611016
3302.381836 0.000000 4372.430664 0.000000 0.919458 0.000000 -0.393187 0.754353 0.754353 0.754353
3286.418457 0.000000 4380.859375 0.000000 0.359244 0.000000 -0.933244 0.859562 0.859562 0.859562
3282.812256 0.000000 4376.246094 0.000000 0.069461 0.000000 -0.997585 0.908087 0.908087 0.908087
3308.459229 0.000000 4377.194336 0.000000 0.383515 0.000000 -0.923535 0.950908 0.950908 0.950908
3264.327637 0.000000 4391.174805 0.000000 0.860444 0.000000 -0.509544 0.672880 0.672880 0.672880
3265.831299 0.000000 4390.024902 0.000000 0.862665 0.000000 -0.505776 0.672283 0.672283 0.672283
3275.260254 0.000000 4371.272949 0.000000 0.636851 0.000000 -0.770987 0.936284 0.936284 0.936284
3280.424072 0.000000 4371.792480 0.000000 0.961309 0.000000 -0.275471 0.665633 0.665633 0.665633
3286.394531 0.000000 4409.287109 0.000000 0.007586 0.000000 -0.999971 0.930162 0.930162 0.930162
3294.267090 0.000000 4414.810547 0.000000 0.969258 0.000000 -0.246047 0.656602 0.656602 0.656602
3278.668213 0.000000 4382.893066 0.000000 0.102236 0.000000 -0.994760 1.075099 1.075099 1.075099
3291.535645 0.000000 4413.875488 0.000000 0.107446 0.000000 -0.994211 1.158879 1.158879 1.158879
3265.102783 0.000000 4394.951172 0.000000 0.426367 0.000000 -0.904550 0.845506 0.845506 0.845506
3292.992432 0.000000 4387.542969 0.000000 0.799587 0.000000 -0.600551 0.735093 0.735093 0.735093
3305.416016 0.000000 4376.818359 0.000000 0.918510 0.000000 -0.395398 0.686465 0.686465 0.686465
3284.976562 0.000000 4380.479004 0.000000 0.361681 0.000000 -0.932302 1.008283 1.008283 1.008283
3283.027100 0.000000 4381.139648 0.000000 0.167605 0.000000 -0.985854 1.135676 1.135676 1.135676
3285.127930 0.000000 4372.255371 0.000000 0.553606 0.000000 -0.832779 0.900721 0.900721 0.900721
3270.451904 0.000000 4382.008789 0.000000 0.118775 0.000000 -0.992921 1.034921 1.034921 1.034921
3306.060303 0.000000 4413.584961 0.000000 0.189949 0.000000 -0.981794 0.926534 0.926534 0.926534
3295.256836 0.000000 4388.888184 0.000000 0.136527 0.000000 -0.990636 1.147687 1.147687 1.147687
3359.008057 0.000000 4252.138184 0.000000 0.999996 0.000000 -0.002657 0.601015 0.601015 0.601015
3383.304199 0.000000 4273.863281 0.000000 0.040337 0.000000 -0.999186 0.923243 0.923243 0.923243
3375.855713 0.000000 4237.161621 0.000000 0.592527 0.000000 -0.805551 0.632268 0.632268 0.632268
3336.825439 0.000000 4264.309082 0.000000 0.894729 0.000000 -0.446610 0.661722 0.661722 0.661722
3355.284180 0.000000 4247.008301 0.000000 0.286213 0.000000 -0.958166 0.799486 0.799486 0.799486
3365.400635 0.000000 4268.645020 0.000000 0.478101 0.000000 -0.878305 0.725286 0.725286 0.725286
3329.629639 0.000000 4260.186523 0.000000 0.217383 0.000000 -0.976086 1.029235 1.029235 1.029235
3369.400879 0.000000 4248.770020 0.000000 0.903036 0.000000 -0.429565 0.615962 0.615962 0.615962
3377.218994 0.000000 4233.048828 0.000000 0.953380 0.000000 -0.301774 0.610102 0.610102 0.610102
3364.490479 0.000000 4243.104004 0.000000 0.693327 0.000000 -0.720624 0.657858 0.657858 0.657858
3328.138184 0.000000 4237.328125 0.000000 0.861192 0.000000 -0.508280 0.653511 0.653511 0.653511
3384.990967 0.000000 4277.005371 0.000000 0.528061 0.000000 -0.849207 0.777796 0.777796 0.777796
3379.064209 0.000000 4257.990723 0.000000 0.253254 0.000000 -0.967400 1.009637 1.009637 1.009637
3381.979492 0.000000 4270.852539 0.000000 0.985180 0.000000 -0.171525 0.659130 0.659130 0.659130
3386.408447 0.000000 4239.445801 0.000000 0.694632 0.000000 -0.719365 0.906680 0.906680 0.906680
3375.200684 0.000000 4260.574707 0.000000 0.431158 0.000000 -0.902276 0.721334 0.721334 0.721334
3387.224609 0.000000 4235.993164 0.000000 0.786566 0.000000 -0.617507 0.732598 0.732598 0.732598
3369.773438 0.000000 4232.480957 0.000000 0.462189 0.000000 -0.886782 0.951147 0.951147 0.951147
3348.941895 0.000000 4232.791016 0.000000 0.942688 0.000000 -0.333676 0.639749 0.639749 0.639749
3360.400635 0.000000 4254.340820 0.000000 0.651738 0.000000 -0.758445 0.691562 0.691562 0.691562
3336.762695 0.000000 4245.734863 0.000000 0.493173 0.000000 -0.869932 0.697985 0.697985 0.697985
3385.441650 0.000000 4244.577148 0.000000 0.291635 0.000000 -0.956530 0.695483 0.695483 0.695483
3375.696289 0.000000 4250.727539 0.000000 0.846773 0.000000 -0.531954 0.633608 0.633608 0.633608
3331.801270 0.000000 4261.285645 0.000000 0.994424 0.000000 -0.105459 0.614719 0.614719 0.614719
3367.829102 0.000000 4268.462402 0.000000 0.555930 0.000000 -0.831229 0.774923 0.774923 0.774923
3377.385498 0.000000 4259.592285 0.000000 0.540482 0.000000 -0.841355 0.981890 0.981890 0.981890
3370.488770 0.000000 4276.972168 0.000000 0.289326 0.000000 -0.957231 0.804719 0.804719 0.804719
3386.218262 0.000000 4232.789551 0.000000 0.708481 0.000000 -0.705730 0.715009 0.715009 0.715009
3383.214844 0.000000 4269.137207 0.000000 0.962525 0.000000 -0.271194 0.629208 0.629208 0.629208
3342.297607 0.000000 4246.293457 0.000000 0.644228 0.000000 -0.764834 0.932615 0.932615 0.932615
3357.351562 0.000000 4247.549805 0.000000 0.997000 0.000000 -0.077396 0.612185 0.612185 0.612185
3386.017578 0.000000 4253.380371 0.000000 0.875460 0.000000 -0.483291 0.781337 0.781337 0.781337
3378.271484 0.000000 4247.711914 0.000000 0.940110 0.000000 -0.340871 0.692746 0.692746 0.692746
3337.085205 0.000000 4247.712402 0.000000 0.914293 0.000000 -0.405055 0.688082 0.688082 0.688082
3385.292236 0.000000 4251.644043 0.000000 0.464652 0.000000 -0.885494 0.865540 0.865540 0.865540
3353.403809 0.000000 4233.711426 0.000000 0.600087 0.000000 -0.799935 0.741664 0.741664 0.741664
3379.903076 0.000000 4256.297852 0.000000 0.948983 0.000000 -0.315326 0.699952 0.699952 0.699952
3386.904053 0.000000 4256.039551 0.000000 0.267567 0.000000 -0.963539 0.934919 0.934919 0.934919
3375.721680 0.000000 4239.125000 0.000000 0.755119 0.000000 -0.655588 0.667471 0.667471 0.667471
3377.386475 0.000000 4251.641113 0.000000 0.996545 0.000000 -0.083056 0.612207 0.612207 0.612207
3387.391846 0.000000 4237.819824 0.000000 0.738024 0.000000 -0.674775 0.749776 0.749776 0.749776
3354.322998 0.000000 4256.595215 0.000000 0.038774 0.000000 -0.999248 0.776703 0.776703 0.776703
3387.815918 0.000000 4234.233887 0.000000 0.873004 0.000000 -0.487712 0.701498 0.701498 0.701498
3362.778809 0.000000 4233.774902 0.000000 0.885758 0.000000 -0.464148 0.646273 0.646273 0.646273
3379.746826 0.000000 4242.721191 0.000000 0.997337 0.000000 -0.072925 0.608856 0.608856 0.608856
3345.015869 0.000000 4248.695801 0.000000 0.998639 0.000000 -0.052155 0.605159 0.605159 0.605159
3357.334229 0.000000 4251.601562 0.000000 0.837046 0.000000 -0.547132 0.821137 0.821137 0.821137
3376.262695 0.000000 4261.924805 0.000000 0.962931 0.000000 -0.269749 0.658915 0.658915 0.658915
3361.240723 0.000000 4242.234863 0.000000 0.884218 0.000000 -0.467074 0.674980 0.674980 0.674980
3364.716797 0.000000 4266.982910 0.000000 0.107220 0.000000 -0.994235 0.920035 0.920035 0.920035
3389.591064 0.000000 4254.144531 0.000000 0.932776 0.000000 -0.360457 0.644742 0.644742 0.644742
3340.747803 0.000000 4245.648926 0.000000 0.002019 0.000000 -0.999998 0.952488 0.952488 0.952488
3380.259521 0.000000 4267.276367 0.000000 0.998537 0.000000 -0.054077 0.613777 0.613777 0.613777
3328.060547 0.000000 4260.206055 0.000000 0.997561 0.000000 -0.069796 0.622182 0.622182 0.622182
3376.661621 0.000000 4242.949707 0.000000 0.511653 0.000000 -0.859192 0.764129 0.764129 0.764129
3355.879395 0.000000 4252.125977 0.000000 0.941692 0.000000 -0.336477 0.705380 0.705380 0.705380
3356.789062 0.000000 4257.216309 0.000000 0.969280 0.000000 -0.245962 0.654349 0.654349 0.654349
3329.529297 0.000000 4232.028320 0.000000 0.339479 0.000000 -0.940614 0.981496 0.981496 0.981496
3379.743164 0.000000 4247.972168 0.000000 0.085215 0.000000 -0.996363 0.996075 0.996075 0.996075
3347.870117 0.000000 4247.170410 0.000000 0.963091 0.000000 -0.269174 0.645723 0.645723 0.645723
3381.174316 0.000000 4245.547363 0.000000 0.987292 0.000000 -0.158919 0.632513 0.632513 0.632513
3375.967285 0.000000 4259.279785 0.000000 0.408356 0.000000 -0.912823 1.039323 1.039323 1.039323
3389.689209 0.000000 4251.519531 0.000000 0.991117 0.000000 -0.132995 0.646955 0.646955 0.646955
3364.092041 0.000000 4240.174805 0.000000 0.470203 0.000000 -0.882559 0.795981 0.795981 0.795981
3367.205322 0.000000 4271.798828 0.000000 0.932424 0.000000 -0.361366 0.711874 0.711874 0.711874
3355.301025 0.000000 4253.653809 0.000000 0.879647 0.000000 -0.475627 0.752210 0.752210 0.752210
3383.594238 0.000000 4277.252930 0.000000 0.038646 0.000000 -0.999253 0.882290 0.882290 0.882290
3371.977051 0.000000 4277.105957 0.000000 0.250091 0.000000 -0.968222 0.811250 0.811250 0.811250
3375.184814 0.000000 4252.078125 0.000000 0.281509 0.000000 -0.959558 0.925407 0.925407 0.925407
3379.516602 0.000000 4237.776855 0.000000 0.849637 0.000000 -0.527367 0.745617 0.745617 0.745617
3375.017334 0.000000 4247.259277 0.000000 0.976231 0.000000 -0.216734 0.648760 0.648760 0.648760
3387.210938 0.000000 4240.634277 0.000000 0.170349 0.000000 -0.985384 1.069621 1.069621 1.069621
3384.784424 0.000000 4257.630859 0.000000 0.878167 0.000000 -0.478355 0.790520 0.790520 0.790520
3352.176514 0.000000 4272.718262 0.000000 0.943921 0.000000 -0.330170 0.691733 0.691733 0.691733
3386.341553 0.000000 4254.781250 0.000000 0.997582 0.000000 -0.069493 0.616669 0.616669 0.616669
3338.258057 0.000000 4245.414062 0.000000 0.951480 0.000000 -0.307709 0.690895 0.690895 0.690895
3376.458252 0.000000 4256.414062 0.000000 0.418205 0.000000 -0.908353 1.035191 1.035191 1.035191
3391.140381 0.000000 4251.549805 0.000000 0.026468 0.000000 -0.999650 1.074224 1.074224 1.074224
3379.184326 0.000000 4250.546875 0.000000 0.965526 0.000000 -0.260306 0.651280 0.651280 0.651280
3378.572754 0.000000 4256.741211 0.000000 0.294135 0.000000 -0.955764 0.996393 0.996393 0.996393
3354.736328 0.000000 4233.297363 0.000000 0.985045 0.000000 -0.172300 0.661993 0.661993 0.661993
3381.422363 0.000000 4249.317871 0.000000 0.832665 0.000000 -0.553777 0.708132 0.708132 0.708132
3368.187012 0.000000 4232.893066 0.000000 0.906940 0.000000 -0.421260 0.740040 0.740040 0.740040
3439.855713 0.000000 4237.161621 0.000000 0.547469 0.000000 -0.836826 0.978710 0.978710 0.978710
3434.453613 0.000000 4274.277832 0.000000 0.561028 0.000000 -0.827797 0.639440 0.639440 0.639440
3404.014404 0.000000 4276.589355 0.000000 0.623824 0.000000 -0.781565 0.769331 0.769331 0.769331
3443.413818 0.000000 4240.959961 0.000000 0.828462 0.000000 -0.560046 0.655207 0.655207 0.655207
3408.799805 0.000000 4275.845215 0.000000 0.239181 0.000000 -0.970975 0.651770 0.651770 0.651770
3437.199951 0.000000 4276.374023 0.000000 0.937344 0.000000 -0.348405 0.678894 0.678894 0.678894
3430.630615 0.000000 4247.173828 0.000000 0.084265 0.000000 -0.996443 0.729141 0.729141 0.729141
3419.184326 0.000000 4271.181152 0.000000 0.062345 0.000000 -0.998055 1.135500 1.135500 1.135500
3392.113281 0.000000 4245.982422 0.000000 0.610056 0.000000 -0.792358 0.926084 0.926084 0.926084
3432.478516 0.000000 4251.224609 0.000000 0.350315 0.000000 -0.936632 0.925211 0.925211 0.925211
3439.528809 0.000000 4270.967773 0.000000 0.847610 0.000000 -0.530619 0.646081 0.646081 0.646081
3406.660889 0.000000 4276.955566 0.000000 0.999077 0.000000 -0.042952 0.606436 0.606436 0.606436
3443.526611 0.000000 4233.642578 0.000000 0.899021 0.000000 -0.437906 0.737151 0.737151 0.737151
3439.078613 0.000000 4277.945312 0.000000 0.911631 0.000000 -0.411009 0.674867 0.674867 0.674867
3418.292480 0.000000 4252.342773 0.000000 0.435079 0.000000 -0.900392 0.920629 0.920629 0.920629
3416.680176 0.000000 4262.350098 0.000000 0.891481 0.000000 -0.453058 0.639442 0.639442 0.639442
3438.125000 0.000000 4238.086914 0.000000 0.480229 0.000000 -0.877143 0.753850 0.753850 0.753850
3438.644775 0.000000 4275.063965 0.000000 0.212934 0.000000 -0.977067 0.902697 0.902697 0.902697
3422.403809 0.000000 4254.498047 0.000000 0.028782 0.000000 -0.999586 0.780166 0.780166 0.780166
3439.721680 0.000000 4239.125000 0.000000 0.220120 0.000000 -0.975473 0.793968 0.793968 0.793968
3393.550537 0.000000 4244.511719 0.000000 0.846311 0.000000 -0.532689 0.800277 0.800277 0.800277
3437.629395 0.000000 4271.320312 0.000000 0.984116 0.000000 -0.177527 0.664162 0.664162 0.664162
3436.459229 0.000000 4239.194336 0.000000 0.064221 0.000000 -0.997936 0.785048 0.785048 0.785048
3437.203857 0.000000 4233.628418 0.000000 0.837221 0.000000 -0.546865 0.780279 0.780279 0.780279
3440.653809 0.000000 4277.501953 0.000000 0.590634 0.000000 -0.806940 0.794095 0.794095 0.794095
3407.288086 0.000000 4275.477539 0.000000 0.780917 0.000000 -0.624635 0.692975 0.692975 0.692975
3438.272949 0.000000 4236.527344 0.000000 0.410569 0.000000 -0.911829 1.038396 1.038396 1.038396
3443.461670 0.000000 4239.463867 0.000000 0.177630 0.000000 -0.984097 0.973294 0.973294 0.973294
3436.550537 0.000000 4272.945801 0.000000 0.047873 0.000000 -0.998853 1.145208 1.145208 1.145208
3413.617432 0.000000 4268.706543 0.000000 0.237750 0.000000 -0.971326 0.871098 0.871098 0.871098
3439.739014 0.000000 4272.403320 0.000000 0.095568 0.000000 -0.995423 0.993303 0.993303 0.993303
3431.158203 0.000000 4250.723145 0.000000 0.438261 0.000000 -0.898848 1.026714 1.026714 1.026714
3423.320068 0.000000 4253.464844 0.000000 0.365803 0.000000 -0.930692 1.056953 1.056953 1.056953
3438.625977 0.000000 4276.628906 0.000000 0.562421 0.000000 -0.826851 0.772069 0.772069 0.772069
3429.464844 0.000000 4246.518555 0.000000 0.555044 0.000000 -0.831821 0.857519 0.857519 0.857519
3412.301270 0.000000 4276.556152 0.000000 0.953469 0.000000 -0.301492 0.716982 0.716982 0.716982
3392.184082 0.000000 4244.687012 0.000000 0.627198 0.000000 -0.778859 0.918306 0.918306 0.918306
3430.050049 0.000000 4248.661621 0.000000 0.874407 0.000000 -0.485194 0.793501 0.793501 0.793501
3442.150146 0.000000 4233.964355 0.000000 0.498762 0.000000 -0.866739 0.917295 0.917295 0.917295
3441.652588 0.000000 4276.091309 0.000000 0.893015 0.000000 -0.450026 0.696493 0.696493 0.696493
3393.562744 0.000000 4243.160645 0.000000 0.702378 0.000000 -0.711804 0.774409 0.774409 0.774409
3411.263916 0.000000 4274.576172 0.000000 0.984654 0.000000 -0.174520 0.667005 0.667005 0.667005
3423.256836 0.000000 4250.888184 0.000000 0.993169 0.000000 -0.116681 0.638539 0.638539 0.638539
3365.090820 0.000000 4320.382812 0.000000 0.513091 0.000000 -0.858334 0.651014 0.651014 0.651014
3372.701660 0.000000 4278.086914 0.000000 0.276992 0.000000 -0.960872 0.729480 0.729480 0.729480
3352.463623 0.000000 4296.576172 0.000000 0.990735 0.000000 -0.135812 0.614489 0.614489 0.614489
3362.996826 0.000000 4318.066895 0.000000 0.668653 0.000000 -0.743575 0.726842 0.726842 0.726842
3365.612549 0.000000 4317.407715 0.000000 0.907814 0.000000 -0.419372 0.661582 0.661582 0.661582
3382.276367 0.000000 4286.680176 0.000000 0.984648 0.000000 -0.174554 0.610250 0.610250 0.610250
3367.567627 0.000000 4319.455566 0.000000 0.445389 0.000000 -0.895337 0.703012 0.703012 0.703012
3353.229980 0.000000 4294.233398 0.000000 0.915619 0.000000 -0.402046 0.710939 0.710939 0.710939
3375.078613 0.000000 4323.945312 0.000000 0.402753 0.000000 -0.915309 0.671013 0.671013 0.671013
3371.471924 0.000000 4279.770508 0.000000 0.086276 0.000000 -0.996271 0.975779 0.975779 0.975779
3383.500977 0.000000 4289.897461 0.000000 0.921009 0.000000 -0.389542 0.721673 0.721673 0.721673
3364.645996 0.000000 4318.791504 0.000000 0.546641 0.000000 -0.837367 0.781367 0.781367 0.781367
3376.653809 0.000000 4323.501953 0.000000 0.995184 0.000000 -0.098025 0.613531 0.613531 0.613531
3377.106934 0.000000 4317.669434 0.000000 0.966891 0.000000 -0.255191 0.678466 0.678466 0.678466
3371.211914 0.000000 4278.134766 0.000000 0.303257 0.000000 -0.952909 0.919649 0.919649 0.919649
3443.950684 0.000000 4292.386230 0.000000 0.592564 0.000000 -0.805523 0.621044 0.621044 0.621044
3435.000732 0.000000 4302.128906 0.000000 0.822013 0.000000 -0.569469 0.791490 0.791490 0.791490
3437.633057 0.000000 4295.389160 0.000000 0.832301 0.000000 -0.554324 0.630804 0.630804 0.630804
3418.297607 0.000000 4300.674805 0.000000 0.285692 0.000000 -0.958321 0.669082 0.669082 0.669082
3443.413818 0.000000 4286.959961 0.000000 0.626731 0.000000 -0.779236 0.883723 0.883723 0.883723
3446.166016 0.000000 4305.894531 0.000000 0.131188 0.000000 -0.991358 0.813430 0.813430 0.813430
3416.463623 0.000000 4296.576172 0.000000 0.981876 0.000000 -0.189525 0.619422 0.619422 0.619422
3428.490479 0.000000 4289.104004 0.000000 0.554963 0.000000 -0.831875 0.648566 0.648566 0.648566
3452.474609 0.000000 4303.510742 0.000000 0.999679 0.000000 -0.025342 0.603796 0.603796 0.603796
3440.376221 0.000000 4292.741211 0.000000 0.815096 0.000000 -0.579326 0.669418 0.669418 0.669418
3416.252930 0.000000 4291.946289 0.000000 0.723194 0.000000 -0.690645 0.657100 0.657100 0.657100
3409.635498 0.000000 4283.049316 0.000000 0.152753 0.000000 -0.988264 0.767735 0.767735 0.767735
3442.114258 0.000000 4289.856934 0.000000 0.526841 0.000000 -0.849964 0.797830 0.797830 0.797830
3446.609619 0.000000 4291.732422 0.000000 0.924233 0.000000 -0.381828 0.690962 0.690962 0.690962
3446.276367 0.000000 4286.680176 0.000000 0.998244 0.000000 -0.059229 0.603196 0.603196 0.603196
3452.576172 0.000000 4286.841797 0.000000 0.264107 0.000000 -0.964493 0.771827 0.771827 0.771827
3428.933838 0.000000 4295.309570 0.000000 0.987865 0.000000 -0.155313 0.617052 0.617052 0.617052
3432.752197 0.000000 4303.127441 0.000000 0.286857 0.000000 -0.957973 0.686271 0.686271 0.686271
3449.197754 0.000000 4283.085938 0.000000 0.977223 0.000000 -0.212217 0.625626 0.625626 0.625626
3453.859863 0.000000 4301.742676 0.000000 0.965519 0.000000 -0.260332 0.628404 0.628404 0.628404
3430.550781 0.000000 4289.270508 0.000000 0.018506 0.000000 -0.999829 0.834847 0.834847 0.834847
3448.370850 0.000000 4286.076660 0.000000 0.999121 0.000000 -0.041919 0.607663 0.607663 0.607663
3447.433105 0.000000 4282.066895 0.000000 0.479921 0.000000 -0.877311 0.805201 0.805201 0.805201
3404.484131 0.000000 4282.703613 0.000000 0.999656 0.000000 -0.026208 0.602788 0.602788 0.602788
3452.837158 0.000000 4296.294434 0.000000 0.827740 0.000000 -0.561112 0.703514 0.703514 0.703514
3442.155518 0.000000 4291.737305 0.000000 0.138866 0.000000 -0.990311 0.814426 0.814426 0.814426
3443.976562 0.000000 4290.500488 0.000000 0.950079 0.000000 -0.312009 0.647530 0.647530 0.647530
3413.223145 0.000000 4285.401855 0.000000 0.391430 0.000000 -0.920208 1.046377 1.046377 1.046377
3452.573730 0.000000 4298.799316 0.000000 0.988689 0.000000 -0.149982 0.621875 0.621875 0.621875
3418.322998 0.000000 4302.595215 0.000000 0.994474 0.000000 -0.104984 0.632455 0.632455 0.632455
3435.764893 0.000000 4286.948242 0.000000 0.926614 0.000000 -0.376013 0.732233 0.732233 0.732233
3404.977539 0.000000 4279.919434 0.000000 0.731016 0.000000 -0.682360 0.747365 0.747365 0.747365
3432.400391 0.000000 4305.255371 0.000000 0.912509 0.000000 -0.409056 0.649238 0.649238 0.649238
3452.384033 0.000000 4293.480469 0.000000 0.972378 0.000000 -0.233413 0.637054 0.637054 0.637054
3453.686035 0.000000 4285.628418 0.000000 0.821279 0.000000 -0.570526 0.723687 0.723687 0.723687
3450.518311 0.000000 4293.224121 0.000000 0.468678 0.000000 -0.883369 0.794671 0.794671 0.794671
3449.812500 0.000000 4286.913574 0.000000 0.046148 0.000000 -0.998935 0.878622 0.878622 0.878622
3447.627930 0.000000 4306.566895 0.000000 0.945192 0.000000 -0.326515 0.674236 0.674236 0.674236
3442.050293 0.000000 4286.099609 0.000000 0.368251 0.000000 -0.929726 0.979063 0.979063 0.979063
3454.356445 0.000000 4308.026855 0.000000 0.932689 0.000000 -0.360682 0.657484 0.657484 0.657484
3411.809570 0.000000 4279.979492 0.000000 0.898090 0.000000 -0.439812 0.773946 0.773946 0.773946
3446.017090 0.000000 4285.175781 0.000000 0.766653 0.000000 -0.642061 0.758738 0.758738 0.758738
3443.516602 0.000000 4283.776855 0.000000 0.865233 0.000000 -0.501370 0.735310 0.735310 0.735310
3439.017334 0.000000 4293.259277 0.000000 0.038332 0.000000 -0.999265 0.939735 0.939735 0.939735
3446.836426 0.000000 4307.735840 0.000000 0.435764 0.000000 -0.900061 0.849954 0.849954 0.849954
3415.045654 0.000000 4287.653320 0.000000 0.168615 0.000000 -0.985682 1.120591 1.120591 1.120591
3453.137695 0.000000 4308.730469 0.000000 0.990892 0.000000 -0.134661 0.627921 0.627921 0.627921
3446.245605 0.000000 4290.480469 0.000000 0.176393 0.000000 -0.984320 0.923536 0.923536 0.923536
3413.127930 0.000000 4280.255371 0.000000 0.038716 0.000000 -0.999250 1.185208 1.185208 1.185208
3412.524902 0.000000 4286.665039 0.000000 0.951532 0.000000 -0.307550 0.661344 0.661344 0.661344
3439.145752 0.000000 4290.483887 0.000000 0.673973 0.000000 -0.738756 0.811669 0.811669 0.811669
3520.933838 0.000000 4274.710449 0.000000 0.424653 0.000000 -0.905356 0.608480 0.608480 0.608480
3557.090820 0.000000 4274.382812 0.000000 0.976505 0.000000 -0.215496 0.609761 0.609761 0.609761
3522.813477 0.000000 4270.802734 0.000000 0.934857 0.000000 -0.355024 0.633707 0.633707 0.633707
3557.816895 0.000000 4277.116699 0.000000 0.980012 0.000000 -0.198938 0.618900 0.618900 0.618900
3456.380859 0.000000 4311.485352 0.000000 0.922864 0.000000 -0.385127 0.612436 0.612436 0.612436
3517.227539 0.000000 4314.372559 0.000000 0.441929 0.000000 -0.897050 0.683363 0.683363 0.683363
3481.497803 0.000000 4314.978516 0.000000 0.973717 0.000000 -0.227762 0.657136 0.657136 0.657136
3487.914307 0.000000 4318.268555 0.000000 0.492717 0.000000 -0.870190 0.879871 0.879871 0.879871
3494.783691 0.000000 4304.575684 0.000000 0.986836 0.000000 -0.161721 0.635037 0.635037 0.635037
3472.799805 0.000000 4321.845215 0.000000 0.467193 0.000000 -0.884155 0.755979 0.755979 0.755979
3497.832031 0.000000 4312.935059 0.000000 0.836153 0.000000 -0.548497 0.633916 0.633916 0.633916
3483.550537 0.000000 4311.264648 0.000000 0.613629 0.000000 -0.789595 0.631357 0.631357 0.631357
3513.414551 0.000000 4316.232422 0.000000 0.996239 0.000000 -0.086642 0.602859 0.602859 0.602859
3518.537598 0.000000 4317.369629 0.000000 0.528648 0.000000 -0.848841 0.826269 0.826269 0.826269
3500.232422 0.000000 4311.243164 0.000000 0.430965 0.000000 -0.902369 0.677534 0.677534 0.677534
3483.184326 0.000000 4317.181152 0.000000 0.938441 0.000000 -0.345440 0.643852 0.643852 0.643852
3516.030762 0.000000 4316.962402 0.000000 0.865466 0.000000 -0.500967 0.648731 0.648731 0.648731
3481.237793 0.000000 4312.433594 0.000000 0.493528 0.000000 -0.869730 0.743762 0.743762 0.743762
3498.440430 0.000000 4315.395508 0.000000 0.088991 0.000000 -0.996032 0.757582 0.757582 0.757582
3495.580078 0.000000 4306.878906 0.000000 0.485365 0.000000 -0.874312 0.666941 0.666941 0.666941
3501.516602 0.000000 4313.270020 0.000000 0.892664 0.000000 -0.450723 0.640623 0.640623 0.640623
3494.417725 0.000000 4302.558594 0.000000 0.995292 0.000000 -0.096918 0.637078 0.637078 0.637078
3480.680176 0.000000 4308.350098 0.000000 0.219830 0.000000 -0.975538 0.731361 0.731361 0.731361
3499.589844 0.000000 4313.619629 0.000000 0.759413 0.000000 -0.650609 0.845117 0.845117 0.845117
3498.203613 0.000000 4311.215332 0.000000 0.988865 0.000000 -0.148813 0.614991 0.614991 0.614991
3456.549561 0.000000 4307.735840 0.000000 0.440562 0.000000 -0.897722 0.786990 0.786990 0.786990
3490.694336 0.000000 4303.170898 0.000000 0.883747 0.000000 -0.467966 0.683160 0.683160 0.683160
3472.670166 0.000000 4318.457031 0.000000 0.925504 0.000000 -0.378738 0.666330 0.666330 0.666330
3493.164795 0.000000 4304.711914 0.000000 0.592243 0.000000 -0.805759 0.720700 0.720700 0.720700
3456.060547 0.000000 4306.206055 0.000000 0.014984 0.000000 -0.999888 0.861015 0.861015 0.861015
3482.073975 0.000000 4307.011230 0.000000 0.151121 0.000000 -0.988515 0.810445 0.810445 0.810445
3459.275146 0.000000 4308.717773 0.000000 0.359970 0.000000 -0.932964 0.799950 0.799950 0.799950
3481.048340 0.000000 4316.399414 0.000000 0.301022 0.000000 -0.953617 0.785703 0.785703 0.785703
3458.342773 0.000000 4307.545898 0.000000 0.994691 0.000000 -0.102909 0.616987 0.616987 0.616987
3479.524658 0.000000 4309.231445 0.000000 0.644100 0.000000 -0.764941 0.871361 0.871361 0.871361
3484.200439 0.000000 4318.170410 0.000000 0.895548 0.000000 -0.444964 0.776141 0.776141 0.776141
3524.560059 0.000000 4309.642578 0.000000 0.715821 0.000000 -0.698284 0.744737 0.744737 0.744737
3551.454346 0.000000 4293.792969 0.000000 0.605077 0.000000 -0.796167 0.951771 0.951771 0.951771
3554.316162 0.000000 4296.715332 0.000000 0.622005 0.000000 -0.783014 0.692969 0.692969 0.692969
3547.426025 0.000000 4304.017578 0.000000 0.697083 0.000000 -0.716990 0.640717 0.640717 0.640717
3531.102783 0.000000 4308.572266 0.000000 0.313594 0.000000 -0.949557 0.682506 0.682506 0.682506
3552.625732 0.000000 4307.354980 0.000000 0.192287 0.000000 -0.981339 0.723786 0.723786 0.723786
3550.311768 0.000000 4295.882812 0.000000 0.936237 0.000000 -0.351370 0.675293 0.675293 0.675293
3553.060547 0.000000 4302.535156 0.000000 0.397665 0.000000 -0.917531 0.700939 0.700939 0.700939
3551.382812 0.000000 4291.509277 0.000000 0.998991 0.000000 -0.044904 0.605517 0.605517 0.605517
3544.680176 0.000000 4308.350098 0.000000 0.413354 0.000000 -0.910570 0.934351 0.934351 0.934351
3538.180908 0.000000 4307.354492 0.000000 0.828243 0.000000 -0.560370 0.774639 0.774639 0.774639
3536.385986 0.000000 4315.288574 0.000000 0.724591 0.000000 -0.689179 0.686561 0.686561 0.686561
3539.102539 0.000000 4300.628418 0.000000 0.004257 0.000000 -0.999991 0.754873 0.754873 0.754873
3551.315674 0.000000 4308.689453 0.000000 0.300725 0.000000 -0.953711 0.791435 0.791435 0.791435
3543.555664 0.000000 4312.827148 0.000000 0.349357 0.000000 -0.936990 0.745468 0.745468 0.745468
3524.444580 0.000000 4311.346680 0.000000 0.352872 0.000000 -0.935672 1.033243 1.033243 1.033243
3522.342773 0.000000 4307.545898 0.000000 0.886719 0.000000 -0.462309 0.777096 0.777096 0.777096
3544.513428 0.000000 4313.922363 0.000000 0.912484 0.000000 -0.409112 0.668186 0.668186 0.668186
3551.320068 0.000000 4299.464844 0.000000 0.717963 0.000000 -0.696081 0.845651 0.845651 0.845651
3549.392090 0.000000 4301.353027 0.000000 0.840728 0.000000 -0.541458 0.737988 0.737988 0.737988
3550.383789 0.000000 4294.547852 0.000000 0.439951 0.000000 -0.898022 0.833880 0.833880 0.833880
3343.257812 0.000000 4340.179199 0.000000 0.230980 0.000000 -0.972958 0.704197 0.704197 0.704197
3352.442383 0.000000 4349.076660 0.000000 0.719948 0.000000 -0.694028 0.759713 0.759713 0.759713
3366.024902 0.000000 4357.895996 0.000000 0.964426 0.000000 -0.264354 0.646887 0.646887 0.646887
3343.523926 0.000000 4343.680176 0.000000 0.997465 0.000000 -0.071155 0.608534 0.608534 0.608534
3350.861328 0.000000 4347.598633 0.000000 0.682276 0.000000 -0.731094 0.689658 0.689658 0.689658
3364.431641 0.000000 4356.417480 0.000000 0.072096 0.000000 -0.997398 0.851424 0.851424 0.851424
3340.484131 0.000000 4328.703613 0.000000 0.419669 0.000000 -0.907677 0.767013 0.767013 0.767013
3338.737305 0.000000 4328.127930 0.000000 0.912281 0.000000 -0.409564 0.670162 0.670162 0.670162
3366.990723 0.000000 4356.869141 0.000000 0.890723 0.000000 -0.454547 0.682698 0.682698 0.682698
3430.783691 0.000000 4350.575684 0.000000 0.957710 0.000000 -0.287736 0.636287 0.636287 0.636287
3404.905273 0.000000 4365.321777 0.000000 0.536610 0.000000 -0.843831 0.744431 0.744431 0.744431
3404.106934 0.000000 4362.884766 0.000000 0.154035 0.000000 -0.988065 0.805765 0.805765 0.805765
3448.370850 0.000000 4332.076660 0.000000 0.629320 0.000000 -0.777147 0.713333 0.713333 0.713333
3447.433105 0.000000 4328.066895 0.000000 0.270329 0.000000 -0.962768 0.800119 0.800119 0.800119
3393.991943 0.000000 4338.263672 0.000000 0.864363 0.000000 -0.502869 0.670246 0.670246 0.670246
3405.793457 0.000000 4363.592773 0.000000 0.998654 0.000000 -0.051872 0.607540 0.607540 0.607540
3432.400391 0.000000 4351.255371 0.000000 0.355366 0.000000 -0.934727 0.775447 0.775447 0.775447
3430.130127 0.000000 4352.065430 0.000000 0.685559 0.000000 -0.728017 0.717259 0.717259 0.717259
3449.812500 0.000000 4332.913574 0.000000 0.090109 0.000000 -0.995932 0.788511 0.788511 0.788511
3432.356689 0.000000 4382.604492 0.000000 0.086710 0.000000 -0.996234 0.846741 0.846741 0.846741
3408.112061 0.000000 4383.112793 0.000000 0.693624 0.000000 -0.720338 0.656624 0.656624 0.656624
3443.690186 0.000000 4374.349609 0.000000 0.392655 0.000000 -0.919686 0.806323 0.806323 0.806323
3435.962158 0.000000 4383.971680 0.000000 0.616262 0.000000 -0.787542 0.670634 0.670634 0.670634
3442.248291 0.000000 4376.557129 0.000000 0.483348 0.000000 -0.875429 0.727782 0.727782 0.727782
3429.130615 0.000000 4391.832031 0.000000 0.666691 0.000000 -0.745334 0.838104 0.838104 0.838104
3405.856445 0.000000 4391.354492 0.000000 0.856989 0.000000 -0.515334 0.672177 0.672177 0.672177
3404.934814 0.000000 4385.987305 0.000000 0.354709 0.000000 -0.934977 0.764691 0.764691 0.764691
3447.214844 0.000000 4407.137207 0.000000 0.634363 0.000000 -0.773035 0.908396 0.908396 0.908396
3443.746826 0.000000 4380.721191 0.000000 0.999783 0.000000 -0.020822 0.604585 0.604585 0.604585
3453.702393 0.000000 4413.227539 0.000000 0.918496 0.000000 -0.395429 0.720574 0.720574 0.720574
3442.050293 0.000000 4378.099609 0.000000 0.160077 0.000000 -0.987104 0.802764 0.802764 0.802764
3405.423096 0.000000 4389.912109 0.000000 0.739998 0.000000 -0.672610 0.854165 0.854165 0.854165
3443.516602 0.000000 4375.776855 0.000000 0.111536 0.000000 -0.993760 0.857891 0.857891 0.857891
3452.321533 0.000000 4413.274414 0.000000 0.989956 0.000000 -0.141376 0.642072 0.642072 0.642072
3512.900879 0.000000 4348.257812 0.000000 0.607640 0.000000 -0.794213 0.840567 0.840567 0.840567
3473.678711 0.000000 4342.352051 0.000000 0.329476 0.000000 -0.944164 0.785001 0.785001 0.785001
3515.951172 0.000000 4346.495605 0.000000 0.843626 0.000000 -0.536931 0.673865 0.673865 0.673865
3494.024902 0.000000 4357.895996 0.000000 0.993430 0.000000 -0.114445 0.633502 0.633502 0.633502
3471.523926 0.000000 4343.680176 0.000000 0.964710 0.000000 -0.263316 0.618759 0.618759 0.618759
3514.369873 0.000000 4349.903320 0.000000 0.156222 0.000000 -0.987722 0.765202 0.765202 0.765202
3499.870605 0.000000 4346.174805 0.000000 0.934337 0.000000 -0.356389 0.670414 0.670414 0.670414
3484.255371 0.000000 4355.519043 0.000000 0.540681 0.000000 -0.841228 0.782665 0.782665 0.782665
3514.904053 0.000000 4348.039551 0.000000 0.918705 0.000000 -0.394944 0.647437 0.647437 0.647437
3472.540771 0.000000 4344.897461 0.000000 0.818823 0.000000 -0.574046 0.720898 0.720898 0.720898
3465.707275 0.000000 4354.888672 0.000000 0.779672 0.000000 -0.626188 0.724670 0.724670 0.724670
3512.784424 0.000000 4349.630859 0.000000 0.713109 0.000000 -0.701053 0.803648 0.803648 0.803648
3536.917480 0.000000 4324.235352 0.000000 0.469246 0.000000 -0.883068 0.955064 0.955064 0.955064
3537.777344 0.000000 4326.576172 0.000000 0.454452 0.000000 -0.890771 0.716886 0.716886 0.716886
3522.685059 0.000000 4334.549805 0.000000 0.438990 0.000000 -0.898492 0.869219 0.869219 0.869219
3536.005371 0.000000 4327.773438 0.000000 0.837580 0.000000 -0.546315 0.661468 0.661468 0.661468
3536.424072 0.000000 4325.792480 0.000000 0.252056 0.000000 -0.967713 1.031706 1.031706 1.031706
3460.531006 0.000000 4407.556641 0.000000 0.103069 0.000000 -0.994674 0.918750 0.918750 0.918750
3485.750488 0.000000 4399.706543 0.000000 0.720920 0.000000 -0.693018 0.804151 0.804151 0.804151
3462.603516 0.000000 4398.525391 0.000000 0.678469 0.000000 -0.734629 0.671686 0.671686 0.671686
3492.933838 0.000000 4387.309570 0.000000 0.910461 0.000000 -0.413595 0.706027 0.706027 0.706027
3478.393799 0.000000 4387.452637 0.000000 0.816021 0.000000 -0.578022 0.819717 0.819717 0.819717
3458.705566 0.000000 4406.749512 0.000000 0.822288 0.000000 -0.569072 0.696122 0.696122 0.696122
3474.180908 0.000000 4399.354492 0.000000 0.999985 0.000000 -0.005429 0.600789 0.600789 0.600789
3464.193359 0.000000 4397.915527 0.000000 0.498437 0.000000 -0.866926 0.931550 0.931550 0.931550
3460.444580 0.000000 4403.346680 0.000000 0.743657 0.000000 -0.668562 0.682267 0.682267 0.682267
3490.694336 0.000000 4395.170898 0.000000 0.697235 0.000000 -0.716843 0.850223 0.850223 0.850223
3484.240967 0.000000 4399.960938 0.000000 0.376057 0.000000 -0.926597 0.916027 0.916027 0.916027
3485.410645 0.000000 4398.215820 0.000000 0.664737 0.000000 -0.747077 0.824945 0.824945 0.824945
3463.430420 0.000000 4402.936035 0.000000 0.883619 0.000000 -0.468207 0.722620 0.722620 0.722620
3492.092041 0.000000 4378.174805 0.000000 0.738906 0.000000 -0.673809 0.755049 0.755049 0.755049
3461.716553 0.000000 4406.779785 0.000000 0.607856 0.000000 -0.794047 0.799267 0.799267 0.799267
3644.353516 0.000000 4048.510498 0.000000 0.253559 0.000000 -0.967320 0.649223 0.649223 0.649223
3592.395020 0.000000 4050.013672 0.000000 0.495485 0.000000 -0.868616 0.656751 0.656751 0.656751
3616.116455 0.000000 4059.508301 0.000000 0.292412 0.000000 -0.956292 0.636260 0.636260 0.636260
3621.901123 0.000000 4067.609619 0.000000 0.121174 0.000000 -0.992631 0.645591 0.645591 0.645591
3611.284180 0.000000 4063.008057 0.000000 0.787341 0.000000 -0.616517 0.689558 0.689558 0.689558
3619.661377 0.000000 4063.116699 0.000000 0.849920 0.000000 -0.526911 0.615795 0.615795 0.615795
3637.367188 0.000000 4079.584961 0.000000 0.746810 0.000000 -0.665038 0.699173 0.699173 0.699173
3613.382080 0.000000 4060.956543 0.000000 0.335145 0.000000 -0.942167 0.671799 0.671799 0.671799
3646.813477 0.000000 4082.317871 0.000000 0.508655 0.000000 -0.860971 0.704092 0.704092 0.704092
3609.229980 0.000000 4064.233643 0.000000 0.914376 0.000000 -0.404865 0.654321 0.654321 0.654321
3594.743164 0.000000 4090.239014 0.000000 0.832949 0.000000 -0.553350 0.686079 0.686079 0.686079
3639.672852 0.000000 4080.851562 0.000000 0.650546 0.000000 -0.759467 0.674933 0.674933 0.674933
3596.934814 0.000000 4063.987549 0.000000 0.512947 0.000000 -0.858420 0.695860 0.695860 0.695860
3593.085938 0.000000 4052.182129 0.000000 0.957738 0.000000 -0.287644 0.623600 0.623600 0.623600
3645.859863 0.000000 4071.742676 0.000000 0.983047 0.000000 -0.183355 0.618230 0.618230 0.618230
3613.351562 0.000000 4063.549561 0.000000 0.130375 0.000000 -0.991465 0.766096 0.766096 0.766096
3644.837158 0.000000 4066.294678 0.000000 0.999999 0.000000 -0.001503 0.600324 0.600324 0.600324
3619.409180 0.000000 4061.281738 0.000000 0.727620 0.000000 -0.685981 0.681530 0.681530 0.681530
3644.573730 0.000000 4068.799561 0.000000 0.886367 0.000000 -0.462983 0.655520 0.655520 0.655520
3594.723145 0.000000 4091.773438 0.000000 0.045427 0.000000 -0.998968 0.823918 0.823918 0.823918
3648.380859 0.000000 4081.485352 0.000000 0.950006 0.000000 -0.312233 0.624734 0.624734 0.624734
3692.517578 0.000000 4078.009766 0.000000 0.916485 0.000000 -0.400070 0.757217 0.757217 0.757217
3686.783691 0.000000 4074.575928 0.000000 0.990207 0.000000 -0.139610 0.613638 0.613638 0.613638
3651.616943 0.000000 4051.821289 0.000000 0.999765 0.000000 -0.021660 0.601265 0.601265 0.601265
3672.463623 0.000000 4066.576172 0.000000 0.953928 0.000000 -0.300036 0.610042 0.610042 0.610042
3688.390625 0.000000 4087.006836 0.000000 0.402523 0.000000 -0.915410 1.041760 1.041760 1.041760
3683.822021 0.000000 4051.237549 0.000000 0.963169 0.000000 -0.268895 0.622021 0.622021 0.622021
3669.507324 0.000000 4073.750977 0.000000 0.941306 0.000000 -0.337554 0.650545 0.650545 0.650545
3682.316162 0.000000 4066.715088 0.000000 0.216672 0.000000 -0.976245 1.061880 1.061880 1.061880
3687.334229 0.000000 4070.726562 0.000000 0.982501 0.000000 -0.186255 0.666511 0.666511 0.666511
3691.152588 0.000000 4058.775879 0.000000 0.687042 0.000000 -0.726617 0.670667 0.670667 0.670667
3665.635498 0.000000 4053.049316 0.000000 0.266264 0.000000 -0.963900 0.699411 0.699411 0.699411
3686.024902 0.000000 4081.896240 0.000000 0.392823 0.000000 -0.919614 0.937408 0.937408 0.937408
3659.102783 0.000000 4078.572510 0.000000 0.998981 0.000000 -0.045123 0.603719 0.603719 0.603719
3681.426758 0.000000 4061.757568 0.000000 0.562448 0.000000 -0.826833 0.808517 0.808517 0.808517
3665.992676 0.000000 4058.355957 0.000000 0.871534 0.000000 -0.490336 0.704401 0.704401 0.704401
3687.567627 0.000000 4089.455811 0.000000 0.556168 0.000000 -0.831070 0.974725 0.974725 0.974725
3688.478516 0.000000 4067.224609 0.000000 0.406588 0.000000 -0.913612 0.705270 0.705270 0.705270
3684.933838 0.000000 4065.309326 0.000000 0.789702 0.000000 -0.613491 0.672222 0.672222 0.672222
3665.777344 0.000000 4050.576172 0.000000 0.066929 0.000000 -0.997758 0.739662 0.739662 0.739662
3690.440430 0.000000 4085.395508 0.000000 0.354040 0.000000 -0.935230 0.991146 0.991146 0.991146
3689.603271 0.000000 4070.243408 0.000000 0.975694 0.000000 -0.219137 0.654274 0.654274 0.654274
3670.285156 0.000000 4060.717529 0.000000 0.929021 0.000000 -0.370028 0.744782 0.744782 0.744782
3668.590088 0.000000 4053.686035 0.000000 0.993504 0.000000 -0.113795 0.609054 0.609054 0.609054
3681.718750 0.000000 4064.427490 0.000000 0.706071 0.000000 -0.708141 0.717866 0.717866 0.717866
3658.068604 0.000000 4083.014648 0.000000 0.588607 0.000000 -0.808419 0.663461 0.663461 0.663461
3677.351562 0.000000 4063.549561 0.000000 0.901793 0.000000 -0.432169 0.635479 0.635479 0.635479
3664.005371 0.000000 4051.773438 0.000000 0.175564 0.000000 -0.984468 0.729492 0.729492 0.729492
3681.779053 0.000000 4051.483643 0.000000 0.683905 0.000000 -0.729571 0.673491 0.673491 0.673491
3688.233887 0.000000 4050.239502 0.000000 0.770704 0.000000 -0.637193 0.680718 0.680718 0.680718
3691.014404 0.000000 4066.161377 0.000000 0.645969 0.000000 -0.763364 0.698873 0.698873 0.698873
3681.626953 0.000000 4083.375488 0.000000 0.966234 0.000000 -0.257668 0.622251 0.622251 0.622251
3690.840088 0.000000 4074.043945 0.000000 0.230053 0.000000 -0.973178 0.720313 0.720313 0.720313
3678.381836 0.000000 4050.560547 0.000000 0.999463 0.000000 -0.032774 0.604075 0.604075 0.604075
3671.572266 0.000000 4074.654785 0.000000 0.923426 0.000000 -0.383777 0.639531 0.639531 0.639531
3690.203613 0.000000 4081.215332 0.000000 0.743731 0.000000 -0.668479 0.879665 0.879665 0.879665
3691.686768 0.000000 4051.834229 0.000000 0.112968 0.000000 -0.993599 0.794319 0.794319 0.794319
3689.395752 0.000000 4068.601807 0.000000 0.319807 0.000000 -0.947483 0.984257 0.984257 0.984257
3687.496338 0.000000 4082.814697 0.000000 0.831670 0.000000 -0.555270 0.692590 0.692590 0.692590
3664.946777 0.000000 4059.659912 0.000000 0.980258 0.000000 -0.197723 0.640547 0.640547 0.640547
3671.832764 0.000000 4052.937256 0.000000 0.794958 0.000000 -0.606664 0.679091 0.679091 0.679091
3691.833984 0.000000 4079.593506 0.000000 0.982159 0.000000 -0.188050 0.625220 0.625220 0.625220
3670.590820 0.000000 4062.359131 0.000000 0.965965 0.000000 -0.258674 0.683482 0.683482 0.683482
3689.988770 0.000000 4086.939453 0.000000 0.932178 0.000000 -0.361999 0.741487 0.741487 0.741487
3680.022949 0.000000 4090.360840 0.000000 0.769112 0.000000 -0.639114 0.755787 0.755787 0.755787
3685.043213 0.000000 4063.786133 0.000000 0.887887 0.000000 -0.460062 0.734628 0.734628 0.734628
3688.895020 0.000000 4071.570557 0.000000 0.902977 0.000000 -0.429688 0.709109 0.709109 0.709109
3691.785645 0.000000 4086.136230 0.000000 0.467141 0.000000 -0.884183 0.790109 0.790109 0.790109
3688.916748 0.000000 4085.559326 0.000000 0.382146 0.000000 -0.924102 1.050222 1.050222 1.050222
3685.608887 0.000000 4048.016846 0.000000 0.718762 0.000000 -0.695256 0.803828 0.803828 0.803828
3681.411377 0.000000 4049.366699 0.000000 0.736043 0.000000 -0.676935 0.737003 0.737003 0.737003
3687.205322 0.000000 4087.798828 0.000000 0.927820 0.000000 -0.373029 0.704789 0.704789 0.704789
3664.540771 0.000000 4058.336426 0.000000 0.522501 0.000000 -0.852639 0.807999 0.807999 0.807999
3666.356689 0.000000 4065.140625 0.000000 0.107322 0.000000 -0.994224 0.845489 0.845489 0.845489
3671.045654 0.000000 4057.653564 0.000000 0.807336 0.000000 -0.590092 0.780581 0.780581 0.780581
3674.461914 0.000000 4075.636475 0.000000 0.279012 0.000000 -0.960288 1.072698 1.072698 1.072698
3685.464844 0.000000 4062.518555 0.000000 0.875154 0.000000 -0.483845 0.742225 0.742225 0.742225
3679.924561 0.000000 4057.792969 0.000000 0.303648 0.000000 -0.952784 0.868494 0.868494 0.868494
3680.150879 0.000000 4091.858398 0.000000 0.918939 0.000000 -0.394399 0.691092 0.691092 0.691092
3674.588379 0.000000 4064.212402 0.000000 0.557360 0.000000 -0.830271 0.834778 0.834778 0.834778
3670.396484 0.000000 4056.015625 0.000000 0.998998 0.000000 -0.044761 0.612811 0.612811 0.612811
3680.520996 0.000000 4060.783691 0.000000 0.662759 0.000000 -0.748833 0.781281 0.781281 0.781281
3688.867432 0.000000 4089.547363 0.000000 0.785133 0.000000 -0.619327 0.794086 0.794086 0.794086
3669.127930 0.000000 4050.255615 0.000000 0.916821 0.000000 -0.399299 0.708904 0.708904 0.708904
3670.811035 0.000000 4049.332764 0.000000 0.364283 0.000000 -0.931288 0.835069 0.835069 0.835069
3678.175293 0.000000 4056.121826 0.000000 0.325281 0.000000 -0.945617 0.863646 0.863646 0.863646
3614.968994 0.000000 4101.095215 0.000000 0.763060 0.000000 -0.646327 0.656845 0.656845 0.656845
3599.600586 0.000000 4103.242676 0.000000 0.156445 0.000000 -0.987687 0.652941 0.652941 0.652941
3629.199951 0.000000 4138.374023 0.000000 0.367668 0.000000 -0.929957 0.639357 0.639357 0.639357
3607.886475 0.000000 4133.354980 0.000000 0.919951 0.000000 -0.392034 0.622930 0.622930 0.622930
3631.078613 0.000000 4139.945312 0.000000 0.984430 0.000000 -0.175775 0.612704 0.612704 0.612704
3641.197754 0.000000 4099.085938 0.000000 0.825938 0.000000 -0.563760 0.653829 0.653829 0.653829
3585.690674 0.000000 4134.594727 0.000000 0.435037 0.000000 -0.900413 0.712477 0.712477 0.712477
3620.475586 0.000000 4117.356934 0.000000 0.765478 0.000000 -0.643462 0.701566 0.701566 0.701566
3671.946777 0.000000 4094.442871 0.000000 0.974180 0.000000 -0.225773 0.604094 0.604094 0.604094
3690.642334 0.000000 4101.503906 0.000000 0.998902 0.000000 -0.046844 0.602316 0.602316 0.602316
3659.275635 0.000000 4108.353516 0.000000 0.038201 0.000000 -0.999270 0.719377 0.719377 0.719377
3663.878418 0.000000 4116.332520 0.000000 0.971789 0.000000 -0.235852 0.611769 0.611769 0.611769
3655.664062 0.000000 4105.259277 0.000000 0.832098 0.000000 -0.554628 0.620255 0.620255 0.620255
3689.998535 0.000000 4097.290527 0.000000 0.684201 0.000000 -0.729294 0.882800 0.882800 0.882800
3672.252930 0.000000 4107.946289 0.000000 0.608348 0.000000 -0.793671 0.635707 0.635707 0.635707
3663.257812 0.000000 4110.179199 0.000000 0.854484 0.000000 -0.519478 0.658094 0.658094 0.658094
3661.416504 0.000000 4106.134766 0.000000 0.998361 0.000000 -0.057233 0.604975 0.604975 0.604975
3688.065674 0.000000 4100.741699 0.000000 0.917188 0.000000 -0.398456 0.641745 0.641745 0.641745
3656.703857 0.000000 4123.856934 0.000000 0.598499 0.000000 -0.801123 0.675159 0.675159 0.675159
3683.760742 0.000000 4099.398926 0.000000 0.957597 0.000000 -0.288111 0.631082 0.631082 0.631082
3688.233887 0.000000 4096.239746 0.000000 0.989391 0.000000 -0.145280 0.650448 0.650448 0.650448
3686.494141 0.000000 4099.952148 0.000000 0.999903 0.000000 -0.013933 0.601482 0.601482 0.601482
3656.193359 0.000000 4121.915527 0.000000 0.585081 0.000000 -0.810975 0.760095 0.760095 0.760095
3668.200684 0.000000 4114.712402 0.000000 0.687666 0.000000 -0.726027 0.759441 0.759441 0.759441
3659.976562 0.000000 4105.444824 0.000000 0.375541 0.000000 -0.926806 0.953477 0.953477 0.953477
3675.565430 0.000000 4102.889160 0.000000 0.124408 0.000000 -0.992231 1.091705 1.091705 1.091705
3671.926514 0.000000 4096.019531 0.000000 0.971103 0.000000 -0.238660 0.684469 0.684469 0.684469
3685.608887 0.000000 4094.016846 0.000000 0.882714 0.000000 -0.469911 0.786857 0.786857 0.786857
3667.870117 0.000000 4109.170410 0.000000 0.542596 0.000000 -0.839994 0.828558 0.828558 0.828558
3681.411377 0.000000 4095.366699 0.000000 0.776170 0.000000 -0.630524 0.771684 0.771684 0.771684
3668.976562 0.000000 4104.479004 0.000000 0.992445 0.000000 -0.122692 0.641824 0.641824 0.641824
3669.503662 0.000000 4114.247070 0.000000 0.491686 0.000000 -0.870773 0.807369 0.807369 0.807369
3669.127930 0.000000 4096.255371 0.000000 0.772658 0.000000 -0.634822 0.862712 0.862712 0.862712
3666.811035 0.000000 4108.125488 0.000000 0.999989 0.000000 -0.004713 0.601080 0.601080 0.601080
3621.090820 0.000000 4182.382812 0.000000 0.828704 0.000000 -0.559686 0.646269 0.646269 0.646269
3617.821045 0.000000 4166.769043 0.000000 0.675255 0.000000 -0.737584 0.623608 0.623608 0.623608
3628.701660 0.000000 4140.086914 0.000000 0.171382 0.000000 -0.985205 0.704747 0.704747 0.704747
3604.183594 0.000000 4169.209961 0.000000 0.979823 0.000000 -0.199866 0.604220 0.604220 0.604220
3595.275635 0.000000 4154.353516 0.000000 0.997901 0.000000 -0.064755 0.614657 0.614657 0.614657
3611.550537 0.000000 4173.264648 0.000000 0.568085 0.000000 -0.822970 0.630406 0.630406 0.630406
3624.390625 0.000000 4179.006836 0.000000 0.321542 0.000000 -0.946895 0.888700 0.888700 0.888700
3646.516113 0.000000 4160.772461 0.000000 0.900639 0.000000 -0.434569 0.750843 0.750843 0.750843
3623.607910 0.000000 4184.420410 0.000000 0.854265 0.000000 -0.519838 0.643400 0.643400 0.643400
3619.201660 0.000000 4174.185547 0.000000 0.742047 0.000000 -0.670347 0.802491 0.802491 0.802491
3594.179932 0.000000 4157.430176 0.000000 0.921711 0.000000 -0.387878 0.634607 0.634607 0.634607
3616.625732 0.000000 4169.354980 0.000000 0.611492 0.000000 -0.791251 0.821517 0.821517 0.821517
3614.050293 0.000000 4172.296387 0.000000 0.428133 0.000000 -0.903716 0.802826 0.802826 0.802826
3646.784912 0.000000 4158.207520 0.000000 0.904490 0.000000 -0.426495 0.712862 0.712862 0.712862
3620.020264 0.000000 4184.619629 0.000000 0.364760 0.000000 -0.931101 0.711206 0.711206 0.711206
3613.410889 0.000000 4174.876953 0.000000 0.505642 0.000000 -0.862743 0.774591 0.774591 0.774591
3630.802734 0.000000 4141.205078 0.000000 0.361952 0.000000 -0.932197 0.693505 0.693505 0.693505
3606.062988 0.000000 4167.906250 0.000000 0.976100 0.000000 -0.217321 0.632159 0.632159 0.632159
3584.640137 0.000000 4166.259766 0.000000 0.839965 0.000000 -0.542641 0.646396 0.646396 0.646396
3593.068115 0.000000 4146.696777 0.000000 0.821195 0.000000 -0.570648 0.671865 0.671865 0.671865
3592.291016 0.000000 4157.329102 0.000000 0.697497 0.000000 -0.716588 0.737620 0.737620 0.737620
3619.420654 0.000000 4176.100586 0.000000 0.872896 0.000000 -0.487907 0.794687 0.794687 0.794687
3607.572266 0.000000 4166.654785 0.000000 0.704384 0.000000 -0.709819 0.715858 0.715858 0.715858
3615.315674 0.000000 4170.689453 0.000000 0.145481 0.000000 -0.989361 0.971359 0.971359 0.971359
3624.721191 0.000000 4182.909668 0.000000 0.250028 0.000000 -0.968239 0.738208 0.738208 0.738208
3584.549561 0.000000 4169.735840 0.000000 0.819384 0.000000 -0.573245 0.714303 0.714303 0.714303
3589.040283 0.000000 4168.306641 0.000000 0.997130 0.000000 -0.075712 0.615325 0.615325 0.615325
3594.377197 0.000000 4172.120117 0.000000 0.475469 0.000000 -0.879733 0.964023 0.964023 0.964023
3584.060547 0.000000 4168.206055 0.000000 0.757693 0.000000 -0.652611 0.733133 0.733133 0.733133
3607.506348 0.000000 4168.615234 0.000000 0.333965 0.000000 -0.942585 0.904076 0.904076 0.904076
3614.557861 0.000000 4173.757812 0.000000 0.176905 0.000000 -0.984228 0.850386 0.850386 0.850386
3624.916748 0.000000 4177.559570 0.000000 0.999725 0.000000 -0.023443 0.605935 0.605935 0.605935
3586.342773 0.000000 4169.545898 0.000000 0.084264 0.000000 -0.996443 0.958478 0.958478 0.958478
3647.193848 0.000000 4156.818848 0.000000 0.643458 0.000000 -0.765481 0.914717 0.914717 0.914717
3615.749023 0.000000 4173.014648 0.000000 0.576606 0.000000 -0.817023 0.771883 0.771883 0.771883
3612.108398 0.000000 4174.499023 0.000000 0.010934 0.000000 -0.999940 0.861695 0.861695 0.861695
3647.140381 0.000000 4159.549805 0.000000 0.796304 0.000000 -0.604896 0.766401 0.766401 0.766401
3643.319336 0.000000 4161.202637 0.000000 0.971212 0.000000 -0.238218 0.675663 0.675663 0.675663
3594.215332 0.000000 4155.093750 0.000000 0.258948 0.000000 -0.965891 0.896048 0.896048 0.896048
3658.052002 0.000000 4167.864258 0.000000 0.955643 0.000000 -0.294527 0.622839 0.622839 0.622839
3659.275635 0.000000 4154.353516 0.000000 0.997280 0.000000 -0.073708 0.604531 0.604531 0.604531
3654.194824 0.000000 4173.937012 0.000000 0.556944 0.000000 -0.830550 0.664597 0.664597 0.664597
3658.490967 0.000000 4152.041016 0.000000 0.383204 0.000000 -0.923664 0.726998 0.726998 0.726998
3657.085938 0.000000 4144.182129 0.000000 0.527014 0.000000 -0.849857 0.878428 0.878428 0.878428
3656.400146 0.000000 4178.690430 0.000000 0.819421 0.000000 -0.573191 0.668575 0.668575 0.668575
3657.866211 0.000000 4142.735840 0.000000 0.514023 0.000000 -0.857777 0.888776 0.888776 0.888776
3658.377197 0.000000 4172.120117 0.000000 0.949372 0.000000 -0.314153 0.700524 0.700524 0.700524
3659.976562 0.000000 4151.444824 0.000000 0.121270 0.000000 -0.992620 0.990751 0.990751 0.990751
3659.391113 0.000000 4169.055176 0.000000 0.997514 0.000000 -0.070465 0.619121 0.619121 0.619121
3662.668213 0.000000 4152.893066 0.000000 0.660952 0.000000 -0.750428 0.880959 0.880959 0.880959
3660.677246 0.000000 4177.507812 0.000000 0.999980 0.000000 -0.006319 0.601410 0.601410 0.601410
3658.063965 0.000000 4169.428223 0.000000 0.057050 0.000000 -0.998371 1.010406 1.010406 1.010406
3657.707275 0.000000 4170.888672 0.000000 0.372959 0.000000 -0.927848 1.054012 1.054012 1.054012
3662.282715 0.000000 4180.979492 0.000000 0.686818 0.000000 -0.726830 0.776734 0.776734 0.776734
3656.128662 0.000000 4171.143066 0.000000 0.302381 0.000000 -0.953187 1.082662 1.082662 1.082662
3651.303711 0.000000 4161.779297 0.000000 0.911455 0.000000 -0.411400 0.751155 0.751155 0.751155
3656.075195 0.000000 4149.983887 0.000000 0.861672 0.000000 -0.507466 0.741912 0.741912 0.741912
3656.016113 0.000000 4177.443848 0.000000 0.959815 0.000000 -0.280634 0.664766 0.664766 0.664766
3644.353516 0.000000 4186.510742 0.000000 0.898832 0.000000 -0.438293 0.706019 0.706019 0.706019
3642.855713 0.000000 4214.786621 0.000000 0.428517 0.000000 -0.903534 0.643929 0.643929 0.643929
3638.613281 0.000000 4221.079590 0.000000 0.087109 0.000000 -0.996199 0.628890 0.628890 0.628890
3631.091309 0.000000 4197.206543 0.000000 0.926823 0.000000 -0.375498 0.648435 0.648435 0.648435
3640.900879 0.000000 4210.257812 0.000000 0.791853 0.000000 -0.610711 0.713169 0.713169 0.713169
3635.413818 0.000000 4194.959961 0.000000 0.086250 0.000000 -0.996274 1.006916 1.006916 1.006916
3638.166016 0.000000 4213.894531 0.000000 0.116783 0.000000 -0.993157 0.839537 0.839537 0.839537
3640.780029 0.000000 4188.512695 0.000000 0.013680 0.000000 -0.999906 0.956865 0.956865 0.956865
3625.998535 0.000000 4189.290527 0.000000 0.719182 0.000000 -0.694821 0.618411 0.618411 0.618411
3637.367188 0.000000 4217.584961 0.000000 0.011746 0.000000 -0.999931 0.929284 0.929284 0.929284
3634.114258 0.000000 4197.856934 0.000000 0.660302 0.000000 -0.751001 0.719625 0.719625 0.719625
3632.611328 0.000000 4194.737305 0.000000 0.839038 0.000000 -0.544073 0.742186 0.742186 0.742186
3634.248291 0.000000 4192.557129 0.000000 0.714466 0.000000 -0.699670 0.721884 0.721884 0.721884
3636.441650 0.000000 4222.829590 0.000000 0.565176 0.000000 -0.824970 0.828155 0.828155 0.828155
3630.235352 0.000000 4199.422852 0.000000 0.933456 0.000000 -0.358693 0.725295 0.725295 0.725295
3646.875977 0.000000 4227.578613 0.000000 0.940901 0.000000 -0.338683 0.626396 0.626396 0.626396
3642.218262 0.000000 4186.789551 0.000000 0.781866 0.000000 -0.623447 0.684699 0.684699 0.684699
3620.830566 0.000000 4187.335449 0.000000 0.683632 0.000000 -0.729827 0.786262 0.786262 0.786262
3639.214844 0.000000 4223.137207 0.000000 0.888180 0.000000 -0.459496 0.673661 0.673661 0.673661
3630.125000 0.000000 4192.086914 0.000000 0.949447 0.000000 -0.313927 0.626308 0.626308 0.626308
3637.312988 0.000000 4215.636230 0.000000 0.455397 0.000000 -0.890289 0.728286 0.728286 0.728286
3643.464355 0.000000 4222.975098 0.000000 0.191557 0.000000 -0.981481 1.074770 1.074770 1.074770
3633.899658 0.000000 4195.996094 0.000000 0.692451 0.000000 -0.721465 0.799189 0.799189 0.799189
3641.711670 0.000000 4217.139160 0.000000 0.551222 0.000000 -0.834359 0.778887 0.778887 0.778887
3641.165771 0.000000 4214.873047 0.000000 0.632068 0.000000 -0.774913 0.938647 0.938647 0.938647
3645.720703 0.000000 4187.441406 0.000000 0.041942 0.000000 -0.999120 0.957255 0.957255 0.957255
3639.627930 0.000000 4214.566895 0.000000 0.779962 0.000000 -0.625827 0.858286 0.858286 0.858286
3636.259521 0.000000 4221.276367 0.000000 0.999097 0.000000 -0.042495 0.606240 0.606240 0.606240
3638.875977 0.000000 4217.168945 0.000000 0.283925 0.000000 -0.958847 0.769111 0.769111 0.769111
3635.837646 0.000000 4216.147461 0.000000 0.979731 0.000000 -0.200318 0.631419 0.631419 0.631419
3635.461670 0.000000 4193.463867 0.000000 0.668561 0.000000 -0.743657 0.731885 0.731885 0.731885
3621.608887 0.000000 4186.017090 0.000000 0.861597 0.000000 -0.507593 0.721217 0.721217 0.721217
3638.836426 0.000000 4215.735840 0.000000 0.960888 0.000000 -0.276938 0.707184 0.707184 0.707184
3623.798584 0.000000 4191.361816 0.000000 0.962128 0.000000 -0.272599 0.646733 0.646733 0.646733
3642.044434 0.000000 4222.986816 0.000000 0.659444 0.000000 -0.751754 0.893092 0.893092 0.893092
3641.383545 0.000000 4189.739258 0.000000 0.993186 0.000000 -0.116537 0.626769 0.626769 0.626769
3647.543213 0.000000 4212.957031 0.000000 0.512543 0.000000 -0.858662 0.801089 0.801089 0.801089
3642.451416 0.000000 4216.087402 0.000000 0.061401 0.000000 -0.998113 0.932354 0.932354 0.932354
3672.115967 0.000000 4196.505371 0.000000 0.993788 0.000000 -0.111290 0.611192 0.611192 0.611192
3692.517578 0.000000 4216.009766 0.000000 0.934616 0.000000 -0.355659 0.634315 0.634315 0.634315
3674.297607 0.000000 4208.674805 0.000000 0.731020 0.000000 -0.682356 0.657371 0.657371 0.657371
3660.014404 0.000000 4230.589355 0.000000 0.750032 0.000000 -0.661401 0.635724 0.635724 0.635724
3668.183594 0.000000 4215.209961 0.000000 0.945067 0.000000 -0.326878 0.610475 0.610475 0.610475
3660.144287 0.000000 4222.135742 0.000000 0.825363 0.000000 -0.564602 0.758168 0.758168 0.758168
3689.832031 0.000000 4220.935059 0.000000 0.853018 0.000000 -0.521882 0.610692 0.610692 0.610692
3681.457275 0.000000 4230.145996 0.000000 0.594848 0.000000 -0.803838 0.671331 0.671331 0.671331
3648.607910 0.000000 4224.598633 0.000000 0.708557 0.000000 -0.705653 0.811211 0.811211 0.811211
3650.481445 0.000000 4210.979980 0.000000 0.801732 0.000000 -0.597684 0.671969 0.671969 0.671969
3687.607910 0.000000 4230.420410 0.000000 0.801151 0.000000 -0.598463 0.657663 0.657663 0.657663
3674.097900 0.000000 4194.424805 0.000000 0.984096 0.000000 -0.177639 0.616318 0.616318 0.616318
3670.769043 0.000000 4216.002930 0.000000 0.601417 0.000000 -0.798935 0.656841 0.656841 0.656841
3652.377441 0.000000 4212.895996 0.000000 0.590414 0.000000 -0.807101 0.702703 0.702703 0.702703
3650.591797 0.000000 4187.448730 0.000000 0.949500 0.000000 -0.313766 0.709957 0.709957 0.709957
3662.239014 0.000000 4223.321777 0.000000 0.607613 0.000000 -0.794233 0.946428 0.946428 0.946428
3674.292480 0.000000 4206.342773 0.000000 0.467907 0.000000 -0.883778 0.708779 0.708779 0.708779
3661.658447 0.000000 4220.333984 0.000000 0.615167 0.000000 -0.788397 0.748286 0.748286 0.748286
3670.449463 0.000000 4188.561523 0.000000 0.778983 0.000000 -0.627045 0.647716 0.647716 0.647716
3649.690674 0.000000 4226.594727 0.000000 0.767638 0.000000 -0.640884 0.701077 0.701077 0.701077
3658.068604 0.000000 4221.014648 0.000000 0.990323 0.000000 -0.138785 0.653184 0.653184 0.653184
3685.170166 0.000000 4216.434570 0.000000 0.959980 0.000000 -0.280068 0.628489 0.628489 0.628489
3677.501465 0.000000 4225.526855 0.000000 0.657281 0.000000 -0.753645 0.675438 0.675438 0.675438
3650.813477 0.000000 4224.802734 0.000000 0.272398 0.000000 -0.962185 0.935566 0.935566 0.935566
3669.130127 0.000000 4226.294434 0.000000 0.140614 0.000000 -0.990065 0.719930 0.719930 0.719930
3667.470459 0.000000 4224.933594 0.000000 0.628141 0.000000 -0.778100 0.940579 0.940579 0.940579
3648.721680 0.000000 4193.152832 0.000000 0.894093 0.000000 -0.447881 0.664693 0.664693 0.664693
3689.606201 0.000000 4226.462402 0.000000 0.496347 0.000000 -0.868124 0.710246 0.710246 0.710246
3664.385986 0.000000 4223.288574 0.000000 0.938708 0.000000 -0.344713 0.734428 0.734428 0.734428
3668.743408 0.000000 4219.683105 0.000000 0.573529 0.000000 -0.819185 0.738048 0.738048 0.738048
3658.271973 0.000000 4231.216309 0.000000 0.982413 0.000000 -0.186721 0.628979 0.628979 0.628979
3652.238037 0.000000 4188.119629 0.000000 0.301037 0.000000 -0.953612 1.003615 1.003615 1.003615
3655.691650 0.000000 4191.459961 0.000000 0.167972 0.000000 -0.985792 0.849916 0.849916 0.849916
3662.662109 0.000000 4211.541992 0.000000 0.998790 0.000000 -0.049173 0.612895 0.612895 0.612895
3651.291992 0.000000 4186.002930 0.000000 0.685200 0.000000 -0.728355 0.881103 0.881103 0.881103
3662.323242 0.000000 4216.065430 0.000000 0.317075 0.000000 -0.948400 0.768268 0.768268 0.768268
3658.377197 0.000000 4218.120117 0.000000 0.737655 0.000000 -0.675178 0.883120 0.883120 0.883120
3664.540771 0.000000 4206.897461 0.000000 0.130450 0.000000 -0.991455 1.061593 1.061593 1.061593
3679.571289 0.000000 4209.632812 0.000000 0.936211 0.000000 -0.351439 0.652716 0.652716 0.652716
3649.529297 0.000000 4186.028320 0.000000 0.870688 0.000000 -0.491836 0.707832 0.707832 0.707832
3652.740479 0.000000 4190.943359 0.000000 0.677876 0.000000 -0.735176 0.864756 0.864756 0.864756
3661.423096 0.000000 4205.912109 0.000000 0.936728 0.000000 -0.350058 0.674464 0.674464 0.674464
3655.721436 0.000000 4189.367188 0.000000 0.269160 0.000000 -0.963095 0.831422 0.831422 0.831422
3673.048340 0.000000 4224.399414 0.000000 0.561643 0.000000 -0.827380 0.743043 0.743043 0.743043
3667.809570 0.000000 4187.979492 0.000000 0.258955 0.000000 -0.965890 0.976430 0.976430 0.976430
3650.342773 0.000000 4215.545898 0.000000 0.977792 0.000000 -0.209576 0.680650 0.680650 0.680650
3650.987549 0.000000 4192.995605 0.000000 0.257515 0.000000 -0.966274 0.898347 0.898347 0.898347
3673.385498 0.000000 4207.557129 0.000000 0.484473 0.000000 -0.874806 0.901521 0.901521 0.901521
3691.203613 0.000000 4220.265625 0.000000 0.896275 0.000000 -0.443499 0.754867 0.754867 0.754867
3651.397461 0.000000 4213.905762 0.000000 0.832719 0.000000 -0.553696 0.759095 0.759095 0.759095
3682.723877 0.000000 4231.216309 0.000000 0.954444 0.000000 -0.298389 0.693045 0.693045 0.693045
3649.146973 0.000000 4187.566406 0.000000 0.943909 0.000000 -0.330206 0.670572 0.670572 0.670572
3689.190918 0.000000 4222.208984 0.000000 0.515654 0.000000 -0.856797 0.792676 0.792676 0.792676
3664.918701 0.000000 4215.916992 0.000000 0.904338 0.000000 -0.426817 0.768438 0.768438 0.768438
3679.320068 0.000000 4207.464844 0.000000 0.999649 0.000000 -0.026484 0.606785 0.606785 0.606785
3673.804199 0.000000 4205.012207 0.000000 0.923498 0.000000 -0.383602 0.716176 0.716176 0.716176
3662.416016 0.000000 4204.870117 0.000000 0.254007 0.000000 -0.967202 0.997585 0.997585 0.997585
3674.461914 0.000000 4213.636719 0.000000 0.595649 0.000000 -0.803245 0.907374 0.907374 0.907374
3669.640625 0.000000 4210.425781 0.000000 0.189859 0.000000 -0.981811 1.127036 1.127036 1.127036
3680.150879 0.000000 4229.858398 0.000000 0.268812 0.000000 -0.963193 0.831487 0.831487 0.831487
3648.173096 0.000000 4225.891113 0.000000 0.206954 0.000000 -0.978351 0.967323 0.967323 0.967323
3677.392090 0.000000 4209.353027 0.000000 0.523395 0.000000 -0.852090 0.813897 0.813897 0.813897
3669.986328 0.000000 4204.684082 0.000000 0.285265 0.000000 -0.958449 1.089502 1.089502 1.089502
3724.014404 0.000000 4230.589355 0.000000 0.136554 0.000000 -0.990633 0.735308 0.735308 0.735308
3718.037842 0.000000 4229.622559 0.000000 0.687724 0.000000 -0.725973 0.910332 0.910332 0.910332
3730.421387 0.000000 4226.666504 0.000000 0.280715 0.000000 -0.959791 0.727164 0.727164 0.727164
3719.375488 0.000000 4231.964844 0.000000 0.897013 0.000000 -0.442004 0.747447 0.747447 0.747447
3722.743164 0.000000 4228.239258 0.000000 0.758954 0.000000 -0.651144 0.734895 0.734895 0.734895
3720.160156 0.000000 4227.802734 0.000000 0.366163 0.000000 -0.930551 1.056806 1.056806 1.056806
3743.683350 0.000000 4231.136230 0.000000 0.935831 0.000000 -0.352448 0.660967 0.660967 0.660967
3736.798828 0.000000 4231.443359 0.000000 0.581278 0.000000 -0.813705 0.725293 0.725293 0.725293
3744.022949 0.000000 4228.360840 0.000000 0.103124 0.000000 -0.994668 1.127567 1.127567 1.127567
3719.598145 0.000000 4229.335938 0.000000 0.192119 0.000000 -0.981372 1.126157 1.126157 1.126157
3718.169678 0.000000 4231.173340 0.000000 0.765335 0.000000 -0.643632 0.825192 0.825192 0.825192
3739.535645 0.000000 4229.875488 0.000000 0.911846 0.000000 -0.410534 0.670972 0.670972 0.670972
3720.912354 0.000000 4231.294434 0.000000 0.999542 0.000000 -0.030253 0.611558 0.611558 0.611558
3719.429932 0.000000 4230.637207 0.000000 0.652421 0.000000 -0.757856 0.876974 0.876974 0.876974
3633.976562 0.000000 4261.901367 0.000000 0.352606 0.000000 -0.935772 0.745052 0.745052 0.745052
3622.783691 0.000000 4258.575684 0.000000 0.927656 0.000000 -0.373435 0.641849 0.641849 0.641849
3638.166016 0.000000 4259.894531 0.000000 0.690099 0.000000 -0.723715 0.743025 0.743025 0.743025
3626.042969 0.000000 4259.821289 0.000000 0.608844 0.000000 -0.793290 0.912906 0.912906 0.912906
3639.923340 0.000000 4253.133301 0.000000 0.873680 0.000000 -0.486501 0.662408 0.662408 0.662408
3618.996826 0.000000 4272.066895 0.000000 0.370583 0.000000 -0.928799 1.033578 1.033578 1.033578
3628.871338 0.000000 4258.608887 0.000000 0.037628 0.000000 -0.999292 1.017974 1.017974 1.017974
3621.612549 0.000000 4271.407715 0.000000 0.898239 0.000000 -0.439507 0.747914 0.747914 0.747914
3623.567627 0.000000 4273.455566 0.000000 0.240145 0.000000 -0.970737 0.787029 0.787029 0.787029
3630.884766 0.000000 4263.085449 0.000000 0.822409 0.000000 -0.568897 0.731441 0.731441 0.731441
3638.921143 0.000000 4254.948242 0.000000 0.939614 0.000000 -0.342236 0.676913 0.676913 0.676913
3619.174316 0.000000 4274.870605 0.000000 0.991129 0.000000 -0.132903 0.614975 0.614975 0.614975
3626.840088 0.000000 4258.043945 0.000000 0.999936 0.000000 -0.011284 0.603854 0.603854 0.603854
3627.589844 0.000000 4267.619629 0.000000 0.269411 0.000000 -0.963025 0.986923 0.986923 0.986923
3636.851074 0.000000 4258.567871 0.000000 0.350192 0.000000 -0.936678 0.896174 0.896174 0.896174
3628.056641 0.000000 4260.219727 0.000000 0.893943 0.000000 -0.448181 0.731569 0.731569 0.731569
3626.203613 0.000000 4265.215332 0.000000 0.664469 0.000000 -0.747315 0.807340 0.807340 0.807340
3620.645996 0.000000 4272.791504 0.000000 0.426945 0.000000 -0.904278 1.031508 1.031508 1.031508
3629.618164 0.000000 4260.757812 0.000000 0.667860 0.000000 -0.744287 0.837660 0.837660 0.837660
3621.164795 0.000000 4258.711914 0.000000 0.983256 0.000000 -0.182230 0.640352 0.640352 0.640352
3629.644775 0.000000 4265.749023 0.000000 0.662091 0.000000 -0.749423 0.725634 0.725634 0.725634
3627.203613 0.000000 4266.265625 0.000000 0.903953 0.000000 -0.427631 0.731716 0.731716 0.731716
3639.337402 0.000000 4256.295410 0.000000 0.841808 0.000000 -0.539777 0.758004 0.758004 0.758004
3620.186279 0.000000 4271.367188 0.000000 0.532710 0.000000 -0.846298 0.927975 0.927975 0.927975
3621.190918 0.000000 4270.122070 0.000000 0.400723 0.000000 -0.916199 0.976568 0.976568 0.976568
3668.216064 0.000000 4235.416992 0.000000 0.824458 0.000000 -0.565923 0.686504 0.686504 0.686504
3678.968994 0.000000 4239.095215 0.000000 0.365013 0.000000 -0.931003 0.739873 0.739873 0.739873
3660.547119 0.000000 4232.236328 0.000000 0.754469 0.000000 -0.656336 0.798402 0.798402 0.798402
3693.366699 0.000000 4235.250000 0.000000 0.948989 0.000000 -0.315308 0.646129 0.646129 0.646129
3674.097900 0.000000 4240.424805 0.000000 0.920915 0.000000 -0.389764 0.713350 0.713350 0.713350
3668.941895 0.000000 4232.791016 0.000000 0.479904 0.000000 -0.877321 0.644888 0.644888 0.644888
3692.199707 0.000000 4237.509277 0.000000 0.040707 0.000000 -0.999171 1.024010 1.024010 1.024010
3658.063477 0.000000 4232.137695 0.000000 0.664444 0.000000 -0.747338 0.797234 0.797234 0.797234
3670.449463 0.000000 4234.561523 0.000000 0.992650 0.000000 -0.121017 0.619989 0.619989 0.619989
3684.830566 0.000000 4233.335449 0.000000 0.227556 0.000000 -0.973765 0.728580 0.728580 0.728580
3672.778809 0.000000 4244.170410 0.000000 0.510831 0.000000 -0.859681 0.908415 0.908415 0.908415
3676.628906 0.000000 4237.631348 0.000000 0.999348 0.000000 -0.036117 0.609903 0.609903 0.609903
3662.929443 0.000000 4232.389160 0.000000 0.382284 0.000000 -0.924045 1.011328 1.011328 1.011328
3677.730957 0.000000 4243.115723 0.000000 0.167373 0.000000 -0.985894 1.085341 1.085341 1.085341
3693.203857 0.000000 4233.628418 0.000000 0.460135 0.000000 -0.887849 1.017361 1.017361 1.017361
3664.424072 0.000000 4233.792480 0.000000 0.454986 0.000000 -0.890499 0.756312 0.756312 0.756312
3678.705566 0.000000 4237.560547 0.000000 0.441042 0.000000 -0.897487 0.843637 0.843637 0.843637
3671.926514 0.000000 4234.019531 0.000000 0.622147 0.000000 -0.782901 0.748182 0.748182 0.748182
3678.039307 0.000000 4246.279297 0.000000 0.093855 0.000000 -0.995586 1.066763 1.066763 1.066763
3677.620361 0.000000 4238.643066 0.000000 0.192468 0.000000 -0.981303 1.062073 1.062073 1.062073
3687.798584 0.000000 4237.361816 0.000000 0.439292 0.000000 -0.898344 0.930990 0.930990 0.930990
3673.488037 0.000000 4245.269043 0.000000 0.010993 0.000000 -0.999940 1.064958 1.064958 1.064958
3603.420410 0.000000 4285.959961 0.000000 0.728245 0.000000 -0.685317 0.642978 0.642978 0.642978
3600.112061 0.000000 4291.112793 0.000000 0.752221 0.000000 -0.658911 0.689438 0.689438 0.689438
3606.870850 0.000000 4284.240723 0.000000 0.880721 0.000000 -0.473635 0.650998 0.650998 0.650998
3601.635498 0.000000 4283.049316 0.000000 0.452733 0.000000 -0.891646 0.822638 0.822638 0.822638
3597.178711 0.000000 4285.708984 0.000000 0.154380 0.000000 -0.988012 0.748453 0.748453 0.748453
3594.490967 0.000000 4290.041016 0.000000 0.973669 0.000000 -0.227969 0.634795 0.634795 0.634795
3731.420410 0.000000 4239.959961 0.000000 0.096734 0.000000 -0.995310 0.626494 0.626494 0.626494
3740.179932 0.000000 4242.298828 0.000000 0.987865 0.000000 -0.155315 0.613315 0.613315 0.613315
3727.600586 0.000000 4241.242676 0.000000 0.834693 0.000000 -0.550716 0.688236 0.688236 0.688236
3739.947510 0.000000 4250.508301 0.000000 0.922936 0.000000 -0.384953 0.660376 0.660376 0.660376
3741.791260 0.000000 4236.291016 0.000000 0.111393 0.000000 -0.993776 0.967203 0.967203 0.967203
3742.078613 0.000000 4232.086426 0.000000 0.624813 0.000000 -0.780775 0.742252 0.742252 0.742252
3718.423340 0.000000 4236.327148 0.000000 0.982464 0.000000 -0.186452 0.640455 0.640455 0.640455
3716.419922 0.000000 4238.562500 0.000000 0.869932 0.000000 -0.493172 0.621631 0.621631 0.621631
3723.687012 0.000000 4252.744141 0.000000 0.630931 0.000000 -0.775839 0.783571 0.783571 0.783571
3733.688721 0.000000 4241.298828 0.000000 0.915320 0.000000 -0.402727 0.696858 0.696858 0.696858
3718.619629 0.000000 4250.123535 0.000000 0.334339 0.000000 -0.942453 0.802652 0.802652 0.802652
3738.292480 0.000000 4252.342773 0.000000 0.689222 0.000000 -0.724551 0.791795 0.791795 0.791795
3722.871338 0.000000 4257.828613 0.000000 0.310035 0.000000 -0.950725 0.789956 0.789956 0.789956
3745.870850 0.000000 4252.841309 0.000000 0.305265 0.000000 -0.952267 0.845474 0.845474 0.845474
3743.862793 0.000000 4236.228516 0.000000 0.593135 0.000000 -0.805103 0.713549 0.713549 0.713549
3721.858643 0.000000 4253.518555 0.000000 0.578263 0.000000 -0.815850 0.958760 0.958760 0.958760
3718.150879 0.000000 4251.972168 0.000000 0.998923 0.000000 -0.046409 0.607650 0.607650 0.607650
3742.403809 0.000000 4254.498047 0.000000 0.398877 0.000000 -0.917004 0.937241 0.937241 0.937241
3731.793213 0.000000 4241.806641 0.000000 0.670972 0.000000 -0.741483 0.803943 0.803943 0.803943
3733.223145 0.000000 4239.401855 0.000000 0.061178 0.000000 -0.998127 0.798989 0.798989 0.798989
3739.938965 0.000000 4248.698730 0.000000 0.967090 0.000000 -0.254434 0.688633 0.688633 0.688633
3717.915283 0.000000 4237.904297 0.000000 0.767558 0.000000 -0.640980 0.704222 0.704222 0.704222
3734.362549 0.000000 4232.073730 0.000000 0.770231 0.000000 -0.637765 0.770933 0.770933 0.770933
3744.532227 0.000000 4251.728516 0.000000 0.307653 0.000000 -0.951499 0.952402 0.952402 0.952402
3743.571289 0.000000 4255.632812 0.000000 0.980510 0.000000 -0.196471 0.657468 0.657468 0.657468
3724.670410 0.000000 4256.685547 0.000000 0.962020 0.000000 -0.272978 0.693186 0.693186 0.693186
3725.423096 0.000000 4251.912109 0.000000 0.810005 0.000000 -0.586423 0.825277 0.825277 0.825277
3735.926514 0.000000 4234.019531 0.000000 0.886896 0.000000 -0.461970 0.727321 0.727321 0.727321
3743.555908 0.000000 4232.683105 0.000000 0.478240 0.000000 -0.878229 0.770236 0.770236 0.770236
3723.711670 0.000000 4251.044434 0.000000 0.993994 0.000000 -0.109434 0.641885 0.641885 0.641885
3726.296875 0.000000 4240.621094 0.000000 0.993338 0.000000 -0.115239 0.617473 0.617473 0.617473
3745.411377 0.000000 4233.366699 0.000000 0.412615 0.000000 -0.910906 0.793890 0.793890 0.793890
3739.301025 0.000000 4253.653809 0.000000 0.396347 0.000000 -0.918101 0.875312 0.875312 0.875312
3729.516846 0.000000 4245.855469 0.000000 0.256110 0.000000 -0.966648 1.069631 1.069631 1.069631
3740.992432 0.000000 4249.542969 0.000000 0.945898 0.000000 -0.324463 0.726220 0.726220 0.726220
3738.588379 0.000000 4248.212402 0.000000 0.073520 0.000000 -0.997294 1.115824 1.115824 1.115824
3734.396484 0.000000 4240.015625 0.000000 0.032380 0.000000 -0.999476 1.079321 1.079321 1.079321
3731.027100 0.000000 4243.139648 0.000000 0.523302 0.000000 -0.852148 0.816976 0.816976 0.816976
3742.383789 0.000000 4248.547852 0.000000 0.342379 0.000000 -0.939562 0.900037 0.900037 0.900037
3720.445312 0.000000 4253.466797 0.000000 0.995207 0.000000 -0.097793 0.636827 0.636827 0.636827
3734.811035 0.000000 4233.332520 0.000000 0.982595 0.000000 -0.185760 0.646181 0.646181 0.646181
3742.175293 0.000000 4240.121582 0.000000 0.601780 0.000000 -0.798662 0.798153 0.798153 0.798153
3743.256836 0.000000 4250.888184 0.000000 0.360775 0.000000 -0.932653 0.949211 0.949211 0.949211
3736.899658 0.000000 4239.789062 0.000000 0.164522 0.000000 -0.986373 0.926333 0.926333 0.926333
3123.950684 0.000000 4430.386230 0.000000 0.754445 0.000000 -0.656364 0.726555 0.726555 0.726555
3127.166748 0.000000 4422.214844 0.000000 0.413101 0.000000 -0.910685 0.709763 0.709763 0.709763
3122.044678 0.000000 4433.801758 0.000000 0.226112 0.000000 -0.974101 0.672406 0.672406 0.672406
3128.812500 0.000000 4433.821777 0.000000 0.843827 0.000000 -0.536616 0.637332 0.637332 0.637332
3126.276367 0.000000 4424.680176 0.000000 0.347530 0.000000 -0.937669 0.854978 0.854978 0.854978
3124.717041 0.000000 4422.567871 0.000000 0.220955 0.000000 -0.975284 0.711057 0.711057 0.711057
3125.882568 0.000000 4432.049316 0.000000 0.621122 0.000000 -0.783714 0.850927 0.850927 0.850927
3124.125488 0.000000 4433.462891 0.000000 0.906254 0.000000 -0.422734 0.721604 0.721604 0.721604
3122.271484 0.000000 4431.711914 0.000000 0.824123 0.000000 -0.566411 0.706432 0.706432 0.706432
3129.292236 0.000000 4435.644043 0.000000 0.883415 0.000000 -0.468591 0.670131 0.670131 0.670131
3124.956787 0.000000 4425.567383 0.000000 0.380840 0.000000 -0.924641 0.870457 0.870457 0.870457
3123.743164 0.000000 4431.972168 0.000000 0.436381 0.000000 -0.899762 0.797829 0.797829 0.797829
3125.422363 0.000000 4433.317871 0.000000 0.230422 0.000000 -0.973091 0.972866 0.972866 0.972866
3125.737549 0.000000 4430.731445 0.000000 0.974573 0.000000 -0.224072 0.644684 0.644684 0.644684
3126.432129 0.000000 4435.835938 0.000000 0.394491 0.000000 -0.918900 0.868809 0.868809 0.868809
3142.215332 0.000000 4426.744141 0.000000 0.324203 0.000000 -0.945988 1.036717 1.036717 1.036717
3180.517578 0.000000 4492.009766 0.000000 0.589301 0.000000 -0.807914 0.652131 0.652131 0.652131
3163.550537 0.000000 4495.264648 0.000000 0.737456 0.000000 -0.675395 0.676639 0.676639 0.676639
3151.600586 0.000000 4471.242676 0.000000 0.994204 0.000000 -0.107515 0.641147 0.641147 0.641147
3189.979492 0.000000 4500.852539 0.000000 0.929947 0.000000 -0.367693 0.686858 0.686858 0.686858
3149.170654 0.000000 4490.847656 0.000000 0.543900 0.000000 -0.839150 0.649220 0.649220 0.649220
3170.996826 0.000000 4502.066895 0.000000 0.993819 0.000000 -0.111013 0.606832 0.606832 0.606832
3180.232422 0.000000 4495.243164 0.000000 0.005962 0.000000 -0.999982 0.707825 0.707825 0.707825
3142.194824 0.000000 4495.937012 0.000000 0.955835 0.000000 -0.293905 0.652281 0.652281 0.652281
3183.078613 0.000000 4507.945312 0.000000 0.978077 0.000000 -0.208243 0.627338 0.627338 0.627338
3163.281494 0.000000 4497.622070 0.000000 0.486760 0.000000 -0.873536 0.730497 0.730497 0.730497
3176.339844 0.000000 4495.251953 0.000000 0.964863 0.000000 -0.262753 0.684033 0.684033 0.684033
3191.835693 0.000000 4501.805176 0.000000 0.979520 0.000000 -0.201349 0.653448 0.653448 0.653448
3160.680176 0.000000 4492.350098 0.000000 0.519247 0.000000 -0.854624 0.913164 0.913164 0.913164
3177.606201 0.000000 4502.462402 0.000000 0.991935 0.000000 -0.126751 0.628176 0.628176 0.628176
3155.793213 0.000000 4471.806641 0.000000 0.695606 0.000000 -0.718423 0.741675 0.741675 0.741675
3141.586914 0.000000 4492.112793 0.000000 0.942538 0.000000 -0.334099 0.633167 0.633167 0.633167
3165.047607 0.000000 4505.228516 0.000000 0.776757 0.000000 -0.629800 0.671437 0.671437 0.671437
3145.405518 0.000000 4472.702148 0.000000 0.369481 0.000000 -0.929238 0.808968 0.808968 0.808968
3182.517578 0.000000 4498.497559 0.000000 0.977985 0.000000 -0.208673 0.634638 0.634638 0.634638
3168.022949 0.000000 4504.360840 0.000000 0.935049 0.000000 -0.354518 0.647771 0.647771 0.647771
3183.508301 0.000000 4503.779785 0.000000 0.944855 0.000000 -0.327490 0.705453 0.705453 0.705453
3174.588623 0.000000 4491.990234 0.000000 0.062253 0.000000 -0.998060 0.999954 0.999954 0.999954
3150.668213 0.000000 4474.893066 0.000000 0.698281 0.000000 -0.715824 0.767308 0.767308 0.767308
3150.296875 0.000000 4470.621094 0.000000 0.976908 0.000000 -0.213661 0.682246 0.682246 0.682246
3176.714600 0.000000 4493.808594 0.000000 0.934754 0.000000 -0.355294 0.710451 0.710451 0.710451
3187.857422 0.000000 4500.142578 0.000000 0.096003 0.000000 -0.995381 1.013067 1.013067 1.013067
3164.200439 0.000000 4502.170410 0.000000 0.731587 0.000000 -0.681748 0.843837 0.843837 0.843837
3183.739014 0.000000 4502.403320 0.000000 0.542058 0.000000 -0.840341 0.915403 0.915403 0.915403
3147.592285 0.000000 4474.888672 0.000000 0.466373 0.000000 -0.884588 0.996785 0.996785 0.996785
3174.990723 0.000000 4494.869141 0.000000 0.894235 0.000000 -0.447598 0.692456 0.692456 0.692456
3148.143799 0.000000 4470.640625 0.000000 0.893232 0.000000 -0.449595 0.778118 0.778118 0.778118
3191.565674 0.000000 4500.450684 0.000000 0.951155 0.000000 -0.308714 0.682739 0.682739 0.682739
3176.148682 0.000000 4492.146973 0.000000 0.903455 0.000000 -0.428683 0.734718 0.734718 0.734718
3160.674072 0.000000 4495.223145 0.000000 0.886310 0.000000 -0.463092 0.739917 0.739917 0.739917
3176.867432 0.000000 4503.547363 0.000000 0.999832 0.000000 -0.018342 0.604067 0.604067 0.604067
3180.444092 0.000000 4496.549316 0.000000 0.119294 0.000000 -0.992859 1.021721 1.021721 1.021721
3243.000732 0.000000 4440.128906 0.000000 0.108010 0.000000 -0.994150 1.158662 1.158662 1.158662
3252.074951 0.000000 4438.433594 0.000000 0.840971 0.000000 -0.541081 0.709619 0.709619 0.709619
3247.663574 0.000000 4441.591797 0.000000 0.960815 0.000000 -0.277191 0.707284 0.707284 0.707284
3257.414551 0.000000 4454.232422 0.000000 0.557019 0.000000 -0.830500 0.635231 0.635231 0.635231
3239.334229 0.000000 4438.726562 0.000000 0.627998 0.000000 -0.778215 0.640076 0.640076 0.640076
3253.979492 0.000000 4454.852539 0.000000 0.549997 0.000000 -0.835167 0.688836 0.688836 0.688836
3245.199951 0.000000 4460.374023 0.000000 0.742896 0.000000 -0.669407 0.880142 0.880142 0.880142
3230.872070 0.000000 4459.376465 0.000000 0.729532 0.000000 -0.683947 0.632717 0.632717 0.632717
3259.569092 0.000000 4460.354004 0.000000 0.612215 0.000000 -0.790691 0.948334 0.948334 0.948334
3249.385498 0.000000 4443.592285 0.000000 0.718442 0.000000 -0.695587 0.741728 0.741728 0.741728
3254.921143 0.000000 4438.948242 0.000000 0.781121 0.000000 -0.624380 0.718183 0.718183 0.718183
3244.546875 0.000000 4458.454102 0.000000 0.490779 0.000000 -0.871284 1.004055 1.004055 1.004055
3243.589844 0.000000 4451.619629 0.000000 0.010046 0.000000 -0.999950 0.789369 0.789369 0.789369
3251.903076 0.000000 4440.297852 0.000000 0.929358 0.000000 -0.369180 0.682695 0.682695 0.682695
3244.210693 0.000000 4441.155762 0.000000 0.625033 0.000000 -0.780598 0.942103 0.942103 0.942103
3238.185791 0.000000 4456.847168 0.000000 0.449171 0.000000 -0.893446 0.796963 0.796963 0.796963
3253.475098 0.000000 4439.335449 0.000000 0.633704 0.000000 -0.773576 0.769583 0.769583 0.769583
3243.785645 0.000000 4454.136230 0.000000 0.823202 0.000000 -0.567749 0.750131 0.750131 0.750131
3244.550537 0.000000 4456.945801 0.000000 0.814935 0.000000 -0.579552 0.836127 0.836127 0.836127
3240.916748 0.000000 4453.559570 0.000000 0.721472 0.000000 -0.692443 0.810813 0.810813 0.810813
3247.967285 0.000000 4443.279785 0.000000 0.973449 0.000000 -0.228902 0.641514 0.641514 0.641514
3235.369629 0.000000 4457.441406 0.000000 0.956908 0.000000 -0.290390 0.688268 0.688268 0.688268
3251.857422 0.000000 4454.142578 0.000000 0.992705 0.000000 -0.120565 0.621906 0.621906 0.621906
3234.723877 0.000000 4461.216309 0.000000 0.049209 0.000000 -0.998789 0.894017 0.894017 0.894017
3241.190918 0.000000 4452.208984 0.000000 0.901486 0.000000 -0.432808 0.723368 0.723368 0.723368
3241.448486 0.000000 4442.333496 0.000000 0.599616 0.000000 -0.800288 0.909912 0.909912 0.909912
3248.458252 0.000000 4440.414062 0.000000 0.274196 0.000000 -0.961674 0.915712 0.915712 0.915712
3238.990723 0.000000 4448.869141 0.000000 0.952798 0.000000 -0.303604 0.674856 0.674856 0.674856
3232.150879 0.000000 4459.858398 0.000000 0.429509 0.000000 -0.903062 0.839687 0.839687 0.839687
3239.705811 0.000000 4440.203125 0.000000 0.867015 0.000000 -0.498282 0.799243 0.799243 0.799243
3244.164551 0.000000 4452.790527 0.000000 0.762853 0.000000 -0.646572 0.853813 0.853813 0.853813
3250.694580 0.000000 4443.260254 0.000000 0.953593 0.000000 -0.301098 0.677424 0.677424 0.677424
3247.037354 0.000000 4440.400391 0.000000 0.616083 0.000000 -0.787681 0.946462 0.946462 0.946462
3284.968506 0.000000 4458.449707 0.000000 0.924960 0.000000 -0.380064 0.699278 0.699278 0.699278
3276.905273 0.000000 4457.321777 0.000000 0.912324 0.000000 -0.409469 0.646763 0.646763 0.646763
3270.729492 0.000000 4455.938477 0.000000 0.014088 0.000000 -0.999901 0.753901 0.753901 0.753901
3270.758545 0.000000 4447.538574 0.000000 0.431304 0.000000 -0.902207 0.699413 0.699413 0.699413
3287.180176 0.000000 4453.006836 0.000000 0.151441 0.000000 -0.988466 0.931534 0.931534 0.931534
3292.255371 0.000000 4447.519043 0.000000 0.999996 0.000000 -0.002788 0.600484 0.600484 0.600484
3281.684082 0.000000 4451.570801 0.000000 0.753480 0.000000 -0.657471 0.703171 0.703171 0.703171
3299.409180 0.000000 4429.281738 0.000000 0.780671 0.000000 -0.624943 0.751678 0.751678 0.751678
3295.315674 0.000000 4446.689453 0.000000 0.816794 0.000000 -0.576930 0.671852 0.671852 0.671852
3302.954102 0.000000 4429.489746 0.000000 0.987369 0.000000 -0.158437 0.641946 0.641946 0.641946
3265.798828 0.000000 4450.162598 0.000000 0.994993 0.000000 -0.099940 0.628191 0.628191 0.628191
3274.377197 0.000000 4448.120117 0.000000 0.998335 0.000000 -0.057682 0.608905 0.608905 0.608905
3294.705566 0.000000 4421.560547 0.000000 0.967564 0.000000 -0.252628 0.689520 0.689520 0.689520
3295.555908 0.000000 4416.683105 0.000000 0.245211 0.000000 -0.969470 0.839804 0.839804 0.839804
3270.629150 0.000000 4451.642578 0.000000 0.772730 0.000000 -0.634735 0.811165 0.811165 0.811165
3286.465088 0.000000 4449.755859 0.000000 0.059132 0.000000 -0.998250 1.059656 1.059656 1.059656
3276.677246 0.000000 4453.507812 0.000000 0.506181 0.000000 -0.862427 0.944299 0.944299 0.944299
3274.739258 0.000000 4452.281250 0.000000 0.482226 0.000000 -0.876047 0.815891 0.815891 0.815891
3290.791260 0.000000 4447.807617 0.000000 0.864228 0.000000 -0.503101 0.727929 0.727929 0.727929
3266.076660 0.000000 4451.458984 0.000000 0.988702 0.000000 -0.149894 0.643949 0.643949 0.643949
3255.166748 0.000000 4468.214844 0.000000 0.672627 0.000000 -0.739982 0.793415 0.793415 0.793415
3254.130371 0.000000 4480.425293 0.000000 0.126310 0.000000 -0.991991 1.104033 1.104033 1.104033
3235.822021 0.000000 4465.237305 0.000000 0.298062 0.000000 -0.954547 1.069195 1.069195 1.069195
3235.048828 0.000000 4462.003906 0.000000 0.911337 0.000000 -0.411660 0.762061 0.762061 0.762061
3259.224609 0.000000 4465.993164 0.000000 0.998622 0.000000 -0.052485 0.615888 0.615888 0.615888
3244.199707 0.000000 4467.509277 0.000000 0.995605 0.000000 -0.093651 0.633436 0.633436 0.633436
3252.717041 0.000000 4468.567871 0.000000 0.997230 0.000000 -0.074380 0.611598 0.611598 0.611598
3253.723145 0.000000 4482.915527 0.000000 0.861712 0.000000 -0.507398 0.670148 0.670148 0.670148
3252.125488 0.000000 4479.462891 0.000000 0.987188 0.000000 -0.159562 0.661210 0.661210 0.661210
3256.370850 0.000000 4470.076660 0.000000 0.264145 0.000000 -0.964483 0.787442 0.787442 0.787442
3250.271484 0.000000 4477.711914 0.000000 0.133713 0.000000 -0.991020 0.765708 0.765708 0.765708
3260.837158 0.000000 4480.294434 0.000000 0.745400 0.000000 -0.666618 0.667765 0.667765 0.667765
3259.815918 0.000000 4464.233887 0.000000 0.997442 0.000000 -0.071479 0.621647 0.621647 0.621647
3234.778809 0.000000 4463.774902 0.000000 0.910284 0.000000 -0.413984 0.763036 0.763036 0.763036
3255.625977 0.000000 4478.470215 0.000000 0.951549 0.000000 -0.307498 0.677721 0.677721 0.677721
3260.903809 0.000000 4466.153320 0.000000 0.864219 0.000000 -0.503116 0.660808 0.660808 0.660808
3260.384033 0.000000 4477.480469 0.000000 0.542685 0.000000 -0.839937 0.779242 0.779242 0.779242
3258.518311 0.000000 4477.224121 0.000000 0.215003 0.000000 -0.976613 0.944819 0.944819 0.944819
3263.619141 0.000000 4477.424805 0.000000 0.703348 0.000000 -0.710846 0.727916 0.727916 0.727916
3243.211914 0.000000 4462.134766 0.000000 0.995655 0.000000 -0.093119 0.628077 0.628077 0.628077
3254.017090 0.000000 4469.175781 0.000000 0.373877 0.000000 -0.927478 0.875738 0.875738 0.875738
3255.441162 0.000000 4479.919922 0.000000 0.196585 0.000000 -0.980487 0.941386 0.941386 0.941386
3237.096680 0.000000 4464.819336 0.000000 0.302054 0.000000 -0.953291 1.082793 1.082793 1.082793
3253.422363 0.000000 4479.317871 0.000000 0.961700 0.000000 -0.274104 0.706057 0.706057 0.706057
3259.319336 0.000000 4483.202637 0.000000 0.126693 0.000000 -0.991942 0.930886 0.930886 0.930886
3254.432129 0.000000 4481.835938 0.000000 0.690742 0.000000 -0.723101 0.882104 0.882104 0.882104
3273.853760 0.000000 4502.072266 0.000000 0.706663 0.000000 -0.707550 0.894352 0.894352 0.894352
3270.214600 0.000000 4486.754395 0.000000 0.940218 0.000000 -0.340573 0.639043 0.639043 0.639043
3272.030518 0.000000 4498.123535 0.000000 0.368834 0.000000 -0.929495 1.055708 1.055708 1.055708
3270.603516 0.000000 4490.525391 0.000000 0.998809 0.000000 -0.048785 0.606433 0.606433 0.606433
3273.062500 0.000000 4505.906738 0.000000 0.985042 0.000000 -0.172315 0.639690 0.639690 0.639690
3278.660889 0.000000 4506.955566 0.000000 0.943579 0.000000 -0.331148 0.623257 0.623257 0.623257
3274.046387 0.000000 4499.516602 0.000000 0.252516 0.000000 -0.967593 0.832525 0.832525 0.832525
3272.160156 0.000000 4503.802734 0.000000 0.734413 0.000000 -0.678703 0.879362 0.879362 0.879362
3266.147461 0.000000 4480.262207 0.000000 0.770109 0.000000 -0.637912 0.661138 0.661138 0.661138
3267.421875 0.000000 4482.330566 0.000000 0.114197 0.000000 -0.993458 1.040665 1.040665 1.040665
3272.400146 0.000000 4500.690430 0.000000 0.594443 0.000000 -0.804138 0.942853 0.942853 0.942853
3268.416016 0.000000 4486.667480 0.000000 0.993708 0.000000 -0.112003 0.612105 0.612105 0.612105
3269.541260 0.000000 4488.027832 0.000000 0.602879 0.000000 -0.797833 0.871191 0.871191 0.871191
3274.464844 0.000000 4500.833008 0.000000 0.705842 0.000000 -0.708370 0.900683 0.900683 0.900683
3272.912354 0.000000 4507.294434 0.000000 0.868445 0.000000 -0.495786 0.768617 0.768617 0.768617
3267.303711 0.000000 4483.779297 0.000000 0.885270 0.000000 -0.465077 0.746365 0.746365 0.746365
3269.884277 0.000000 4489.305664 0.000000 0.697067 0.000000 -0.717006 0.834728 0.834728 0.834728
3272.016113 0.000000 4499.443848 0.000000 0.806850 0.000000 -0.590756 0.841404 0.841404 0.841404
3181.757080 0.000000 4531.165527 0.000000 0.944640 0.000000 -0.328109 0.639560 0.639560 0.639560
3182.802734 0.000000 4509.205078 0.000000 0.600717 0.000000 -0.799462 0.680485 0.680485 0.680485
3173.391113 0.000000 4521.181152 0.000000 0.333124 0.000000 -0.942883 0.714342 0.714342 0.714342
3181.283203 0.000000 4518.012207 0.000000 0.934337 0.000000 -0.356391 0.739192 0.739192 0.739192
3179.014404 0.000000 4526.161133 0.000000 0.983231 0.000000 -0.182366 0.665106 0.665106 0.665106
3180.656250 0.000000 4520.093262 0.000000 0.268693 0.000000 -0.963226 1.096090 1.096090 1.096090
3184.386475 0.000000 4520.774902 0.000000 0.981846 0.000000 -0.189680 0.622583 0.622583 0.622583
3196.903809 0.000000 4512.153320 0.000000 0.525553 0.000000 -0.850761 0.869755 0.869755 0.869755
3184.661621 0.000000 4518.949707 0.000000 0.997139 0.000000 -0.075590 0.610654 0.610654 0.610654
3177.863037 0.000000 4519.347656 0.000000 0.975042 0.000000 -0.222022 0.653994 0.653994 0.653994
3180.330078 0.000000 4528.809082 0.000000 0.708205 0.000000 -0.706007 0.750290 0.750290 0.750290
3183.489502 0.000000 4521.728516 0.000000 0.293271 0.000000 -0.956029 1.027188 1.027188 1.027188
3183.145752 0.000000 4520.483887 0.000000 0.662671 0.000000 -0.748911 0.884003 0.884003 0.884003
3254.613281 0.000000 4543.079590 0.000000 0.881207 0.000000 -0.472730 0.726123 0.726123 0.726123
3254.130371 0.000000 4526.425293 0.000000 0.991661 0.000000 -0.128875 0.615293 0.615293 0.615293
3247.128906 0.000000 4541.550781 0.000000 0.815316 0.000000 -0.579016 0.692500 0.692500 0.692500
3253.367188 0.000000 4539.584961 0.000000 0.991109 0.000000 -0.133050 0.650972 0.650972 0.650972
3246.092773 0.000000 4549.087891 0.000000 0.210409 0.000000 -0.977613 0.711946 0.711946 0.711946
3244.232422 0.000000 4541.243164 0.000000 0.958320 0.000000 -0.285697 0.642098 0.642098 0.642098
3211.465576 0.000000 4541.256348 0.000000 0.448001 0.000000 -0.894033 0.883366 0.883366 0.883366
3242.077637 0.000000 4539.359375 0.000000 0.837300 0.000000 -0.546744 0.816627 0.816627 0.816627
3256.812500 0.000000 4525.821777 0.000000 0.456494 0.000000 -0.889727 0.710071 0.710071 0.710071
3256.684570 0.000000 4535.223633 0.000000 0.247808 0.000000 -0.968809 0.770094 0.770094 0.770094
3247.528809 0.000000 4546.967773 0.000000 0.840702 0.000000 -0.541498 0.691714 0.691714 0.691714
3251.782471 0.000000 4536.383789 0.000000 0.977031 0.000000 -0.213098 0.647929 0.647929 0.647929
3213.658447 0.000000 4542.333984 0.000000 0.483195 0.000000 -0.875513 0.676682 0.676682 0.676682
3245.516602 0.000000 4543.270020 0.000000 0.425362 0.000000 -0.905023 0.796598 0.796598 0.796598
3221.130127 0.000000 4548.294434 0.000000 0.903467 0.000000 -0.428657 0.763244 0.763244 0.763244
3254.921143 0.000000 4530.948242 0.000000 0.973972 0.000000 -0.226668 0.656514 0.656514 0.656514
3219.470459 0.000000 4546.933594 0.000000 0.099800 0.000000 -0.995007 0.932683 0.932683 0.932683
3251.425293 0.000000 4539.656738 0.000000 0.999659 0.000000 -0.026098 0.609970 0.609970 0.609970
3257.292236 0.000000 4527.644043 0.000000 0.995363 0.000000 -0.096186 0.628283 0.628283 0.628283
3245.629395 0.000000 4547.320312 0.000000 0.689336 0.000000 -0.724442 0.691024 0.691024 0.691024
3256.666504 0.000000 4530.654297 0.000000 0.817687 0.000000 -0.575663 0.712100 0.712100 0.712100
3243.833984 0.000000 4539.593262 0.000000 0.548337 0.000000 -0.836257 0.970895 0.970895 0.970895
3219.830322 0.000000 4549.361816 0.000000 0.618495 0.000000 -0.785788 0.721867 0.721867 0.721867
3255.627930 0.000000 4536.566895 0.000000 0.997306 0.000000 -0.073357 0.610778 0.610778 0.610778
3254.875977 0.000000 4539.168945 0.000000 0.671853 0.000000 -0.740685 0.826143 0.826143 0.826143
3242.940918 0.000000 4538.044922 0.000000 0.895884 0.000000 -0.444287 0.772404 0.772404 0.772404
3250.820068 0.000000 4541.128906 0.000000 0.361542 0.000000 -0.932356 0.754699 0.754699 0.754699
3254.185059 0.000000 4540.995117 0.000000 0.708404 0.000000 -0.705808 0.899299 0.899299 0.899299
3247.895996 0.000000 4540.267578 0.000000 0.365653 0.000000 -0.930751 0.779222 0.779222 0.779222
3240.714600 0.000000 4539.808594 0.000000 0.318711 0.000000 -0.947852 1.076100 1.076100 1.076100
3249.118652 0.000000 4539.035156 0.000000 0.426674 0.000000 -0.904405 0.847125 0.847125 0.847125
3208.128662 0.000000 4539.143066 0.000000 0.980885 0.000000 -0.194588 0.640189 0.640189 0.640189
3256.315918 0.000000 4539.630859 0.000000 0.568067 0.000000 -0.822983 0.969230 0.969230 0.969230
3248.957764 0.000000 4536.819824 0.000000 0.947781 0.000000 -0.318923 0.677795 0.677795 0.677795
3272.395020 0.000000 4510.013672 0.000000 0.861609 0.000000 -0.507573 0.660606 0.660606 0.660606
3305.998535 0.000000 4511.290527 0.000000 0.945662 0.000000 -0.325150 0.620339 0.620339 0.620339
3302.024902 0.000000 4541.895996 0.000000 0.035875 0.000000 -0.999356 0.859809 0.859809 0.859809
3275.533447 0.000000 4510.888184 0.000000 0.348304 0.000000 -0.937382 0.694642 0.694642 0.694642
3278.089600 0.000000 4531.976562 0.000000 0.267107 0.000000 -0.963667 0.711031 0.711031 0.711031
3274.871338 0.000000 4533.828613 0.000000 0.690291 0.000000 -0.723532 0.802351 0.802351 0.802351
3280.088379 0.000000 4532.547363 0.000000 0.152807 0.000000 -0.988256 0.835669 0.835669 0.835669
3273.068115 0.000000 4514.696777 0.000000 0.399729 0.000000 -0.916633 0.733746 0.733746 0.733746
3307.589844 0.000000 4543.619629 0.000000 0.508759 0.000000 -0.860909 0.848549 0.848549 0.848549
3275.849854 0.000000 4535.516113 0.000000 0.145812 0.000000 -0.989312 0.843247 0.843247 0.843247
3278.929443 0.000000 4508.389160 0.000000 0.609218 0.000000 -0.793003 0.875709 0.875709 0.875709
3301.194824 0.000000 4512.321777 0.000000 0.739794 0.000000 -0.672834 0.759195 0.759195 0.759195
3299.676758 0.000000 4517.564453 0.000000 0.543731 0.000000 -0.839260 0.714870 0.714870 0.714870
3272.193359 0.000000 4535.915527 0.000000 0.861838 0.000000 -0.507183 0.712344 0.712344 0.712344
3281.329590 0.000000 4533.856934 0.000000 0.648531 0.000000 -0.761188 0.743847 0.743847 0.743847
3296.461182 0.000000 4535.712891 0.000000 0.428785 0.000000 -0.903406 0.773981 0.773981 0.773981
3301.043213 0.000000 4523.786133 0.000000 0.160905 0.000000 -0.986970 0.920852 0.920852 0.920852
3307.203613 0.000000 4542.265625 0.000000 0.968808 0.000000 -0.247811 0.660018 0.660018 0.660018
3302.990723 0.000000 4540.869141 0.000000 0.819945 0.000000 -0.572442 0.703164 0.703164 0.703164
3301.464844 0.000000 4522.518555 0.000000 0.487531 0.000000 -0.873106 0.841696 0.841696 0.841696
3298.215576 0.000000 4523.053711 0.000000 0.618546 0.000000 -0.785749 0.876213 0.876213 0.876213
3231.098389 0.000000 4592.651855 0.000000 0.471753 0.000000 -0.881731 0.713193 0.713193 0.713193
3232.022949 0.000000 4596.360840 0.000000 0.938853 0.000000 -0.344317 0.734267 0.734267 0.734267
3232.484863 0.000000 4592.017090 0.000000 0.035470 0.000000 -0.999371 0.878276 0.878276 0.878276
3235.369629 0.000000 4595.441406 0.000000 0.533712 0.000000 -0.845666 0.984956 0.984956 0.984956
3327.481689 0.000000 4594.349609 0.000000 0.999094 0.000000 -0.042553 0.609500 0.609500 0.609500
3382.613281 0.000000 4451.079590 0.000000 0.597579 0.000000 -0.801810 0.704516 0.704516 0.704516
3383.672852 0.000000 4448.851562 0.000000 0.981358 0.000000 -0.192188 0.648667 0.648667 0.648667
3383.214844 0.000000 4453.137207 0.000000 0.759267 0.000000 -0.650780 0.756033 0.756033 0.756033
3380.259521 0.000000 4451.276367 0.000000 0.053436 0.000000 -0.998571 0.815922 0.815922 0.815922
3378.820068 0.000000 4449.128906 0.000000 0.497947 0.000000 -0.867207 0.931729 0.931729 0.931729
3386.463867 0.000000 4455.308105 0.000000 0.710220 0.000000 -0.703980 0.892465 0.892465 0.892465
3407.821289 0.000000 4442.711426 0.000000 0.941799 0.000000 -0.336178 0.602054 0.602054 0.602054
3452.759521 0.000000 4427.443848 0.000000 0.414394 0.000000 -0.910098 0.671942 0.671942 0.671942
3425.821045 0.000000 4442.769043 0.000000 0.508312 0.000000 -0.861173 0.845565 0.845565 0.845565
3448.900879 0.000000 4440.257812 0.000000 0.999994 0.000000 -0.003378 0.600142 0.600142 0.600142
3412.183594 0.000000 4445.209961 0.000000 0.502502 0.000000 -0.864576 0.653186 0.653186 0.653186
3454.040771 0.000000 4431.734863 0.000000 0.565927 0.000000 -0.824455 0.836652 0.836652 0.836652
3453.913086 0.000000 4447.802734 0.000000 0.900557 0.000000 -0.434737 0.655242 0.655242 0.655242
3450.072266 0.000000 4448.936523 0.000000 0.580706 0.000000 -0.814113 0.762431 0.762431 0.762431
3445.367188 0.000000 4447.584961 0.000000 0.874792 0.000000 -0.484499 0.652277 0.652277 0.652277
3428.380859 0.000000 4444.322754 0.000000 0.061041 0.000000 -0.998135 1.088473 1.088473 1.088473
3441.610840 0.000000 4439.691895 0.000000 0.851115 0.000000 -0.524979 0.797866 0.797866 0.797866
3451.625977 0.000000 4429.968262 0.000000 0.195761 0.000000 -0.980652 0.875745 0.875745 0.875745
3448.812500 0.000000 4433.821777 0.000000 0.134356 0.000000 -0.990933 0.828014 0.828014 0.828014
3412.443848 0.000000 4447.940430 0.000000 0.724679 0.000000 -0.689087 0.634163 0.634163 0.634163
3446.276367 0.000000 4424.680176 0.000000 0.430923 0.000000 -0.902389 0.883179 0.883179 0.883179
3448.684570 0.000000 4443.223633 0.000000 0.814471 0.000000 -0.580204 0.668612 0.668612 0.668612
3407.662109 0.000000 4445.269531 0.000000 0.047365 0.000000 -0.998878 0.953705 0.953705 0.953705
3445.882568 0.000000 4432.049316 0.000000 0.517684 0.000000 -0.855572 0.681506 0.681506 0.681506
3447.672852 0.000000 4448.851562 0.000000 0.943256 0.000000 -0.332065 0.659830 0.659830 0.659830
3451.579346 0.000000 4446.968750 0.000000 0.781206 0.000000 -0.624273 0.740377 0.740377 0.740377
3445.723145 0.000000 4436.915527 0.000000 0.546435 0.000000 -0.837502 0.710037 0.710037 0.710037
3450.803711 0.000000 4426.193848 0.000000 0.741852 0.000000 -0.670564 0.670460 0.670460 0.670460
3421.351562 0.000000 4431.549805 0.000000 0.727505 0.000000 -0.686102 0.684946 0.684946 0.684946
3430.550781 0.000000 4427.270508 0.000000 0.037459 0.000000 -0.999298 0.714841 0.714841 0.714841
3434.421143 0.000000 4428.670410 0.000000 0.999779 0.000000 -0.021008 0.603902 0.603902 0.603902
3442.372070 0.000000 4452.675293 0.000000 0.916196 0.000000 -0.400730 0.647557 0.647557 0.647557
3440.386475 0.000000 4428.774902 0.000000 0.108390 0.000000 -0.994108 0.729225 0.729225 0.729225
3440.875488 0.000000 4450.327637 0.000000 0.686778 0.000000 -0.726867 0.741397 0.741397 0.741397
3453.413574 0.000000 4430.112305 0.000000 0.831252 0.000000 -0.555895 0.754514 0.754514 0.754514
3411.166016 0.000000 4446.704102 0.000000 0.535414 0.000000 -0.844590 0.765728 0.765728 0.765728
3452.326416 0.000000 4448.504883 0.000000 0.223308 0.000000 -0.974748 0.837840 0.837840 0.837840
3452.384033 0.000000 4431.480469 0.000000 0.689894 0.000000 -0.723910 0.812188 0.812188 0.812188
3430.130127 0.000000 4444.065430 0.000000 0.764968 0.000000 -0.644068 0.740467 0.740467 0.740467
3444.259521 0.000000 4451.276367 0.000000 0.283141 0.000000 -0.959078 0.923053 0.923053 0.923053
3443.837646 0.000000 4446.147461 0.000000 0.997316 0.000000 -0.073217 0.615368 0.615368 0.615368
3449.680420 0.000000 4432.518555 0.000000 0.142777 0.000000 -0.989755 0.826664 0.826664 0.826664
3439.895996 0.000000 4448.267578 0.000000 0.535446 0.000000 -0.844569 0.984172 0.984172 0.984172
3430.588623 0.000000 4445.990234 0.000000 0.033868 0.000000 -0.999426 0.908495 0.908495 0.908495
3439.967285 0.000000 4443.279785 0.000000 0.678029 0.000000 -0.735035 0.915402 0.915402 0.915402
3441.010254 0.000000 4438.297363 0.000000 0.257916 0.000000 -0.966167 1.068962 1.068962 1.068962
3441.336670 0.000000 4451.683594 0.000000 0.134319 0.000000 -0.990938 0.849531 0.849531 0.849531
3439.017334 0.000000 4431.259277 0.000000 0.534404 0.000000 -0.845229 0.811177 0.811177 0.811177
3408.918701 0.000000 4445.916992 0.000000 0.743445 0.000000 -0.668797 0.840323 0.840323 0.840323
3441.118652 0.000000 4447.035156 0.000000 0.947112 0.000000 -0.320903 0.691997 0.691997 0.691997
3443.555420 0.000000 4437.124023 0.000000 0.679937 0.000000 -0.733271 0.834265 0.834265 0.834265
3442.572754 0.000000 4440.741211 0.000000 0.084473 0.000000 -0.996426 1.067514 1.067514 1.067514
3454.672852 0.000000 4430.434082 0.000000 0.972557 0.000000 -0.232665 0.657333 0.657333 0.657333
3445.737549 0.000000 4430.731445 0.000000 0.763522 0.000000 -0.645781 0.784033 0.784033 0.784033
3447.369385 0.000000 4443.240723 0.000000 0.987470 0.000000 -0.157806 0.660530 0.660530 0.660530
3450.451416 0.000000 4446.087402 0.000000 0.606625 0.000000 -0.794988 0.791344 0.791344 0.791344
3368.356689 0.000000 4474.604492 0.000000 0.662104 0.000000 -0.749412 0.687561 0.687561 0.687561
3378.772705 0.000000 4496.739746 0.000000 0.599768 0.000000 -0.800174 0.711156 0.711156 0.711156
3390.537598 0.000000 4501.369629 0.000000 0.520227 0.000000 -0.854028 0.991017 0.991017 0.991017
3366.924072 0.000000 4466.246582 0.000000 0.770242 0.000000 -0.637752 0.646617 0.646617 0.646617
3386.209229 0.000000 4497.627441 0.000000 0.956089 0.000000 -0.293076 0.677080 0.677080 0.677080
3388.030762 0.000000 4500.962402 0.000000 0.999582 0.000000 -0.028895 0.609177 0.609177 0.609177
3388.168457 0.000000 4496.181641 0.000000 0.630264 0.000000 -0.776381 0.757119 0.757119 0.757119
3391.261475 0.000000 4499.096680 0.000000 0.976300 0.000000 -0.216422 0.647382 0.647382 0.647382
3366.604736 0.000000 4469.723633 0.000000 0.988680 0.000000 -0.150041 0.647151 0.647151 0.647151
3389.531494 0.000000 4500.031738 0.000000 0.555642 0.000000 -0.831422 0.911737 0.911737 0.911737
3366.954102 0.000000 4475.489746 0.000000 0.916372 0.000000 -0.400328 0.727094 0.727094 0.727094
3365.043213 0.000000 4477.786133 0.000000 0.712477 0.000000 -0.701695 0.736311 0.736311 0.736311
3389.452881 0.000000 4496.899902 0.000000 0.981922 0.000000 -0.189286 0.633661 0.633661 0.633661
3386.640625 0.000000 4496.202637 0.000000 0.255458 0.000000 -0.966820 0.940117 0.940117 0.940117
3373.992432 0.000000 4492.045410 0.000000 0.011799 0.000000 -0.999930 1.060048 1.060048 1.060048
3362.215576 0.000000 4477.053711 0.000000 0.715394 0.000000 -0.698721 0.895497 0.895497 0.895497
3407.821289 0.000000 4488.711426 0.000000 0.693913 0.000000 -0.720059 0.637329 0.637329 0.637329
3406.149902 0.000000 4494.001953 0.000000 0.976663 0.000000 -0.214779 0.636964 0.636964 0.636964
3392.607910 0.000000 4500.598633 0.000000 0.049617 0.000000 -0.998768 0.994196 0.994196 0.994196
3395.906982 0.000000 4502.958984 0.000000 0.983999 0.000000 -0.178172 0.668422 0.668422 0.668422
3409.461670 0.000000 4493.191406 0.000000 0.593563 0.000000 -0.804788 0.957265 0.957265 0.957265
3400.581299 0.000000 4485.126465 0.000000 0.522133 0.000000 -0.852864 0.673443 0.673443 0.673443
3403.465576 0.000000 4495.256348 0.000000 0.683459 0.000000 -0.729989 0.672320 0.672320 0.672320
3392.889160 0.000000 4498.009277 0.000000 0.982200 0.000000 -0.187840 0.660290 0.660290 0.660290
3407.662109 0.000000 4491.269531 0.000000 0.969818 0.000000 -0.243829 0.694084 0.694084 0.694084
3406.089600 0.000000 4485.976562 0.000000 0.845454 0.000000 -0.534049 0.731650 0.731650 0.731650
3408.802490 0.000000 4495.413086 0.000000 0.699469 0.000000 -0.714663 0.780077 0.780077 0.780077
3408.088379 0.000000 4486.547363 0.000000 0.033332 0.000000 -0.999444 0.765816 0.765816 0.765816
3409.329590 0.000000 4487.856934 0.000000 0.099178 0.000000 -0.995070 0.758698 0.758698 0.758698
3392.065918 0.000000 4503.212402 0.000000 0.999052 0.000000 -0.043525 0.612848 0.612848 0.612848
3408.786865 0.000000 4490.052734 0.000000 0.108357 0.000000 -0.994112 0.810270 0.810270 0.810270
3404.766602 0.000000 4484.509277 0.000000 0.275797 0.000000 -0.961216 0.963666 0.963666 0.963666
3406.323242 0.000000 4492.065430 0.000000 0.330074 0.000000 -0.943955 1.071512 1.071512 1.071512
3404.513916 0.000000 4494.137695 0.000000 0.874296 0.000000 -0.485394 0.793589 0.793589 0.793589
3404.038086 0.000000 4496.604492 0.000000 0.974184 0.000000 -0.225757 0.642980 0.642980 0.642980
3392.003418 0.000000 4499.214844 0.000000 0.228635 0.000000 -0.973512 1.027577 1.027577 1.027577
3406.541504 0.000000 4484.667969 0.000000 0.920332 0.000000 -0.391139 0.693907 0.693907 0.693907
3456.377197 0.000000 4432.761719 0.000000 0.335752 0.000000 -0.941951 0.973529 0.973529 0.973529
3456.138184 0.000000 4421.328125 0.000000 0.920568 0.000000 -0.390581 0.612021 0.612021 0.612021
3460.419922 0.000000 4422.562500 0.000000 0.226850 0.000000 -0.973930 0.680406 0.680406 0.680406
3456.224121 0.000000 4435.509766 0.000000 0.278598 0.000000 -0.960408 0.941615 0.941615 0.941615
3456.170898 0.000000 4424.992676 0.000000 0.969495 0.000000 -0.245113 0.628192 0.628192 0.628192
3458.354736 0.000000 4421.626465 0.000000 0.504666 0.000000 -0.863315 0.745131 0.745131 0.745131
3470.297607 0.000000 4430.293457 0.000000 0.723668 0.000000 -0.690149 0.772286 0.772286 0.772286
3459.421875 0.000000 4436.330566 0.000000 0.676942 0.000000 -0.736036 0.748690 0.748690 0.748690
3456.721680 0.000000 4423.152832 0.000000 0.802494 0.000000 -0.596661 0.764720 0.764720 0.764720
3463.011719 0.000000 4442.658691 0.000000 0.714410 0.000000 -0.699728 0.703322 0.703322 0.703322
3457.550537 0.000000 4428.511719 0.000000 0.095946 0.000000 -0.995387 0.750212 0.750212 0.750212
3471.643555 0.000000 4433.912109 0.000000 0.889795 0.000000 -0.456360 0.725647 0.725647 0.725647
3456.327637 0.000000 4437.174805 0.000000 0.020127 0.000000 -0.999797 1.094754 1.094754 1.094754
3456.100098 0.000000 4434.115723 0.000000 0.879518 0.000000 -0.475866 0.731493 0.731493 0.731493
3459.303711 0.000000 4437.779297 0.000000 0.314665 0.000000 -0.949203 0.824814 0.824814 0.824814
3461.884277 0.000000 4443.305664 0.000000 0.978181 0.000000 -0.207757 0.647650 0.647650 0.647650
3504.385742 0.000000 4505.922363 0.000000 0.823346 0.000000 -0.567540 0.697635 0.697635 0.697635
3483.284180 0.000000 4477.008301 0.000000 0.292985 0.000000 -0.956117 0.863240 0.863240 0.863240
3470.149902 0.000000 4494.001953 0.000000 0.844007 0.000000 -0.536332 0.616959 0.616959 0.616959
3480.115967 0.000000 4472.505371 0.000000 0.596154 0.000000 -0.802870 0.816413 0.816413 0.816413
3517.913086 0.000000 4493.802734 0.000000 0.579819 0.000000 -0.814745 0.728382 0.728382 0.728382
3477.507324 0.000000 4487.750977 0.000000 0.472858 0.000000 -0.881138 0.648455 0.648455 0.648455
3518.516113 0.000000 4482.772461 0.000000 0.312246 0.000000 -0.950001 0.819640 0.819640 0.819640
3512.990967 0.000000 4507.005371 0.000000 0.303780 0.000000 -0.952742 0.853340 0.853340 0.853340
3483.947510 0.000000 4480.508301 0.000000 0.719780 0.000000 -0.694202 0.634481 0.634481 0.634481
3489.802002 0.000000 4499.323242 0.000000 0.712018 0.000000 -0.702161 0.692116 0.692116 0.692116
3473.461670 0.000000 4493.191406 0.000000 0.949957 0.000000 -0.312382 0.657107 0.657107 0.657107
3509.979492 0.000000 4500.852539 0.000000 0.120306 0.000000 -0.992737 1.047493 1.047493 1.047493
3469.170654 0.000000 4490.847656 0.000000 0.234813 0.000000 -0.972041 0.725867 0.725867 0.725867
3480.252930 0.000000 4475.946289 0.000000 0.834411 0.000000 -0.551143 0.772255 0.772255 0.772255
3508.030518 0.000000 4503.210938 0.000000 0.271041 0.000000 -0.962568 0.741751 0.741751 0.741751
3474.251221 0.000000 4482.989258 0.000000 0.971204 0.000000 -0.238251 0.614774 0.614774 0.614774
3469.061768 0.000000 4488.147949 0.000000 0.022952 0.000000 -0.999737 0.741432 0.741432 0.741432
3482.547119 0.000000 4474.478027 0.000000 0.994940 0.000000 -0.100471 0.611005 0.611005 0.611005
3474.362549 0.000000 4489.380371 0.000000 0.999698 0.000000 -0.024573 0.601472 0.601472 0.601472
3512.684570 0.000000 4489.223633 0.000000 0.953737 0.000000 -0.300643 0.615095 0.615095 0.615095
3471.662109 0.000000 4491.269531 0.000000 0.273952 0.000000 -0.961743 0.795664 0.795664 0.795664
3519.800049 0.000000 4492.330566 0.000000 0.419812 0.000000 -0.907611 0.804478 0.804478 0.804478
3486.311768 0.000000 4479.882812 0.000000 0.304341 0.000000 -0.952563 0.681258 0.681258 0.681258
3498.488770 0.000000 4506.972168 0.000000 0.335520 0.000000 -0.942033 0.819009 0.819009 0.819009
3479.734375 0.000000 4470.314941 0.000000 0.012641 0.000000 -0.999920 1.078471 1.078471 1.078471
3517.859863 0.000000 4485.742676 0.000000 0.701270 0.000000 -0.712895 0.677271 0.677271 0.677271
3478.861328 0.000000 4485.598633 0.000000 0.819596 0.000000 -0.572941 0.701440 0.701440 0.701440
3506.354980 0.000000 4507.243652 0.000000 0.748038 0.000000 -0.663655 0.672832 0.672832 0.672832
3476.369141 0.000000 4485.985352 0.000000 0.848505 0.000000 -0.529187 0.775415 0.775415 0.775415
3519.306641 0.000000 4484.460938 0.000000 0.999316 0.000000 -0.036976 0.606149 0.606149 0.606149
3475.102539 0.000000 4484.628418 0.000000 0.831086 0.000000 -0.556145 0.789045 0.789045 0.789045
3471.706787 0.000000 4493.030762 0.000000 0.637189 0.000000 -0.770707 0.879438 0.879438 0.879438
3478.418457 0.000000 4472.859375 0.000000 0.970394 0.000000 -0.241529 0.659196 0.659196 0.659196
3519.603760 0.000000 4494.024902 0.000000 0.974975 0.000000 -0.222316 0.626530 0.626530 0.626530
3478.117920 0.000000 4493.540527 0.000000 0.585429 0.000000 -0.810724 0.785512 0.785512 0.785512
3499.454102 0.000000 4505.668945 0.000000 0.342113 0.000000 -0.939659 0.817760 0.817760 0.817760
3497.988770 0.000000 4500.939453 0.000000 0.382852 0.000000 -0.923810 0.847021 0.847021 0.847021
3486.818848 0.000000 4497.526367 0.000000 0.778928 0.000000 -0.627113 0.807133 0.807133 0.807133
3486.557861 0.000000 4495.757812 0.000000 0.489885 0.000000 -0.871787 1.004447 1.004447 1.004447
3518.356445 0.000000 4492.026855 0.000000 0.799705 0.000000 -0.600393 0.715759 0.715759 0.715759
3514.150879 0.000000 4489.412109 0.000000 0.818587 0.000000 -0.574383 0.798882 0.798882 0.798882
3507.792969 0.000000 4504.644043 0.000000 0.977375 0.000000 -0.211516 0.655230 0.655230 0.655230
3514.521484 0.000000 4507.367188 0.000000 0.788348 0.000000 -0.615230 0.818382 0.818382 0.818382
3491.369629 0.000000 4503.441406 0.000000 0.760471 0.000000 -0.649372 0.839260 0.839260 0.839260
3511.594238 0.000000 4507.252930 0.000000 0.962472 0.000000 -0.271382 0.649401 0.649401 0.649401
3479.455322 0.000000 4473.788574 0.000000 0.612388 0.000000 -0.790558 0.821242 0.821242 0.821242
3484.992432 0.000000 4479.542969 0.000000 0.824868 0.000000 -0.565326 0.829499 0.829499 0.829499
3479.045654 0.000000 4471.653320 0.000000 0.820825 0.000000 -0.571180 0.786684 0.786684 0.786684
3487.749023 0.000000 4495.014648 0.000000 0.723085 0.000000 -0.690759 0.891268 0.891268 0.891268
3478.396484 0.000000 4470.015625 0.000000 0.298331 0.000000 -0.954462 0.989326 0.989326 0.989326
3481.488037 0.000000 4475.269043 0.000000 0.304060 0.000000 -0.952653 0.972360 0.972360 0.972360
3484.732666 0.000000 4476.408691 0.000000 0.446741 0.000000 -0.894664 0.968347 0.968347 0.968347
3506.842041 0.000000 4503.720703 0.000000 0.984975 0.000000 -0.172699 0.635879 0.635879 0.635879
3526.214600 0.000000 4486.754395 0.000000 0.953844 0.000000 -0.300302 0.684523 0.684523 0.684523
3528.825439 0.000000 4494.309082 0.000000 0.752320 0.000000 -0.658798 0.786380 0.786380 0.786380
3521.887939 0.000000 4483.718262 0.000000 0.982489 0.000000 -0.186320 0.618809 0.618809 0.618809
3524.560059 0.000000 4493.642578 0.000000 0.772327 0.000000 -0.635225 0.669079 0.669079 0.669079
3526.194824 0.000000 4495.937012 0.000000 0.247175 0.000000 -0.968971 0.863182 0.863182 0.863182
3521.790771 0.000000 4492.985840 0.000000 0.616655 0.000000 -0.787234 0.676025 0.676025 0.676025
3526.758545 0.000000 4493.538574 0.000000 0.960341 0.000000 -0.278830 0.673650 0.673650 0.673650
3525.586914 0.000000 4492.112793 0.000000 0.328658 0.000000 -0.944449 0.724038 0.724038 0.724038
3528.193359 0.000000 4489.915527 0.000000 0.997460 0.000000 -0.071222 0.614094 0.614094 0.614094
3524.444580 0.000000 4495.346680 0.000000 0.577227 0.000000 -0.816584 0.750278 0.750278 0.750278
3523.275146 0.000000 4492.717773 0.000000 0.183254 0.000000 -0.983066 0.894917 0.894917 0.894917
3527.430420 0.000000 4494.936035 0.000000 0.281906 0.000000 -0.959442 0.856007 0.856007 0.856007
3387.178223 0.000000 4527.564941 0.000000 0.562502 0.000000 -0.826796 0.640826 0.640826 0.640826
3365.901123 0.000000 4527.609375 0.000000 0.213592 0.000000 -0.976923 0.656854 0.656854 0.656854
3386.072266 0.000000 4540.936523 0.000000 0.270186 0.000000 -0.962808 0.850664 0.850664 0.850664
3370.984863 0.000000 4528.147461 0.000000 0.825044 0.000000 -0.565068 0.631484 0.631484 0.631484
3381.367188 0.000000 4539.584961 0.000000 0.441121 0.000000 -0.897448 0.756850 0.756850 0.756850
3362.316162 0.000000 4526.715332 0.000000 0.768242 0.000000 -0.640160 0.637462 0.637462 0.637462
3381.938232 0.000000 4532.762695 0.000000 0.444447 0.000000 -0.895805 0.713088 0.713088 0.713088
3354.755859 0.000000 4538.402832 0.000000 0.647897 0.000000 -0.761728 0.631132 0.631132 0.631132
3373.757080 0.000000 4531.165527 0.000000 0.792503 0.000000 -0.609868 0.648142 0.648142 0.648142
3387.242432 0.000000 4524.676758 0.000000 0.393185 0.000000 -0.919460 0.694373 0.694373 0.694373
3386.209229 0.000000 4543.627441 0.000000 0.874819 0.000000 -0.484451 0.635605 0.635605 0.635605
3364.933838 0.000000 4525.309570 0.000000 0.473934 0.000000 -0.880560 0.811347 0.811347 0.811347
3357.410889 0.000000 4542.876953 0.000000 0.999158 0.000000 -0.041023 0.608544 0.608544 0.608544
3355.281494 0.000000 4543.622070 0.000000 0.991207 0.000000 -0.132321 0.617295 0.617295 0.617295
3371.014404 0.000000 4526.161133 0.000000 0.920619 0.000000 -0.390462 0.675109 0.675109 0.675109
3388.837158 0.000000 4526.294434 0.000000 0.484188 0.000000 -0.874964 0.708517 0.708517 0.708517
3381.312988 0.000000 4537.636230 0.000000 0.949169 0.000000 -0.314768 0.666192 0.666192 0.666192
3376.875488 0.000000 4542.327637 0.000000 0.759551 0.000000 -0.650448 0.701836 0.701836 0.701836
3373.925537 0.000000 4533.020508 0.000000 0.999354 0.000000 -0.035925 0.604629 0.604629 0.604629
3372.056641 0.000000 4536.219727 0.000000 0.963012 0.000000 -0.269457 0.681736 0.681736 0.681736
3346.065674 0.000000 4553.312012 0.000000 0.763914 0.000000 -0.645318 0.830105 0.830105 0.830105
3388.384033 0.000000 4523.480469 0.000000 0.977352 0.000000 -0.211619 0.651744 0.651744 0.651744
3373.618164 0.000000 4536.757812 0.000000 0.183733 0.000000 -0.982976 1.015230 1.015230 1.015230
3380.259521 0.000000 4543.276367 0.000000 0.242570 0.000000 -0.970134 0.995200 0.995200 0.995200
3382.875977 0.000000 4539.168945 0.000000 0.984630 0.000000 -0.174652 0.642337 0.642337 0.642337
3350.465088 0.000000 4541.755859 0.000000 0.635376 0.000000 -0.772203 0.818068 0.818068 0.818068
3388.826904 0.000000 4524.849121 0.000000 0.422233 0.000000 -0.906487 0.858397 0.858397 0.858397
3376.708252 0.000000 4550.521484 0.000000 0.234850 0.000000 -0.972032 0.903671 0.903671 0.903671
3356.108398 0.000000 4542.499023 0.000000 0.901353 0.000000 -0.433084 0.693261 0.693261 0.693261
3365.464844 0.000000 4522.518555 0.000000 0.136816 0.000000 -0.990596 0.943577 0.943577 0.943577
3348.301270 0.000000 4552.556152 0.000000 0.038219 0.000000 -0.999269 1.105049 1.105049 1.105049
3378.694580 0.000000 4535.260254 0.000000 0.404214 0.000000 -0.914664 1.041054 1.041054 1.041054
3344.917480 0.000000 4554.235352 0.000000 0.999141 0.000000 -0.041452 0.604286 0.604286 0.604286
3375.855713 0.000000 4559.161621 0.000000 0.914694 0.000000 -0.404148 0.628668 0.628668 0.628668
3372.701660 0.000000 4554.086914 0.000000 0.188414 0.000000 -0.982090 0.614483 0.614483 0.614483
3352.463623 0.000000 4572.576172 0.000000 0.287647 0.000000 -0.957737 0.705374 0.705374 0.705374
3373.366699 0.000000 4557.250000 0.000000 0.243917 0.000000 -0.969796 0.762676 0.762676 0.762676
3390.834473 0.000000 4567.113770 0.000000 0.642151 0.000000 -0.766578 0.806732 0.806732 0.806732
3353.229980 0.000000 4570.233398 0.000000 0.856671 0.000000 -0.515863 0.723409 0.723409 0.723409
3390.777832 0.000000 4564.574707 0.000000 0.493213 0.000000 -0.869909 0.772257 0.772257 0.772257
3342.323242 0.000000 4584.065430 0.000000 0.920669 0.000000 -0.390343 0.684695 0.684695 0.684695
3390.172363 0.000000 4565.819336 0.000000 0.789586 0.000000 -0.613640 0.707869 0.707869 0.707869
3432.356689 0.000000 4566.604492 0.000000 0.413163 0.000000 -0.910657 0.934413 0.934413 0.934413
3396.308838 0.000000 4572.438477 0.000000 0.145920 0.000000 -0.989296 0.713080 0.713080 0.713080
3435.962158 0.000000 4567.971680 0.000000 0.196140 0.000000 -0.980576 0.809836 0.809836 0.809836
3392.113281 0.000000 4567.982422 0.000000 0.791762 0.000000 -0.610830 0.703352 0.703352 0.703352
3429.391113 0.000000 4567.181152 0.000000 0.897450 0.000000 -0.441117 0.660220 0.660220 0.660220
3430.550781 0.000000 4565.270508 0.000000 0.933546 0.000000 -0.358457 0.641187 0.641187 0.641187
3434.421143 0.000000 4566.670410 0.000000 0.532175 0.000000 -0.846634 0.754260 0.754260 0.754260
3397.179443 0.000000 4570.559570 0.000000 0.433478 0.000000 -0.901164 0.838751 0.838751 0.838751
3424.857178 0.000000 4569.139648 0.000000 0.729334 0.000000 -0.684158 0.883282 0.883282 0.883282
3439.017334 0.000000 4569.259277 0.000000 0.098633 0.000000 -0.995124 1.146829 1.146829 1.146829
3493.090820 0.000000 4550.382812 0.000000 0.893690 0.000000 -0.448686 0.616727 0.616727 0.616727
3505.976562 0.000000 4537.901367 0.000000 0.005969 0.000000 -0.999982 1.094584 1.094584 1.094584
3511.166748 0.000000 4514.214844 0.000000 0.805906 0.000000 -0.592044 0.645556 0.645556 0.645556
3471.644775 0.000000 4547.188477 0.000000 0.841513 0.000000 -0.540237 0.726525 0.726525 0.726525
3493.400635 0.000000 4544.645020 0.000000 0.999230 0.000000 -0.039247 0.605410 0.605410 0.605410
3498.642334 0.000000 4515.503906 0.000000 0.427817 0.000000 -0.903865 1.031139 1.031139 1.031139
3503.663574 0.000000 4533.591797 0.000000 0.527442 0.000000 -0.849591 0.761195 0.761195 0.761195
3479.473877 0.000000 4540.665039 0.000000 0.609343 0.000000 -0.792906 0.671315 0.671315 0.671315
3468.144287 0.000000 4544.135742 0.000000 0.990846 0.000000 -0.135000 0.603245 0.603245 0.603245
3472.799805 0.000000 4551.845215 0.000000 0.835488 0.000000 -0.549509 0.717647 0.717647 0.717647
3490.974365 0.000000 4530.645508 0.000000 0.975755 0.000000 -0.218866 0.614543 0.614543 0.614543
3498.984863 0.000000 4528.147461 0.000000 0.974388 0.000000 -0.224872 0.667610 0.667610 0.667610
3490.316162 0.000000 4526.715332 0.000000 0.627304 0.000000 -0.778775 0.940990 0.940990 0.940990
3495.334229 0.000000 4530.726562 0.000000 0.295898 0.000000 -0.955220 0.702760 0.702760 0.702760
3509.622803 0.000000 4519.256348 0.000000 0.543310 0.000000 -0.839532 0.646270 0.646270 0.646270
3501.757080 0.000000 4531.165527 0.000000 0.997163 0.000000 -0.075275 0.608691 0.608691 0.608691
3497.773438 0.000000 4508.480957 0.000000 0.982384 0.000000 -0.186872 0.612389 0.612389 0.612389
3515.625977 0.000000 4521.968262 0.000000 0.664643 0.000000 -0.747161 0.674571 0.674571 0.674571
3479.821045 0.000000 4529.663574 0.000000 0.712012 0.000000 -0.702167 0.790065 0.790065 0.790065
3493.612549 0.000000 4547.407715 0.000000 0.119257 0.000000 -0.992863 0.682607 0.682607 0.682607
3509.971924 0.000000 4510.648438 0.000000 0.694939 0.000000 -0.719069 0.660102 0.660102 0.660102
3489.426758 0.000000 4521.757812 0.000000 0.613556 0.000000 -0.789651 0.820883 0.820883 0.820883
3518.927979 0.000000 4508.151367 0.000000 0.945181 0.000000 -0.326546 0.641856 0.641856 0.641856
3512.684570 0.000000 4535.223633 0.000000 0.569238 0.000000 -0.822172 0.825549 0.825549 0.825549
3492.933838 0.000000 4525.309570 0.000000 0.704567 0.000000 -0.709637 0.829277 0.829277 0.829277
3511.926758 0.000000 4508.062012 0.000000 0.112957 0.000000 -0.993600 0.770303 0.770303 0.770303
3496.752197 0.000000 4533.127441 0.000000 0.009245 0.000000 -0.999957 0.847944 0.847944 0.847944
3470.239014 0.000000 4545.321777 0.000000 0.018185 0.000000 -0.999835 1.023277 1.023277 1.023277
3486.311768 0.000000 4525.882812 0.000000 0.362063 0.000000 -0.932154 0.756425 0.756425 0.756425
3497.603271 0.000000 4530.243164 0.000000 0.284731 0.000000 -0.958608 0.792045 0.792045 0.792045
3499.627197 0.000000 4524.210938 0.000000 0.999589 0.000000 -0.028652 0.604550 0.604550 0.604550
3497.601318 0.000000 4522.541504 0.000000 0.838387 0.000000 -0.545076 0.641449 0.641449 0.641449
3478.062988 0.000000 4535.906250 0.000000 0.093197 0.000000 -0.995648 0.695165 0.695165 0.695165
3494.550781 0.000000 4519.270508 0.000000 0.509005 0.000000 -0.860763 0.907495 0.907495 0.907495
3481.473389 0.000000 4540.140137 0.000000 0.989830 0.000000 -0.142256 0.654523 0.654523 0.654523
3489.870850 0.000000 4528.841309 0.000000 0.759434 0.000000 -0.650585 0.659420 0.659420 0.659420
3487.862793 0.000000 4512.228516 0.000000 0.763171 0.000000 -0.646196 0.665251 0.665251 0.665251
3491.895752 0.000000 4528.008789 0.000000 0.841993 0.000000 -0.539489 0.714378 0.714378 0.714378
3511.433105 0.000000 4512.066895 0.000000 0.999083 0.000000 -0.042822 0.610459 0.610459 0.610459
3488.394775 0.000000 4526.165039 0.000000 0.016828 0.000000 -0.999858 0.793202 0.793202 0.793202
3480.680176 0.000000 4538.350098 0.000000 0.047730 0.000000 -0.998860 0.996967 0.996967 0.996967
3503.700684 0.000000 4531.293945 0.000000 0.942574 0.000000 -0.333998 0.667844 0.667844 0.667844
3506.155518 0.000000 4521.737305 0.000000 0.760798 0.000000 -0.648989 0.707908 0.707908 0.707908
3484.255371 0.000000 4539.519043 0.000000 0.158346 0.000000 -0.987384 1.086392 1.086392 1.086392
3493.816895 0.000000 4553.116699 0.000000 0.425744 0.000000 -0.904844 0.804995 0.804995 0.804995
3494.824463 0.000000 4546.018555 0.000000 0.119106 0.000000 -0.992882 0.800018 0.800018 0.800018
3491.409180 0.000000 4521.281738 0.000000 0.102756 0.000000 -0.994707 0.819875 0.819875 0.819875
3481.692871 0.000000 4534.453125 0.000000 0.026748 0.000000 -0.999642 0.976998 0.976998 0.976998
3492.716797 0.000000 4542.982910 0.000000 0.654950 0.000000 -0.755672 0.800186 0.800186 0.800186
3472.670166 0.000000 4548.457031 0.000000 0.998909 0.000000 -0.046698 0.613575 0.613575 0.613575
3491.326904 0.000000 4524.933594 0.000000 0.871577 0.000000 -0.490258 0.795717 0.795717 0.795717
3514.518311 0.000000 4523.224121 0.000000 0.052212 0.000000 -0.998636 0.786525 0.786525 0.786525
3494.954102 0.000000 4521.489746 0.000000 0.616233 0.000000 -0.787564 0.938239 0.938239 0.938239
3493.940186 0.000000 4540.016602 0.000000 0.776561 0.000000 -0.630042 0.804200 0.804200 0.804200
3488.022949 0.000000 4550.360840 0.000000 0.885721 0.000000 -0.464217 0.774997 0.774997 0.774997
3496.895020 0.000000 4531.570312 0.000000 0.336846 0.000000 -0.941560 0.783831 0.783831 0.783831
3485.042725 0.000000 4541.381348 0.000000 0.855210 0.000000 -0.518281 0.687326 0.687326 0.687326
3488.857178 0.000000 4523.139648 0.000000 0.637920 0.000000 -0.770103 0.917321 0.917321 0.917321
3492.092041 0.000000 4516.174805 0.000000 0.144178 0.000000 -0.989552 0.873436 0.873436 0.873436
3506.921143 0.000000 4511.012207 0.000000 0.131489 0.000000 -0.991318 1.005217 1.005217 1.005217
3507.516602 0.000000 4513.776855 0.000000 0.993687 0.000000 -0.112188 0.627113 0.627113 0.627113
3497.863037 0.000000 4519.347656 0.000000 0.829884 0.000000 -0.557935 0.806582 0.806582 0.806582
3516.456299 0.000000 4520.805664 0.000000 0.421532 0.000000 -0.906814 0.878987 0.878987 0.878987
3482.636963 0.000000 4542.313477 0.000000 0.700628 0.000000 -0.713527 0.838027 0.838027 0.838027
3484.108398 0.000000 4542.499023 0.000000 0.761674 0.000000 -0.647961 0.787949 0.787949 0.787949
3493.464844 0.000000 4522.518555 0.000000 0.302623 0.000000 -0.953110 1.071211 1.071211 1.071211
3488.150879 0.000000 4551.858398 0.000000 0.537409 0.000000 -0.843322 0.963744 0.963744 0.963744
3488.520996 0.000000 4520.783691 0.000000 0.989485 0.000000 -0.144638 0.635222 0.635222 0.635222
3498.665527 0.000000 4529.463867 0.000000 0.999894 0.000000 -0.014557 0.604339 0.604339 0.604339
3472.498291 0.000000 4550.575195 0.000000 0.991185 0.000000 -0.132487 0.626871 0.626871 0.626871
3504.957764 0.000000 4536.819824 0.000000 0.883121 0.000000 -0.469146 0.754341 0.754341 0.754341
3511.369385 0.000000 4535.240723 0.000000 0.106102 0.000000 -0.994355 0.911507 0.911507 0.911507
3506.150146 0.000000 4509.964355 0.000000 0.940904 0.000000 -0.338674 0.674009 0.674009 0.674009
3487.256836 0.000000 4526.888184 0.000000 0.049595 0.000000 -0.998769 0.975972 0.975972 0.975972
3520.056885 0.000000 4508.552734 0.000000 0.885980 0.000000 -0.463723 0.743736 0.743736 0.743736
3522.591797 0.000000 4509.448730 0.000000 0.959818 0.000000 -0.280624 0.635364 0.635364 0.635364
3521.529297 0.000000 4508.028320 0.000000 0.301290 0.000000 -0.953533 0.977007 0.977007 0.977007
3477.332520 0.000000 4569.273438 0.000000 0.311811 0.000000 -0.950144 0.605634 0.605634 0.605634
3459.319824 0.000000 4566.867188 0.000000 0.115553 0.000000 -0.993301 0.966150 0.966150 0.966150
3460.308838 0.000000 4572.438477 0.000000 0.271660 0.000000 -0.962393 0.852309 0.852309 0.852309
3482.097900 0.000000 4562.424805 0.000000 0.701039 0.000000 -0.713123 0.852125 0.852125 0.852125
3486.311768 0.000000 4571.882812 0.000000 0.030141 0.000000 -0.999546 0.927706 0.927706 0.927706
3497.780762 0.000000 4559.428711 0.000000 0.767750 0.000000 -0.640749 0.709386 0.709386 0.709386
3492.830566 0.000000 4555.335449 0.000000 0.935776 0.000000 -0.352594 0.648579 0.648579 0.648579
3487.382812 0.000000 4567.509277 0.000000 0.557724 0.000000 -0.830026 0.853740 0.853740 0.853740
3463.186768 0.000000 4575.873535 0.000000 0.056068 0.000000 -0.998427 0.904034 0.904034 0.904034
3460.896729 0.000000 4568.760742 0.000000 0.901535 0.000000 -0.432707 0.699877 0.699877 0.699877
3496.552734 0.000000 4558.197266 0.000000 0.966585 0.000000 -0.256347 0.640774 0.640774 0.640774
3470.271729 0.000000 4571.313477 0.000000 0.993859 0.000000 -0.110653 0.625578 0.625578 0.625578
3460.758789 0.000000 4573.763672 0.000000 0.701448 0.000000 -0.712721 0.754493 0.754493 0.754493
3484.992432 0.000000 4571.542969 0.000000 0.998474 0.000000 -0.055232 0.609188 0.609188 0.609188
3460.587891 0.000000 4567.331543 0.000000 0.989861 0.000000 -0.142043 0.639069 0.639069 0.639069
3486.383789 0.000000 4570.547852 0.000000 0.602356 0.000000 -0.798228 0.796614 0.796614 0.796614
3236.830566 0.000000 4601.335449 0.000000 0.884710 0.000000 -0.466142 0.785228 0.785228 0.785228
3238.381836 0.000000 4602.430664 0.000000 0.121769 0.000000 -0.992558 0.973255 0.973255 0.973255
3237.096680 0.000000 4602.819336 0.000000 0.966545 0.000000 -0.256498 0.699082 0.699082 0.699082
3297.457275 0.000000 4644.145996 0.000000 0.430765 0.000000 -0.902464 0.992804 0.992804 0.992804
3312.611328 0.000000 4608.737305 0.000000 0.790446 0.000000 -0.612532 0.679002 0.679002 0.679002
3295.683350 0.000000 4645.136230 0.000000 0.949619 0.000000 -0.313405 0.631038 0.631038 0.631038
3313.899658 0.000000 4609.996094 0.000000 0.103754 0.000000 -0.994603 0.775780 0.775780 0.775780
3312.858643 0.000000 4606.154785 0.000000 0.263864 0.000000 -0.964560 0.928096 0.928096 0.928096
3261.070312 0.000000 4686.343750 0.000000 0.246106 0.000000 -0.969243 0.893109 0.893109 0.893109
3279.669189 0.000000 4681.452148 0.000000 0.736132 0.000000 -0.676838 0.691319 0.691319 0.691319
3278.660889 0.000000 4690.955566 0.000000 0.388297 0.000000 -0.921534 0.993253 0.993253 0.993253
3278.239014 0.000000 4683.321777 0.000000 0.856944 0.000000 -0.515410 0.700577 0.700577 0.700577
3281.684082 0.000000 4681.570801 0.000000 0.118303 0.000000 -0.992978 0.993732 0.993732 0.993732
3280.208740 0.000000 4691.387695 0.000000 0.997042 0.000000 -0.076858 0.610717 0.610717 0.610717
3232.150635 0.000000 4694.068848 0.000000 0.848860 0.000000 -0.528617 0.620023 0.620023 0.620023
3248.065918 0.000000 4713.212402 0.000000 0.944436 0.000000 -0.328694 0.659701 0.659701 0.659701
3255.923340 0.000000 4713.133301 0.000000 0.115399 0.000000 -0.993319 1.022861 1.022861 1.022861
3229.382080 0.000000 4704.956543 0.000000 0.952738 0.000000 -0.303793 0.655947 0.655947 0.655947
3240.065674 0.000000 4698.741699 0.000000 0.997271 0.000000 -0.073825 0.608744 0.608744 0.608744
3241.780762 0.000000 4697.428711 0.000000 0.022399 0.000000 -0.999749 1.094029 1.094029 1.094029
3240.552734 0.000000 4696.197266 0.000000 0.393359 0.000000 -0.919385 0.972187 0.972187 0.972187
3232.532227 0.000000 4711.728516 0.000000 0.804799 0.000000 -0.593548 0.704706 0.704706 0.704706
3230.763672 0.000000 4704.157715 0.000000 0.992047 0.000000 -0.125869 0.620606 0.620606 0.620606
3228.992432 0.000000 4709.542969 0.000000 0.348844 0.000000 -0.937181 1.000218 1.000218 1.000218
3268.419922 0.000000 4698.562500 0.000000 0.872702 0.000000 -0.488252 0.673351 0.673351 0.673351
3266.354736 0.000000 4697.626465 0.000000 0.167024 0.000000 -0.985953 0.702977 0.702977 0.702977
3356.179932 0.000000 4610.298828 0.000000 0.971398 0.000000 -0.237455 0.668233 0.668233 0.668233
3356.521484 0.000000 4607.534668 0.000000 0.984799 0.000000 -0.173700 0.614122 0.614122 0.614122
3342.660889 0.000000 4644.955566 0.000000 0.882393 0.000000 -0.470512 0.671912 0.671912 0.671912
3357.730957 0.000000 4611.115723 0.000000 0.981382 0.000000 -0.192067 0.655005 0.655005 0.655005
3344.208740 0.000000 4645.387695 0.000000 0.234007 0.000000 -0.972235 0.855889 0.855889 0.855889
3344.917480 0.000000 4646.235352 0.000000 0.056923 0.000000 -0.998379 0.817692 0.817692 0.817692
3344.424072 0.000000 4647.792480 0.000000 0.181011 0.000000 -0.983481 0.799709 0.799709 0.799709
"}
