object={
	name="tree_pine_impassable_01_a_generator_1_0"
	render_pass=Map
	clamp_to_water_level=no
	generated_content=yes
	layer="tree_high_layer"
	pdxmesh="tree_pine_impassable_01_a_mesh"
	count=1462
	transform="3484.608154 0.000000 4184.936035 0.000000 0.996093 0.000000 -0.088305 0.400000 0.400000 0.400000
3495.607910 0.000000 4184.420410 0.000000 0.949723 0.000000 -0.313092 0.400000 0.400000 0.400000
3551.975098 0.000000 4174.368652 0.000000 0.967319 0.000000 0.253561 0.400000 0.400000 0.400000
3539.028809 0.000000 4174.224609 0.000000 0.966026 0.000000 -0.258446 0.400000 0.400000 0.400000
3551.914307 0.000000 4180.268555 0.000000 0.449594 0.000000 -0.893233 0.400000 0.400000 0.400000
3534.149902 0.000000 4172.001953 0.000000 0.978934 0.000000 -0.204179 0.400000 0.400000 0.400000
3553.457275 0.000000 4184.145996 0.000000 0.938633 0.000000 0.344919 0.400000 0.400000 0.400000
3560.390625 0.000000 4179.006836 0.000000 0.249060 0.000000 -0.968488 0.400000 0.400000 0.400000
3554.996826 0.000000 4180.066895 0.000000 0.358027 0.000000 0.933711 0.400000 0.400000 0.400000
3495.355225 0.000000 4217.266602 0.000000 0.657255 0.000000 -0.753668 0.400000 0.400000 0.400000
3494.783691 0.000000 4212.575684 0.000000 0.909536 0.000000 0.415625 0.400000 0.400000 0.400000
3518.040771 0.000000 4201.734863 0.000000 0.011762 0.000000 0.999931 0.400000 0.400000 0.400000
3512.631104 0.000000 4196.169434 0.000000 0.351406 0.000000 -0.936223 0.400000 0.400000 0.400000
3507.690186 0.000000 4190.349609 0.000000 0.956175 0.000000 -0.292796 0.400000 0.400000 0.400000
3476.470459 0.000000 4231.930176 0.000000 0.631930 0.000000 0.775025 0.400000 0.400000 0.400000
3491.048828 0.000000 4186.003906 0.000000 0.945288 0.000000 -0.326238 0.400000 0.400000 0.400000
3501.366699 0.000000 4189.250000 0.000000 0.366444 0.000000 0.930440 0.400000 0.400000 0.400000
3474.421387 0.000000 4226.666504 0.000000 0.679821 0.000000 -0.733378 0.400000 0.400000 0.400000
3480.574219 0.000000 4189.470703 0.000000 0.848035 0.000000 -0.529941 0.400000 0.400000 0.400000
3476.722656 0.000000 4205.119629 0.000000 0.652553 0.000000 -0.757743 0.400000 0.400000 0.400000
3551.975098 0.000000 4220.368652 0.000000 0.375694 0.000000 -0.926744 0.400000 0.400000 0.400000
3528.825439 0.000000 4218.309082 0.000000 0.754102 0.000000 0.656757 0.400000 0.400000 0.400000
3526.984863 0.000000 4201.695801 0.000000 0.921541 0.000000 0.388281 0.400000 0.400000 0.400000
3524.531006 0.000000 4223.556641 0.000000 0.612896 0.000000 -0.790164 0.400000 0.400000 0.400000
3557.400635 0.000000 4222.645020 0.000000 0.863253 0.000000 -0.504772 0.400000 0.400000 0.400000
3530.052002 0.000000 4213.864258 0.000000 0.950514 0.000000 0.310683 0.400000 0.400000 0.400000
3527.664062 0.000000 4197.259277 0.000000 0.954243 0.000000 0.299033 0.400000 0.400000 0.400000
3549.282959 0.000000 4223.324707 0.000000 0.184888 0.000000 0.982760 0.400000 0.400000 0.400000
3531.465576 0.000000 4219.256348 0.000000 0.563632 0.000000 0.826026 0.400000 0.400000 0.400000
3515.178223 0.000000 4251.564941 0.000000 0.967202 0.000000 0.254008 0.400000 0.400000 0.400000
3519.962891 0.000000 4256.480957 0.000000 0.384362 0.000000 0.923182 0.400000 0.400000 0.400000
3503.663574 0.000000 4257.591797 0.000000 0.299139 0.000000 0.954210 0.400000 0.400000 0.400000
3518.516113 0.000000 4252.772461 0.000000 0.676870 0.000000 0.736102 0.400000 0.400000 0.400000
3495.334229 0.000000 4254.726562 0.000000 0.983614 0.000000 0.180286 0.400000 0.400000 0.400000
3518.286865 0.000000 4276.678711 0.000000 0.606509 0.000000 -0.795077 0.400000 0.400000 0.400000
3473.635498 0.000000 4237.049316 0.000000 0.704336 0.000000 0.709867 0.400000 0.400000 0.400000
3515.951172 0.000000 4254.495605 0.000000 0.649859 0.000000 0.760055 0.400000 0.400000 0.400000
3519.310791 0.000000 4240.432129 0.000000 0.998562 0.000000 -0.053603 0.400000 0.400000 0.400000
3565.271973 0.000000 4269.504883 0.000000 0.835913 0.000000 -0.548862 0.400000 0.400000 0.400000
3580.353516 0.000000 4232.510742 0.000000 0.925033 0.000000 0.379886 0.400000 0.400000 0.400000
3528.395020 0.000000 4234.013672 0.000000 0.988110 0.000000 -0.153749 0.400000 0.400000 0.400000
3539.420410 0.000000 4239.959961 0.000000 0.555562 0.000000 0.831475 0.400000 0.400000 0.400000
3526.984863 0.000000 4247.695801 0.000000 0.489152 0.000000 0.872199 0.400000 0.400000 0.400000
3543.946777 0.000000 4232.442871 0.000000 0.536835 0.000000 -0.843687 0.400000 0.400000 0.400000
3527.664062 0.000000 4243.259277 0.000000 0.992636 0.000000 -0.121138 0.400000 0.400000 0.400000
3524.308838 0.000000 4250.438477 0.000000 0.038149 0.000000 -0.999272 0.400000 0.400000 0.400000
3524.912598 0.000000 4232.229492 0.000000 0.999952 0.000000 0.009772 0.400000 0.400000 0.400000
3582.164062 0.000000 4235.022461 0.000000 0.603787 0.000000 -0.797146 0.400000 0.400000 0.400000
3528.991699 0.000000 4240.983398 0.000000 0.100807 0.000000 0.994906 0.400000 0.400000 0.400000
3559.567627 0.000000 4273.455566 0.000000 0.795699 0.000000 -0.605693 0.400000 0.400000 0.400000
3567.528809 0.000000 4270.967773 0.000000 0.203890 0.000000 -0.978994 0.400000 0.400000 0.400000
3558.931152 0.000000 4278.683105 0.000000 0.175371 0.000000 -0.984502 0.400000 0.400000 0.400000
3560.065674 0.000000 4284.741699 0.000000 0.794574 0.000000 0.607167 0.400000 0.400000 0.400000
3609.497803 0.000000 4222.978516 0.000000 0.677778 0.000000 0.735266 0.400000 0.400000 0.400000
3615.914307 0.000000 4226.268555 0.000000 0.290240 0.000000 -0.956954 0.400000 0.400000 0.400000
3596.144287 0.000000 4222.135742 0.000000 0.189162 0.000000 0.981946 0.400000 0.400000 0.400000
3617.457275 0.000000 4230.145996 0.000000 0.812237 0.000000 -0.583327 0.400000 0.400000 0.400000
3592.030518 0.000000 4222.123535 0.000000 0.215688 0.000000 -0.976462 0.400000 0.400000 0.400000
3599.669189 0.000000 4221.452148 0.000000 0.855887 0.000000 0.517163 0.400000 0.400000 0.400000
3586.481445 0.000000 4210.979980 0.000000 0.125858 0.000000 -0.992048 0.400000 0.400000 0.400000
3590.194824 0.000000 4219.937012 0.000000 0.926352 0.000000 -0.376659 0.400000 0.400000 0.400000
3611.184326 0.000000 4225.181152 0.000000 0.993081 0.000000 -0.117435 0.400000 0.400000 0.400000
3621.025635 0.000000 4239.003418 0.000000 0.982246 0.000000 -0.187595 0.400000 0.400000 0.400000
3587.616943 0.000000 4235.821289 0.000000 0.642436 0.000000 -0.766340 0.400000 0.400000 0.400000
3596.547119 0.000000 4232.236328 0.000000 0.173297 0.000000 -0.984870 0.400000 0.400000 0.400000
3590.423340 0.000000 4236.327148 0.000000 0.386889 0.000000 0.922126 0.400000 0.400000 0.400000
3708.676758 0.000000 4365.996582 0.000000 0.640914 0.000000 -0.767613 0.400000 0.400000 0.400000
3694.092773 0.000000 4365.087891 0.000000 0.928204 0.000000 0.372072 0.400000 0.400000 0.400000
3701.979492 0.000000 4362.852539 0.000000 0.788867 0.000000 -0.614564 0.400000 0.400000 0.400000
3696.924561 0.000000 4365.159180 0.000000 0.967982 0.000000 0.251021 0.400000 0.400000 0.400000
3706.096191 0.000000 4364.922363 0.000000 1.000000 0.000000 0.000657 0.400000 0.400000 0.400000
3678.872070 0.000000 4367.376465 0.000000 0.975224 0.000000 0.221220 0.400000 0.400000 0.400000
3632.385742 0.000000 4413.922363 0.000000 0.545549 0.000000 0.838079 0.400000 0.400000 0.400000
3641.414551 0.000000 4408.232422 0.000000 0.556301 0.000000 -0.830981 0.400000 0.400000 0.400000
3636.030518 0.000000 4411.210938 0.000000 0.343767 0.000000 0.939055 0.400000 0.400000 0.400000
3642.096191 0.000000 4410.922363 0.000000 0.257267 0.000000 -0.966340 0.400000 0.400000 0.400000
3693.271973 0.000000 4407.504883 0.000000 0.659331 0.000000 -0.751853 0.400000 0.400000 0.400000
3679.975098 0.000000 4404.368652 0.000000 0.349486 0.000000 -0.936942 0.400000 0.400000 0.400000
3672.938232 0.000000 4397.962402 0.000000 0.924275 0.000000 -0.381727 0.400000 0.400000 0.400000
3667.028809 0.000000 4404.224609 0.000000 0.544431 0.000000 0.838806 0.400000 0.400000 0.400000
3656.825439 0.000000 4402.309082 0.000000 0.953062 0.000000 0.302776 0.400000 0.400000 0.400000
3671.946777 0.000000 4370.442871 0.000000 0.725916 0.000000 -0.687784 0.400000 0.400000 0.400000
3652.531006 0.000000 4407.556641 0.000000 0.867778 0.000000 -0.496952 0.400000 0.400000 0.400000
3663.644775 0.000000 4409.188477 0.000000 0.425768 0.000000 -0.904832 0.400000 0.400000 0.400000
3677.750488 0.000000 4399.706543 0.000000 0.436524 0.000000 0.899693 0.400000 0.400000 0.400000
3665.678711 0.000000 4388.352051 0.000000 0.371470 0.000000 -0.928445 0.400000 0.400000 0.400000
3668.216064 0.000000 4373.416992 0.000000 0.541423 0.000000 0.840750 0.400000 0.400000 0.400000
3672.463623 0.000000 4388.576172 0.000000 0.996766 0.000000 -0.080359 0.400000 0.400000 0.400000
3669.367432 0.000000 4408.181152 0.000000 0.237028 0.000000 0.971503 0.400000 0.400000 0.400000
3664.799805 0.000000 4413.845215 0.000000 0.190547 0.000000 0.981678 0.400000 0.400000 0.400000
3679.454346 0.000000 4385.792969 0.000000 0.698640 0.000000 -0.715474 0.400000 0.400000 0.400000
3675.903076 0.000000 4371.876465 0.000000 0.940239 0.000000 0.340515 0.400000 0.400000 0.400000
3691.962158 0.000000 4383.971680 0.000000 0.750420 0.000000 -0.660961 0.400000 0.400000 0.400000
3666.257324 0.000000 4407.361816 0.000000 0.975193 0.000000 -0.221358 0.400000 0.400000 0.400000
3659.465576 0.000000 4403.256348 0.000000 0.999557 0.000000 -0.029760 0.400000 0.400000 0.400000
3650.429443 0.000000 4415.144531 0.000000 0.330105 0.000000 0.943944 0.400000 0.400000 0.400000
3666.251221 0.000000 4390.989258 0.000000 0.878248 0.000000 0.478206 0.400000 0.400000 0.400000
3680.625732 0.000000 4399.354980 0.000000 0.737492 0.000000 -0.675355 0.400000 0.400000 0.400000
3680.400635 0.000000 4392.340820 0.000000 0.749750 0.000000 -0.661722 0.400000 0.400000 0.400000
3690.440430 0.000000 4407.395508 0.000000 0.712934 0.000000 -0.701231 0.400000 0.400000 0.400000
3673.229980 0.000000 4386.233398 0.000000 0.829923 0.000000 -0.557878 0.400000 0.400000 0.400000
3732.968506 0.000000 4366.449707 0.000000 0.979084 0.000000 0.203457 0.400000 0.400000 0.400000
3743.008057 0.000000 4344.138184 0.000000 0.653968 0.000000 -0.756522 0.400000 0.400000 0.400000
3755.000732 0.000000 4348.128906 0.000000 0.988845 0.000000 0.148946 0.400000 0.400000 0.400000
3718.214600 0.000000 4348.754395 0.000000 0.949670 0.000000 0.313253 0.400000 0.400000 0.400000
3749.090820 0.000000 4366.382812 0.000000 0.129779 0.000000 0.991543 0.400000 0.400000 0.400000
3757.633057 0.000000 4341.389160 0.000000 0.032229 0.000000 -0.999481 0.400000 0.400000 0.400000
3749.025635 0.000000 4331.003418 0.000000 0.402145 0.000000 -0.915576 0.400000 0.400000 0.400000
3738.297607 0.000000 4346.674805 0.000000 0.195772 0.000000 -0.980649 0.400000 0.400000 0.400000
3713.887939 0.000000 4345.718262 0.000000 0.659883 0.000000 0.751368 0.400000 0.400000 0.400000
3724.014404 0.000000 4368.589355 0.000000 0.549086 0.000000 0.835766 0.400000 0.400000 0.400000
3759.663574 0.000000 4349.591797 0.000000 0.978922 0.000000 0.204235 0.400000 0.400000 0.400000
3759.128906 0.000000 4357.550781 0.000000 0.999998 0.000000 0.001767 0.400000 0.400000 0.400000
3746.803955 0.000000 4354.936035 0.000000 0.948326 0.000000 0.317297 0.400000 0.400000 0.400000
3733.367432 0.000000 4362.181152 0.000000 0.995261 0.000000 -0.097236 0.400000 0.400000 0.400000
3716.560059 0.000000 4355.642578 0.000000 0.993378 0.000000 -0.114895 0.400000 0.400000 0.400000
3760.065918 0.000000 4345.212402 0.000000 0.475050 0.000000 -0.879959 0.400000 0.400000 0.400000
3768.631104 0.000000 4334.169434 0.000000 0.658378 0.000000 0.752687 0.400000 0.400000 0.400000
3746.974365 0.000000 4346.645508 0.000000 0.794608 0.000000 0.607123 0.400000 0.400000 0.400000
3753.998535 0.000000 4327.290527 0.000000 0.886323 0.000000 0.463068 0.400000 0.400000 0.400000
3720.030518 0.000000 4360.123535 0.000000 0.188244 0.000000 0.982122 0.400000 0.400000 0.400000
3774.516113 0.000000 4344.772461 0.000000 0.762369 0.000000 0.647142 0.400000 0.400000 0.400000
3760.376221 0.000000 4338.741211 0.000000 0.427031 0.000000 -0.904237 0.400000 0.400000 0.400000
3745.802002 0.000000 4361.323242 0.000000 0.837770 0.000000 0.546023 0.400000 0.400000 0.400000
3774.910645 0.000000 4352.108398 0.000000 0.976794 0.000000 -0.214180 0.400000 0.400000 0.400000
3724.905273 0.000000 4365.321777 0.000000 0.230256 0.000000 -0.973130 0.400000 0.400000 0.400000
3747.201660 0.000000 4358.185547 0.000000 0.703077 0.000000 -0.711114 0.400000 0.400000 0.400000
3735.409912 0.000000 4368.584961 0.000000 0.977307 0.000000 -0.211829 0.400000 0.400000 0.400000
3771.951172 0.000000 4346.495605 0.000000 0.807348 0.000000 0.590075 0.400000 0.400000 0.400000
3750.024902 0.000000 4357.895996 0.000000 0.984464 0.000000 -0.175584 0.400000 0.400000 0.400000
3761.610840 0.000000 4347.691895 0.000000 0.900798 0.000000 -0.434237 0.400000 0.400000 0.400000
3774.784912 0.000000 4342.207520 0.000000 0.475936 0.000000 0.879480 0.400000 0.400000 0.400000
3796.968506 0.000000 4366.449707 0.000000 0.657802 0.000000 0.753191 0.400000 0.400000 0.400000
3795.028809 0.000000 4358.224609 0.000000 0.573416 0.000000 -0.819264 0.400000 0.400000 0.400000
3777.629639 0.000000 4352.186523 0.000000 0.857344 0.000000 -0.514744 0.400000 0.400000 0.400000
3788.014404 0.000000 4368.589355 0.000000 0.502399 0.000000 -0.864636 0.400000 0.400000 0.400000
3797.367432 0.000000 4362.181152 0.000000 0.962429 0.000000 -0.271535 0.400000 0.400000 0.400000
3770.855713 0.000000 4398.786621 0.000000 0.981805 0.000000 0.189890 0.400000 0.400000 0.400000
3727.644775 0.000000 4409.188477 0.000000 0.028499 0.000000 0.999594 0.400000 0.400000 0.400000
3723.609619 0.000000 4393.602051 0.000000 0.915841 0.000000 0.401542 0.400000 0.400000 0.400000
3759.663574 0.000000 4395.591797 0.000000 0.961894 0.000000 0.273421 0.400000 0.400000 0.400000
3720.358154 0.000000 4390.146484 0.000000 0.885932 0.000000 -0.463814 0.400000 0.400000 0.400000
3766.166016 0.000000 4397.894531 0.000000 0.958322 0.000000 0.285690 0.400000 0.400000 0.400000
3724.144287 0.000000 4406.135742 0.000000 0.973172 0.000000 -0.230078 0.400000 0.400000 0.400000
3763.064209 0.000000 4395.990723 0.000000 0.922631 0.000000 -0.385683 0.400000 0.400000 0.400000
3771.951172 0.000000 4392.495605 0.000000 0.953799 0.000000 -0.300445 0.400000 0.400000 0.400000
3765.938232 0.000000 4394.762695 0.000000 0.481544 0.000000 0.876422 0.400000 0.400000 0.400000
3756.871338 0.000000 4396.608887 0.000000 0.636267 0.000000 -0.771469 0.400000 0.400000 0.400000
3732.941895 0.000000 4370.791016 0.000000 0.567909 0.000000 -0.823091 0.400000 0.400000 0.400000
3716.377441 0.000000 4396.895996 0.000000 0.994210 0.000000 -0.107453 0.400000 0.400000 0.400000
3717.982422 0.000000 4383.264160 0.000000 0.810172 0.000000 0.586192 0.400000 0.400000 0.400000
3791.821289 0.000000 4396.711426 0.000000 0.999995 0.000000 -0.003264 0.400000 0.400000 0.400000
3776.377197 0.000000 4386.761719 0.000000 0.574617 0.000000 0.818423 0.400000 0.400000 0.400000
3797.332520 0.000000 4385.273438 0.000000 0.820739 0.000000 -0.571303 0.400000 0.400000 0.400000
3789.132080 0.000000 4388.447266 0.000000 0.595375 0.000000 -0.803448 0.400000 0.400000 0.400000
3788.144287 0.000000 4406.135742 0.000000 0.930720 0.000000 -0.365734 0.400000 0.400000 0.400000
3787.275635 0.000000 4384.353516 0.000000 0.525274 0.000000 -0.850933 0.400000 0.400000 0.400000
3788.547119 0.000000 4370.236328 0.000000 0.981103 0.000000 -0.193484 0.400000 0.400000 0.400000
3791.878418 0.000000 4392.332520 0.000000 0.718953 0.000000 0.695058 0.400000 0.400000 0.400000
3780.560059 0.000000 4401.642578 0.000000 0.170605 0.000000 -0.985340 0.400000 0.400000 0.400000
3800.252930 0.000000 4383.946289 0.000000 0.662092 0.000000 -0.749423 0.400000 0.400000 0.400000
3800.574219 0.000000 4373.470703 0.000000 0.924893 0.000000 0.380228 0.400000 0.400000 0.400000
3789.061768 0.000000 4396.147949 0.000000 0.926427 0.000000 0.376475 0.400000 0.400000 0.400000
3581.227539 0.000000 4452.372559 0.000000 0.867869 0.000000 -0.496793 0.400000 0.400000 0.400000
3572.074951 0.000000 4438.433594 0.000000 0.514676 0.000000 0.857385 0.400000 0.400000 0.400000
3581.913086 0.000000 4447.802734 0.000000 0.842547 0.000000 -0.538624 0.400000 0.400000 0.400000
3560.390625 0.000000 4455.006836 0.000000 0.258590 0.000000 0.965987 0.400000 0.400000 0.400000
3559.607910 0.000000 4460.420410 0.000000 0.966928 0.000000 -0.255048 0.400000 0.400000 0.400000
3575.923340 0.000000 4437.133301 0.000000 0.962845 0.000000 0.270054 0.400000 0.400000 0.400000
3487.975098 0.000000 4496.368652 0.000000 0.991501 0.000000 -0.130100 0.400000 0.400000 0.400000
3493.400635 0.000000 4498.645020 0.000000 0.345157 0.000000 -0.938545 0.400000 0.400000 0.400000
3472.799805 0.000000 4505.845215 0.000000 0.975792 0.000000 0.218699 0.400000 0.400000 0.400000
3489.802002 0.000000 4499.323242 0.000000 0.712018 0.000000 -0.702161 0.400000 0.400000 0.400000
3474.257324 0.000000 4499.361816 0.000000 0.974540 0.000000 -0.224214 0.400000 0.400000 0.400000
3482.755859 0.000000 4492.402832 0.000000 0.184916 0.000000 0.982754 0.400000 0.400000 0.400000
3571.950684 0.000000 4476.386230 0.000000 0.993972 0.000000 0.109634 0.400000 0.400000 0.400000
3558.931152 0.000000 4462.683105 0.000000 0.998736 0.000000 0.050269 0.400000 0.400000 0.400000
3580.353516 0.000000 4462.510742 0.000000 0.319313 0.000000 -0.947649 0.400000 0.400000 0.400000
3546.627197 0.000000 4467.704102 0.000000 0.612693 0.000000 0.790321 0.400000 0.400000 0.400000
3560.356689 0.000000 4474.604492 0.000000 0.635567 0.000000 0.772046 0.400000 0.400000 0.400000
3536.917480 0.000000 4462.235352 0.000000 0.801301 0.000000 0.598261 0.400000 0.400000 0.400000
3557.901123 0.000000 4481.609375 0.000000 0.851177 0.000000 0.524878 0.400000 0.400000 0.400000
3544.115967 0.000000 4472.505371 0.000000 0.744298 0.000000 0.667848 0.400000 0.400000 0.400000
3555.661377 0.000000 4477.116699 0.000000 0.945196 0.000000 0.326503 0.400000 0.400000 0.400000
3550.968994 0.000000 4469.095215 0.000000 0.122476 0.000000 0.992472 0.400000 0.400000 0.400000
3548.179932 0.000000 4472.298828 0.000000 0.944742 0.000000 -0.327815 0.400000 0.400000 0.400000
3554.316162 0.000000 4480.715332 0.000000 0.211928 0.000000 -0.977285 0.400000 0.400000 0.400000
3549.791260 0.000000 4466.291016 0.000000 0.109737 0.000000 -0.993961 0.400000 0.400000 0.400000
3537.635498 0.000000 4467.049316 0.000000 0.972424 0.000000 0.233220 0.400000 0.400000 0.400000
3558.630615 0.000000 4477.173828 0.000000 0.694345 0.000000 0.719642 0.400000 0.400000 0.400000
3546.097900 0.000000 4470.424805 0.000000 0.994007 0.000000 -0.109314 0.400000 0.400000 0.400000
3553.426758 0.000000 4475.757812 0.000000 0.796701 0.000000 -0.604374 0.400000 0.400000 0.400000
3537.992676 0.000000 4472.355957 0.000000 0.926269 0.000000 0.376863 0.400000 0.400000 0.400000
3548.521484 0.000000 4469.534668 0.000000 0.860584 0.000000 -0.509309 0.400000 0.400000 0.400000
3447.304199 0.000000 4549.863281 0.000000 0.702087 0.000000 -0.712091 0.400000 0.400000 0.400000
3440.385742 0.000000 4551.922363 0.000000 0.979661 0.000000 -0.200661 0.400000 0.400000 0.400000
3429.400635 0.000000 4544.645020 0.000000 0.958186 0.000000 -0.286146 0.400000 0.400000 0.400000
3442.515137 0.000000 4546.681641 0.000000 0.368015 0.000000 0.929820 0.400000 0.400000 0.400000
3442.772705 0.000000 4542.739746 0.000000 0.754373 0.000000 -0.656446 0.400000 0.400000 0.400000
3448.990967 0.000000 4553.005371 0.000000 0.608096 0.000000 -0.793864 0.400000 0.400000 0.400000
3425.802002 0.000000 4545.323242 0.000000 0.228070 0.000000 -0.973645 0.400000 0.400000 0.400000
3445.979492 0.000000 4546.852539 0.000000 0.114854 0.000000 -0.993382 0.400000 0.400000 0.400000
3403.529541 0.000000 4563.854980 0.000000 0.934724 0.000000 -0.355374 0.400000 0.400000 0.400000
3411.420410 0.000000 4561.959961 0.000000 0.140180 0.000000 -0.990126 0.400000 0.400000 0.400000
3408.112061 0.000000 4567.112793 0.000000 0.963984 0.000000 0.265962 0.400000 0.400000 0.400000
3416.115967 0.000000 4564.505371 0.000000 0.400157 0.000000 -0.916446 0.400000 0.400000 0.400000
3412.216064 0.000000 4557.416992 0.000000 0.115270 0.000000 -0.993334 0.400000 0.400000 0.400000
3441.218994 0.000000 4555.048828 0.000000 0.999978 0.000000 0.006651 0.400000 0.400000 0.400000
3443.690186 0.000000 4558.349609 0.000000 0.995262 0.000000 0.097234 0.400000 0.400000 0.400000
3414.870850 0.000000 4560.240723 0.000000 0.918672 0.000000 0.395021 0.400000 0.400000 0.400000
3454.164062 0.000000 4557.022461 0.000000 0.931282 0.000000 -0.364300 0.400000 0.400000 0.400000
3418.097900 0.000000 4562.424805 0.000000 0.452135 0.000000 0.891949 0.400000 0.400000 0.400000
3422.601807 0.000000 4563.541504 0.000000 0.672469 0.000000 -0.740125 0.400000 0.400000 0.400000
3496.356689 0.000000 4520.604492 0.000000 0.834367 0.000000 0.551209 0.400000 0.400000 0.400000
3488.116455 0.000000 4519.508301 0.000000 0.987698 0.000000 -0.156371 0.400000 0.400000 0.400000
3475.420410 0.000000 4515.959961 0.000000 0.509649 0.000000 -0.860382 0.400000 0.400000 0.400000
3503.091309 0.000000 4519.206543 0.000000 0.849479 0.000000 0.527623 0.400000 0.400000 0.400000
3470.444336 0.000000 4513.209473 0.000000 0.975843 0.000000 0.218475 0.400000 0.400000 0.400000
3467.609619 0.000000 4531.602051 0.000000 0.187597 0.000000 0.982246 0.400000 0.400000 0.400000
3468.014404 0.000000 4552.589355 0.000000 0.375531 0.000000 0.926810 0.400000 0.400000 0.400000
3462.037842 0.000000 4551.622559 0.000000 0.510255 0.000000 -0.860023 0.400000 0.400000 0.400000
3476.216064 0.000000 4511.416992 0.000000 0.721679 0.000000 0.692228 0.400000 0.400000 0.400000
3497.998535 0.000000 4511.290527 0.000000 0.149561 0.000000 -0.988752 0.400000 0.400000 0.400000
3499.962158 0.000000 4521.971680 0.000000 0.671347 0.000000 0.741143 0.400000 0.400000 0.400000
3501.619629 0.000000 4528.229980 0.000000 0.751422 0.000000 0.659822 0.400000 0.400000 0.400000
3481.237793 0.000000 4542.433594 0.000000 0.997412 0.000000 0.071896 0.400000 0.400000 0.400000
3503.696289 0.000000 4526.727539 0.000000 0.991371 0.000000 -0.131085 0.400000 0.400000 0.400000
3456.056885 0.000000 4554.552734 0.000000 0.867004 0.000000 -0.498302 0.400000 0.400000 0.400000
3468.547119 0.000000 4554.236328 0.000000 0.729641 0.000000 0.683830 0.400000 0.400000 0.400000
3584.380859 0.000000 4449.485352 0.000000 0.966505 0.000000 0.256647 0.400000 0.400000 0.400000
3590.214600 0.000000 4440.754395 0.000000 0.120831 0.000000 -0.992673 0.400000 0.400000 0.400000
3612.608154 0.000000 4460.936035 0.000000 0.987112 0.000000 -0.160031 0.400000 0.400000 0.400000
3585.629639 0.000000 4444.186523 0.000000 0.711384 0.000000 -0.702803 0.400000 0.400000 0.400000
3645.391113 0.000000 4421.980469 0.000000 0.829779 0.000000 0.558092 0.400000 0.400000 0.400000
3592.358154 0.000000 4436.146484 0.000000 0.880505 0.000000 -0.474036 0.400000 0.400000 0.400000
3636.171143 0.000000 4460.156738 0.000000 0.950417 0.000000 -0.310978 0.400000 0.400000 0.400000
3586.481445 0.000000 4440.979980 0.000000 0.327282 0.000000 0.944927 0.400000 0.400000 0.400000
3646.286865 0.000000 4460.678711 0.000000 0.058887 0.000000 0.998265 0.400000 0.400000 0.400000
3643.224609 0.000000 4419.993164 0.000000 0.259008 0.000000 0.965875 0.400000 0.400000 0.400000
3585.790771 0.000000 4446.985840 0.000000 0.985095 0.000000 -0.172009 0.400000 0.400000 0.400000
3610.030518 0.000000 4460.287598 0.000000 0.988403 0.000000 0.151850 0.400000 0.400000 0.400000
3648.933838 0.000000 4458.710449 0.000000 0.842425 0.000000 0.538814 0.400000 0.400000 0.400000
3652.531006 0.000000 4453.556641 0.000000 0.182619 0.000000 0.983184 0.400000 0.400000 0.400000
3679.914307 0.000000 4456.268555 0.000000 0.982237 0.000000 0.187647 0.400000 0.400000 0.400000
3651.616943 0.000000 4419.821289 0.000000 0.995403 0.000000 0.095773 0.400000 0.400000 0.400000
3669.367432 0.000000 4454.181152 0.000000 0.956493 0.000000 -0.291754 0.400000 0.400000 0.400000
3673.220947 0.000000 4457.629395 0.000000 0.792812 0.000000 0.609466 0.400000 0.400000 0.400000
3681.457275 0.000000 4460.145996 0.000000 0.999623 0.000000 0.027455 0.400000 0.400000 0.400000
3656.030518 0.000000 4452.123535 0.000000 0.589826 0.000000 -0.807531 0.400000 0.400000 0.400000
3681.802002 0.000000 4453.323242 0.000000 0.805164 0.000000 0.593052 0.400000 0.400000 0.400000
3657.062500 0.000000 4459.906738 0.000000 0.702540 0.000000 -0.711644 0.400000 0.400000 0.400000
3678.872070 0.000000 4459.376465 0.000000 0.535756 0.000000 -0.844373 0.400000 0.400000 0.400000
3674.030518 0.000000 4460.287598 0.000000 0.962403 0.000000 0.271627 0.400000 0.400000 0.400000
3684.020264 0.000000 4460.619629 0.000000 0.542902 0.000000 0.839796 0.400000 0.400000 0.400000
3658.063477 0.000000 4416.137695 0.000000 0.999898 0.000000 -0.014278 0.400000 0.400000 0.400000
3622.931152 0.000000 4462.683105 0.000000 0.132494 0.000000 -0.991184 0.400000 0.400000 0.400000
3624.356689 0.000000 4474.604492 0.000000 0.262062 0.000000 -0.965051 0.400000 0.400000 0.400000
3621.025635 0.000000 4469.003418 0.000000 0.828991 0.000000 -0.559261 0.400000 0.400000 0.400000
3609.220947 0.000000 4503.629395 0.000000 0.903553 0.000000 0.428476 0.400000 0.400000 0.400000
3611.550537 0.000000 4495.264648 0.000000 0.808257 0.000000 0.588830 0.400000 0.400000 0.400000
3640.780029 0.000000 4464.512695 0.000000 0.584625 0.000000 0.811303 0.400000 0.400000 0.400000
3613.282959 0.000000 4499.324707 0.000000 0.798944 0.000000 0.601405 0.400000 0.400000 0.400000
3623.334229 0.000000 4484.726562 0.000000 0.753605 0.000000 -0.657328 0.400000 0.400000 0.400000
3617.802002 0.000000 4499.323242 0.000000 0.901050 0.000000 -0.433715 0.400000 0.400000 0.400000
3612.714355 0.000000 4503.500000 0.000000 0.794934 0.000000 -0.606696 0.400000 0.400000 0.400000
3617.599609 0.000000 4467.588379 0.000000 0.708875 0.000000 0.705334 0.400000 0.400000 0.400000
3608.574219 0.000000 4465.470703 0.000000 0.401739 0.000000 -0.915754 0.400000 0.400000 0.400000
3622.630615 0.000000 4477.173828 0.000000 0.661844 0.000000 -0.749641 0.400000 0.400000 0.400000
3637.971924 0.000000 4464.648438 0.000000 0.994926 0.000000 0.100606 0.400000 0.400000 0.400000
3706.855713 0.000000 4490.786621 0.000000 0.028242 0.000000 -0.999601 0.400000 0.400000 0.400000
3664.917480 0.000000 4462.235352 0.000000 0.215314 0.000000 0.976545 0.400000 0.400000 0.400000
3708.676758 0.000000 4503.996582 0.000000 0.419045 0.000000 -0.907966 0.400000 0.400000 0.400000
3689.400879 0.000000 4478.770020 0.000000 0.075368 0.000000 -0.997156 0.400000 0.400000 0.400000
3675.903076 0.000000 4463.876465 0.000000 0.973487 0.000000 0.228741 0.400000 0.400000 0.400000
3684.490479 0.000000 4473.104004 0.000000 0.986184 0.000000 -0.165655 0.400000 0.400000 0.400000
3706.072266 0.000000 4494.936523 0.000000 0.878726 0.000000 0.477326 0.400000 0.400000 0.400000
3700.171143 0.000000 4506.156738 0.000000 0.979523 0.000000 -0.201331 0.400000 0.400000 0.400000
3690.984863 0.000000 4482.147461 0.000000 0.051640 0.000000 0.998666 0.400000 0.400000 0.400000
3696.376221 0.000000 4476.741211 0.000000 0.997491 0.000000 -0.070791 0.400000 0.400000 0.400000
3691.152588 0.000000 4472.775879 0.000000 0.239762 0.000000 0.970832 0.400000 0.400000 0.400000
3710.286865 0.000000 4506.678711 0.000000 0.785444 0.000000 -0.618933 0.400000 0.400000 0.400000
3672.574219 0.000000 4465.470703 0.000000 0.837009 0.000000 0.547190 0.400000 0.400000 0.400000
3706.096191 0.000000 4502.922363 0.000000 0.536654 0.000000 -0.843803 0.400000 0.400000 0.400000
3706.209229 0.000000 4497.627441 0.000000 0.852065 0.000000 -0.523437 0.400000 0.400000 0.400000
3710.813477 0.000000 4496.317871 0.000000 0.938597 0.000000 0.345016 0.400000 0.400000 0.400000
3784.395020 0.000000 4418.013672 0.000000 0.492507 0.000000 -0.870308 0.400000 0.400000 0.400000
3732.968506 0.000000 4504.449707 0.000000 0.999960 0.000000 -0.008928 0.400000 0.400000 0.400000
3723.529541 0.000000 4471.854980 0.000000 0.997124 0.000000 0.075791 0.400000 0.400000 0.400000
3757.271973 0.000000 4499.504883 0.000000 0.386701 0.000000 0.922205 0.400000 0.400000 0.400000
3743.975098 0.000000 4496.368652 0.000000 0.581813 0.000000 -0.813323 0.400000 0.400000 0.400000
3755.000732 0.000000 4486.128906 0.000000 0.955104 0.000000 -0.296271 0.400000 0.400000 0.400000
3712.933838 0.000000 4504.710449 0.000000 0.666055 0.000000 0.745903 0.400000 0.400000 0.400000
3731.028809 0.000000 4496.224609 0.000000 0.866254 0.000000 -0.499604 0.400000 0.400000 0.400000
3714.295898 0.000000 4470.370117 0.000000 0.997224 0.000000 0.074456 0.400000 0.400000 0.400000
3744.116455 0.000000 4473.508301 0.000000 0.774031 0.000000 0.633148 0.400000 0.400000 0.400000
3745.821045 0.000000 4488.769043 0.000000 0.377539 0.000000 -0.925994 0.400000 0.400000 0.400000
3760.385742 0.000000 4505.922363 0.000000 0.721603 0.000000 0.692307 0.400000 0.400000 0.400000
3757.633057 0.000000 4479.389160 0.000000 0.728762 0.000000 0.684767 0.400000 0.400000 0.400000
3733.169678 0.000000 4484.059570 0.000000 0.104254 0.000000 -0.994551 0.400000 0.400000 0.400000
3718.984863 0.000000 4477.695801 0.000000 0.038130 0.000000 0.999273 0.400000 0.400000 0.400000
3749.400635 0.000000 4498.645020 0.000000 0.402576 0.000000 -0.915387 0.400000 0.400000 0.400000
3728.112061 0.000000 4475.112793 0.000000 0.189867 0.000000 0.981810 0.400000 0.400000 0.400000
3743.914307 0.000000 4502.268555 0.000000 0.815590 0.000000 -0.578630 0.400000 0.400000 0.400000
3756.517578 0.000000 4492.009766 0.000000 0.224982 0.000000 0.974363 0.400000 0.400000 0.400000
3723.609619 0.000000 4485.602051 0.000000 0.934309 0.000000 0.356465 0.400000 0.400000 0.400000
3713.887939 0.000000 4483.718262 0.000000 0.279480 0.000000 -0.960152 0.400000 0.400000 0.400000
3724.014404 0.000000 4506.589355 0.000000 0.473318 0.000000 0.880892 0.400000 0.400000 0.400000
3718.037842 0.000000 4505.622559 0.000000 0.378736 0.000000 -0.925505 0.400000 0.400000 0.400000
3735.473877 0.000000 4494.665039 0.000000 0.695090 0.000000 0.718923 0.400000 0.400000 0.400000
3723.275635 0.000000 4476.353516 0.000000 0.822241 0.000000 0.569139 0.400000 0.400000 0.400000
3736.463623 0.000000 4480.576172 0.000000 0.641371 0.000000 -0.767231 0.400000 0.400000 0.400000
3716.560059 0.000000 4493.642578 0.000000 0.740659 0.000000 0.671881 0.400000 0.400000 0.400000
3743.454346 0.000000 4477.792969 0.000000 0.604625 0.000000 0.796510 0.400000 0.400000 0.400000
3739.550537 0.000000 4495.264648 0.000000 0.978993 0.000000 0.203895 0.400000 0.400000 0.400000
3719.664062 0.000000 4473.259277 0.000000 0.806086 0.000000 -0.591799 0.400000 0.400000 0.400000
3712.607910 0.000000 4500.598633 0.000000 0.304095 0.000000 0.952642 0.400000 0.400000 0.400000
3768.990967 0.000000 4507.005371 0.000000 0.800299 0.000000 0.599602 0.400000 0.400000 0.400000
3751.334229 0.000000 4484.726562 0.000000 0.850608 0.000000 0.525800 0.400000 0.400000 0.400000
3729.461670 0.000000 4493.191406 0.000000 0.842117 0.000000 -0.539295 0.400000 0.400000 0.400000
3714.481445 0.000000 4486.979980 0.000000 0.057459 0.000000 0.998348 0.400000 0.400000 0.400000
3754.042969 0.000000 4489.821289 0.000000 0.949386 0.000000 0.314111 0.400000 0.400000 0.400000
3730.257324 0.000000 4499.361816 0.000000 0.177335 0.000000 0.984151 0.400000 0.400000 0.400000
3722.179932 0.000000 4479.430176 0.000000 0.679643 0.000000 -0.733543 0.400000 0.400000 0.400000
3715.313477 0.000000 4496.643066 0.000000 0.747109 0.000000 -0.664701 0.400000 0.400000 0.400000
3730.421387 0.000000 4502.666504 0.000000 0.499887 0.000000 0.866090 0.400000 0.400000 0.400000
3721.062500 0.000000 4505.906738 0.000000 0.666089 0.000000 -0.745872 0.400000 0.400000 0.400000
3718.729492 0.000000 4501.938477 0.000000 0.684681 0.000000 -0.728842 0.400000 0.400000 0.400000
3730.193359 0.000000 4477.255859 0.000000 0.984467 0.000000 -0.175570 0.400000 0.400000 0.400000
3748.380859 0.000000 4490.322754 0.000000 0.457265 0.000000 0.889331 0.400000 0.400000 0.400000
3733.906006 0.000000 4497.181152 0.000000 0.296984 0.000000 -0.954883 0.400000 0.400000 0.400000
3720.581299 0.000000 4485.126465 0.000000 0.196865 0.000000 -0.980431 0.400000 0.400000 0.400000
3715.296875 0.000000 4477.662598 0.000000 0.538073 0.000000 0.842898 0.400000 0.400000 0.400000
3713.790771 0.000000 4492.985840 0.000000 0.780258 0.000000 0.625458 0.400000 0.400000 0.400000
3748.463867 0.000000 4487.091309 0.000000 0.979344 0.000000 0.202203 0.400000 0.400000 0.400000
3754.077637 0.000000 4493.359375 0.000000 0.968583 0.000000 0.248689 0.400000 0.400000 0.400000
3712.113281 0.000000 4475.982422 0.000000 0.419418 0.000000 -0.907793 0.400000 0.400000 0.400000
3735.821045 0.000000 4483.663574 0.000000 0.710706 0.000000 0.703489 0.400000 0.400000 0.400000
3716.377441 0.000000 4488.895996 0.000000 0.153015 0.000000 -0.988224 0.400000 0.400000 0.400000
3745.426758 0.000000 4475.757812 0.000000 0.994244 0.000000 -0.107139 0.400000 0.400000 0.400000
3720.762695 0.000000 4475.734863 0.000000 0.727863 0.000000 -0.685723 0.400000 0.400000 0.400000
3712.889160 0.000000 4498.009277 0.000000 0.848965 0.000000 0.528450 0.400000 0.400000 0.400000
3715.801270 0.000000 4491.285645 0.000000 0.829212 0.000000 0.558935 0.400000 0.400000 0.400000
3825.976562 0.000000 4491.901367 0.000000 0.999902 0.000000 0.014022 0.400000 0.400000 0.400000
3815.355225 0.000000 4493.266602 0.000000 0.300247 0.000000 0.953861 0.400000 0.400000 0.400000
3784.825439 0.000000 4494.309082 0.000000 0.993400 0.000000 0.114699 0.400000 0.400000 0.400000
3824.385742 0.000000 4505.922363 0.000000 0.959280 0.000000 -0.282456 0.400000 0.400000 0.400000
3777.629639 0.000000 4490.186523 0.000000 0.000755 0.000000 1.000000 0.400000 0.400000 0.400000
3823.663574 0.000000 4487.591797 0.000000 0.981574 0.000000 -0.191083 0.400000 0.400000 0.400000
3823.128906 0.000000 4495.550781 0.000000 0.965084 0.000000 -0.261941 0.400000 0.400000 0.400000
3817.832031 0.000000 4496.935059 0.000000 0.007800 0.000000 0.999970 0.400000 0.400000 0.400000
3780.560059 0.000000 4493.642578 0.000000 0.871112 0.000000 0.491085 0.400000 0.400000 0.400000
3782.603516 0.000000 4490.525391 0.000000 0.912626 0.000000 -0.408796 0.400000 0.400000 0.400000
3782.194824 0.000000 4495.937012 0.000000 0.849582 0.000000 -0.527456 0.400000 0.400000 0.400000
3777.790771 0.000000 4492.985840 0.000000 0.591707 0.000000 0.806153 0.400000 0.400000 0.400000
3812.463867 0.000000 4487.091309 0.000000 0.940630 0.000000 -0.339433 0.400000 0.400000 0.400000
3816.752197 0.000000 4487.127441 0.000000 0.017217 0.000000 0.999852 0.400000 0.400000 0.400000
3615.008057 0.000000 4528.138184 0.000000 0.103897 0.000000 0.994588 0.400000 0.400000 0.400000
3615.975098 0.000000 4542.368652 0.000000 0.332829 0.000000 0.942987 0.400000 0.400000 0.400000
3617.821045 0.000000 4534.769043 0.000000 0.711004 0.000000 0.703188 0.400000 0.400000 0.400000
3621.901123 0.000000 4527.609375 0.000000 0.445500 0.000000 0.895282 0.400000 0.400000 0.400000
3621.400635 0.000000 4544.645020 0.000000 0.855113 0.000000 -0.518442 0.400000 0.400000 0.400000
3610.297607 0.000000 4530.674805 0.000000 0.037773 0.000000 -0.999286 0.400000 0.400000 0.400000
3622.783691 0.000000 4534.575684 0.000000 0.050058 0.000000 0.998746 0.400000 0.400000 0.400000
3618.974365 0.000000 4530.645508 0.000000 0.086653 0.000000 -0.996239 0.400000 0.400000 0.400000
3611.903076 0.000000 4509.876465 0.000000 0.256862 0.000000 0.966448 0.400000 0.400000 0.400000
3623.334229 0.000000 4530.726562 0.000000 0.876784 0.000000 -0.480885 0.400000 0.400000 0.400000
3617.802002 0.000000 4545.323242 0.000000 0.996708 0.000000 0.081076 0.400000 0.400000 0.400000
3620.463867 0.000000 4533.091309 0.000000 0.516984 0.000000 0.855995 0.400000 0.400000 0.400000
3617.426758 0.000000 4521.757812 0.000000 0.969892 0.000000 0.243535 0.400000 0.400000 0.400000
3620.933838 0.000000 4525.309570 0.000000 0.742189 0.000000 -0.670191 0.400000 0.400000 0.400000
3701.290039 0.000000 4508.017090 0.000000 0.931530 0.000000 -0.363663 0.400000 0.400000 0.400000
3704.780029 0.000000 4510.512695 0.000000 0.057892 0.000000 0.998323 0.400000 0.400000 0.400000
3700.171143 0.000000 4552.156738 0.000000 0.723734 0.000000 -0.690079 0.400000 0.400000 0.400000
3708.474609 0.000000 4533.510742 0.000000 0.273983 0.000000 -0.961734 0.400000 0.400000 0.400000
3710.537598 0.000000 4547.369629 0.000000 0.582041 0.000000 -0.813159 0.400000 0.400000 0.400000
3700.030518 0.000000 4549.210938 0.000000 0.971834 0.000000 0.235667 0.400000 0.400000 0.400000
3710.927979 0.000000 4508.151367 0.000000 0.995530 0.000000 0.094441 0.400000 0.400000 0.400000
3708.030762 0.000000 4546.962402 0.000000 0.023337 0.000000 -0.999728 0.400000 0.400000 0.400000
3703.926758 0.000000 4508.062012 0.000000 0.565224 0.000000 0.824937 0.400000 0.400000 0.400000
3622.931152 0.000000 4554.683105 0.000000 0.333241 0.000000 -0.942842 0.400000 0.400000 0.400000
3631.855713 0.000000 4559.161621 0.000000 0.306196 0.000000 -0.951968 0.400000 0.400000 0.400000
3643.178223 0.000000 4573.564941 0.000000 0.670116 0.000000 -0.742256 0.400000 0.400000 0.400000
3636.074951 0.000000 4576.433594 0.000000 0.940053 0.000000 0.341029 0.400000 0.400000 0.400000
3632.385742 0.000000 4597.922363 0.000000 0.997520 0.000000 -0.070377 0.400000 0.400000 0.400000
3638.613281 0.000000 4589.079590 0.000000 0.069883 0.000000 0.997555 0.400000 0.400000 0.400000
3631.091309 0.000000 4565.206543 0.000000 0.984710 0.000000 -0.174204 0.400000 0.400000 0.400000
3634.515137 0.000000 4592.681641 0.000000 0.138639 0.000000 0.990343 0.400000 0.400000 0.400000
3628.517578 0.000000 4584.009766 0.000000 0.997517 0.000000 0.070420 0.400000 0.400000 0.400000
3644.676758 0.000000 4595.996582 0.000000 0.970092 0.000000 -0.242738 0.400000 0.400000 0.400000
3635.413818 0.000000 4562.959961 0.000000 0.479041 0.000000 0.877792 0.400000 0.400000 0.400000
3638.130371 0.000000 4572.425293 0.000000 0.966846 0.000000 0.255360 0.400000 0.400000 0.400000
3641.414551 0.000000 4592.232422 0.000000 0.941378 0.000000 -0.337354 0.400000 0.400000 0.400000
3642.072266 0.000000 4586.936523 0.000000 0.963238 0.000000 0.268648 0.400000 0.400000 0.400000
3634.772705 0.000000 4588.739746 0.000000 0.998910 0.000000 -0.046667 0.400000 0.400000 0.400000
3637.367188 0.000000 4585.584961 0.000000 0.923685 0.000000 -0.383152 0.400000 0.400000 0.400000
3644.474609 0.000000 4579.510742 0.000000 0.513539 0.000000 0.858066 0.400000 0.400000 0.400000
3640.990967 0.000000 4599.005371 0.000000 0.521820 0.000000 -0.853055 0.400000 0.400000 0.400000
3626.042969 0.000000 4581.821289 0.000000 0.834872 0.000000 -0.550444 0.400000 0.400000 0.400000
3637.979492 0.000000 4592.852539 0.000000 0.521433 0.000000 0.853292 0.400000 0.400000 0.400000
3639.923340 0.000000 4575.133301 0.000000 0.978940 0.000000 0.204150 0.400000 0.400000 0.400000
3646.537598 0.000000 4593.369629 0.000000 0.810297 0.000000 0.586019 0.400000 0.400000 0.400000
3646.286865 0.000000 4598.678711 0.000000 0.463106 0.000000 -0.886303 0.400000 0.400000 0.400000
3643.951172 0.000000 4576.495605 0.000000 0.280706 0.000000 0.959794 0.400000 0.400000 0.400000
3632.129395 0.000000 4590.499023 0.000000 0.997772 0.000000 -0.066710 0.400000 0.400000 0.400000
3629.757080 0.000000 4577.165527 0.000000 0.957668 0.000000 -0.287876 0.400000 0.400000 0.400000
3632.611328 0.000000 4562.737305 0.000000 0.831575 0.000000 0.555412 0.400000 0.400000 0.400000
3625.773438 0.000000 4554.480957 0.000000 0.998502 0.000000 -0.054723 0.400000 0.400000 0.400000
3643.569092 0.000000 4598.354004 0.000000 0.666255 0.000000 0.745724 0.400000 0.400000 0.400000
3636.441650 0.000000 4590.829590 0.000000 0.951330 0.000000 0.308173 0.400000 0.400000 0.400000
3644.030762 0.000000 4592.962402 0.000000 0.992166 0.000000 -0.124924 0.400000 0.400000 0.400000
3668.968506 0.000000 4596.449707 0.000000 0.329637 0.000000 -0.944108 0.400000 0.400000 0.400000
3699.950684 0.000000 4568.386230 0.000000 0.473433 0.000000 -0.880830 0.400000 0.400000 0.400000
3693.271973 0.000000 4591.504883 0.000000 0.667723 0.000000 -0.744410 0.400000 0.400000 0.400000
3706.855713 0.000000 4582.786621 0.000000 0.989277 0.000000 0.146052 0.400000 0.400000 0.400000
3679.975098 0.000000 4588.368652 0.000000 0.988600 0.000000 0.150569 0.400000 0.400000 0.400000
3688.356689 0.000000 4566.604492 0.000000 0.143788 0.000000 -0.989609 0.400000 0.400000 0.400000
3669.332520 0.000000 4569.273438 0.000000 0.031359 0.000000 -0.999508 0.400000 0.400000 0.400000
3648.933838 0.000000 4596.710449 0.000000 0.313300 0.000000 0.949654 0.400000 0.400000 0.400000
3707.178223 0.000000 4573.564941 0.000000 0.197453 0.000000 0.980312 0.400000 0.400000 0.400000
3687.355225 0.000000 4585.266602 0.000000 0.903351 0.000000 -0.428901 0.400000 0.400000 0.400000
3703.166748 0.000000 4560.214844 0.000000 0.604219 0.000000 -0.796818 0.400000 0.400000 0.400000
3696.385742 0.000000 4597.922363 0.000000 0.167784 0.000000 -0.985824 0.400000 0.400000 0.400000
3685.901123 0.000000 4573.609375 0.000000 0.729519 0.000000 0.683961 0.400000 0.400000 0.400000
3669.169678 0.000000 4576.059570 0.000000 0.898029 0.000000 0.439936 0.400000 0.400000 0.400000
3711.962891 0.000000 4578.480957 0.000000 0.277414 0.000000 -0.960751 0.400000 0.400000 0.400000
3701.290039 0.000000 4554.017090 0.000000 0.711135 0.000000 0.703055 0.400000 0.400000 0.400000
3685.400635 0.000000 4590.645020 0.000000 0.945863 0.000000 -0.324566 0.400000 0.400000 0.400000
3692.701660 0.000000 4554.086914 0.000000 0.627745 0.000000 0.778419 0.400000 0.400000 0.400000
3692.517578 0.000000 4584.009766 0.000000 0.935191 0.000000 -0.354143 0.400000 0.400000 0.400000
3674.297607 0.000000 4576.674805 0.000000 0.581608 0.000000 0.813469 0.400000 0.400000 0.400000
3649.887939 0.000000 4575.718262 0.000000 0.916515 0.000000 0.400000 0.400000 0.400000 0.400000
3654.037842 0.000000 4597.622559 0.000000 0.387058 0.000000 0.922055 0.400000 0.400000 0.400000
3704.900879 0.000000 4578.257812 0.000000 0.945492 0.000000 0.325646 0.400000 0.400000 0.400000
3655.156738 0.000000 4561.084961 0.000000 0.891820 0.000000 -0.452390 0.400000 0.400000 0.400000
3668.183594 0.000000 4583.209961 0.000000 0.977981 0.000000 0.208695 0.400000 0.400000 0.400000
3695.663574 0.000000 4579.591797 0.000000 0.907826 0.000000 -0.419346 0.400000 0.400000 0.400000
3686.783691 0.000000 4580.575684 0.000000 0.151431 0.000000 -0.988468 0.400000 0.400000 0.400000
3651.319824 0.000000 4566.867188 0.000000 0.928537 0.000000 -0.371241 0.400000 0.400000 0.400000
3672.463623 0.000000 4572.576172 0.000000 0.140559 0.000000 -0.990072 0.400000 0.400000 0.400000
3695.128906 0.000000 4587.550781 0.000000 0.037785 0.000000 0.999286 0.400000 0.400000 0.400000
3710.040771 0.000000 4569.734863 0.000000 0.809487 0.000000 -0.587138 0.400000 0.400000 0.400000
3696.065918 0.000000 4575.212402 0.000000 0.961134 0.000000 0.276083 0.400000 0.400000 0.400000
3679.454346 0.000000 4569.792969 0.000000 0.824513 0.000000 -0.565843 0.400000 0.400000 0.400000
3704.631104 0.000000 4564.169434 0.000000 0.828008 0.000000 -0.560716 0.400000 0.400000 0.400000
3682.974365 0.000000 4576.645508 0.000000 0.524005 0.000000 0.851715 0.400000 0.400000 0.400000
3648.607910 0.000000 4592.598633 0.000000 0.662295 0.000000 -0.749243 0.400000 0.400000 0.400000
3663.600586 0.000000 4563.242676 0.000000 0.999882 0.000000 0.015378 0.400000 0.400000 0.400000
3699.690186 0.000000 4558.349609 0.000000 0.183333 0.000000 0.983051 0.400000 0.400000 0.400000
3677.282959 0.000000 4591.324707 0.000000 0.116700 0.000000 0.993167 0.400000 0.400000 0.400000
3690.984863 0.000000 4574.147461 0.000000 0.955346 0.000000 0.295491 0.400000 0.400000 0.400000
3668.271484 0.000000 4565.640137 0.000000 0.793743 0.000000 0.608254 0.400000 0.400000 0.400000
3682.316162 0.000000 4572.715332 0.000000 0.956512 0.000000 0.291692 0.400000 0.400000 0.400000
3668.470459 0.000000 4599.930176 0.000000 0.982351 0.000000 -0.187047 0.400000 0.400000 0.400000
3687.334229 0.000000 4576.726562 0.000000 0.989645 0.000000 0.143537 0.400000 0.400000 0.400000
3675.947510 0.000000 4572.508301 0.000000 0.917947 0.000000 -0.396702 0.400000 0.400000 0.400000
3648.205322 0.000000 4565.292969 0.000000 0.033698 0.000000 0.999432 0.400000 0.400000 0.400000
3699.064209 0.000000 4579.990723 0.000000 0.574298 0.000000 -0.818646 0.400000 0.400000 0.400000
3651.906982 0.000000 4594.958984 0.000000 0.334377 0.000000 0.942439 0.400000 0.400000 0.400000
3676.714355 0.000000 4595.500000 0.000000 0.960041 0.000000 -0.279860 0.400000 0.400000 0.400000
3682.142334 0.000000 4562.778809 0.000000 0.594547 0.000000 0.804061 0.400000 0.400000 0.400000
3691.152588 0.000000 4564.775879 0.000000 0.083840 0.000000 -0.996479 0.400000 0.400000 0.400000
3703.923340 0.000000 4575.133301 0.000000 0.746399 0.000000 0.665499 0.400000 0.400000 0.400000
3706.408447 0.000000 4561.445801 0.000000 0.270572 0.000000 0.962700 0.400000 0.400000 0.400000
3686.924072 0.000000 4558.246582 0.000000 0.754537 0.000000 0.656258 0.400000 0.400000 0.400000
3681.599609 0.000000 4559.588379 0.000000 0.999471 0.000000 -0.032518 0.400000 0.400000 0.400000
3704.150635 0.000000 4584.251465 0.000000 0.775169 0.000000 0.631753 0.400000 0.400000 0.400000
3686.630615 0.000000 4569.173828 0.000000 0.957065 0.000000 -0.289875 0.400000 0.400000 0.400000
3695.200684 0.000000 4582.574707 0.000000 0.888099 0.000000 -0.459653 0.400000 0.400000 0.400000
3711.310791 0.000000 4562.432129 0.000000 0.996767 0.000000 -0.080342 0.400000 0.400000 0.400000
3668.722656 0.000000 4573.119629 0.000000 0.474142 0.000000 0.880448 0.400000 0.400000 0.400000
3693.757080 0.000000 4577.165527 0.000000 0.990843 0.000000 -0.135021 0.400000 0.400000 0.400000
3700.030518 0.000000 4595.210938 0.000000 0.803112 0.000000 -0.595828 0.400000 0.400000 0.400000
3696.611328 0.000000 4562.737305 0.000000 0.774026 0.000000 0.633154 0.400000 0.400000 0.400000
3696.924561 0.000000 4595.159180 0.000000 0.960690 0.000000 0.277623 0.400000 0.400000 0.400000
3652.419922 0.000000 4560.562500 0.000000 0.999900 0.000000 0.014132 0.400000 0.400000 0.400000
3684.463867 0.000000 4579.091309 0.000000 0.806629 0.000000 -0.591058 0.400000 0.400000 0.400000
3650.429443 0.000000 4599.144531 0.000000 0.083391 0.000000 -0.996517 0.400000 0.400000 0.400000
3671.821045 0.000000 4575.663574 0.000000 0.878166 0.000000 -0.478356 0.400000 0.400000 0.400000
3656.991699 0.000000 4562.983398 0.000000 0.033850 0.000000 0.999427 0.400000 0.400000 0.400000
3698.248291 0.000000 4560.557129 0.000000 0.504483 0.000000 -0.863421 0.400000 0.400000 0.400000
3685.612549 0.000000 4593.407715 0.000000 0.990688 0.000000 -0.136155 0.400000 0.400000 0.400000
3671.886475 0.000000 4593.354980 0.000000 0.290978 0.000000 -0.956730 0.400000 0.400000 0.400000
3701.971924 0.000000 4556.648438 0.000000 0.294318 0.000000 -0.955707 0.400000 0.400000 0.400000
3676.721191 0.000000 4575.627441 0.000000 0.653678 0.000000 0.756773 0.400000 0.400000 0.400000
3699.763916 0.000000 4573.772949 0.000000 0.054328 0.000000 0.998523 0.400000 0.400000 0.400000
3665.992676 0.000000 4564.355957 0.000000 0.664487 0.000000 -0.747300 0.400000 0.400000 0.400000
3680.400635 0.000000 4576.340820 0.000000 0.155329 0.000000 0.987863 0.400000 0.400000 0.400000
3678.050293 0.000000 4586.296387 0.000000 0.982565 0.000000 -0.185920 0.400000 0.400000 0.400000
3653.982422 0.000000 4567.264160 0.000000 0.173385 0.000000 0.984854 0.400000 0.400000 0.400000
3710.784912 0.000000 4572.207520 0.000000 0.875609 0.000000 0.483021 0.400000 0.400000 0.400000
3710.834473 0.000000 4567.113770 0.000000 0.246460 0.000000 -0.969153 0.400000 0.400000 0.400000
3695.528809 0.000000 4592.967773 0.000000 0.964381 0.000000 0.264519 0.400000 0.400000 0.400000
3692.199707 0.000000 4559.509277 0.000000 0.942339 0.000000 -0.334661 0.400000 0.400000 0.400000
3694.884766 0.000000 4585.085449 0.000000 0.732476 0.000000 -0.680792 0.400000 0.400000 0.400000
3697.432129 0.000000 4586.350098 0.000000 0.892683 0.000000 0.450686 0.400000 0.400000 0.400000
3703.926758 0.000000 4554.062012 0.000000 0.275619 0.000000 -0.961267 0.400000 0.400000 0.400000
3663.530518 0.000000 4595.699219 0.000000 0.190777 0.000000 -0.981633 0.400000 0.400000 0.400000
3673.237793 0.000000 4588.433594 0.000000 0.324096 0.000000 0.946024 0.400000 0.400000 0.400000
3688.752197 0.000000 4579.127441 0.000000 0.506532 0.000000 0.862221 0.400000 0.400000 0.400000
3757.271973 0.000000 4545.504883 0.000000 0.892088 0.000000 0.451861 0.400000 0.400000 0.400000
3772.353516 0.000000 4508.510742 0.000000 0.984624 0.000000 -0.174688 0.400000 0.400000 0.400000
3770.855713 0.000000 4536.786621 0.000000 0.329191 0.000000 0.944263 0.400000 0.400000 0.400000
3755.000732 0.000000 4532.128906 0.000000 0.994766 0.000000 -0.102178 0.400000 0.400000 0.400000
3752.356689 0.000000 4520.604492 0.000000 0.286515 0.000000 0.958076 0.400000 0.400000 0.400000
3749.090820 0.000000 4550.382812 0.000000 0.886561 0.000000 -0.462611 0.400000 0.400000 0.400000
3772.759521 0.000000 4519.443848 0.000000 0.627779 0.000000 0.778392 0.400000 0.400000 0.400000
3720.395020 0.000000 4510.013672 0.000000 0.976916 0.000000 -0.213624 0.400000 0.400000 0.400000
3751.355225 0.000000 4539.266602 0.000000 0.983710 0.000000 -0.179764 0.400000 0.400000 0.400000
3720.825439 0.000000 4540.309082 0.000000 0.567693 0.000000 -0.823240 0.400000 0.400000 0.400000
3744.116455 0.000000 4519.508301 0.000000 0.631265 0.000000 -0.775567 0.400000 0.400000 0.400000
3740.608154 0.000000 4552.936035 0.000000 0.981467 0.000000 -0.191631 0.400000 0.400000 0.400000
3731.420410 0.000000 4515.959961 0.000000 0.658552 0.000000 -0.752535 0.400000 0.400000 0.400000
3764.074951 0.000000 4530.433594 0.000000 0.153081 0.000000 0.988214 0.400000 0.400000 0.400000
3737.497803 0.000000 4544.978516 0.000000 0.999912 0.000000 0.013254 0.400000 0.400000 0.400000
3718.984863 0.000000 4523.695801 0.000000 0.892160 0.000000 0.451720 0.400000 0.400000 0.400000
3749.025635 0.000000 4515.003418 0.000000 0.989138 0.000000 0.146990 0.400000 0.400000 0.400000
3735.946777 0.000000 4508.442871 0.000000 0.906174 0.000000 -0.422906 0.400000 0.400000 0.400000
3716.531006 0.000000 4545.556641 0.000000 0.998151 0.000000 0.060790 0.400000 0.400000 0.400000
3756.701660 0.000000 4508.086914 0.000000 0.960605 0.000000 0.277917 0.400000 0.400000 0.400000
3728.112061 0.000000 4521.112793 0.000000 0.813169 0.000000 0.582027 0.400000 0.400000 0.400000
3726.444336 0.000000 4513.209473 0.000000 0.462422 0.000000 0.886660 0.400000 0.400000 0.400000
3773.391113 0.000000 4513.980469 0.000000 0.399858 0.000000 0.916577 0.400000 0.400000 0.400000
3754.453613 0.000000 4550.277832 0.000000 0.976741 0.000000 0.214421 0.400000 0.400000 0.400000
3756.517578 0.000000 4538.009766 0.000000 0.303063 0.000000 0.952971 0.400000 0.400000 0.400000
3772.676758 0.000000 4549.996582 0.000000 0.404534 0.000000 -0.914523 0.400000 0.400000 0.400000
3747.661377 0.000000 4523.116699 0.000000 0.001953 0.000000 0.999998 0.400000 0.400000 0.400000
3741.750488 0.000000 4537.706543 0.000000 0.736136 0.000000 -0.676834 0.400000 0.400000 0.400000
3750.783691 0.000000 4534.575684 0.000000 0.349379 0.000000 0.936981 0.400000 0.400000 0.400000
3720.358154 0.000000 4528.146484 0.000000 0.984346 0.000000 0.176245 0.400000 0.400000 0.400000
3766.166016 0.000000 4535.894531 0.000000 0.350922 0.000000 0.936405 0.400000 0.400000 0.400000
3723.275635 0.000000 4522.353516 0.000000 0.247052 0.000000 0.969002 0.400000 0.400000 0.400000
3759.128906 0.000000 4541.550781 0.000000 0.995531 0.000000 0.094440 0.400000 0.400000 0.400000
3737.220947 0.000000 4549.629395 0.000000 0.671673 0.000000 0.740848 0.400000 0.400000 0.400000
3753.400879 0.000000 4524.770020 0.000000 0.876356 0.000000 -0.481664 0.400000 0.400000 0.400000
3774.040771 0.000000 4523.734863 0.000000 0.440363 0.000000 -0.897820 0.400000 0.400000 0.400000
3743.454346 0.000000 4523.792969 0.000000 0.998830 0.000000 -0.048361 0.400000 0.400000 0.400000
3746.974365 0.000000 4530.645508 0.000000 0.998685 0.000000 -0.051276 0.400000 0.400000 0.400000
3739.550537 0.000000 4541.264648 0.000000 0.990909 0.000000 -0.134533 0.400000 0.400000 0.400000
3769.414551 0.000000 4546.232422 0.000000 0.162708 0.000000 0.986674 0.400000 0.400000 0.400000
3753.998535 0.000000 4511.290527 0.000000 0.149715 0.000000 -0.988729 0.400000 0.400000 0.400000
3762.772705 0.000000 4542.739746 0.000000 0.975757 0.000000 0.218855 0.400000 0.400000 0.400000
3747.822021 0.000000 4511.237305 0.000000 0.998689 0.000000 0.051193 0.400000 0.400000 0.400000
3732.271484 0.000000 4519.640137 0.000000 0.430843 0.000000 -0.902427 0.400000 0.400000 0.400000
3772.474609 0.000000 4533.510742 0.000000 0.986832 0.000000 -0.161748 0.400000 0.400000 0.400000
3745.802002 0.000000 4545.323242 0.000000 0.035452 0.000000 -0.999371 0.400000 0.400000 0.400000
3729.461670 0.000000 4539.191406 0.000000 0.532778 0.000000 -0.846255 0.400000 0.400000 0.400000
3740.714355 0.000000 4549.500000 0.000000 0.158054 0.000000 0.987430 0.400000 0.400000 0.400000
3746.142334 0.000000 4516.778809 0.000000 0.294288 0.000000 -0.955717 0.400000 0.400000 0.400000
3714.481445 0.000000 4532.979980 0.000000 0.612858 0.000000 0.790193 0.400000 0.400000 0.400000
3754.042969 0.000000 4535.821289 0.000000 0.995917 0.000000 -0.090271 0.400000 0.400000 0.400000
3730.455322 0.000000 4532.452148 0.000000 0.108229 0.000000 0.994126 0.400000 0.400000 0.400000
3770.408447 0.000000 4515.445801 0.000000 0.616321 0.000000 -0.787495 0.400000 0.400000 0.400000
3725.170654 0.000000 4536.847656 0.000000 0.942693 0.000000 -0.333662 0.400000 0.400000 0.400000
3739.426025 0.000000 4534.017578 0.000000 0.862425 0.000000 0.506185 0.400000 0.400000 0.400000
3757.366699 0.000000 4511.250000 0.000000 0.606886 0.000000 -0.794789 0.400000 0.400000 0.400000
3757.199951 0.000000 4552.374023 0.000000 0.564278 0.000000 0.825585 0.400000 0.400000 0.400000
3741.791260 0.000000 4512.291016 0.000000 0.926508 0.000000 -0.376275 0.400000 0.400000 0.400000
3771.951172 0.000000 4530.495605 0.000000 0.366597 0.000000 -0.930380 0.400000 0.400000 0.400000
3760.129395 0.000000 4544.499023 0.000000 0.772852 0.000000 0.634586 0.400000 0.400000 0.400000
3736.574219 0.000000 4511.470703 0.000000 0.736068 0.000000 -0.676908 0.400000 0.400000 0.400000
3768.150635 0.000000 4538.251465 0.000000 0.933109 0.000000 -0.359594 0.400000 0.400000 0.400000
3765.938232 0.000000 4532.762695 0.000000 0.730982 0.000000 -0.682397 0.400000 0.400000 0.400000
3775.310791 0.000000 4516.432129 0.000000 0.894771 0.000000 -0.446525 0.400000 0.400000 0.400000
3756.232422 0.000000 4541.243164 0.000000 0.053755 0.000000 0.998554 0.400000 0.400000 0.400000
3736.442383 0.000000 4533.076660 0.000000 0.960891 0.000000 0.276927 0.400000 0.400000 0.400000
3757.757080 0.000000 4531.165527 0.000000 0.897628 0.000000 0.440753 0.400000 0.400000 0.400000
3771.224609 0.000000 4511.993164 0.000000 0.982816 0.000000 0.184586 0.400000 0.400000 0.400000
3720.581299 0.000000 4531.126465 0.000000 0.854594 0.000000 -0.519297 0.400000 0.400000 0.400000
3726.741455 0.000000 4510.138184 0.000000 0.784179 0.000000 0.620535 0.400000 0.400000 0.400000
3723.533447 0.000000 4510.888184 0.000000 0.919445 0.000000 0.393220 0.400000 0.400000 0.400000
3718.194824 0.000000 4541.937012 0.000000 0.827100 0.000000 0.562055 0.400000 0.400000 0.400000
3718.423340 0.000000 4512.327148 0.000000 0.894543 0.000000 0.446982 0.400000 0.400000 0.400000
3713.790771 0.000000 4538.985840 0.000000 0.608550 0.000000 0.793515 0.400000 0.400000 0.400000
3748.463867 0.000000 4533.091309 0.000000 0.998139 0.000000 -0.060986 0.400000 0.400000 0.400000
3761.610840 0.000000 4531.691895 0.000000 0.637759 0.000000 -0.770236 0.400000 0.400000 0.400000
3725.061768 0.000000 4534.147949 0.000000 0.545881 0.000000 -0.837862 0.400000 0.400000 0.400000
3735.886475 0.000000 4547.354980 0.000000 0.988150 0.000000 0.153491 0.400000 0.400000 0.400000
3733.688721 0.000000 4517.298828 0.000000 0.251001 0.000000 0.967987 0.400000 0.400000 0.400000
3740.721191 0.000000 4529.627441 0.000000 0.698267 0.000000 0.715837 0.400000 0.400000 0.400000
3716.377441 0.000000 4534.895996 0.000000 0.745988 0.000000 0.665959 0.400000 0.400000 0.400000
3729.992676 0.000000 4518.355957 0.000000 0.942755 0.000000 -0.333485 0.400000 0.400000 0.400000
3771.569092 0.000000 4552.354004 0.000000 0.100737 0.000000 0.994913 0.400000 0.400000 0.400000
3744.400635 0.000000 4530.340820 0.000000 0.737414 0.000000 -0.675441 0.400000 0.400000 0.400000
3774.813477 0.000000 4542.317871 0.000000 0.777202 0.000000 -0.629251 0.400000 0.400000 0.400000
3774.834473 0.000000 4521.113770 0.000000 0.794044 0.000000 0.607860 0.400000 0.400000 0.400000
3772.576172 0.000000 4516.841797 0.000000 0.873115 0.000000 -0.487513 0.400000 0.400000 0.400000
3768.684570 0.000000 4535.223633 0.000000 0.814655 0.000000 -0.579946 0.400000 0.400000 0.400000
3759.528809 0.000000 4546.967773 0.000000 0.849368 0.000000 -0.527801 0.400000 0.400000 0.400000
3720.616699 0.000000 4533.666992 0.000000 0.985498 0.000000 0.169687 0.400000 0.400000 0.400000
3712.889160 0.000000 4544.009277 0.000000 0.321117 0.000000 0.947040 0.400000 0.400000 0.400000
3724.106934 0.000000 4546.884766 0.000000 0.554384 0.000000 0.832261 0.400000 0.400000 0.400000
3756.199707 0.000000 4513.509277 0.000000 0.567642 0.000000 -0.823275 0.400000 0.400000 0.400000
3740.521484 0.000000 4515.534668 0.000000 0.900923 0.000000 -0.433978 0.400000 0.400000 0.400000
3727.530518 0.000000 4549.699219 0.000000 0.744284 0.000000 0.667863 0.400000 0.400000 0.400000
3752.752197 0.000000 4533.127441 0.000000 0.684488 0.000000 -0.729024 0.400000 0.400000 0.400000
3772.168457 0.000000 4542.181641 0.000000 0.231861 0.000000 -0.972749 0.400000 0.400000 0.400000
3785.853760 0.000000 4548.072266 0.000000 0.850881 0.000000 -0.525359 0.400000 0.400000 0.400000
3776.933838 0.000000 4550.710449 0.000000 0.994656 0.000000 -0.103241 0.400000 0.400000 0.400000
3795.028809 0.000000 4542.224609 0.000000 0.060300 0.000000 -0.998180 0.400000 0.400000 0.400000
3778.295898 0.000000 4516.370117 0.000000 0.998060 0.000000 -0.062263 0.400000 0.400000 0.400000
3828.074951 0.000000 4530.433594 0.000000 0.986730 0.000000 -0.162371 0.400000 0.400000 0.400000
3824.385742 0.000000 4551.922363 0.000000 0.982886 0.000000 0.184215 0.400000 0.400000 0.400000
3797.169678 0.000000 4530.059570 0.000000 0.624944 0.000000 -0.780670 0.400000 0.400000 0.400000
3782.984863 0.000000 4523.695801 0.000000 0.996247 0.000000 -0.086561 0.400000 0.400000 0.400000
3780.531006 0.000000 4545.556641 0.000000 0.648285 0.000000 0.761398 0.400000 0.400000 0.400000
3787.609619 0.000000 4531.602051 0.000000 0.922341 0.000000 0.386377 0.400000 0.400000 0.400000
3777.887939 0.000000 4529.718262 0.000000 0.455595 0.000000 0.890187 0.400000 0.400000 0.400000
3783.156738 0.000000 4515.084961 0.000000 0.947512 0.000000 -0.319719 0.400000 0.400000 0.400000
3779.319824 0.000000 4520.867188 0.000000 0.998094 0.000000 -0.061718 0.400000 0.400000 0.400000
3787.275635 0.000000 4522.353516 0.000000 0.949926 0.000000 0.312475 0.400000 0.400000 0.400000
3797.367432 0.000000 4546.181152 0.000000 0.243325 0.000000 0.969945 0.400000 0.400000 0.400000
3791.600586 0.000000 4517.242676 0.000000 0.970228 0.000000 0.242194 0.400000 0.400000 0.400000
3776.138184 0.000000 4513.328125 0.000000 0.604502 0.000000 0.796604 0.400000 0.400000 0.400000
3782.603516 0.000000 4536.525391 0.000000 0.110734 0.000000 -0.993850 0.400000 0.400000 0.400000
3776.205322 0.000000 4519.292969 0.000000 0.992175 0.000000 0.124853 0.400000 0.400000 0.400000
3827.064209 0.000000 4533.990723 0.000000 0.052838 0.000000 0.998603 0.400000 0.400000 0.400000
3778.481445 0.000000 4532.979980 0.000000 0.310477 0.000000 -0.950581 0.400000 0.400000 0.400000
3794.455322 0.000000 4532.452148 0.000000 0.532628 0.000000 -0.846349 0.400000 0.400000 0.400000
3829.979492 0.000000 4546.852539 0.000000 0.384272 0.000000 0.923220 0.400000 0.400000 0.400000
3788.905273 0.000000 4549.321777 0.000000 0.784128 0.000000 -0.620599 0.400000 0.400000 0.400000
3786.179932 0.000000 4525.430176 0.000000 0.054702 0.000000 0.998503 0.400000 0.400000 0.400000
3779.313477 0.000000 4542.643066 0.000000 0.624968 0.000000 -0.780650 0.400000 0.400000 0.400000
3829.938232 0.000000 4532.762695 0.000000 0.961067 0.000000 -0.276315 0.400000 0.400000 0.400000
3782.729492 0.000000 4547.938477 0.000000 0.088292 0.000000 -0.996095 0.400000 0.400000 0.400000
3787.465576 0.000000 4541.256348 0.000000 0.372849 0.000000 -0.927892 0.400000 0.400000 0.400000
3782.194824 0.000000 4541.937012 0.000000 0.618149 0.000000 -0.786061 0.400000 0.400000 0.400000
3787.102783 0.000000 4538.572266 0.000000 0.874736 0.000000 0.484600 0.400000 0.400000 0.400000
3794.251221 0.000000 4528.989258 0.000000 0.998508 0.000000 -0.054598 0.400000 0.400000 0.400000
3784.762695 0.000000 4521.734863 0.000000 0.338034 0.000000 0.941134 0.400000 0.400000 0.400000
3776.889160 0.000000 4544.009277 0.000000 0.876727 0.000000 0.480988 0.400000 0.400000 0.400000
3828.441650 0.000000 4544.829590 0.000000 0.219177 0.000000 -0.975685 0.400000 0.400000 0.400000
3791.530518 0.000000 4549.699219 0.000000 0.822786 0.000000 -0.568352 0.400000 0.400000 0.400000
3723.529541 0.000000 4563.854980 0.000000 0.980014 0.000000 0.198927 0.400000 0.400000 0.400000
3757.271973 0.000000 4591.504883 0.000000 0.802236 0.000000 0.597007 0.400000 0.400000 0.400000
3743.008057 0.000000 4574.138184 0.000000 0.669926 0.000000 0.742428 0.400000 0.400000 0.400000
3738.627197 0.000000 4559.704102 0.000000 0.895038 0.000000 0.445989 0.400000 0.400000 0.400000
3712.377197 0.000000 4570.761719 0.000000 0.251727 0.000000 -0.967798 0.400000 0.400000 0.400000
3752.356689 0.000000 4566.604492 0.000000 0.117996 0.000000 -0.993014 0.400000 0.400000 0.400000
3733.332520 0.000000 4569.273438 0.000000 0.949650 0.000000 0.313311 0.400000 0.400000 0.400000
3736.938232 0.000000 4581.962402 0.000000 0.973279 0.000000 0.229625 0.400000 0.400000 0.400000
3761.976562 0.000000 4583.901367 0.000000 0.486097 0.000000 0.873905 0.400000 0.400000 0.400000
3771.178223 0.000000 4573.564941 0.000000 0.052588 0.000000 -0.998616 0.400000 0.400000 0.400000
3745.821045 0.000000 4580.769043 0.000000 0.166123 0.000000 0.986105 0.400000 0.400000 0.400000
3749.901123 0.000000 4573.609375 0.000000 0.630095 0.000000 0.776518 0.400000 0.400000 0.400000
3733.169678 0.000000 4576.059570 0.000000 0.729004 0.000000 -0.684509 0.400000 0.400000 0.400000
3754.453613 0.000000 4596.277832 0.000000 0.706953 0.000000 -0.707261 0.400000 0.400000 0.400000
3726.149902 0.000000 4586.001953 0.000000 0.011493 0.000000 -0.999934 0.400000 0.400000 0.400000
3762.515137 0.000000 4592.681641 0.000000 0.977420 0.000000 -0.211306 0.400000 0.400000 0.400000
3738.297607 0.000000 4576.674805 0.000000 0.010297 0.000000 0.999947 0.400000 0.400000 0.400000
3713.887939 0.000000 4575.718262 0.000000 0.609576 0.000000 0.792728 0.400000 0.400000 0.400000
3768.900879 0.000000 4578.257812 0.000000 0.947421 0.000000 0.319989 0.400000 0.400000 0.400000
3768.936523 0.000000 4568.959473 0.000000 0.979919 0.000000 0.199398 0.400000 0.400000 0.400000
3763.413818 0.000000 4562.959961 0.000000 0.432399 0.000000 -0.901682 0.400000 0.400000 0.400000
3766.166016 0.000000 4581.894531 0.000000 0.906674 0.000000 0.421832 0.400000 0.400000 0.400000
3766.130371 0.000000 4572.425293 0.000000 0.999999 0.000000 -0.001085 0.400000 0.400000 0.400000
3736.463623 0.000000 4572.576172 0.000000 0.989797 0.000000 -0.142486 0.400000 0.400000 0.400000
3753.400879 0.000000 4570.770020 0.000000 0.827835 0.000000 -0.560972 0.400000 0.400000 0.400000
3761.218994 0.000000 4555.048828 0.000000 0.645411 0.000000 -0.763836 0.400000 0.400000 0.400000
3743.454346 0.000000 4569.792969 0.000000 0.993333 0.000000 0.115278 0.400000 0.400000 0.400000
3768.631104 0.000000 4564.169434 0.000000 0.948824 0.000000 0.315805 0.400000 0.400000 0.400000
3716.912598 0.000000 4554.229492 0.000000 0.647100 0.000000 -0.762405 0.400000 0.400000 0.400000
3758.092773 0.000000 4595.087891 0.000000 0.890328 0.000000 0.455320 0.400000 0.400000 0.400000
3745.802002 0.000000 4591.323242 0.000000 0.567492 0.000000 0.823379 0.400000 0.400000 0.400000
3714.481445 0.000000 4578.979980 0.000000 0.660591 0.000000 0.750746 0.400000 0.400000 0.400000
3770.408447 0.000000 4561.445801 0.000000 0.933806 0.000000 0.357781 0.400000 0.400000 0.400000
3747.201660 0.000000 4588.185547 0.000000 0.869180 0.000000 -0.494495 0.400000 0.400000 0.400000
3722.179932 0.000000 4571.430176 0.000000 0.796304 0.000000 -0.604897 0.400000 0.400000 0.400000
3727.257812 0.000000 4570.179199 0.000000 0.872946 0.000000 0.487818 0.400000 0.400000 0.400000
3760.129395 0.000000 4590.499023 0.000000 0.485222 0.000000 0.874391 0.400000 0.400000 0.400000
3730.193359 0.000000 4569.255859 0.000000 0.890161 0.000000 0.455646 0.400000 0.400000 0.400000
3736.442383 0.000000 4579.076660 0.000000 0.465988 0.000000 -0.884791 0.400000 0.400000 0.400000
3760.924561 0.000000 4595.159180 0.000000 0.025375 0.000000 0.999678 0.400000 0.400000 0.400000
3713.790771 0.000000 4584.985840 0.000000 0.996829 0.000000 0.079578 0.400000 0.400000 0.400000
3723.102783 0.000000 4584.572266 0.000000 0.252372 0.000000 -0.967630 0.400000 0.400000 0.400000
3712.113281 0.000000 4567.982422 0.000000 0.374509 0.000000 -0.927223 0.400000 0.400000 0.400000
3720.991699 0.000000 4562.983398 0.000000 0.810035 0.000000 0.586382 0.400000 0.400000 0.400000
3716.377441 0.000000 4580.895996 0.000000 0.298504 0.000000 0.954408 0.400000 0.400000 0.400000
3729.992676 0.000000 4564.355957 0.000000 0.812967 0.000000 -0.582310 0.400000 0.400000 0.400000
3717.982422 0.000000 4567.264160 0.000000 0.628641 0.000000 -0.777696 0.400000 0.400000 0.400000
3727.523926 0.000000 4573.680176 0.000000 0.427454 0.000000 -0.904037 0.400000 0.400000 0.400000
3748.933838 0.000000 4571.309570 0.000000 0.960953 0.000000 0.276712 0.400000 0.400000 0.400000
3722.063477 0.000000 4554.137695 0.000000 0.724627 0.000000 -0.689141 0.400000 0.400000 0.400000
3727.662109 0.000000 4583.269531 0.000000 0.795592 0.000000 -0.605833 0.400000 0.400000 0.400000
3720.703857 0.000000 4583.856934 0.000000 0.479552 0.000000 0.877514 0.400000 0.400000 0.400000
3796.968506 0.000000 4596.449707 0.000000 0.129678 0.000000 -0.991556 0.400000 0.400000 0.400000
3776.377197 0.000000 4570.761719 0.000000 0.422788 0.000000 -0.906229 0.400000 0.400000 0.400000
3784.395020 0.000000 4556.013672 0.000000 0.722060 0.000000 -0.691830 0.400000 0.400000 0.400000
3815.355225 0.000000 4585.266602 0.000000 0.717229 0.000000 -0.696837 0.400000 0.400000 0.400000
3778.295898 0.000000 4562.370117 0.000000 0.856674 0.000000 0.515858 0.400000 0.400000 0.400000
3801.497803 0.000000 4590.978516 0.000000 0.628999 0.000000 0.777406 0.400000 0.400000 0.400000
3782.984863 0.000000 4569.695801 0.000000 0.939630 0.000000 0.342193 0.400000 0.400000 0.400000
3829.290039 0.000000 4554.017090 0.000000 0.005396 0.000000 -0.999985 0.400000 0.400000 0.400000
3799.946777 0.000000 4554.442871 0.000000 0.161752 0.000000 0.986831 0.400000 0.400000 0.400000
3791.644775 0.000000 4593.188477 0.000000 0.932625 0.000000 -0.360848 0.400000 0.400000 0.400000
3813.400635 0.000000 4590.645020 0.000000 0.752259 0.000000 0.658867 0.400000 0.400000 0.400000
3807.914307 0.000000 4594.268555 0.000000 0.414466 0.000000 -0.910065 0.400000 0.400000 0.400000
3811.661377 0.000000 4569.116699 0.000000 0.136716 0.000000 -0.990610 0.400000 0.400000 0.400000
3783.156738 0.000000 4561.084961 0.000000 0.503494 0.000000 0.863999 0.400000 0.400000 0.400000
3796.183594 0.000000 4583.209961 0.000000 0.931230 0.000000 0.364431 0.400000 0.400000 0.400000
3814.783691 0.000000 4580.575684 0.000000 0.703355 0.000000 0.710839 0.400000 0.400000 0.400000
3799.473877 0.000000 4586.665039 0.000000 0.999355 0.000000 0.035910 0.400000 0.400000 0.400000
3793.678711 0.000000 4572.352051 0.000000 0.661642 0.000000 0.749820 0.400000 0.400000 0.400000
3801.220947 0.000000 4595.629395 0.000000 0.254751 0.000000 -0.967007 0.400000 0.400000 0.400000
3817.400879 0.000000 4570.770020 0.000000 0.880118 0.000000 0.474755 0.400000 0.400000 0.400000
3825.218994 0.000000 4555.048828 0.000000 0.971719 0.000000 0.236139 0.400000 0.400000 0.400000
3809.457275 0.000000 4598.145996 0.000000 0.104920 0.000000 -0.994481 0.400000 0.400000 0.400000
3780.308838 0.000000 4572.438477 0.000000 0.236081 0.000000 0.971734 0.400000 0.400000 0.400000
3796.470459 0.000000 4599.930176 0.000000 0.334417 0.000000 -0.942425 0.400000 0.400000 0.400000
3815.334229 0.000000 4576.726562 0.000000 0.942441 0.000000 0.334372 0.400000 0.400000 0.400000
3794.455322 0.000000 4578.452148 0.000000 0.336932 0.000000 -0.941529 0.400000 0.400000 0.400000
3786.179932 0.000000 4571.430176 0.000000 0.715058 0.000000 0.699065 0.400000 0.400000 0.400000
3797.906006 0.000000 4589.181152 0.000000 0.975146 0.000000 -0.221563 0.400000 0.400000 0.400000
3790.741455 0.000000 4556.138184 0.000000 0.485308 0.000000 -0.874343 0.400000 0.400000 0.400000
3782.423340 0.000000 4558.327148 0.000000 0.871617 0.000000 -0.490187 0.400000 0.400000 0.400000
3778.429443 0.000000 4599.144531 0.000000 0.924730 0.000000 0.380624 0.400000 0.400000 0.400000
3784.616699 0.000000 4579.666992 0.000000 0.804801 0.000000 0.593545 0.400000 0.400000 0.400000
3827.526611 0.000000 4555.642578 0.000000 0.784124 0.000000 -0.620604 0.400000 0.400000 0.400000
3840.380859 0.000000 4495.485352 0.000000 0.200170 0.000000 0.979761 0.400000 0.400000 0.400000
3849.853760 0.000000 4502.072266 0.000000 0.750478 0.000000 -0.660895 0.400000 0.400000 0.400000
3844.531006 0.000000 4499.556641 0.000000 0.906295 0.000000 -0.422646 0.400000 0.400000 0.400000
3852.014404 0.000000 4506.589355 0.000000 0.985457 0.000000 0.169923 0.400000 0.400000 0.400000
3843.313477 0.000000 4496.643066 0.000000 0.282902 0.000000 -0.959149 0.400000 0.400000 0.400000
3846.729492 0.000000 4501.938477 0.000000 0.972493 0.000000 0.232934 0.400000 0.400000 0.400000
3924.968506 0.000000 4550.449707 0.000000 0.864068 0.000000 -0.503375 0.400000 0.400000 0.400000
3935.975098 0.000000 4542.368652 0.000000 0.868189 0.000000 -0.496234 0.400000 0.400000 0.400000
3929.497803 0.000000 4544.978516 0.000000 0.840186 0.000000 -0.542298 0.400000 0.400000 0.400000
3931.550537 0.000000 4541.264648 0.000000 0.631003 0.000000 -0.775781 0.400000 0.400000 0.400000
3924.470459 0.000000 4553.930176 0.000000 0.998101 0.000000 0.061592 0.400000 0.400000 0.400000
3922.421387 0.000000 4548.666504 0.000000 0.832118 0.000000 -0.554598 0.400000 0.400000 0.400000
3844.912598 0.000000 4554.229492 0.000000 0.976697 0.000000 -0.214621 0.400000 0.400000 0.400000
3850.711426 0.000000 4559.653320 0.000000 0.999487 0.000000 0.032037 0.400000 0.400000 0.400000
3962.855713 0.000000 4582.786621 0.000000 0.111640 0.000000 -0.993749 0.400000 0.400000 0.400000
3925.332520 0.000000 4569.273438 0.000000 0.999648 0.000000 0.026522 0.400000 0.400000 0.400000
3920.917480 0.000000 4554.235352 0.000000 0.811023 0.000000 -0.585014 0.400000 0.400000 0.400000
3917.132080 0.000000 4572.447266 0.000000 0.506464 0.000000 -0.862261 0.400000 0.400000 0.400000
3925.169678 0.000000 4576.059570 0.000000 0.987506 0.000000 -0.157580 0.400000 0.400000 0.400000
3935.914307 0.000000 4594.268555 0.000000 0.972626 0.000000 -0.232378 0.400000 0.400000 0.400000
3918.444336 0.000000 4559.209473 0.000000 0.045853 0.000000 0.998948 0.400000 0.400000 0.400000
3916.014404 0.000000 4598.589355 0.000000 0.986124 0.000000 0.166009 0.400000 0.400000 0.400000
3924.183594 0.000000 4583.209961 0.000000 0.777606 0.000000 0.628752 0.400000 0.400000 0.400000
3927.473877 0.000000 4586.665039 0.000000 0.312067 0.000000 0.950060 0.400000 0.400000 0.400000
3915.275635 0.000000 4568.353516 0.000000 0.933512 0.000000 -0.358547 0.400000 0.400000 0.400000
3931.550537 0.000000 4587.264648 0.000000 0.997321 0.000000 -0.073156 0.400000 0.400000 0.400000
3919.600586 0.000000 4563.242676 0.000000 0.715239 0.000000 -0.698880 0.400000 0.400000 0.400000
3933.282959 0.000000 4591.324707 0.000000 0.787363 0.000000 -0.616490 0.400000 0.400000 0.400000
3925.507324 0.000000 4579.750977 0.000000 0.644825 0.000000 0.764330 0.400000 0.400000 0.400000
3922.455322 0.000000 4578.452148 0.000000 0.981572 0.000000 -0.191091 0.400000 0.400000 0.400000
3931.426025 0.000000 4580.017578 0.000000 0.456254 0.000000 -0.889850 0.400000 0.400000 0.400000
3921.635498 0.000000 4559.049316 0.000000 0.205725 0.000000 -0.978610 0.400000 0.400000 0.400000
3910.194824 0.000000 4587.937012 0.000000 0.038910 0.000000 -0.999243 0.400000 0.400000 0.400000
3915.102783 0.000000 4584.572266 0.000000 0.085491 0.000000 -0.996339 0.400000 0.400000 0.400000
3922.251221 0.000000 4574.989258 0.000000 0.456416 0.000000 -0.889766 0.400000 0.400000 0.400000
3988.968506 0.000000 4596.449707 0.000000 0.785217 0.000000 -0.619221 0.400000 0.400000 0.400000
3968.380859 0.000000 4587.485352 0.000000 0.601244 0.000000 0.799065 0.400000 0.400000 0.400000
3977.853760 0.000000 4594.072266 0.000000 0.794808 0.000000 -0.606860 0.400000 0.400000 0.400000
3969.629639 0.000000 4582.186523 0.000000 0.317946 0.000000 0.948109 0.400000 0.400000 0.400000
3982.149902 0.000000 4586.001953 0.000000 0.956677 0.000000 0.291151 0.400000 0.400000 0.400000
3974.037842 0.000000 4597.622559 0.000000 0.309541 0.000000 -0.950886 0.400000 0.400000 0.400000
3972.560059 0.000000 4585.642578 0.000000 0.990693 0.000000 0.136116 0.400000 0.400000 0.400000
3976.030518 0.000000 4590.123535 0.000000 0.050122 0.000000 0.998743 0.400000 0.400000 0.400000
3974.194824 0.000000 4587.937012 0.000000 0.978507 0.000000 0.206211 0.400000 0.400000 0.400000
3979.102783 0.000000 4584.572266 0.000000 0.705333 0.000000 -0.708876 0.400000 0.400000 0.400000
3644.353516 0.000000 4600.510742 0.000000 0.960548 0.000000 0.278114 0.400000 0.400000 0.400000
3642.855713 0.000000 4628.786621 0.000000 0.991944 0.000000 0.126680 0.400000 0.400000 0.400000
3645.227539 0.000000 4636.372559 0.000000 0.043916 0.000000 -0.999035 0.400000 0.400000 0.400000
3645.391113 0.000000 4605.980469 0.000000 0.988405 0.000000 0.151838 0.400000 0.400000 0.400000
3644.676758 0.000000 4641.996582 0.000000 0.787012 0.000000 0.616937 0.400000 0.400000 0.400000
3640.936523 0.000000 4614.959473 0.000000 0.889063 0.000000 0.457785 0.400000 0.400000 0.400000
3646.040771 0.000000 4615.734863 0.000000 0.705014 0.000000 0.709193 0.400000 0.400000 0.400000
3645.913086 0.000000 4631.802734 0.000000 0.354034 0.000000 -0.935233 0.400000 0.400000 0.400000
3633.218994 0.000000 4601.048828 0.000000 0.993247 0.000000 0.116018 0.400000 0.400000 0.400000
3640.780029 0.000000 4602.512695 0.000000 0.438937 0.000000 -0.898518 0.400000 0.400000 0.400000
3635.690186 0.000000 4604.349609 0.000000 0.348770 0.000000 -0.937208 0.400000 0.400000 0.400000
3634.772705 0.000000 4634.739746 0.000000 0.955925 0.000000 -0.293612 0.400000 0.400000 0.400000
3646.537598 0.000000 4639.369629 0.000000 0.704350 0.000000 0.709853 0.400000 0.400000 0.400000
3646.286865 0.000000 4644.678711 0.000000 0.805502 0.000000 -0.592593 0.400000 0.400000 0.400000
3647.310791 0.000000 4608.432129 0.000000 0.103829 0.000000 -0.994595 0.400000 0.400000 0.400000
3646.927979 0.000000 4600.151367 0.000000 0.874758 0.000000 -0.484560 0.400000 0.400000 0.400000
3646.834473 0.000000 4613.113770 0.000000 0.520859 0.000000 0.853643 0.400000 0.400000 0.400000
3668.968506 0.000000 4642.449707 0.000000 0.348891 0.000000 0.937163 0.400000 0.400000 0.400000
3659.529541 0.000000 4609.854980 0.000000 0.784789 0.000000 -0.619763 0.400000 0.400000 0.400000
3648.380859 0.000000 4633.485352 0.000000 0.376405 0.000000 0.926455 0.400000 0.400000 0.400000
3648.377197 0.000000 4616.761719 0.000000 0.928851 0.000000 -0.370455 0.400000 0.400000 0.400000
3669.332520 0.000000 4615.273438 0.000000 0.040476 0.000000 -0.999180 0.400000 0.400000 0.400000
3648.933838 0.000000 4642.710449 0.000000 0.542082 0.000000 0.840325 0.400000 0.400000 0.400000
3661.132080 0.000000 4618.447266 0.000000 0.786175 0.000000 -0.618005 0.400000 0.400000 0.400000
3656.395020 0.000000 4602.013672 0.000000 0.242228 0.000000 -0.970219 0.400000 0.400000 0.400000
3669.169678 0.000000 4622.059570 0.000000 0.927128 0.000000 0.374744 0.400000 0.400000 0.400000
3663.644775 0.000000 4639.188477 0.000000 0.987072 0.000000 0.160276 0.400000 0.400000 0.400000
3662.444336 0.000000 4605.209473 0.000000 0.884203 0.000000 0.467102 0.400000 0.400000 0.400000
3649.629639 0.000000 4628.186523 0.000000 0.555550 0.000000 -0.831483 0.400000 0.400000 0.400000
3662.149902 0.000000 4632.001953 0.000000 0.336377 0.000000 0.941727 0.400000 0.400000 0.400000
3649.887939 0.000000 4621.718262 0.000000 0.840633 0.000000 -0.541605 0.400000 0.400000 0.400000
3660.014404 0.000000 4644.589355 0.000000 0.998179 0.000000 0.060329 0.400000 0.400000 0.400000
3655.156738 0.000000 4607.084961 0.000000 0.998506 0.000000 -0.054637 0.400000 0.400000 0.400000
3668.183594 0.000000 4629.209961 0.000000 0.467260 0.000000 -0.884120 0.400000 0.400000 0.400000
3668.216064 0.000000 4603.416992 0.000000 0.385232 0.000000 -0.922820 0.400000 0.400000 0.400000
3659.275635 0.000000 4614.353516 0.000000 0.633692 0.000000 -0.773586 0.400000 0.400000 0.400000
3660.547119 0.000000 4600.236328 0.000000 0.983319 0.000000 0.181891 0.400000 0.400000 0.400000
3652.560059 0.000000 4631.642578 0.000000 0.856292 0.000000 -0.516492 0.400000 0.400000 0.400000
3658.711426 0.000000 4605.653320 0.000000 0.489193 0.000000 -0.872176 0.400000 0.400000 0.400000
3648.138184 0.000000 4605.328125 0.000000 0.871356 0.000000 -0.490652 0.400000 0.400000 0.400000
3654.603516 0.000000 4628.525391 0.000000 0.697442 0.000000 -0.716642 0.400000 0.400000 0.400000
3668.470459 0.000000 4645.930176 0.000000 0.990172 0.000000 -0.139855 0.400000 0.400000 0.400000
3648.205322 0.000000 4611.292969 0.000000 0.541656 0.000000 0.840601 0.400000 0.400000 0.400000
3650.481445 0.000000 4624.979980 0.000000 0.999834 0.000000 0.018226 0.400000 0.400000 0.400000
3671.409912 0.000000 4644.584961 0.000000 0.995272 0.000000 -0.097124 0.400000 0.400000 0.400000
3663.257812 0.000000 4616.179199 0.000000 0.625112 0.000000 0.780535 0.400000 0.400000 0.400000
3651.313477 0.000000 4634.643066 0.000000 0.993300 0.000000 0.115563 0.400000 0.400000 0.400000
3665.635498 0.000000 4605.049316 0.000000 0.812758 0.000000 0.582601 0.400000 0.400000 0.400000
3652.837646 0.000000 4610.047852 0.000000 0.896046 0.000000 -0.443960 0.400000 0.400000 0.400000
3666.193359 0.000000 4615.255859 0.000000 0.493083 0.000000 0.869982 0.400000 0.400000 0.400000
3656.581299 0.000000 4623.126465 0.000000 0.150217 0.000000 -0.988653 0.400000 0.400000 0.400000
3652.419922 0.000000 4606.562500 0.000000 0.526834 0.000000 0.849968 0.400000 0.400000 0.400000
3650.429443 0.000000 4645.144531 0.000000 0.966386 0.000000 -0.257097 0.400000 0.400000 0.400000
3648.113281 0.000000 4613.982422 0.000000 0.155909 0.000000 0.987771 0.400000 0.400000 0.400000
3669.688721 0.000000 4609.298828 0.000000 0.044028 0.000000 -0.999030 0.400000 0.400000 0.400000
3652.377441 0.000000 4626.895996 0.000000 0.319655 0.000000 0.947534 0.400000 0.400000 0.400000
3665.992676 0.000000 4610.355957 0.000000 0.725995 0.000000 -0.687700 0.400000 0.400000 0.400000
3653.982422 0.000000 4613.264160 0.000000 0.990494 0.000000 -0.137556 0.400000 0.400000 0.400000
3656.762695 0.000000 4613.734863 0.000000 0.765343 0.000000 0.643622 0.400000 0.400000 0.400000
3656.616699 0.000000 4625.666992 0.000000 0.048936 0.000000 0.998802 0.400000 0.400000 0.400000
3650.591797 0.000000 4601.448730 0.000000 0.986319 0.000000 -0.164851 0.400000 0.400000 0.400000
3663.523926 0.000000 4619.680176 0.000000 0.039645 0.000000 0.999214 0.400000 0.400000 0.400000
3665.777344 0.000000 4602.576172 0.000000 0.793213 0.000000 0.608945 0.400000 0.400000 0.400000
3663.530518 0.000000 4641.699219 0.000000 0.321931 0.000000 0.946763 0.400000 0.400000 0.400000
3648.561035 0.000000 4602.910156 0.000000 0.893564 0.000000 0.448935 0.400000 0.400000 0.400000
3639.166748 0.000000 4652.214844 0.000000 0.991328 0.000000 -0.131407 0.400000 0.400000 0.400000
3647.962891 0.000000 4670.480957 0.000000 0.786113 0.000000 -0.618083 0.400000 0.400000 0.400000
3637.290039 0.000000 4646.017090 0.000000 0.980409 0.000000 0.196974 0.400000 0.400000 0.400000
3645.391113 0.000000 4651.980469 0.000000 0.996596 0.000000 -0.082442 0.400000 0.400000 0.400000
3640.780029 0.000000 4648.512695 0.000000 0.266312 0.000000 0.963887 0.400000 0.400000 0.400000
3644.474609 0.000000 4671.510742 0.000000 0.923240 0.000000 -0.384223 0.400000 0.400000 0.400000
3646.537598 0.000000 4685.369629 0.000000 0.886896 0.000000 0.461970 0.400000 0.400000 0.400000
3646.286865 0.000000 4690.678711 0.000000 0.996489 0.000000 0.083722 0.400000 0.400000 0.400000
3646.164062 0.000000 4649.022461 0.000000 0.418913 0.000000 -0.908027 0.400000 0.400000 0.400000
3668.968506 0.000000 4688.449707 0.000000 0.289898 0.000000 0.957058 0.400000 0.400000 0.400000
3659.529541 0.000000 4655.854980 0.000000 0.967537 0.000000 -0.252730 0.400000 0.400000 0.400000
3679.008057 0.000000 4666.138184 0.000000 0.903300 0.000000 0.429009 0.400000 0.400000 0.400000
3663.821289 0.000000 4672.711426 0.000000 0.924526 0.000000 -0.381118 0.400000 0.400000 0.400000
3648.056885 0.000000 4646.552734 0.000000 0.514892 0.000000 -0.857255 0.400000 0.400000 0.400000
3679.975098 0.000000 4680.368652 0.000000 0.530589 0.000000 0.847629 0.400000 0.400000 0.400000
3674.627197 0.000000 4651.704102 0.000000 0.670933 0.000000 -0.741518 0.400000 0.400000 0.400000
3657.853760 0.000000 4686.072266 0.000000 0.944231 0.000000 -0.329283 0.400000 0.400000 0.400000
3669.332520 0.000000 4661.273438 0.000000 0.031457 0.000000 -0.999505 0.400000 0.400000 0.400000
3672.938232 0.000000 4673.962402 0.000000 0.133094 0.000000 -0.991103 0.400000 0.400000 0.400000
3648.933838 0.000000 4688.710449 0.000000 0.076773 0.000000 0.997049 0.400000 0.400000 0.400000
3697.976562 0.000000 4675.901367 0.000000 0.819895 0.000000 0.572514 0.400000 0.400000 0.400000
3661.132080 0.000000 4664.447266 0.000000 0.650253 0.000000 0.759718 0.400000 0.400000 0.400000
3667.028809 0.000000 4680.224609 0.000000 0.945795 0.000000 -0.324765 0.400000 0.400000 0.400000
3656.395020 0.000000 4648.013672 0.000000 0.661632 0.000000 0.749829 0.400000 0.400000 0.400000
3676.608154 0.000000 4690.936035 0.000000 0.897246 0.000000 0.441531 0.400000 0.400000 0.400000
3700.074951 0.000000 4668.433594 0.000000 0.733530 0.000000 -0.679657 0.400000 0.400000 0.400000
3681.821045 0.000000 4672.769043 0.000000 0.932220 0.000000 0.361892 0.400000 0.400000 0.400000
3673.497803 0.000000 4682.978516 0.000000 0.437348 0.000000 0.899292 0.400000 0.400000 0.400000
3669.169678 0.000000 4668.059570 0.000000 0.708783 0.000000 -0.705426 0.400000 0.400000 0.400000
3675.284180 0.000000 4661.008301 0.000000 0.999581 0.000000 -0.028948 0.400000 0.400000 0.400000
3671.946777 0.000000 4646.442871 0.000000 0.532653 0.000000 -0.846334 0.400000 0.400000 0.400000
3652.531006 0.000000 4683.556641 0.000000 0.464367 0.000000 -0.885643 0.400000 0.400000 0.400000
3663.644775 0.000000 4685.188477 0.000000 0.027631 0.000000 0.999618 0.400000 0.400000 0.400000
3685.400635 0.000000 4682.645020 0.000000 0.659099 0.000000 0.752057 0.400000 0.400000 0.400000
3664.112061 0.000000 4659.112793 0.000000 0.486750 0.000000 0.873541 0.400000 0.400000 0.400000
3662.444336 0.000000 4651.209473 0.000000 0.283112 0.000000 -0.959087 0.400000 0.400000 0.400000
3672.115967 0.000000 4656.505371 0.000000 0.825678 0.000000 -0.564141 0.400000 0.400000 0.400000
3659.609619 0.000000 4669.602051 0.000000 0.203675 0.000000 0.979039 0.400000 0.400000 0.400000
3674.297607 0.000000 4668.674805 0.000000 0.671388 0.000000 -0.741106 0.400000 0.400000 0.400000
3683.661377 0.000000 4661.116699 0.000000 0.723605 0.000000 -0.690214 0.400000 0.400000 0.400000
3649.887939 0.000000 4667.718262 0.000000 0.227485 0.000000 -0.973782 0.400000 0.400000 0.400000
3660.014404 0.000000 4690.589355 0.000000 0.978809 0.000000 -0.204774 0.400000 0.400000 0.400000
3677.750488 0.000000 4675.706543 0.000000 0.981102 0.000000 0.193493 0.400000 0.400000 0.400000
3654.037842 0.000000 4689.622559 0.000000 0.945867 0.000000 0.324555 0.400000 0.400000 0.400000
3668.183594 0.000000 4675.209961 0.000000 0.636658 0.000000 0.771147 0.400000 0.400000 0.400000
3695.663574 0.000000 4671.591797 0.000000 0.789084 0.000000 0.614285 0.400000 0.400000 0.400000
3686.783691 0.000000 4672.575684 0.000000 0.767466 0.000000 -0.641089 0.400000 0.400000 0.400000
3671.473877 0.000000 4678.665039 0.000000 0.842931 0.000000 0.538022 0.400000 0.400000 0.400000
3651.319824 0.000000 4658.867188 0.000000 0.329542 0.000000 -0.944141 0.400000 0.400000 0.400000
3665.678711 0.000000 4664.352051 0.000000 0.512517 0.000000 -0.858677 0.400000 0.400000 0.400000
3660.144287 0.000000 4682.135742 0.000000 0.725170 0.000000 0.688570 0.400000 0.400000 0.400000
3659.275635 0.000000 4660.353516 0.000000 0.999343 0.000000 -0.036235 0.400000 0.400000 0.400000
3672.463623 0.000000 4664.576172 0.000000 0.571693 0.000000 -0.820467 0.400000 0.400000 0.400000
3682.803955 0.000000 4676.936035 0.000000 0.853934 0.000000 -0.520382 0.400000 0.400000 0.400000
3669.367432 0.000000 4684.181152 0.000000 0.495869 0.000000 0.868398 0.400000 0.400000 0.400000
3664.799805 0.000000 4689.845215 0.000000 0.979338 0.000000 0.202230 0.400000 0.400000 0.400000
3673.220947 0.000000 4687.629395 0.000000 0.946602 0.000000 0.322404 0.400000 0.400000 0.400000
3663.878418 0.000000 4668.332520 0.000000 0.999798 0.000000 -0.020081 0.400000 0.400000 0.400000
3689.400879 0.000000 4662.770020 0.000000 0.163232 0.000000 -0.986588 0.400000 0.400000 0.400000
3679.454346 0.000000 4661.792969 0.000000 0.987618 0.000000 0.156880 0.400000 0.400000 0.400000
3675.550537 0.000000 4679.264648 0.000000 0.060059 0.000000 0.998195 0.400000 0.400000 0.400000
3678.212158 0.000000 4670.437500 0.000000 0.815590 0.000000 -0.578631 0.400000 0.400000 0.400000
3655.664062 0.000000 4657.259277 0.000000 0.868776 0.000000 0.495206 0.400000 0.400000 0.400000
3677.282959 0.000000 4683.324707 0.000000 0.895127 0.000000 -0.445812 0.400000 0.400000 0.400000
3668.271484 0.000000 4657.640137 0.000000 0.730202 0.000000 0.683231 0.400000 0.400000 0.400000
3656.030518 0.000000 4682.123535 0.000000 0.114652 0.000000 0.993406 0.400000 0.400000 0.400000
3669.507324 0.000000 4671.750977 0.000000 0.010420 0.000000 0.999946 0.400000 0.400000 0.400000
3668.470459 0.000000 4691.930176 0.000000 0.801153 0.000000 -0.598460 0.400000 0.400000 0.400000
3675.947510 0.000000 4664.508301 0.000000 0.479150 0.000000 -0.877733 0.400000 0.400000 0.400000
3681.802002 0.000000 4683.323242 0.000000 0.332067 0.000000 0.943256 0.400000 0.400000 0.400000
3651.906982 0.000000 4686.958984 0.000000 0.012072 0.000000 0.999927 0.400000 0.400000 0.400000
3665.461670 0.000000 4677.191406 0.000000 0.685349 0.000000 0.728215 0.400000 0.400000 0.400000
3676.714355 0.000000 4687.500000 0.000000 0.762251 0.000000 -0.647281 0.400000 0.400000 0.400000
3666.455322 0.000000 4670.452148 0.000000 0.935732 0.000000 0.352711 0.400000 0.400000 0.400000
3660.905273 0.000000 4687.321777 0.000000 0.657898 0.000000 0.753107 0.400000 0.400000 0.400000
3661.170654 0.000000 4674.847656 0.000000 0.994321 0.000000 0.106421 0.400000 0.400000 0.400000
3666.257324 0.000000 4683.361816 0.000000 0.555094 0.000000 -0.831788 0.400000 0.400000 0.400000
3683.201660 0.000000 4680.185547 0.000000 0.441939 0.000000 0.897045 0.400000 0.400000 0.400000
3675.426025 0.000000 4672.017578 0.000000 0.309886 0.000000 -0.950774 0.400000 0.400000 0.400000
3672.252930 0.000000 4659.946289 0.000000 0.780358 0.000000 0.625332 0.400000 0.400000 0.400000
3671.409912 0.000000 4690.584961 0.000000 0.960129 0.000000 -0.279557 0.400000 0.400000 0.400000
3663.257812 0.000000 4662.179199 0.000000 0.086365 0.000000 -0.996264 0.400000 0.400000 0.400000
3665.635498 0.000000 4651.049316 0.000000 0.458195 0.000000 -0.888852 0.400000 0.400000 0.400000
3666.421387 0.000000 4686.666504 0.000000 0.921884 0.000000 0.387466 0.400000 0.400000 0.400000
3657.062500 0.000000 4689.906738 0.000000 0.500496 0.000000 0.865739 0.400000 0.400000 0.400000
3654.729492 0.000000 4685.938477 0.000000 0.998490 0.000000 -0.054935 0.400000 0.400000 0.400000
3666.193359 0.000000 4661.255859 0.000000 0.986519 0.000000 -0.163650 0.400000 0.400000 0.400000
3674.755859 0.000000 4676.402832 0.000000 0.528151 0.000000 -0.849150 0.400000 0.400000 0.400000
3668.722656 0.000000 4665.119629 0.000000 0.983990 0.000000 -0.178222 0.400000 0.400000 0.400000
3684.380859 0.000000 4674.322754 0.000000 0.978996 0.000000 -0.203880 0.400000 0.400000 0.400000
3672.442383 0.000000 4671.076660 0.000000 0.924372 0.000000 -0.381493 0.400000 0.400000 0.400000
3669.906006 0.000000 4681.181152 0.000000 0.059213 0.000000 0.998245 0.400000 0.400000 0.400000
3677.382080 0.000000 4658.956543 0.000000 0.234669 0.000000 -0.972075 0.400000 0.400000 0.400000
3686.024902 0.000000 4679.895996 0.000000 0.867065 0.000000 -0.498194 0.400000 0.400000 0.400000
3659.465576 0.000000 4679.256348 0.000000 0.884978 0.000000 0.465632 0.400000 0.400000 0.400000
3649.790771 0.000000 4676.985840 0.000000 0.543344 0.000000 0.839510 0.400000 0.400000 0.400000
3674.097900 0.000000 4654.424805 0.000000 0.999720 0.000000 0.023668 0.400000 0.400000 0.400000
3675.184326 0.000000 4685.181152 0.000000 0.463627 0.000000 -0.886030 0.400000 0.400000 0.400000
3684.463867 0.000000 4671.091309 0.000000 0.358990 0.000000 -0.933341 0.400000 0.400000 0.400000
3650.429443 0.000000 4691.144531 0.000000 0.907245 0.000000 0.420603 0.400000 0.400000 0.400000
3678.900635 0.000000 4673.251953 0.000000 0.834091 0.000000 -0.551627 0.400000 0.400000 0.400000
3666.251221 0.000000 4666.989258 0.000000 0.717591 0.000000 -0.696465 0.400000 0.400000 0.400000
3680.625732 0.000000 4675.354980 0.000000 0.588512 0.000000 -0.808489 0.400000 0.400000 0.400000
3659.687012 0.000000 4666.744141 0.000000 0.856311 0.000000 -0.516460 0.400000 0.400000 0.400000
3670.769043 0.000000 4676.002930 0.000000 0.957958 0.000000 -0.286909 0.400000 0.400000 0.400000
3668.443848 0.000000 4677.940430 0.000000 0.712291 0.000000 -0.701884 0.400000 0.400000 0.400000
3661.061768 0.000000 4672.147949 0.000000 0.957481 0.000000 0.288495 0.400000 0.400000 0.400000
3671.821045 0.000000 4667.663574 0.000000 0.688059 0.000000 0.725655 0.400000 0.400000 0.400000
3674.547119 0.000000 4658.478027 0.000000 0.285827 0.000000 -0.958281 0.400000 0.400000 0.400000
3674.030518 0.000000 4690.287598 0.000000 0.477740 0.000000 -0.878501 0.400000 0.400000 0.400000
3671.886475 0.000000 4685.354980 0.000000 0.346786 0.000000 -0.937944 0.400000 0.400000 0.400000
3669.688721 0.000000 4655.298828 0.000000 0.414386 0.000000 0.910101 0.400000 0.400000 0.400000
3676.721191 0.000000 4667.627441 0.000000 0.148733 0.000000 -0.988877 0.400000 0.400000 0.400000
3681.426758 0.000000 4659.757812 0.000000 0.430654 0.000000 -0.902517 0.400000 0.400000 0.400000
3665.992676 0.000000 4656.355957 0.000000 0.719094 0.000000 0.694913 0.400000 0.400000 0.400000
3680.400635 0.000000 4668.340820 0.000000 0.998425 0.000000 -0.056105 0.400000 0.400000 0.400000
3678.050293 0.000000 4678.296387 0.000000 0.825651 0.000000 0.564181 0.400000 0.400000 0.400000
3653.982422 0.000000 4659.264160 0.000000 0.446205 0.000000 0.894931 0.400000 0.400000 0.400000
3666.362549 0.000000 4673.380371 0.000000 0.180719 0.000000 -0.983535 0.400000 0.400000 0.400000
3660.106934 0.000000 4684.884766 0.000000 0.357339 0.000000 0.933975 0.400000 0.400000 0.400000
3663.523926 0.000000 4665.680176 0.000000 0.991615 0.000000 0.129230 0.400000 0.400000 0.400000
3684.933838 0.000000 4663.309570 0.000000 0.339907 0.000000 -0.940459 0.400000 0.400000 0.400000
3655.375488 0.000000 4691.964844 0.000000 0.133886 0.000000 -0.990997 0.400000 0.400000 0.400000
3663.530518 0.000000 4687.699219 0.000000 0.992599 0.000000 0.121442 0.400000 0.400000 0.400000
3663.662109 0.000000 4675.269531 0.000000 0.989870 0.000000 -0.141977 0.400000 0.400000 0.400000
3673.237793 0.000000 4680.433594 0.000000 0.318178 0.000000 -0.948031 0.400000 0.400000 0.400000
3688.752197 0.000000 4671.127441 0.000000 0.433809 0.000000 -0.901005 0.400000 0.400000 0.400000
3687.829102 0.000000 4682.462402 0.000000 0.048780 0.000000 -0.998810 0.400000 0.400000 0.400000
3673.229980 0.000000 4662.233398 0.000000 0.879403 0.000000 0.476079 0.400000 0.400000 0.400000
3662.660889 0.000000 4690.955566 0.000000 0.154630 0.000000 -0.987972 0.400000 0.400000 0.400000
3757.271973 0.000000 4637.504883 0.000000 0.106596 0.000000 -0.994302 0.400000 0.400000 0.400000
3750.931152 0.000000 4600.683105 0.000000 0.668393 0.000000 -0.743808 0.400000 0.400000 0.400000
3772.353516 0.000000 4600.510742 0.000000 0.256577 0.000000 0.966524 0.400000 0.400000 0.400000
3743.975098 0.000000 4634.368652 0.000000 0.716933 0.000000 -0.697142 0.400000 0.400000 0.400000
3751.355225 0.000000 4631.266602 0.000000 0.768910 0.000000 -0.639358 0.400000 0.400000 0.400000
3764.074951 0.000000 4622.433594 0.000000 0.341742 0.000000 -0.939794 0.400000 0.400000 0.400000
3766.613281 0.000000 4635.079590 0.000000 0.992467 0.000000 -0.122516 0.400000 0.400000 0.400000
3772.676758 0.000000 4641.996582 0.000000 0.460318 0.000000 -0.887754 0.400000 0.400000 0.400000
3747.661377 0.000000 4615.116699 0.000000 0.370482 0.000000 0.928840 0.400000 0.400000 0.400000
3759.663574 0.000000 4625.591797 0.000000 0.162338 0.000000 -0.986735 0.400000 0.400000 0.400000
3750.783691 0.000000 4626.575684 0.000000 0.999935 0.000000 -0.011420 0.400000 0.400000 0.400000
3773.913086 0.000000 4631.802734 0.000000 0.835076 0.000000 -0.550134 0.400000 0.400000 0.400000
3760.065918 0.000000 4621.212402 0.000000 0.189811 0.000000 -0.981821 0.400000 0.400000 0.400000
3768.631104 0.000000 4610.169434 0.000000 0.979560 0.000000 -0.201153 0.400000 0.400000 0.400000
3746.974365 0.000000 4622.645508 0.000000 0.295750 0.000000 -0.955265 0.400000 0.400000 0.400000
3739.550537 0.000000 4633.264648 0.000000 0.999410 0.000000 0.034347 0.400000 0.400000 0.400000
3742.212158 0.000000 4624.437500 0.000000 0.092035 0.000000 0.995756 0.400000 0.400000 0.400000
3748.490479 0.000000 4611.104004 0.000000 0.058816 0.000000 -0.998269 0.400000 0.400000 0.400000
3753.998535 0.000000 4603.290527 0.000000 0.974369 0.000000 -0.224957 0.400000 0.400000 0.400000
3763.690186 0.000000 4604.349609 0.000000 0.192146 0.000000 -0.981366 0.400000 0.400000 0.400000
3772.474609 0.000000 4625.510742 0.000000 0.846643 0.000000 -0.532162 0.400000 0.400000 0.400000
3760.376221 0.000000 4614.741211 0.000000 0.311607 0.000000 -0.950211 0.400000 0.400000 0.400000
3751.482178 0.000000 4609.336426 0.000000 0.080426 0.000000 -0.996761 0.400000 0.400000 0.400000
3759.200684 0.000000 4628.574707 0.000000 0.158914 0.000000 0.987292 0.400000 0.400000 0.400000
3738.755859 0.000000 4630.402832 0.000000 0.817258 0.000000 0.576273 0.400000 0.400000 0.400000
3757.757080 0.000000 4623.165527 0.000000 0.998911 0.000000 0.046650 0.400000 0.400000 0.400000
3750.024902 0.000000 4633.895996 0.000000 0.938089 0.000000 -0.346394 0.400000 0.400000 0.400000
3762.248291 0.000000 4606.557129 0.000000 0.928926 0.000000 -0.370267 0.400000 0.400000 0.400000
3774.813477 0.000000 4634.317871 0.000000 0.756219 0.000000 0.654318 0.400000 0.400000 0.400000
3768.684570 0.000000 4627.223633 0.000000 0.843502 0.000000 -0.537126 0.400000 0.400000 0.400000
3764.717041 0.000000 4606.567871 0.000000 0.538937 0.000000 -0.842346 0.400000 0.400000 0.400000
3772.168457 0.000000 4634.181641 0.000000 0.974522 0.000000 -0.224292 0.400000 0.400000 0.400000
3796.968506 0.000000 4642.449707 0.000000 0.275155 0.000000 -0.961400 0.400000 0.400000 0.400000
3791.821289 0.000000 4626.711426 0.000000 0.248758 0.000000 0.968566 0.400000 0.400000 0.400000
3776.056885 0.000000 4600.552734 0.000000 0.114168 0.000000 -0.993461 0.400000 0.400000 0.400000
3797.332520 0.000000 4615.273438 0.000000 0.095231 0.000000 0.995455 0.400000 0.400000 0.400000
3776.933838 0.000000 4642.710449 0.000000 0.899719 0.000000 0.436469 0.400000 0.400000 0.400000
3778.295898 0.000000 4608.370117 0.000000 0.841104 0.000000 -0.540873 0.400000 0.400000 0.400000
3804.608154 0.000000 4644.936035 0.000000 0.986214 0.000000 0.165478 0.400000 0.400000 0.400000
3801.497803 0.000000 4636.978516 0.000000 0.992626 0.000000 0.121219 0.400000 0.400000 0.400000
3813.901123 0.000000 4619.609375 0.000000 0.812924 0.000000 0.582370 0.400000 0.400000 0.400000
3797.169678 0.000000 4622.059570 0.000000 0.170975 0.000000 -0.985275 0.400000 0.400000 0.400000
3839.962891 0.000000 4624.480957 0.000000 0.270820 0.000000 -0.962630 0.400000 0.400000 0.400000
3799.946777 0.000000 4600.442871 0.000000 0.703245 0.000000 0.710948 0.400000 0.400000 0.400000
3813.400635 0.000000 4636.645020 0.000000 0.389325 0.000000 -0.921101 0.400000 0.400000 0.400000
3818.453613 0.000000 4642.277832 0.000000 0.853937 0.000000 0.520377 0.400000 0.400000 0.400000
3826.515137 0.000000 4638.681641 0.000000 0.312781 0.000000 0.949825 0.400000 0.400000 0.400000
3811.661377 0.000000 4615.116699 0.000000 0.393126 0.000000 -0.919485 0.400000 0.400000 0.400000
3777.887939 0.000000 4621.718262 0.000000 0.664752 0.000000 -0.747064 0.400000 0.400000 0.400000
3788.014404 0.000000 4644.589355 0.000000 0.918677 0.000000 0.395009 0.400000 0.400000 0.400000
3782.037842 0.000000 4643.622559 0.000000 0.549034 0.000000 -0.835800 0.400000 0.400000 0.400000
3830.166016 0.000000 4627.894531 0.000000 0.859000 0.000000 -0.511976 0.400000 0.400000 0.400000
3786.052002 0.000000 4627.864258 0.000000 0.922305 0.000000 0.386462 0.400000 0.400000 0.400000
3788.144287 0.000000 4636.135742 0.000000 0.823354 0.000000 -0.567528 0.400000 0.400000 0.400000
3817.832031 0.000000 4634.935059 0.000000 0.739397 0.000000 0.673269 0.400000 0.400000 0.400000
3807.454346 0.000000 4615.792969 0.000000 0.801328 0.000000 0.598226 0.400000 0.400000 0.400000
3810.974365 0.000000 4622.645508 0.000000 0.997186 0.000000 0.074964 0.400000 0.400000 0.400000
3833.414551 0.000000 4638.232422 0.000000 0.545685 0.000000 0.837990 0.400000 0.400000 0.400000
3803.903076 0.000000 4601.876465 0.000000 0.998708 0.000000 0.050809 0.400000 0.400000 0.400000
3798.870850 0.000000 4606.240723 0.000000 0.439006 0.000000 0.898484 0.400000 0.400000 0.400000
3796.271484 0.000000 4611.640137 0.000000 0.794480 0.000000 0.607290 0.400000 0.400000 0.400000
3836.474609 0.000000 4625.510742 0.000000 0.997864 0.000000 0.065319 0.400000 0.400000 0.400000
3832.990967 0.000000 4645.005371 0.000000 0.407853 0.000000 -0.913048 0.400000 0.400000 0.400000
3829.979492 0.000000 4638.852539 0.000000 0.062583 0.000000 -0.998040 0.400000 0.400000 0.400000
3811.201660 0.000000 4634.185547 0.000000 0.589539 0.000000 0.807740 0.400000 0.400000 0.400000
3799.409912 0.000000 4644.584961 0.000000 0.246457 0.000000 -0.969154 0.400000 0.400000 0.400000
3821.199951 0.000000 4644.374023 0.000000 0.999234 0.000000 0.039127 0.400000 0.400000 0.400000
3779.313477 0.000000 4634.643066 0.000000 0.836261 0.000000 -0.548332 0.400000 0.400000 0.400000
3785.062500 0.000000 4643.906738 0.000000 0.593031 0.000000 -0.805180 0.400000 0.400000 0.400000
3829.938232 0.000000 4624.762695 0.000000 0.258843 0.000000 -0.965919 0.400000 0.400000 0.400000
3796.722656 0.000000 4619.119629 0.000000 0.996743 0.000000 -0.080640 0.400000 0.400000 0.400000
3806.078613 0.000000 4600.086426 0.000000 0.761627 0.000000 0.648016 0.400000 0.400000 0.400000
3789.416504 0.000000 4612.134766 0.000000 0.562455 0.000000 -0.826828 0.400000 0.400000 0.400000
3824.924561 0.000000 4641.159180 0.000000 0.502928 0.000000 0.864328 0.400000 0.400000 0.400000
3777.790771 0.000000 4630.985840 0.000000 0.712598 0.000000 0.701572 0.400000 0.400000 0.400000
3796.941895 0.000000 4600.791016 0.000000 0.944554 0.000000 0.328356 0.400000 0.400000 0.400000
3813.612549 0.000000 4639.407715 0.000000 0.999876 0.000000 0.015717 0.400000 0.400000 0.400000
3823.528809 0.000000 4638.967773 0.000000 0.919650 0.000000 -0.392739 0.400000 0.400000 0.400000
3784.762695 0.000000 4613.734863 0.000000 0.924728 0.000000 0.380629 0.400000 0.400000 0.400000
3791.523926 0.000000 4619.680176 0.000000 0.375898 0.000000 -0.926661 0.400000 0.400000 0.400000
3786.063477 0.000000 4600.137695 0.000000 0.981729 0.000000 -0.190284 0.400000 0.400000 0.400000
3787.529541 0.000000 4655.854980 0.000000 0.962007 0.000000 -0.273024 0.400000 0.400000 0.400000
3807.008057 0.000000 4666.138184 0.000000 0.934734 0.000000 -0.355348 0.400000 0.400000 0.400000
3792.917480 0.000000 4646.235352 0.000000 0.827455 0.000000 -0.561532 0.400000 0.400000 0.400000
3797.169678 0.000000 4668.059570 0.000000 0.969894 0.000000 -0.243527 0.400000 0.400000 0.400000
3813.025635 0.000000 4653.003418 0.000000 0.483076 0.000000 0.875579 0.400000 0.400000 0.400000
3829.290039 0.000000 4646.017090 0.000000 0.460129 0.000000 -0.887852 0.400000 0.400000 0.400000
3799.946777 0.000000 4646.442871 0.000000 0.971607 0.000000 0.236602 0.400000 0.400000 0.400000
3837.391113 0.000000 4651.980469 0.000000 0.326949 0.000000 -0.945042 0.400000 0.400000 0.400000
3832.936523 0.000000 4660.959473 0.000000 0.932816 0.000000 -0.360353 0.400000 0.400000 0.400000
3793.678711 0.000000 4664.352051 0.000000 0.669719 0.000000 -0.742614 0.400000 0.400000 0.400000
3787.275635 0.000000 4660.353516 0.000000 0.722612 0.000000 0.691253 0.400000 0.400000 0.400000
3791.878418 0.000000 4668.332520 0.000000 0.995473 0.000000 -0.095044 0.400000 0.400000 0.400000
3838.040771 0.000000 4661.734863 0.000000 0.963104 0.000000 -0.269130 0.400000 0.400000 0.400000
3807.454346 0.000000 4661.792969 0.000000 0.918210 0.000000 -0.396094 0.400000 0.400000 0.400000
3803.903076 0.000000 4647.876465 0.000000 0.292765 0.000000 -0.956184 0.400000 0.400000 0.400000
3812.490479 0.000000 4657.104004 0.000000 0.783219 0.000000 -0.621746 0.400000 0.400000 0.400000
3832.780029 0.000000 4648.512695 0.000000 0.215272 0.000000 0.976554 0.400000 0.400000 0.400000
3815.482178 0.000000 4655.336426 0.000000 0.441690 0.000000 0.897168 0.400000 0.400000 0.400000
3786.179932 0.000000 4663.430176 0.000000 0.345659 0.000000 -0.938360 0.400000 0.400000 0.400000
3791.257812 0.000000 4662.179199 0.000000 0.233406 0.000000 -0.972379 0.400000 0.400000 0.400000
3793.635498 0.000000 4651.049316 0.000000 0.314228 0.000000 0.949348 0.400000 0.400000 0.400000
3838.164062 0.000000 4649.022461 0.000000 0.738137 0.000000 0.674651 0.400000 0.400000 0.400000
3796.722656 0.000000 4665.119629 0.000000 0.677432 0.000000 -0.735586 0.400000 0.400000 0.400000
3784.581299 0.000000 4669.126465 0.000000 0.276924 0.000000 0.960892 0.400000 0.400000 0.400000
3787.687012 0.000000 4666.744141 0.000000 0.220429 0.000000 -0.975403 0.400000 0.400000 0.400000
3799.821045 0.000000 4667.663574 0.000000 0.991744 0.000000 -0.128231 0.400000 0.400000 0.400000
3838.927979 0.000000 4646.151367 0.000000 0.348998 0.000000 -0.937124 0.400000 0.400000 0.400000
3793.777344 0.000000 4648.576172 0.000000 0.849250 0.000000 -0.527991 0.400000 0.400000 0.400000
3635.950684 0.000000 4706.386230 0.000000 0.383807 0.000000 -0.923414 0.400000 0.400000 0.400000
3629.271973 0.000000 4729.504883 0.000000 0.996724 0.000000 0.080883 0.400000 0.400000 0.400000
3642.855713 0.000000 4720.786621 0.000000 0.453945 0.000000 -0.891030 0.400000 0.400000 0.400000
3639.304199 0.000000 4733.863281 0.000000 0.888571 0.000000 0.458739 0.400000 0.400000 0.400000
3633.976562 0.000000 4721.901367 0.000000 0.963119 0.000000 0.269077 0.400000 0.400000 0.400000
3643.178223 0.000000 4711.564941 0.000000 0.278459 0.000000 0.960448 0.400000 0.400000 0.400000
3636.074951 0.000000 4714.433594 0.000000 0.271795 0.000000 0.962355 0.400000 0.400000 0.400000
3638.613281 0.000000 4727.079590 0.000000 0.668363 0.000000 0.743835 0.400000 0.400000 0.400000
3634.515137 0.000000 4730.681641 0.000000 0.649012 0.000000 0.760778 0.400000 0.400000 0.400000
3640.900879 0.000000 4716.257812 0.000000 0.270808 0.000000 -0.962633 0.400000 0.400000 0.400000
3638.166016 0.000000 4719.894531 0.000000 0.387361 0.000000 0.921928 0.400000 0.400000 0.400000
3645.913086 0.000000 4723.802734 0.000000 0.151811 0.000000 -0.988410 0.400000 0.400000 0.400000
3640.631104 0.000000 4702.169434 0.000000 0.966571 0.000000 -0.256398 0.400000 0.400000 0.400000
3641.414551 0.000000 4730.232422 0.000000 0.477811 0.000000 -0.878463 0.400000 0.400000 0.400000
3642.072266 0.000000 4724.936523 0.000000 0.376805 0.000000 0.926293 0.400000 0.400000 0.400000
3634.772705 0.000000 4726.739746 0.000000 0.807779 0.000000 -0.589486 0.400000 0.400000 0.400000
3637.367188 0.000000 4723.584961 0.000000 0.433357 0.000000 -0.901222 0.400000 0.400000 0.400000
3644.474609 0.000000 4717.510742 0.000000 0.760519 0.000000 -0.649315 0.400000 0.400000 0.400000
3646.516113 0.000000 4712.772461 0.000000 0.999795 0.000000 -0.020252 0.400000 0.400000 0.400000
3646.910645 0.000000 4720.108398 0.000000 0.753202 0.000000 -0.657789 0.400000 0.400000 0.400000
3637.979492 0.000000 4730.852539 0.000000 0.700657 0.000000 -0.713498 0.400000 0.400000 0.400000
3646.286865 0.000000 4736.678711 0.000000 0.958505 0.000000 0.285077 0.400000 0.400000 0.400000
3646.164062 0.000000 4695.022461 0.000000 0.354908 0.000000 0.934901 0.400000 0.400000 0.400000
3643.951172 0.000000 4714.495605 0.000000 0.715030 0.000000 0.699093 0.400000 0.400000 0.400000
3632.129395 0.000000 4728.499023 0.000000 0.021070 0.000000 -0.999778 0.400000 0.400000 0.400000
3640.150635 0.000000 4722.251465 0.000000 0.659876 0.000000 -0.751375 0.400000 0.400000 0.400000
3637.938232 0.000000 4716.762695 0.000000 0.954761 0.000000 0.297375 0.400000 0.400000 0.400000
3636.030518 0.000000 4733.210938 0.000000 0.695185 0.000000 0.718831 0.400000 0.400000 0.400000
3643.242432 0.000000 4708.676758 0.000000 0.021649 0.000000 -0.999766 0.400000 0.400000 0.400000
3646.927979 0.000000 4692.151367 0.000000 0.548926 0.000000 -0.835871 0.400000 0.400000 0.400000
3646.784912 0.000000 4710.207520 0.000000 0.832903 0.000000 0.553419 0.400000 0.400000 0.400000
3644.576172 0.000000 4700.841797 0.000000 0.839178 0.000000 -0.543857 0.400000 0.400000 0.400000
3659.529541 0.000000 4701.854980 0.000000 0.895396 0.000000 0.445272 0.400000 0.400000 0.400000
3679.008057 0.000000 4712.138184 0.000000 0.999125 0.000000 0.041834 0.400000 0.400000 0.400000
3706.855713 0.000000 4720.786621 0.000000 0.590427 0.000000 0.807091 0.400000 0.400000 0.400000
3648.056885 0.000000 4692.552734 0.000000 0.683285 0.000000 -0.730152 0.400000 0.400000 0.400000
3674.627197 0.000000 4697.704102 0.000000 0.220971 0.000000 -0.975280 0.400000 0.400000 0.400000
3648.377197 0.000000 4708.761719 0.000000 0.704265 0.000000 -0.709937 0.400000 0.400000 0.400000
3669.332520 0.000000 4707.273438 0.000000 0.983439 0.000000 -0.181241 0.400000 0.400000 0.400000
3664.917480 0.000000 4692.235352 0.000000 0.675834 0.000000 0.737054 0.400000 0.400000 0.400000
3654.214600 0.000000 4716.754395 0.000000 0.536518 0.000000 0.843889 0.400000 0.400000 0.400000
3672.938232 0.000000 4719.962402 0.000000 0.598107 0.000000 -0.801416 0.400000 0.400000 0.400000
3648.933838 0.000000 4734.710449 0.000000 0.974803 0.000000 0.223066 0.400000 0.400000 0.400000
3697.976562 0.000000 4721.901367 0.000000 0.426586 0.000000 0.904447 0.400000 0.400000 0.400000
3661.132080 0.000000 4710.447266 0.000000 0.806597 0.000000 0.591101 0.400000 0.400000 0.400000
3667.028809 0.000000 4726.224609 0.000000 0.967294 0.000000 0.253656 0.400000 0.400000 0.400000
3656.395020 0.000000 4694.013672 0.000000 0.109071 0.000000 0.994034 0.400000 0.400000 0.400000
3709.227539 0.000000 4728.372559 0.000000 0.859908 0.000000 -0.510448 0.400000 0.400000 0.400000
3667.420410 0.000000 4699.959961 0.000000 0.112460 0.000000 0.993656 0.400000 0.400000 0.400000
3669.169678 0.000000 4714.059570 0.000000 0.975783 0.000000 0.218740 0.400000 0.400000 0.400000
3654.984863 0.000000 4707.695801 0.000000 0.669171 0.000000 -0.743108 0.400000 0.400000 0.400000
3675.284180 0.000000 4707.008301 0.000000 0.921238 0.000000 -0.389001 0.400000 0.400000 0.400000
3671.946777 0.000000 4692.442871 0.000000 0.993862 0.000000 0.110631 0.400000 0.400000 0.400000
3695.091309 0.000000 4703.206543 0.000000 0.272786 0.000000 -0.962075 0.400000 0.400000 0.400000
3664.112061 0.000000 4705.112793 0.000000 0.999901 0.000000 -0.014050 0.400000 0.400000 0.400000
3662.444336 0.000000 4697.209473 0.000000 0.577977 0.000000 0.816053 0.400000 0.400000 0.400000
3662.149902 0.000000 4724.001953 0.000000 0.881852 0.000000 0.471527 0.400000 0.400000 0.400000
3672.115967 0.000000 4702.505371 0.000000 0.730746 0.000000 0.682649 0.400000 0.400000 0.400000
3674.297607 0.000000 4714.674805 0.000000 0.778663 0.000000 0.627443 0.400000 0.400000 0.400000
3683.661377 0.000000 4707.116699 0.000000 0.945961 0.000000 0.324280 0.400000 0.400000 0.400000
3660.014404 0.000000 4736.589355 0.000000 0.931982 0.000000 0.362503 0.400000 0.400000 0.400000
3677.750488 0.000000 4721.706543 0.000000 0.947640 0.000000 -0.319342 0.400000 0.400000 0.400000
3655.156738 0.000000 4699.084961 0.000000 0.734910 0.000000 -0.678165 0.400000 0.400000 0.400000
3651.616943 0.000000 4695.821289 0.000000 0.837279 0.000000 -0.546776 0.400000 0.400000 0.400000
3656.358154 0.000000 4712.146484 0.000000 0.407040 0.000000 -0.913410 0.400000 0.400000 0.400000
3651.319824 0.000000 4704.867188 0.000000 0.821431 0.000000 0.570308 0.400000 0.400000 0.400000
3658.052002 0.000000 4719.864258 0.000000 0.972119 0.000000 -0.234487 0.400000 0.400000 0.400000
3665.678711 0.000000 4710.352051 0.000000 0.329588 0.000000 -0.944125 0.400000 0.400000 0.400000
3668.216064 0.000000 4695.416992 0.000000 0.699982 0.000000 0.714161 0.400000 0.400000 0.400000
3659.275635 0.000000 4706.353516 0.000000 0.989321 0.000000 0.145757 0.400000 0.400000 0.400000
3672.463623 0.000000 4710.576172 0.000000 0.958184 0.000000 0.286154 0.400000 0.400000 0.400000
3678.968994 0.000000 4699.095215 0.000000 0.287660 0.000000 0.957733 0.400000 0.400000 0.400000
3664.799805 0.000000 4735.845215 0.000000 0.697017 0.000000 0.717055 0.400000 0.400000 0.400000
3660.547119 0.000000 4692.236328 0.000000 0.878934 0.000000 -0.476944 0.400000 0.400000 0.400000
3710.040771 0.000000 4707.734863 0.000000 0.946132 0.000000 0.323780 0.400000 0.400000 0.400000
3652.560059 0.000000 4723.642578 0.000000 0.973767 0.000000 -0.227550 0.400000 0.400000 0.400000
3679.454346 0.000000 4707.792969 0.000000 0.995491 0.000000 -0.094857 0.400000 0.400000 0.400000
3682.974365 0.000000 4714.645508 0.000000 0.998949 0.000000 -0.045839 0.400000 0.400000 0.400000
3678.212158 0.000000 4716.437500 0.000000 0.628462 0.000000 -0.777840 0.400000 0.400000 0.400000
3655.664062 0.000000 4703.259277 0.000000 0.547365 0.000000 0.836894 0.400000 0.400000 0.400000
3675.903076 0.000000 4693.876465 0.000000 0.031968 0.000000 0.999489 0.400000 0.400000 0.400000
3663.600586 0.000000 4701.242676 0.000000 0.999723 0.000000 0.023526 0.400000 0.400000 0.400000
3652.308838 0.000000 4710.438477 0.000000 0.927449 0.000000 -0.373951 0.400000 0.400000 0.400000
3698.772705 0.000000 4726.739746 0.000000 0.926988 0.000000 -0.375092 0.400000 0.400000 0.400000
3652.912598 0.000000 4692.229492 0.000000 0.736159 0.000000 0.676809 0.400000 0.400000 0.400000
3670.870850 0.000000 4698.240723 0.000000 0.913696 0.000000 -0.406399 0.400000 0.400000 0.400000
3658.711426 0.000000 4697.653320 0.000000 0.965357 0.000000 0.260933 0.400000 0.400000 0.400000
3648.138184 0.000000 4697.328125 0.000000 0.675498 0.000000 -0.737362 0.400000 0.400000 0.400000
3668.271484 0.000000 4703.640137 0.000000 0.737860 0.000000 -0.674953 0.400000 0.400000 0.400000
3669.507324 0.000000 4717.750977 0.000000 0.929258 0.000000 0.369431 0.400000 0.400000 0.400000
3682.316162 0.000000 4710.715332 0.000000 0.616938 0.000000 -0.787011 0.400000 0.400000 0.400000
3710.516113 0.000000 4712.772461 0.000000 0.375199 0.000000 -0.926944 0.400000 0.400000 0.400000
3654.603516 0.000000 4720.525391 0.000000 0.307191 0.000000 0.951648 0.400000 0.400000 0.400000
3704.990967 0.000000 4737.005371 0.000000 0.683857 0.000000 -0.729616 0.400000 0.400000 0.400000
3687.334229 0.000000 4714.726562 0.000000 0.825665 0.000000 -0.564161 0.400000 0.400000 0.400000
3675.947510 0.000000 4710.508301 0.000000 0.672472 0.000000 -0.740123 0.400000 0.400000 0.400000
3665.461670 0.000000 4723.191406 0.000000 0.927447 0.000000 0.373955 0.400000 0.400000 0.400000
3666.455322 0.000000 4716.452148 0.000000 0.995855 0.000000 0.090951 0.400000 0.400000 0.400000
3691.152588 0.000000 4702.775879 0.000000 0.881691 0.000000 -0.471828 0.400000 0.400000 0.400000
3660.905273 0.000000 4733.321777 0.000000 0.554582 0.000000 -0.832129 0.400000 0.400000 0.400000
3703.923340 0.000000 4713.133301 0.000000 0.453847 0.000000 -0.891079 0.400000 0.400000 0.400000
3653.199463 0.000000 4713.652832 0.000000 0.491744 0.000000 -0.870740 0.400000 0.400000 0.400000
3710.537598 0.000000 4731.369629 0.000000 0.830125 0.000000 0.557577 0.400000 0.400000 0.400000
3661.170654 0.000000 4720.847656 0.000000 0.722743 0.000000 0.691117 0.400000 0.400000 0.400000
3666.257324 0.000000 4729.361816 0.000000 0.402707 0.000000 0.915329 0.400000 0.400000 0.400000
3675.426025 0.000000 4718.017578 0.000000 0.914136 0.000000 -0.405408 0.400000 0.400000 0.400000
3672.252930 0.000000 4705.946289 0.000000 0.596246 0.000000 -0.802802 0.400000 0.400000 0.400000
3658.179932 0.000000 4709.430176 0.000000 0.984178 0.000000 -0.177183 0.400000 0.400000 0.400000
3693.366699 0.000000 4695.250000 0.000000 0.197402 0.000000 -0.980323 0.400000 0.400000 0.400000
3663.257812 0.000000 4708.179199 0.000000 0.933077 0.000000 0.359676 0.400000 0.400000 0.400000
3677.791260 0.000000 4696.291016 0.000000 0.351767 0.000000 0.936088 0.400000 0.400000 0.400000
3665.635498 0.000000 4697.049316 0.000000 0.946112 0.000000 -0.323841 0.400000 0.400000 0.400000
3696.129395 0.000000 4728.499023 0.000000 0.900542 0.000000 0.434769 0.400000 0.400000 0.400000
3672.574219 0.000000 4695.470703 0.000000 0.985453 0.000000 -0.169950 0.400000 0.400000 0.400000
3652.837646 0.000000 4702.047852 0.000000 0.999932 0.000000 0.011635 0.400000 0.400000 0.400000
3686.630615 0.000000 4707.173828 0.000000 0.214510 0.000000 -0.976722 0.400000 0.400000 0.400000
3666.193359 0.000000 4707.255859 0.000000 0.976017 0.000000 -0.217693 0.400000 0.400000 0.400000
3695.200684 0.000000 4720.574707 0.000000 0.754137 0.000000 0.656717 0.400000 0.400000 0.400000
3668.722656 0.000000 4711.119629 0.000000 0.998313 0.000000 0.058058 0.400000 0.400000 0.400000
3692.871338 0.000000 4718.608887 0.000000 0.994845 0.000000 0.101406 0.400000 0.400000 0.400000
3672.442383 0.000000 4717.076660 0.000000 0.772865 0.000000 -0.634571 0.400000 0.400000 0.400000
3677.382080 0.000000 4704.956543 0.000000 0.994472 0.000000 0.105001 0.400000 0.400000 0.400000
3656.581299 0.000000 4715.126465 0.000000 0.167448 0.000000 -0.985881 0.400000 0.400000 0.400000
3661.416504 0.000000 4704.134766 0.000000 0.770030 0.000000 -0.638008 0.400000 0.400000 0.400000
3691.498291 0.000000 4731.680664 0.000000 0.588683 0.000000 -0.808364 0.400000 0.400000 0.400000
3662.741455 0.000000 4694.138184 0.000000 0.908936 0.000000 0.416935 0.400000 0.400000 0.400000
3659.533447 0.000000 4694.888184 0.000000 0.863640 0.000000 0.504109 0.400000 0.400000 0.400000
3654.423340 0.000000 4696.327148 0.000000 0.999766 0.000000 -0.021656 0.400000 0.400000 0.400000
3674.097900 0.000000 4700.424805 0.000000 0.838388 0.000000 0.545074 0.400000 0.400000 0.400000
3652.419922 0.000000 4698.562500 0.000000 0.919530 0.000000 0.393020 0.400000 0.400000 0.400000
3659.102783 0.000000 4722.572266 0.000000 0.104217 0.000000 0.994555 0.400000 0.400000 0.400000
3678.900635 0.000000 4719.251953 0.000000 0.709115 0.000000 -0.705093 0.400000 0.400000 0.400000
3648.113281 0.000000 4705.982422 0.000000 0.652307 0.000000 0.757955 0.400000 0.400000 0.400000
3668.941895 0.000000 4692.791016 0.000000 0.667301 0.000000 -0.744788 0.400000 0.400000 0.400000
3666.251221 0.000000 4712.989258 0.000000 0.748095 0.000000 0.663591 0.400000 0.400000 0.400000
3707.625977 0.000000 4705.968262 0.000000 0.982771 0.000000 0.184825 0.400000 0.400000 0.400000
3706.209229 0.000000 4727.627441 0.000000 0.795935 0.000000 0.605382 0.400000 0.400000 0.400000
3661.178711 0.000000 4699.708984 0.000000 0.992846 0.000000 -0.119401 0.400000 0.400000 0.400000
3668.443848 0.000000 4723.940430 0.000000 0.474168 0.000000 -0.880434 0.400000 0.400000 0.400000
3661.061768 0.000000 4718.147949 0.000000 0.109916 0.000000 -0.993941 0.400000 0.400000 0.400000
3671.821045 0.000000 4713.663574 0.000000 0.506383 0.000000 0.862309 0.400000 0.400000 0.400000
3656.991699 0.000000 4700.983398 0.000000 0.971335 0.000000 -0.237717 0.400000 0.400000 0.400000
3674.547119 0.000000 4704.478027 0.000000 0.843168 0.000000 0.537650 0.400000 0.400000 0.400000
3669.688721 0.000000 4701.298828 0.000000 0.721771 0.000000 0.692132 0.400000 0.400000 0.400000
3676.721191 0.000000 4713.627441 0.000000 0.415934 0.000000 0.909395 0.400000 0.400000 0.400000
3681.426758 0.000000 4705.757812 0.000000 0.066334 0.000000 0.997797 0.400000 0.400000 0.400000
3665.992676 0.000000 4702.355957 0.000000 0.602622 0.000000 -0.798027 0.400000 0.400000 0.400000
3707.569092 0.000000 4736.354004 0.000000 0.989676 0.000000 0.143326 0.400000 0.400000 0.400000
3680.400635 0.000000 4714.340820 0.000000 0.951795 0.000000 -0.306735 0.400000 0.400000 0.400000
3653.982422 0.000000 4705.264160 0.000000 0.944165 0.000000 0.329472 0.400000 0.400000 0.400000
3666.362549 0.000000 4719.380371 0.000000 0.750089 0.000000 -0.661337 0.400000 0.400000 0.400000
3695.528809 0.000000 4730.967773 0.000000 0.232938 0.000000 -0.972492 0.400000 0.400000 0.400000
3656.762695 0.000000 4705.734863 0.000000 0.890715 0.000000 -0.454562 0.400000 0.400000 0.400000
3656.616699 0.000000 4717.666992 0.000000 0.841452 0.000000 0.540332 0.400000 0.400000 0.400000
3650.591797 0.000000 4693.448730 0.000000 0.660499 0.000000 0.750827 0.400000 0.400000 0.400000
3660.106934 0.000000 4730.884766 0.000000 0.985007 0.000000 -0.172513 0.400000 0.400000 0.400000
3663.523926 0.000000 4711.680176 0.000000 0.960771 0.000000 -0.277343 0.400000 0.400000 0.400000
3684.933838 0.000000 4709.309570 0.000000 0.945046 0.000000 -0.326938 0.400000 0.400000 0.400000
3665.777344 0.000000 4694.576172 0.000000 0.265236 0.000000 0.964183 0.400000 0.400000 0.400000
3676.521484 0.000000 4699.534668 0.000000 0.338751 0.000000 0.940876 0.400000 0.400000 0.400000
3658.063477 0.000000 4692.137695 0.000000 0.620723 0.000000 0.784030 0.400000 0.400000 0.400000
3663.662109 0.000000 4721.269531 0.000000 0.415029 0.000000 -0.909808 0.400000 0.400000 0.400000
3705.441650 0.000000 4704.577148 0.000000 0.860820 0.000000 -0.508910 0.400000 0.400000 0.400000
3673.229980 0.000000 4708.233398 0.000000 0.700022 0.000000 -0.714121 0.400000 0.400000 0.400000
3662.660889 0.000000 4736.955566 0.000000 0.312611 0.000000 -0.949881 0.400000 0.400000 0.400000
3648.561035 0.000000 4694.910156 0.000000 0.790742 0.000000 -0.612150 0.400000 0.400000 0.400000
3656.703857 0.000000 4721.856934 0.000000 0.994974 0.000000 0.100138 0.400000 0.400000 0.400000
3615.975098 0.000000 4772.368652 0.000000 0.996493 0.000000 0.083674 0.400000 0.400000 0.400000
3644.759521 0.000000 4749.443848 0.000000 0.679868 0.000000 0.733334 0.400000 0.400000 0.400000
3639.166748 0.000000 4744.214844 0.000000 0.395121 0.000000 0.918629 0.400000 0.400000 0.400000
3629.633057 0.000000 4755.389160 0.000000 0.454987 0.000000 -0.890498 0.400000 0.400000 0.400000
3621.901123 0.000000 4757.609375 0.000000 0.103249 0.000000 0.994656 0.400000 0.400000 0.400000
3647.962891 0.000000 4762.480957 0.000000 0.711825 0.000000 -0.702357 0.400000 0.400000 0.400000
3631.091309 0.000000 4749.206543 0.000000 0.332909 0.000000 0.942959 0.400000 0.400000 0.400000
3645.391113 0.000000 4743.980469 0.000000 0.609944 0.000000 -0.792444 0.400000 0.400000 0.400000
3626.453613 0.000000 4780.277832 0.000000 0.874322 0.000000 0.485347 0.400000 0.400000 0.400000
3634.515137 0.000000 4776.681641 0.000000 0.994792 0.000000 -0.101922 0.400000 0.400000 0.400000
3640.936523 0.000000 4752.959473 0.000000 0.991589 0.000000 -0.129426 0.400000 0.400000 0.400000
3638.166016 0.000000 4765.894531 0.000000 0.998134 0.000000 0.061058 0.400000 0.400000 0.400000
3638.130371 0.000000 4756.425293 0.000000 0.675515 0.000000 -0.737346 0.400000 0.400000 0.400000
3633.218994 0.000000 4739.048828 0.000000 0.914230 0.000000 -0.405196 0.400000 0.400000 0.400000
3632.065918 0.000000 4759.212402 0.000000 0.798017 0.000000 0.602634 0.400000 0.400000 0.400000
3634.772705 0.000000 4772.739746 0.000000 0.857110 0.000000 -0.515134 0.400000 0.400000 0.400000
3624.390625 0.000000 4777.006836 0.000000 0.311349 0.000000 0.950296 0.400000 0.400000 0.400000
3627.962158 0.000000 4751.971680 0.000000 0.329612 0.000000 -0.944117 0.400000 0.400000 0.400000
3637.367188 0.000000 4769.584961 0.000000 0.024264 0.000000 0.999706 0.400000 0.400000 0.400000
3629.890869 0.000000 4746.017090 0.000000 0.892461 0.000000 -0.451124 0.400000 0.400000 0.400000
3639.923340 0.000000 4759.133301 0.000000 0.960968 0.000000 -0.276660 0.400000 0.400000 0.400000
3643.951172 0.000000 4760.495605 0.000000 0.999585 0.000000 0.028796 0.400000 0.400000 0.400000
3632.129395 0.000000 4774.499023 0.000000 0.963751 0.000000 -0.266803 0.400000 0.400000 0.400000
3634.114258 0.000000 4749.856934 0.000000 0.923354 0.000000 -0.383950 0.400000 0.400000 0.400000
3631.200684 0.000000 4766.574707 0.000000 0.183597 0.000000 0.983002 0.400000 0.400000 0.400000
3620.463867 0.000000 4763.091309 0.000000 0.205793 0.000000 0.978596 0.400000 0.400000 0.400000
3633.610840 0.000000 4761.691895 0.000000 0.140441 0.000000 0.990089 0.400000 0.400000 0.400000
3640.812500 0.000000 4755.821777 0.000000 0.994150 0.000000 0.108008 0.400000 0.400000 0.400000
3639.926758 0.000000 4738.062012 0.000000 0.670313 0.000000 -0.742079 0.400000 0.400000 0.400000
3648.380859 0.000000 4771.485352 0.000000 0.862780 0.000000 -0.505580 0.400000 0.400000 0.400000
3648.056885 0.000000 4738.552734 0.000000 0.935831 0.000000 0.352448 0.400000 0.400000 0.400000
3688.356689 0.000000 4750.604492 0.000000 0.481856 0.000000 0.876250 0.400000 0.400000 0.400000
3656.395020 0.000000 4740.013672 0.000000 0.605825 0.000000 -0.795598 0.400000 0.400000 0.400000
3695.091309 0.000000 4749.206543 0.000000 0.891883 0.000000 -0.452267 0.400000 0.400000 0.400000
3652.531006 0.000000 4775.556641 0.000000 0.064135 0.000000 -0.997941 0.400000 0.400000 0.400000
3649.629639 0.000000 4766.186523 0.000000 0.918530 0.000000 -0.395351 0.400000 0.400000 0.400000
3672.115967 0.000000 4748.505371 0.000000 0.918271 0.000000 -0.395954 0.400000 0.400000 0.400000
3655.156738 0.000000 4745.084961 0.000000 0.860379 0.000000 -0.509656 0.400000 0.400000 0.400000
3651.616943 0.000000 4741.821289 0.000000 0.276801 0.000000 -0.960927 0.400000 0.400000 0.400000
3665.678711 0.000000 4756.352051 0.000000 0.256898 0.000000 -0.966439 0.400000 0.400000 0.400000
3660.547119 0.000000 4738.236328 0.000000 0.056000 0.000000 -0.998431 0.400000 0.400000 0.400000
3652.560059 0.000000 4769.642578 0.000000 0.612354 0.000000 -0.790584 0.400000 0.400000 0.400000
3684.490479 0.000000 4749.104004 0.000000 0.752569 0.000000 0.658513 0.400000 0.400000 0.400000
3676.179932 0.000000 4748.298828 0.000000 0.846933 0.000000 0.531700 0.400000 0.400000 0.400000
3652.308838 0.000000 4756.438477 0.000000 0.994070 0.000000 -0.108744 0.400000 0.400000 0.400000
3648.138184 0.000000 4743.328125 0.000000 0.033308 0.000000 -0.999445 0.400000 0.400000 0.400000
3654.603516 0.000000 4766.525391 0.000000 0.009818 0.000000 -0.999952 0.400000 0.400000 0.400000
3696.376221 0.000000 4752.741211 0.000000 0.675477 0.000000 -0.737381 0.400000 0.400000 0.400000
3650.481445 0.000000 4762.979980 0.000000 0.514857 0.000000 0.857276 0.400000 0.400000 0.400000
3660.905273 0.000000 4779.321777 0.000000 0.965766 0.000000 -0.259416 0.400000 0.400000 0.400000
3707.224609 0.000000 4741.993164 0.000000 0.880447 0.000000 -0.474144 0.400000 0.400000 0.400000
3696.611328 0.000000 4746.737305 0.000000 0.101702 0.000000 -0.994815 0.400000 0.400000 0.400000
3652.419922 0.000000 4744.562500 0.000000 0.788205 0.000000 -0.615413 0.400000 0.400000 0.400000
3668.941895 0.000000 4738.791016 0.000000 0.896587 0.000000 -0.442868 0.400000 0.400000 0.400000
3656.991699 0.000000 4746.983398 0.000000 0.999998 0.000000 0.002055 0.400000 0.400000 0.400000
3656.762695 0.000000 4751.734863 0.000000 0.717582 0.000000 -0.696474 0.400000 0.400000 0.400000
3658.063477 0.000000 4738.137695 0.000000 0.996743 0.000000 0.080648 0.400000 0.400000 0.400000
3651.801270 0.000000 4767.285645 0.000000 0.872594 0.000000 -0.488447 0.400000 0.400000 0.400000
3713.629639 0.000000 4720.186523 0.000000 0.964681 0.000000 -0.263420 0.400000 0.400000 0.400000
3718.037842 0.000000 4735.622559 0.000000 0.351259 0.000000 0.936278 0.400000 0.400000 0.400000
3715.313477 0.000000 4726.643066 0.000000 0.292182 0.000000 -0.956363 0.400000 0.400000 0.400000
3835.625977 0.000000 4705.968262 0.000000 0.925372 0.000000 -0.379061 0.400000 0.400000 0.400000
3723.529541 0.000000 4747.854980 0.000000 0.683357 0.000000 0.730084 0.400000 0.400000 0.400000
3743.008057 0.000000 4758.138184 0.000000 0.860756 0.000000 0.509017 0.400000 0.400000 0.400000
3744.116455 0.000000 4749.508301 0.000000 0.324604 0.000000 -0.945850 0.400000 0.400000 0.400000
3718.984863 0.000000 4753.695801 0.000000 0.498869 0.000000 -0.866677 0.400000 0.400000 0.400000
3726.444336 0.000000 4743.209473 0.000000 0.535406 0.000000 0.844595 0.400000 0.400000 0.400000
3736.115967 0.000000 4748.505371 0.000000 0.929081 0.000000 -0.369877 0.400000 0.400000 0.400000
3738.297607 0.000000 4760.674805 0.000000 0.587593 0.000000 0.809157 0.400000 0.400000 0.400000
3747.661377 0.000000 4753.116699 0.000000 0.722173 0.000000 -0.691712 0.400000 0.400000 0.400000
3741.750488 0.000000 4767.706543 0.000000 0.289942 0.000000 -0.957044 0.400000 0.400000 0.400000
3746.974365 0.000000 4760.645508 0.000000 0.561620 0.000000 0.827395 0.400000 0.400000 0.400000
3716.912598 0.000000 4738.229492 0.000000 0.903595 0.000000 0.428388 0.400000 0.400000 0.400000
3734.870850 0.000000 4744.240723 0.000000 0.444039 0.000000 -0.896007 0.400000 0.400000 0.400000
3712.138184 0.000000 4743.328125 0.000000 0.683044 0.000000 0.730377 0.400000 0.400000 0.400000
3732.271484 0.000000 4749.640137 0.000000 0.996023 0.000000 0.089094 0.400000 0.400000 0.400000
3739.947510 0.000000 4756.508301 0.000000 0.645568 0.000000 0.763703 0.400000 0.400000 0.400000
3736.252930 0.000000 4751.946289 0.000000 0.190924 0.000000 0.981605 0.400000 0.400000 0.400000
3715.296875 0.000000 4753.662598 0.000000 0.855814 0.000000 -0.517283 0.400000 0.400000 0.400000
3712.113281 0.000000 4751.982422 0.000000 0.459335 0.000000 -0.888263 0.400000 0.400000 0.400000
3720.991699 0.000000 4746.983398 0.000000 0.985399 0.000000 0.170259 0.400000 0.400000 0.400000
3729.992676 0.000000 4748.355957 0.000000 0.960290 0.000000 -0.279005 0.400000 0.400000 0.400000
3720.762695 0.000000 4751.734863 0.000000 0.775581 0.000000 0.631248 0.400000 0.400000 0.400000
3740.521484 0.000000 4745.534668 0.000000 0.999857 0.000000 0.016915 0.400000 0.400000 0.400000
3885.271973 0.000000 4637.504883 0.000000 0.967956 0.000000 0.251122 0.400000 0.400000 0.400000
3898.855713 0.000000 4628.786621 0.000000 0.478129 0.000000 -0.878290 0.400000 0.400000 0.400000
3883.000732 0.000000 4624.128906 0.000000 0.089326 0.000000 0.996002 0.400000 0.400000 0.400000
3849.853760 0.000000 4640.072266 0.000000 0.958404 0.000000 0.285416 0.400000 0.400000 0.400000
3895.304199 0.000000 4641.863281 0.000000 0.898505 0.000000 0.438963 0.400000 0.400000 0.400000
3853.132080 0.000000 4618.447266 0.000000 0.329821 0.000000 0.944044 0.400000 0.400000 0.400000
3879.355225 0.000000 4631.266602 0.000000 0.968819 0.000000 -0.247770 0.400000 0.400000 0.400000
3901.227539 0.000000 4636.372559 0.000000 0.475742 0.000000 0.879585 0.400000 0.400000 0.400000
3861.169678 0.000000 4622.059570 0.000000 0.411028 0.000000 -0.911623 0.400000 0.400000 0.400000
3872.150635 0.000000 4602.068848 0.000000 0.970655 0.000000 -0.240476 0.400000 0.400000 0.400000
3855.644775 0.000000 4639.188477 0.000000 0.986570 0.000000 0.163339 0.400000 0.400000 0.400000
3871.914307 0.000000 4640.268555 0.000000 0.852350 0.000000 -0.522972 0.400000 0.400000 0.400000
3884.517578 0.000000 4630.009766 0.000000 0.545314 0.000000 -0.838232 0.400000 0.400000 0.400000
3869.750488 0.000000 4629.706543 0.000000 0.936175 0.000000 0.351535 0.400000 0.400000 0.400000
3846.037842 0.000000 4643.622559 0.000000 0.995752 0.000000 0.092075 0.400000 0.400000 0.400000
3857.678711 0.000000 4618.352051 0.000000 0.974955 0.000000 -0.222404 0.400000 0.400000 0.400000
3860.216064 0.000000 4603.416992 0.000000 0.139590 0.000000 0.990209 0.400000 0.400000 0.400000
3887.128906 0.000000 4633.550781 0.000000 0.916887 0.000000 0.399147 0.400000 0.400000 0.400000
3855.878418 0.000000 4622.332520 0.000000 0.894891 0.000000 -0.446284 0.400000 0.400000 0.400000
3881.400879 0.000000 4616.770020 0.000000 0.747427 0.000000 0.664344 0.400000 0.400000 0.400000
3844.560059 0.000000 4631.642578 0.000000 0.998670 0.000000 0.051557 0.400000 0.400000 0.400000
3870.212158 0.000000 4624.437500 0.000000 0.831371 0.000000 0.555718 0.400000 0.400000 0.400000
3898.072266 0.000000 4632.936523 0.000000 0.508670 0.000000 0.860962 0.400000 0.400000 0.400000
3890.772705 0.000000 4634.739746 0.000000 0.254793 0.000000 -0.966996 0.400000 0.400000 0.400000
3883.962158 0.000000 4613.971680 0.000000 0.840252 0.000000 -0.542196 0.400000 0.400000 0.400000
3862.870850 0.000000 4606.240723 0.000000 0.420197 0.000000 -0.907433 0.400000 0.400000 0.400000
3861.507324 0.000000 4625.750977 0.000000 0.049634 0.000000 -0.998767 0.400000 0.400000 0.400000
3900.474609 0.000000 4625.510742 0.000000 0.999995 0.000000 0.003107 0.400000 0.400000 0.400000
3896.990967 0.000000 4645.005371 0.000000 0.874805 0.000000 0.484475 0.400000 0.400000 0.400000
3882.042969 0.000000 4627.821289 0.000000 0.547600 0.000000 -0.836741 0.400000 0.400000 0.400000
3883.152588 0.000000 4610.775879 0.000000 0.674972 0.000000 -0.737844 0.400000 0.400000 0.400000
3902.537598 0.000000 4639.369629 0.000000 0.522244 0.000000 -0.852796 0.400000 0.400000 0.400000
3878.924072 0.000000 4604.246582 0.000000 0.926210 0.000000 -0.377008 0.400000 0.400000 0.400000
3875.201660 0.000000 4634.185547 0.000000 0.692681 0.000000 -0.721244 0.400000 0.400000 0.400000
3902.286865 0.000000 4644.678711 0.000000 0.705608 0.000000 0.708602 0.400000 0.400000 0.400000
3869.791260 0.000000 4604.291016 0.000000 0.633607 0.000000 -0.773655 0.400000 0.400000 0.400000
3896.150635 0.000000 4630.251465 0.000000 0.901343 0.000000 0.433105 0.400000 0.400000 0.400000
3878.630615 0.000000 4615.173828 0.000000 0.393041 0.000000 -0.919521 0.400000 0.400000 0.400000
3876.380859 0.000000 4628.322754 0.000000 0.687246 0.000000 -0.726425 0.400000 0.400000 0.400000
3884.232422 0.000000 4633.243164 0.000000 0.268783 0.000000 0.963201 0.400000 0.400000 0.400000
3846.194824 0.000000 4633.937012 0.000000 0.612346 0.000000 -0.790590 0.400000 0.400000 0.400000
3866.097900 0.000000 4608.424805 0.000000 0.761728 0.000000 0.647897 0.400000 0.400000 0.400000
3860.941895 0.000000 4600.791016 0.000000 0.585026 0.000000 -0.811014 0.400000 0.400000 0.400000
3853.178711 0.000000 4607.708984 0.000000 0.476930 0.000000 -0.878941 0.400000 0.400000 0.400000
3880.065674 0.000000 4606.741699 0.000000 0.259023 0.000000 -0.965871 0.400000 0.400000 0.400000
3870.050293 0.000000 4632.296387 0.000000 0.383406 0.000000 0.923580 0.400000 0.400000 0.400000
3889.432129 0.000000 4632.350098 0.000000 0.672625 0.000000 -0.739983 0.400000 0.400000 0.400000
3855.530518 0.000000 4641.699219 0.000000 0.643778 0.000000 0.765212 0.400000 0.400000 0.400000
3843.801270 0.000000 4629.285645 0.000000 0.947307 0.000000 0.320327 0.400000 0.400000 0.400000
3904.933838 0.000000 4642.710449 0.000000 0.999803 0.000000 0.019847 0.400000 0.400000 0.400000
3956.074951 0.000000 4622.433594 0.000000 0.650158 0.000000 0.759799 0.400000 0.400000 0.400000
3949.633057 0.000000 4617.389160 0.000000 0.765038 0.000000 0.643985 0.400000 0.400000 0.400000
3925.169678 0.000000 4622.059570 0.000000 0.345060 0.000000 -0.938581 0.400000 0.400000 0.400000
3905.629639 0.000000 4628.186523 0.000000 0.608182 0.000000 0.793798 0.400000 0.400000 0.400000
3905.887939 0.000000 4621.718262 0.000000 0.984222 0.000000 -0.176940 0.400000 0.400000 0.400000
3951.663574 0.000000 4625.591797 0.000000 0.709253 0.000000 0.704954 0.400000 0.400000 0.400000
3958.130371 0.000000 4618.425293 0.000000 0.318060 0.000000 0.948071 0.400000 0.400000 0.400000
3925.367432 0.000000 4638.181152 0.000000 0.079829 0.000000 -0.996809 0.400000 0.400000 0.400000
3920.799805 0.000000 4643.845215 0.000000 0.155374 0.000000 0.987856 0.400000 0.400000 0.400000
3938.974365 0.000000 4622.645508 0.000000 0.088792 0.000000 0.996050 0.400000 0.400000 0.400000
3931.550537 0.000000 4633.264648 0.000000 0.982549 0.000000 0.186005 0.400000 0.400000 0.400000
3962.072266 0.000000 4632.936523 0.000000 0.520463 0.000000 0.853884 0.400000 0.400000 0.400000
3946.984863 0.000000 4620.147461 0.000000 0.923893 0.000000 -0.382650 0.400000 0.400000 0.400000
3957.367188 0.000000 4631.584961 0.000000 0.885702 0.000000 -0.464255 0.400000 0.400000 0.400000
3966.516113 0.000000 4620.772461 0.000000 0.060542 0.000000 0.998166 0.400000 0.400000 0.400000
3922.455322 0.000000 4624.452148 0.000000 0.859325 0.000000 0.511430 0.400000 0.400000 0.400000
3931.426025 0.000000 4626.017578 0.000000 0.928384 0.000000 -0.371623 0.400000 0.400000 0.400000
3922.421387 0.000000 4640.666504 0.000000 0.931497 0.000000 0.363749 0.400000 0.400000 0.400000
3967.310791 0.000000 4608.432129 0.000000 0.927590 0.000000 -0.373599 0.400000 0.400000 0.400000
3948.232422 0.000000 4633.243164 0.000000 0.545689 0.000000 -0.837988 0.400000 0.400000 0.400000
3928.442383 0.000000 4625.076660 0.000000 0.834332 0.000000 0.551263 0.400000 0.400000 0.400000
3963.242432 0.000000 4616.676758 0.000000 0.665625 0.000000 0.746287 0.400000 0.400000 0.400000
3960.812500 0.000000 4617.821777 0.000000 0.409779 0.000000 -0.912185 0.400000 0.400000 0.400000
3949.619629 0.000000 4620.229980 0.000000 0.504667 0.000000 0.863314 0.400000 0.400000 0.400000
3925.688721 0.000000 4609.298828 0.000000 0.699892 0.000000 0.714249 0.400000 0.400000 0.400000
3944.752197 0.000000 4625.127441 0.000000 0.633855 0.000000 0.773452 0.400000 0.400000 0.400000
3855.821289 0.000000 4672.711426 0.000000 0.999191 0.000000 -0.040221 0.400000 0.400000 0.400000
3840.056885 0.000000 4646.552734 0.000000 0.244919 0.000000 0.969544 0.400000 0.400000 0.400000
3840.377197 0.000000 4662.761719 0.000000 0.569483 0.000000 0.822003 0.400000 0.400000 0.400000
3842.295898 0.000000 4654.370117 0.000000 0.226926 0.000000 0.973912 0.400000 0.400000 0.400000
3863.946777 0.000000 4646.442871 0.000000 0.661529 0.000000 0.749920 0.400000 0.400000 0.400000
3843.616943 0.000000 4649.821289 0.000000 0.475944 0.000000 -0.879476 0.400000 0.400000 0.400000
3848.358154 0.000000 4666.146484 0.000000 0.697021 0.000000 -0.717051 0.400000 0.400000 0.400000
3847.664062 0.000000 4657.259277 0.000000 0.115760 0.000000 -0.993277 0.400000 0.400000 0.400000
3862.870850 0.000000 4652.240723 0.000000 0.566314 0.000000 -0.824190 0.400000 0.400000 0.400000
3840.138184 0.000000 4651.328125 0.000000 0.847210 0.000000 0.531259 0.400000 0.400000 0.400000
3858.193359 0.000000 4661.255859 0.000000 0.999647 0.000000 -0.026571 0.400000 0.400000 0.400000
3860.941895 0.000000 4646.791016 0.000000 0.413445 0.000000 0.910529 0.400000 0.400000 0.400000
3848.991699 0.000000 4654.983398 0.000000 0.410967 0.000000 -0.911650 0.400000 0.400000 0.400000
3861.688721 0.000000 4655.298828 0.000000 0.300321 0.000000 -0.953838 0.400000 0.400000 0.400000
3845.982422 0.000000 4659.264160 0.000000 0.787419 0.000000 -0.616418 0.400000 0.400000 0.400000
3840.561035 0.000000 4648.910156 0.000000 0.988709 0.000000 -0.149851 0.400000 0.400000 0.400000
3968.380859 0.000000 4633.485352 0.000000 0.998960 0.000000 0.045591 0.400000 0.400000 0.400000
3987.420410 0.000000 4607.959961 0.000000 0.318197 0.000000 0.948025 0.400000 0.400000 0.400000
3969.887939 0.000000 4621.718262 0.000000 0.463023 0.000000 0.886346 0.400000 0.400000 0.400000
3975.156738 0.000000 4607.084961 0.000000 0.331280 0.000000 -0.943532 0.400000 0.400000 0.400000
3976.358154 0.000000 4620.146484 0.000000 0.992990 0.000000 0.118194 0.400000 0.400000 0.400000
3971.319824 0.000000 4612.867188 0.000000 0.988802 0.000000 0.149230 0.400000 0.400000 0.400000
3972.308838 0.000000 4618.438477 0.000000 0.774265 0.000000 0.632862 0.400000 0.400000 0.400000
3968.138184 0.000000 4605.328125 0.000000 0.930091 0.000000 0.367330 0.400000 0.400000 0.400000
3976.581299 0.000000 4623.126465 0.000000 0.901158 0.000000 0.433491 0.400000 0.400000 0.400000
3968.224121 0.000000 4619.509766 0.000000 0.123324 0.000000 0.992366 0.400000 0.400000 0.400000
3968.113281 0.000000 4613.982422 0.000000 0.349500 0.000000 -0.936936 0.400000 0.400000 0.400000
3976.991699 0.000000 4608.983398 0.000000 0.099922 0.000000 0.994995 0.400000 0.400000 0.400000
3976.616699 0.000000 4625.666992 0.000000 0.997731 0.000000 0.067332 0.400000 0.400000 0.400000
3840.205322 0.000000 4703.292969 0.000000 0.785183 0.000000 -0.619264 0.400000 0.400000 0.400000
3616.150635 0.000000 4786.068848 0.000000 0.651640 0.000000 -0.758528 0.400000 0.400000 0.400000
3621.025635 0.000000 4791.003418 0.000000 0.841933 0.000000 0.539582 0.400000 0.400000 0.400000
4308.968750 0.000000 4734.449707 0.000000 0.549926 0.000000 -0.835213 0.400000 0.400000 0.400000
4300.014648 0.000000 4736.589355 0.000000 0.494810 0.000000 0.869001 0.400000 0.400000 0.400000
4304.799805 0.000000 4735.845215 0.000000 0.919171 0.000000 -0.393859 0.400000 0.400000 0.400000
4308.470215 0.000000 4737.930176 0.000000 0.379556 0.000000 -0.925169 0.400000 0.400000 0.400000
4311.410156 0.000000 4736.584961 0.000000 0.983672 0.000000 0.179971 0.400000 0.400000 0.400000
4299.529785 0.000000 4747.854980 0.000000 0.998657 0.000000 -0.051815 0.400000 0.400000 0.400000
4314.626953 0.000000 4743.704102 0.000000 0.999087 0.000000 0.042727 0.400000 0.400000 0.400000
4309.332520 0.000000 4753.273438 0.000000 0.530183 0.000000 -0.847883 0.400000 0.400000 0.400000
4304.917480 0.000000 4738.235352 0.000000 0.080222 0.000000 -0.996777 0.400000 0.400000 0.400000
4296.395020 0.000000 4740.013672 0.000000 0.826805 0.000000 0.562488 0.400000 0.400000 0.400000
4307.420410 0.000000 4745.959961 0.000000 0.794379 0.000000 -0.607422 0.400000 0.400000 0.400000
4315.284180 0.000000 4753.008301 0.000000 0.768717 0.000000 0.639589 0.400000 0.400000 0.400000
4311.946777 0.000000 4738.442871 0.000000 0.382880 0.000000 0.923798 0.400000 0.400000 0.400000
4304.112305 0.000000 4751.112793 0.000000 0.097212 0.000000 0.995264 0.400000 0.400000 0.400000
4302.444336 0.000000 4743.209473 0.000000 0.345650 0.000000 -0.938364 0.400000 0.400000 0.400000
4312.116211 0.000000 4748.505371 0.000000 0.980273 0.000000 0.197650 0.400000 0.400000 0.400000
4323.661621 0.000000 4753.116699 0.000000 0.716409 0.000000 -0.697680 0.400000 0.400000 0.400000
4305.678711 0.000000 4756.352051 0.000000 0.739767 0.000000 0.672863 0.400000 0.400000 0.400000
4308.215820 0.000000 4741.416992 0.000000 0.286244 0.000000 0.958157 0.400000 0.400000 0.400000
4300.547363 0.000000 4738.236328 0.000000 0.167873 0.000000 0.985809 0.400000 0.400000 0.400000
4319.454590 0.000000 4753.792969 0.000000 0.048272 0.000000 0.998834 0.400000 0.400000 0.400000
4315.903320 0.000000 4739.876465 0.000000 0.557030 0.000000 0.830492 0.400000 0.400000 0.400000
4324.490723 0.000000 4749.104004 0.000000 0.521453 0.000000 0.853280 0.400000 0.400000 0.400000
4316.180176 0.000000 4748.298828 0.000000 0.801686 0.000000 -0.597745 0.400000 0.400000 0.400000
4303.600586 0.000000 4747.242676 0.000000 0.914905 0.000000 0.403669 0.400000 0.400000 0.400000
4310.871094 0.000000 4744.240723 0.000000 0.553129 0.000000 -0.833096 0.400000 0.400000 0.400000
4298.711426 0.000000 4743.653320 0.000000 0.550307 0.000000 -0.834963 0.400000 0.400000 0.400000
4308.271484 0.000000 4749.640137 0.000000 0.958914 0.000000 0.283698 0.400000 0.400000 0.400000
4322.142090 0.000000 4746.778809 0.000000 0.954446 0.000000 -0.298384 0.400000 0.400000 0.400000
4312.252930 0.000000 4751.946289 0.000000 0.801920 0.000000 -0.597432 0.400000 0.400000 0.400000
4305.635254 0.000000 4743.049316 0.000000 0.106905 0.000000 -0.994269 0.400000 0.400000 0.400000
4312.574219 0.000000 4741.470703 0.000000 0.732634 0.000000 0.680623 0.400000 0.400000 0.400000
4306.193359 0.000000 4753.255859 0.000000 0.510281 0.000000 -0.860008 0.400000 0.400000 0.400000
4308.722656 0.000000 4757.119629 0.000000 0.595179 0.000000 -0.803593 0.400000 0.400000 0.400000
4301.416504 0.000000 4750.134766 0.000000 0.972179 0.000000 -0.234240 0.400000 0.400000 0.400000
4314.098145 0.000000 4746.424805 0.000000 0.979827 0.000000 -0.199850 0.400000 0.400000 0.400000
4301.178711 0.000000 4745.708984 0.000000 0.985361 0.000000 0.170481 0.400000 0.400000 0.400000
"}
